video_id,label,concept,signer_id,split,duration_ms,label_type,resolution,npy
0VXLRdnMlI8KQdUL7Ct1,afternoon,afternoon,85,train,2586.0,asllex,sole gloss,0VXLRdnMlI8KQdUL7Ct1.npy
4Ev1ygScSYHR3lEXdHJv,afternoon,afternoon,88,train,2273.0,asllex,sole gloss,4Ev1ygScSYHR3lEXdHJv.npy
4ZcWneSZ3N9FNLXGvkGP,afternoon,afternoon,30,val,2121.0,asllex,sole gloss,4ZcWneSZ3N9FNLXGvkGP.npy
BccsVPzr5UWWZa00urab,afternoon,afternoon,39,train,2552.0,asllex,sole gloss,BccsVPzr5UWWZa00urab.npy
Fd5I68YxNg4MiksslSKO,afternoon,afternoon,7,train,2026.0,asllex,sole gloss,Fd5I68YxNg4MiksslSKO.npy
Ft8a3LfEfYOECRvNcu6E,afternoon,afternoon,39,train,2287.0,asllex,sole gloss,Ft8a3LfEfYOECRvNcu6E.npy
G4EecWH2jg5ZDIkpZypO,afternoon,afternoon,23,train,2027.0,asllex,sole gloss,G4EecWH2jg5ZDIkpZypO.npy
KPrjsee2tVRfXkbFZSzn,afternoon,afternoon,39,val,2837.0,asllex,sole gloss,KPrjsee2tVRfXkbFZSzn.npy
SbELmUTtFUxLOXOK3zBG,afternoon,afternoon,49,train,969.0,asllex,sole gloss,SbELmUTtFUxLOXOK3zBG.npy
TswO2iIINeTPGCrtTA3A,afternoon,afternoon,39,train,2467.0,asllex,sole gloss,TswO2iIINeTPGCrtTA3A.npy
X9CFz5AYRfTaOAWymYta,afternoon,afternoon,63,val,1727.0,asllex,sole gloss,X9CFz5AYRfTaOAWymYta.npy
YkbhejO6p83xXg2edD3F,afternoon,afternoon,46,train,2622.0,asllex,sole gloss,YkbhejO6p83xXg2edD3F.npy
ZxaylDOJR8I0GFS7sydV,afternoon,afternoon,36,test,2394.0,asllex,sole gloss,ZxaylDOJR8I0GFS7sydV.npy
fyQIci2D7CeWvrWma4cG,afternoon,afternoon,30,train,1757.0,asllex,sole gloss,fyQIci2D7CeWvrWma4cG.npy
iI3v1aADP3N4OhKGzYpX,afternoon,afternoon,39,val,3160.0,asllex,sole gloss,iI3v1aADP3N4OhKGzYpX.npy
nigaL2UWNLgJSSk9CAoX,afternoon,afternoon,49,val,1488.0,asllex,sole gloss,nigaL2UWNLgJSSk9CAoX.npy
s4GEV8XCKZrcyOuFb4Mt,afternoon,afternoon,46,train,2641.0,asllex,sole gloss,s4GEV8XCKZrcyOuFb4Mt.npy
u8Xk2ZgglFSdZ224Tmsl,afternoon,afternoon,8,train,1658.0,asllex,sole gloss,u8Xk2ZgglFSdZ224Tmsl.npy
ufmI1xQw3T8AnaS0Hb1k,afternoon,afternoon,39,train,3171.0,asllex,sole gloss,ufmI1xQw3T8AnaS0Hb1k.npy
1jtYONE5Qo3i5Qm4yqI0,again,again,35,train,1359.0,asllex,sole gloss,1jtYONE5Qo3i5Qm4yqI0.npy
1kJZq8DdZrdm5ZbWqEIs,again,again,84,train,1353.0,asllex,sole gloss,1kJZq8DdZrdm5ZbWqEIs.npy
2IaILe6akbU0DhSrmq8l,again,again,61,test,1743.0,asllex,sole gloss,2IaILe6akbU0DhSrmq8l.npy
4RgfpSDAEru3MAopOf4B,again,again,85,train,3585.0,asllex,sole gloss,4RgfpSDAEru3MAopOf4B.npy
57kFRGuSEEAPLuCif8G1,again,again,57,test,1269.0,asllex,sole gloss,57kFRGuSEEAPLuCif8G1.npy
682TPztGxhwWpdmsR7rX,again,again,8,train,1915.0,asllex,asllex beats ['freetext'],682TPztGxhwWpdmsR7rX.npy
6C7XZEmuKBhMIyw1Rk7b,again,again,48,test,1566.0,asllex,sole gloss,6C7XZEmuKBhMIyw1Rk7b.npy
8c52zCemaRsZ97BQnPQf,again,again,88,train,2801.0,asllex,sole gloss,8c52zCemaRsZ97BQnPQf.npy
BOYt5tBXkua9wVGgSunz,again,again,14,train,2286.0,asllex,sole gloss,BOYt5tBXkua9wVGgSunz.npy
BP800E5or20pcC3T1q8I,again,again,8,train,1699.0,asllex,sole gloss,BP800E5or20pcC3T1q8I.npy
CBaeSMSz4JpRSgPxMUwe,again,again,30,train,1581.0,asllex,sole gloss,CBaeSMSz4JpRSgPxMUwe.npy
ChAb2nN8o0ub8sPMjp1m,again,again,84,train,1833.0,asllex,sole gloss,ChAb2nN8o0ub8sPMjp1m.npy
D1d7p4QXttrzzbYiTfCY,again,again,15,val,2072.0,asllex,sole gloss,D1d7p4QXttrzzbYiTfCY.npy
EHGQE2KB6mmmXeofYnvK,again,again,30,val,2016.0,asllex,sole gloss,EHGQE2KB6mmmXeofYnvK.npy
EWwvcXsYZvc0L4boxjnq,again,again,39,train,3122.0,asllex,sole gloss,EWwvcXsYZvc0L4boxjnq.npy
EeztRjN4sFgT4r34dMtn,again,again,61,test,2847.0,asllex,sole gloss,EeztRjN4sFgT4r34dMtn.npy
Ev5vE5LrR7xijISNqS02,again,again,49,val,1567.0,asllex,sole gloss,Ev5vE5LrR7xijISNqS02.npy
ExpwNd1WEpR0hLOEng7c,again,again,85,train,2376.0,asllex,sole gloss,ExpwNd1WEpR0hLOEng7c.npy
FjrxqXF2NNYRcpz141ir,again,again,49,train,1645.0,asllex,sole gloss,FjrxqXF2NNYRcpz141ir.npy
FlsIFwqC0G6s83G5CcAU,again,again,39,train,3138.0,asllex,sole gloss,FlsIFwqC0G6s83G5CcAU.npy
H3OgcgRXsXyiuHVzR03F,again,again,61,test,2284.0,asllex,sole gloss,H3OgcgRXsXyiuHVzR03F.npy
J0tD3gZEYaW3Gx22KdjB,again,again,50,test,2913.0,asllex,sole gloss,J0tD3gZEYaW3Gx22KdjB.npy
JL8WYElgngjt32SRkq5Q,again,again,8,train,1529.0,asllex,sole gloss,JL8WYElgngjt32SRkq5Q.npy
KJ8sGjCKn8QE2A6zRt1o,again,again,60,val,1151.0,asllex,sole gloss,KJ8sGjCKn8QE2A6zRt1o.npy
Kyd3tC1PU02X0TpcRYtO,again,again,39,train,3369.0,asllex,sole gloss,Kyd3tC1PU02X0TpcRYtO.npy
M4XGWZxmASgjhbhjpyqk,again,again,84,train,1577.0,asllex,sole gloss,M4XGWZxmASgjhbhjpyqk.npy
MkuPmWf5dlruCuzKZTuL,again,again,49,val,1183.0,asllex,sole gloss,MkuPmWf5dlruCuzKZTuL.npy
NFazLCj7gKExNDLjIuEc,again,again,78,train,2505.0,asllex,sole gloss,NFazLCj7gKExNDLjIuEc.npy
Nlayd0l5ZYBGGXUOiSwy,again,again,61,test,2828.0,asllex,sole gloss,Nlayd0l5ZYBGGXUOiSwy.npy
Nw5hXw3IVZcwzYUWBq4f,again,again,85,train,2918.0,asllex,sole gloss,Nw5hXw3IVZcwzYUWBq4f.npy
P3vh7cQJWE6NYeojWugX,again,again,57,test,2111.0,freetext,sole gloss,P3vh7cQJWE6NYeojWugX.npy
QCUOi8DOKxHfo9EbA1si,again,again,84,val,2124.0,asllex,sole gloss,QCUOi8DOKxHfo9EbA1si.npy
RXUJNFMhV0kbVc3FP7gf,again,again,61,test,1651.0,asllex,sole gloss,RXUJNFMhV0kbVc3FP7gf.npy
Rrh2zbwLB2B1lEYRRfSJ,again,again,48,test,1616.0,asllex,sole gloss,Rrh2zbwLB2B1lEYRRfSJ.npy
TwUHml4ZA7mnWpa1gtix,again,again,36,test,2402.0,asllex,sole gloss,TwUHml4ZA7mnWpa1gtix.npy
Udp7lPSgvelxHDU5pYyh,again,again,62,train,1207.0,asllex,sole gloss,Udp7lPSgvelxHDU5pYyh.npy
UrizzV04PLsFqXARehVR,again,again,31,train,1181.0,asllex,sole gloss,UrizzV04PLsFqXARehVR.npy
V2k80jTigFaNMGuwz5iP,again,again,61,test,1642.0,asllex,sole gloss,V2k80jTigFaNMGuwz5iP.npy
VteusROFIh1nGHqQF0OX,again,again,54,train,3182.0,freetext,sole gloss,VteusROFIh1nGHqQF0OX.npy
X7sGet3pxw6b91e0jicn,again,again,62,train,1199.0,asllex,sole gloss,X7sGet3pxw6b91e0jicn.npy
Y1QB23uqO7RpGzAxpd8Y,again,again,49,train,1441.0,asllex,sole gloss,Y1QB23uqO7RpGzAxpd8Y.npy
YfHC8YI6esfdcuVYATNj,again,again,48,test,1436.0,asllex,sole gloss,YfHC8YI6esfdcuVYATNj.npy
ZI2Cl9xZNz0IsZBRU65p,again,again,49,val,1065.0,asllex,sole gloss,ZI2Cl9xZNz0IsZBRU65p.npy
Zmnr5MiEgGZqZnZW4UBU,again,again,57,test,1331.0,asllex,sole gloss,Zmnr5MiEgGZqZnZW4UBU.npy
ZykKlF7shTfUDr5ZB44d,again,again,61,test,1151.0,asllex,sole gloss,ZykKlF7shTfUDr5ZB44d.npy
aMXsaU9cj05mGB485Dn4,again,again,52,train,1872.0,asllex,sole gloss,aMXsaU9cj05mGB485Dn4.npy
atqDeqhkt4lmsvwBbNSm,again,again,57,test,1079.0,asllex,sole gloss,atqDeqhkt4lmsvwBbNSm.npy
b7ZFG733ERLOQLzWqHTC,again,again,84,train,1115.0,asllex,sole gloss,b7ZFG733ERLOQLzWqHTC.npy
c0G9CMoLaCiBtFnCAf8r,again,again,61,test,1476.0,asllex,sole gloss,c0G9CMoLaCiBtFnCAf8r.npy
cgbEle26JiItvHUm8DLA,again,again,61,test,977.0,asllex,sole gloss,cgbEle26JiItvHUm8DLA.npy
dLPmKORtSKPzD0gWL3MK,again,again,62,train,1516.0,asllex,sole gloss,dLPmKORtSKPzD0gWL3MK.npy
dUfdOxhMVB33cyaMdFXF,again,again,15,train,1296.0,asllex,sole gloss,dUfdOxhMVB33cyaMdFXF.npy
fZU93w3j8bmRCodhMJdG,again,again,49,train,1460.0,asllex,sole gloss,fZU93w3j8bmRCodhMJdG.npy
ftoy4qu41HiVpaCzWXjo,again,again,49,train,1152.0,asllex,sole gloss,ftoy4qu41HiVpaCzWXjo.npy
ibTxVJCIB3R2Vn4jot6T,again,again,61,test,1724.0,asllex,sole gloss,ibTxVJCIB3R2Vn4jot6T.npy
jHsYanzRxCfbpK3T2YCU,again,again,84,val,3346.0,asllex,sole gloss,jHsYanzRxCfbpK3T2YCU.npy
l4Jn9iPVXfOwbHaTkuqU,again,again,36,test,2397.0,asllex,sole gloss,l4Jn9iPVXfOwbHaTkuqU.npy
m16St2vnMjHbPINMqG3C,again,again,53,test,3217.0,asllex,sole gloss,m16St2vnMjHbPINMqG3C.npy
mBnDkfxQYd080dse38UK,again,again,31,val,1542.0,asllex,sole gloss,mBnDkfxQYd080dse38UK.npy
mRWOy7O1jOCpPm86aJZE,again,again,46,train,3674.0,asllex,sole gloss,mRWOy7O1jOCpPm86aJZE.npy
mzIlx1MmI9ehpfHcPCIQ,again,again,31,train,1527.0,asllex,sole gloss,mzIlx1MmI9ehpfHcPCIQ.npy
nUbHAwSxpRNIjOeP3O02,again,again,48,test,1781.0,asllex,sole gloss,nUbHAwSxpRNIjOeP3O02.npy
oQJ2wt2wjbikxZwIdR9s,again,again,11,train,2090.0,asllex,sole gloss,oQJ2wt2wjbikxZwIdR9s.npy
pQ7KaCTYIREat1UG0ic5,again,again,57,test,1240.0,asllex,sole gloss,pQ7KaCTYIREat1UG0ic5.npy
peixD2l8kypFx6MuMFCo,again,again,46,train,2254.0,asllex,sole gloss,peixD2l8kypFx6MuMFCo.npy
pff00JPWYtnA1E4W7DIL,again,again,14,val,2832.0,asllex,sole gloss,pff00JPWYtnA1E4W7DIL.npy
qQikz84l18J3hRozBY0d,again,again,59,val,2651.0,asllex,sole gloss,qQikz84l18J3hRozBY0d.npy
rncSCsmPMGCxDrWYAQyX,again,again,53,test,2185.0,asllex,sole gloss,rncSCsmPMGCxDrWYAQyX.npy
rvK4hnUEooem9fbsPkXO,again,again,49,train,1036.0,asllex,sole gloss,rvK4hnUEooem9fbsPkXO.npy
sT45MuQkNYEa5Ex0UnkK,again,again,31,train,1967.0,asllex,sole gloss,sT45MuQkNYEa5Ex0UnkK.npy
td7kO7fCUnTTvAG3CYEr,again,again,23,train,1643.0,asllex,sole gloss,td7kO7fCUnTTvAG3CYEr.npy
uALKQ2xHleE0YyEH32rJ,again,again,17,val,1826.0,asllex,sole gloss,uALKQ2xHleE0YyEH32rJ.npy
vwe9VpblrmC8M31puKds,again,again,48,test,1497.0,asllex,sole gloss,vwe9VpblrmC8M31puKds.npy
yj3YuuJlLulYXYDTKrSF,again,again,49,val,1199.0,asllex,sole gloss,yj3YuuJlLulYXYDTKrSF.npy
zDOOSEggbraxm5DsOkdi,again,again,14,train,2616.0,asllex,sole gloss,zDOOSEggbraxm5DsOkdi.npy
1eEayCvOhJusGU2UUv0A,all,all,62,train,1083.0,freetext,sole gloss,1eEayCvOhJusGU2UUv0A.npy
2gh4c2TODFwhOMuUyd0u,all,all,38,val,2984.0,asllex,sole gloss,2gh4c2TODFwhOMuUyd0u.npy
3uyMiLEAbmrqW9azd17E,all,all,35,train,2498.0,asllex,sole gloss,3uyMiLEAbmrqW9azd17E.npy
5GYWnOiAqE60a3sGoByB,all,all,49,val,2069.0,freetext,sole gloss,5GYWnOiAqE60a3sGoByB.npy
8QCpVCyIRsSoySjJWBrj,all,all,62,val,1290.0,freetext,sole gloss,8QCpVCyIRsSoySjJWBrj.npy
9KZZPjy67LubIKKDywXn,all,all,57,test,1756.0,freetext,sole gloss,9KZZPjy67LubIKKDywXn.npy
AzEh9i7ua3FlGd2zuOBN,all,all,84,train,1322.0,freetext,sole gloss,AzEh9i7ua3FlGd2zuOBN.npy
BUKFddVGScya5Vnb3vzF,all,all,52,train,2870.0,asllex,sole gloss,BUKFddVGScya5Vnb3vzF.npy
C013fATLVcHrGFjqYwua,all,all,35,train,1989.0,freetext,sole gloss,C013fATLVcHrGFjqYwua.npy
ESFjjsErZlc7KwunOKAI,all,all,49,val,1085.0,asllex,sole gloss,ESFjjsErZlc7KwunOKAI.npy
EyBOln8TBiX4pTnkx3f4,all,all,36,test,2631.0,freetext,sole gloss,EyBOln8TBiX4pTnkx3f4.npy
HlZu1PJ6j3Tkugm1pS3J,all,all,7,train,2414.0,asllex,sole gloss,HlZu1PJ6j3Tkugm1pS3J.npy
IK4XZAe6fwAsciDzS2WJ,all,all,46,val,4466.0,freetext,sole gloss,IK4XZAe6fwAsciDzS2WJ.npy
M9yjkBiZXqh1JGQtCQaD,all,all,62,train,1452.0,freetext,sole gloss,M9yjkBiZXqh1JGQtCQaD.npy
NPG69aEcccPUXVR5JDSy,all,all,52,train,5406.0,asllex,sole gloss,NPG69aEcccPUXVR5JDSy.npy
NXLXDHcnn5hAsyUF994K,all,all,39,val,2272.0,freetext,sole gloss,NXLXDHcnn5hAsyUF994K.npy
NkZ0Vo7SKzwYnn5JUcQV,all,all,39,train,2588.0,freetext,sole gloss,NkZ0Vo7SKzwYnn5JUcQV.npy
T3hmOflYVvJyqYsHoiCz,all,all,33,test,2441.0,asllex,sole gloss,T3hmOflYVvJyqYsHoiCz.npy
V5ddv13dsOGIeIY3KvyF,all,all,62,train,1242.0,freetext,sole gloss,V5ddv13dsOGIeIY3KvyF.npy
WE94EZJz6CtXZkbVFPsl,all,all,84,train,1705.0,freetext,sole gloss,WE94EZJz6CtXZkbVFPsl.npy
WmknnAku7ZXtiI9bKtsF,all,all,62,train,1614.0,asllex,sole gloss,WmknnAku7ZXtiI9bKtsF.npy
YhNSDrOJ4KFYAN9P2oTb,all,all,85,val,3194.0,asllex,sole gloss,YhNSDrOJ4KFYAN9P2oTb.npy
ZO7rK3RMCrLkrYVwkQ5L,all,all,62,train,1265.0,freetext,sole gloss,ZO7rK3RMCrLkrYVwkQ5L.npy
ZSi6kgtHeZiLkjuUVVzI,all,all,84,train,1380.0,freetext,sole gloss,ZSi6kgtHeZiLkjuUVVzI.npy
cRq6r4bRmJdXcoGBJabo,all,all,7,train,2319.0,asllex,sole gloss,cRq6r4bRmJdXcoGBJabo.npy
fXwPChf9WktHwerASOPp,all,all,84,val,2060.0,freetext,sole gloss,fXwPChf9WktHwerASOPp.npy
iQeCA1VKcVZLO4tEFCDO,all,all,59,train,1638.0,freetext,sole gloss,iQeCA1VKcVZLO4tEFCDO.npy
jIGSi4ntNnBvSjgEXI6O,all,all,88,train,2352.0,asllex,sole gloss,jIGSi4ntNnBvSjgEXI6O.npy
lUf7xmwVzDXWZr5NEb8J,all,all,7,train,2610.0,asllex,sole gloss,lUf7xmwVzDXWZr5NEb8J.npy
lm6ixsU6WZ1CwTYkOF3J,all,all,85,train,3658.0,asllex,sole gloss,lm6ixsU6WZ1CwTYkOF3J.npy
owFnBUnSdEdSGNR0TNj7,all,all,48,test,1305.0,asllex,sole gloss,owFnBUnSdEdSGNR0TNj7.npy
oyXEKaidFJyvnYpdwPn4,all,all,88,train,2127.0,freetext,sole gloss,oyXEKaidFJyvnYpdwPn4.npy
q5MODNX9mH2ktfm9boKD,all,all,7,val,2483.0,asllex,sole gloss,q5MODNX9mH2ktfm9boKD.npy
rv6jblgtQdbr4kpeZC9R,all,all,11,train,1357.0,asllex,sole gloss,rv6jblgtQdbr4kpeZC9R.npy
tmF7ieVPasmZWAjx6zPM,all,all,49,train,1552.0,freetext,sole gloss,tmF7ieVPasmZWAjx6zPM.npy
v1GIz5uEPT9wWTwanyBe,all,all,62,train,1422.0,freetext,sole gloss,v1GIz5uEPT9wWTwanyBe.npy
vjQzPFu1Mlk7d4Tu6cAg,all,all,49,train,1119.0,asllex,sole gloss,vjQzPFu1Mlk7d4Tu6cAg.npy
1MUKaPbt4MHMrsX0gIoD,always,always,49,train,1390.0,asllex,sole gloss,1MUKaPbt4MHMrsX0gIoD.npy
1ZH40TykIrPhX3vzmecT,always,always,59,val,4447.0,asllex,sole gloss,1ZH40TykIrPhX3vzmecT.npy
6N4H4400pfW1bjQbjs4R,always,always,46,train,2789.0,asllex,sole gloss,6N4H4400pfW1bjQbjs4R.npy
6qUoOxtMbBrJfxyMwqND,always,always,30,train,1694.0,asllex,sole gloss,6qUoOxtMbBrJfxyMwqND.npy
DVLCK05s0RDLonda5681,always,always,49,val,1460.0,asllex,sole gloss,DVLCK05s0RDLonda5681.npy
NGNoGPvFqAUM99HCArVS,always,always,35,train,1845.0,asllex,sole gloss,NGNoGPvFqAUM99HCArVS.npy
P1gccKHHZzqYVMRQTV3s,always,always,50,test,2231.0,asllex,sole gloss,P1gccKHHZzqYVMRQTV3s.npy
RuLnv1HNVpnhUkRd6zmn,always,always,54,train,1537.0,asllex,sole gloss,RuLnv1HNVpnhUkRd6zmn.npy
V2CmJb9eMkSCpjGM2paf,always,always,48,test,1572.0,asllex,sole gloss,V2CmJb9eMkSCpjGM2paf.npy
VVNMmCp3fStRcTbPH1Uj,always,always,88,train,4629.0,asllex,sole gloss,VVNMmCp3fStRcTbPH1Uj.npy
bZ8Fg7FtrS2f4E0EVf3i,always,always,38,train,2743.0,asllex,sole gloss,bZ8Fg7FtrS2f4E0EVf3i.npy
c3aen4Cv99MJkYTy8OmY,always,always,49,val,899.0,asllex,sole gloss,c3aen4Cv99MJkYTy8OmY.npy
dJu0a27a4ObxUy38IL78,always,always,49,train,1935.0,asllex,sole gloss,dJu0a27a4ObxUy38IL78.npy
kWrW2Ga8HTjkHPdl7oQx,always,always,49,val,2847.0,asllex,sole gloss,kWrW2Ga8HTjkHPdl7oQx.npy
nza5eW65JeoWLbmIqJOE,always,always,17,train,1530.0,asllex,sole gloss,nza5eW65JeoWLbmIqJOE.npy
r99Dz0ZEOxrjwJu26df7,always,always,52,train,4974.0,asllex,sole gloss,r99Dz0ZEOxrjwJu26df7.npy
s3JcGSodC2MGM4enbRlq,always,always,61,test,987.0,asllex,sole gloss,s3JcGSodC2MGM4enbRlq.npy
tjBbBIp86Cg6ifxptwWL,always,always,57,test,856.0,asllex,sole gloss,tjBbBIp86Cg6ifxptwWL.npy
tvdZ6pqNKzs1tDD76l4p,always,always,61,test,1798.0,asllex,sole gloss,tvdZ6pqNKzs1tDD76l4p.npy
u7p2jBilodTOX9OM6nxB,always,always,31,train,1560.0,asllex,sole gloss,u7p2jBilodTOX9OM6nxB.npy
wqfcmM1XJtwiOWKiyFK8,always,always,84,train,1444.0,asllex,sole gloss,wqfcmM1XJtwiOWKiyFK8.npy
xup3NBhADQ9CSnTqtPv6,always,always,35,train,1749.0,asllex,sole gloss,xup3NBhADQ9CSnTqtPv6.npy
16KAnRVhGBgbHK6mFMWI,arm,arm,48,test,1366.0,asllex,sole gloss,16KAnRVhGBgbHK6mFMWI.npy
1tjARt57LW7WQJG43Tcu,arm,arm,30,train,1767.0,asllex,sole gloss,1tjARt57LW7WQJG43Tcu.npy
2f8eBx7NEDvLfJ0dcjJr,arm,arm,7,train,2431.0,asllex,sole gloss,2f8eBx7NEDvLfJ0dcjJr.npy
7E0rw7aUYrhHNm75qlRc,arm,arm,61,test,2728.0,asllex,sole gloss,7E0rw7aUYrhHNm75qlRc.npy
9Mgh7QQA4PErR41PmB6B,arm,arm,8,train,1658.0,asllex,sole gloss,9Mgh7QQA4PErR41PmB6B.npy
D1I8ZvhgaFR9r1OrK5vQ,arm,arm,8,train,1592.0,asllex,sole gloss,D1I8ZvhgaFR9r1OrK5vQ.npy
Ed6uPg4qwefttRlmnjYM,arm,arm,30,train,2073.0,asllex,sole gloss,Ed6uPg4qwefttRlmnjYM.npy
HFiaJeOESnKzDYZiHDtc,arm,arm,88,val,2490.0,asllex,sole gloss,HFiaJeOESnKzDYZiHDtc.npy
Kp9UEcjewOC2xIkBZrCs,arm,arm,8,train,1554.0,asllex,sole gloss,Kp9UEcjewOC2xIkBZrCs.npy
LfSocsXM7jDCKP1ssZLc,arm,arm,76,train,4161.0,asllex,sole gloss,LfSocsXM7jDCKP1ssZLc.npy
Qlk3aSj546fiBdK6L0rN,arm,arm,49,train,1951.0,asllex,sole gloss,Qlk3aSj546fiBdK6L0rN.npy
RvgPYQKIQxYZDDnTbwuD,arm,arm,48,test,1521.0,asllex,sole gloss,RvgPYQKIQxYZDDnTbwuD.npy
U2bivmSTCfFUUv8KgBwH,arm,arm,8,train,1501.0,asllex,sole gloss,U2bivmSTCfFUUv8KgBwH.npy
cdDlpfgjHDjHD876g3z9,arm,arm,8,val,1893.0,asllex,sole gloss,cdDlpfgjHDjHD876g3z9.npy
ijZlEqWhS63XBUiQK0Gf,arm,arm,8,val,1937.0,asllex,sole gloss,ijZlEqWhS63XBUiQK0Gf.npy
jbuaIkABsutXeRrbTUmx,arm,arm,88,train,3796.0,asllex,sole gloss,jbuaIkABsutXeRrbTUmx.npy
kZzkuNeqpVwahvp1Fjb6,arm,arm,43,train,2970.0,freetext,sole gloss,kZzkuNeqpVwahvp1Fjb6.npy
trK8zC2fWSUslaQVFSau,arm,arm,88,train,3976.0,asllex,sole gloss,trK8zC2fWSUslaQVFSau.npy
uXLvlH1dPjllhCGc8908,arm,arm,57,test,1290.0,asllex,sole gloss,uXLvlH1dPjllhCGc8908.npy
wgRLo16vxmPYfKWIT78d,arm,arm,49,train,1591.0,asllex,sole gloss,wgRLo16vxmPYfKWIT78d.npy
yDUxvftApsqA8PXhhsdp,arm,arm,80,train,2527.0,asllex,sole gloss,yDUxvftApsqA8PXhhsdp.npy
yPIeeiWcB8eIXwP0HrgO,arm,arm,39,val,4125.0,asllex,sole gloss,yPIeeiWcB8eIXwP0HrgO.npy
19Ya5WA6zUBJbg01oerA,ask,ask,39,train,4133.0,asllex,sole gloss,19Ya5WA6zUBJbg01oerA.npy
1qMRhC99nNNgENBUnOPd,ask,ask,39,val,2506.0,asllex,sole gloss,1qMRhC99nNNgENBUnOPd.npy
2Cq0LRxkVIHq51kRLkUo,ask,ask,84,val,1325.0,asllex,sole gloss,2Cq0LRxkVIHq51kRLkUo.npy
2DjDH99PZ23A17SYoPzM,ask,ask,62,train,965.0,asllex,sole gloss,2DjDH99PZ23A17SYoPzM.npy
4EDnhmlPD74IR2dXizQv,ask,ask,39,train,1897.0,asllex,sole gloss,4EDnhmlPD74IR2dXizQv.npy
4hkwv37XOmzkYP5D4ZzG,ask,ask,57,test,2065.0,asllex,sole gloss,4hkwv37XOmzkYP5D4ZzG.npy
56MBtJom6WiUT7v0tW3C,ask,ask,39,train,3260.0,asllex,sole gloss,56MBtJom6WiUT7v0tW3C.npy
58mT3jYTJCG5osICjXhJ,ask,ask,30,train,1797.0,asllex,sole gloss,58mT3jYTJCG5osICjXhJ.npy
5J2cdjwNdlbknOYdy4Zv,ask,ask,11,train,1358.0,asllex,sole gloss,5J2cdjwNdlbknOYdy4Zv.npy
6U1r4sLA8azel9lUHVjV,ask,ask,62,val,958.0,asllex,sole gloss,6U1r4sLA8azel9lUHVjV.npy
7WUypkQxdOI2pjoR8wLh,ask,ask,7,val,2185.0,asllex,sole gloss,7WUypkQxdOI2pjoR8wLh.npy
8tyLXC0w33OK9jmZ8e4s,ask,ask,39,train,2499.0,asllex,sole gloss,8tyLXC0w33OK9jmZ8e4s.npy
99MnGDb2pF8erP8KABtm,ask,ask,39,val,4030.0,asllex,sole gloss,99MnGDb2pF8erP8KABtm.npy
9YBwBGD6umMFGVaKm7G8,ask,ask,39,train,2100.0,freetext,sole gloss,9YBwBGD6umMFGVaKm7G8.npy
9nYTRDNyJRBLpYLxN6qW,ask,ask,60,val,1486.0,asllex,sole gloss,9nYTRDNyJRBLpYLxN6qW.npy
A9YfZttlofIKVoA8gqlf,ask,ask,61,test,1535.0,asllex,sole gloss,A9YfZttlofIKVoA8gqlf.npy
CnZQJohMuwd2O2beKKIF,ask,ask,62,train,1124.0,asllex,sole gloss,CnZQJohMuwd2O2beKKIF.npy
EqZlvRFTV2L0xFYeH2ap,ask,ask,39,train,2691.0,asllex,sole gloss,EqZlvRFTV2L0xFYeH2ap.npy
Fs9aIc1NnZK9GCv7rGLe,ask,ask,42,train,1259.0,asllex,sole gloss,Fs9aIc1NnZK9GCv7rGLe.npy
G3O2rCb9cv9ZlQ1yAWXz,ask,ask,62,val,1108.0,asllex,sole gloss,G3O2rCb9cv9ZlQ1yAWXz.npy
GNxo79YP0UJBFq48Mj8W,ask,ask,39,train,2990.0,asllex,sole gloss,GNxo79YP0UJBFq48Mj8W.npy
HRvxCxppoOcg5x5PjDaI,ask,ask,88,val,1823.0,asllex,sole gloss,HRvxCxppoOcg5x5PjDaI.npy
HRxQTXVRWaQcJAtB49DT,ask,ask,84,train,1493.0,freetext,sole gloss,HRxQTXVRWaQcJAtB49DT.npy
HtB6pW9bQXxqjMmmlbNs,ask,ask,39,train,2640.0,asllex,sole gloss,HtB6pW9bQXxqjMmmlbNs.npy
JgIGkJWZaTV6VsqL3RaB,ask,ask,17,train,1576.0,asllex,sole gloss,JgIGkJWZaTV6VsqL3RaB.npy
KEWbpuyTemRXQT9SFL10,ask,ask,62,train,916.0,asllex,sole gloss,KEWbpuyTemRXQT9SFL10.npy
LEScriITjzoS6R5D0oin,ask,ask,39,train,4177.0,asllex,sole gloss,LEScriITjzoS6R5D0oin.npy
LYdCt6CoG3svXr2BuJ5L,ask,ask,17,train,1737.0,asllex,sole gloss,LYdCt6CoG3svXr2BuJ5L.npy
NXe6glmHQ0auGxbHdlnC,ask,ask,84,train,838.0,asllex,sole gloss,NXe6glmHQ0auGxbHdlnC.npy
NcumP01k2noGI8xxNgVY,ask,ask,62,train,1002.0,asllex,sole gloss,NcumP01k2noGI8xxNgVY.npy
NjhDTtuu6BU6cRxFoPPi,ask,ask,15,train,1457.0,asllex,sole gloss,NjhDTtuu6BU6cRxFoPPi.npy
O1fHdz7fFjiFp1fcghNv,ask,ask,30,train,2165.0,asllex,sole gloss,O1fHdz7fFjiFp1fcghNv.npy
PWaIH61UogDrpe7uXghQ,ask,ask,57,test,1093.0,asllex,sole gloss,PWaIH61UogDrpe7uXghQ.npy
PeQq8Oq4l6rUEx9zbH2R,ask,ask,17,train,1786.0,asllex,sole gloss,PeQq8Oq4l6rUEx9zbH2R.npy
PyJWFfuRl98vUbmijZ1T,ask,ask,46,val,2377.0,freetext,sole gloss,PyJWFfuRl98vUbmijZ1T.npy
QMBWP78F7YrZvYmAr1Pr,ask,ask,17,val,1925.0,asllex,sole gloss,QMBWP78F7YrZvYmAr1Pr.npy
SQmR7DdyLHTHwK13HZcK,ask,ask,54,val,2136.0,asllex,sole gloss,SQmR7DdyLHTHwK13HZcK.npy
UZR1n02uSXqFGVrHX26z,ask,ask,84,train,1803.0,asllex,sole gloss,UZR1n02uSXqFGVrHX26z.npy
VnDAvwT4VK18YkytOOTh,ask,ask,38,train,3113.0,asllex,sole gloss,VnDAvwT4VK18YkytOOTh.npy
WPrfMkEAKfWnHGP0auZo,ask,ask,60,val,1415.0,asllex,sole gloss,WPrfMkEAKfWnHGP0auZo.npy
WqTuqizGxz2iYprY9d8u,ask,ask,39,train,2006.0,asllex,sole gloss,WqTuqizGxz2iYprY9d8u.npy
XDlQXmF8aolkhk5C55Gu,ask,ask,62,val,1274.0,asllex,sole gloss,XDlQXmF8aolkhk5C55Gu.npy
XbWXdQ4jEuqWfYHJAlDo,ask,ask,17,train,2160.0,asllex,sole gloss,XbWXdQ4jEuqWfYHJAlDo.npy
Xi9u6qTeETe4CoYdwDuv,ask,ask,62,train,1082.0,asllex,sole gloss,Xi9u6qTeETe4CoYdwDuv.npy
Z95u7xI9RTxNpYhkbKoJ,ask,ask,7,train,2739.0,asllex,sole gloss,Z95u7xI9RTxNpYhkbKoJ.npy
a6C3IQlBgdVfgBd6O9IY,ask,ask,39,train,2748.0,asllex,sole gloss,a6C3IQlBgdVfgBd6O9IY.npy
araHmIziK6ZaDZwqu71B,ask,ask,31,val,1536.0,asllex,sole gloss,araHmIziK6ZaDZwqu71B.npy
bpU61sJ1VaNyNVj6CnbX,ask,ask,84,train,1621.0,asllex,sole gloss,bpU61sJ1VaNyNVj6CnbX.npy
eRA7YerICrSvmbKrwdhn,ask,ask,62,train,1115.0,asllex,sole gloss,eRA7YerICrSvmbKrwdhn.npy
fDfGtbuEVgg2JSjl22TE,ask,ask,39,val,3548.0,asllex,sole gloss,fDfGtbuEVgg2JSjl22TE.npy
fUhhO1Cg72TCLaL4ib0v,ask,ask,54,train,1983.0,asllex,sole gloss,fUhhO1Cg72TCLaL4ib0v.npy
gOWeL4xxNrQh317Gjiwq,ask,ask,49,train,1289.0,asllex,sole gloss,gOWeL4xxNrQh317Gjiwq.npy
iAVIow7WBC5AxnLo7KSj,ask,ask,52,train,4203.0,asllex,sole gloss,iAVIow7WBC5AxnLo7KSj.npy
jvzyaZ6W0C4mEOL9tsOc,ask,ask,39,train,2809.0,asllex,sole gloss,jvzyaZ6W0C4mEOL9tsOc.npy
mLT6FvdEpDTkjtzwSARZ,ask,ask,84,train,1306.0,asllex,sole gloss,mLT6FvdEpDTkjtzwSARZ.npy
mLtebLZJVYZhQvCL0ZPb,ask,ask,7,train,2939.0,asllex,sole gloss,mLtebLZJVYZhQvCL0ZPb.npy
nNNofvgfYFnMvfTG4Kzq,ask,ask,62,train,1491.0,asllex,sole gloss,nNNofvgfYFnMvfTG4Kzq.npy
nlFNHsgoJgGB8slBfACW,ask,ask,30,train,2298.0,asllex,sole gloss,nlFNHsgoJgGB8slBfACW.npy
tcqN4uISYzB4BYJSxr1w,ask,ask,36,test,2126.0,asllex,sole gloss,tcqN4uISYzB4BYJSxr1w.npy
teAI9KOq0uoubIVaqu4t,ask,ask,36,test,2374.0,asllex,sole gloss,teAI9KOq0uoubIVaqu4t.npy
vViHlmVpkcYQJMdVQ8UU,ask,ask,49,train,1283.0,asllex,sole gloss,vViHlmVpkcYQJMdVQ8UU.npy
vlOZQa1H0SqvLsicc0Xi,ask,ask,84,val,2350.0,asllex,sole gloss,vlOZQa1H0SqvLsicc0Xi.npy
waEi50rohqJ2ersl80LK,ask,ask,39,train,2657.0,asllex,sole gloss,waEi50rohqJ2ersl80LK.npy
xphIldIfzSy4GrqnWBDn,ask,ask,12,train,2504.0,asllex,sole gloss,xphIldIfzSy4GrqnWBDn.npy
yJsBMYRqsmUePcqQq4me,ask,ask,39,train,3962.0,asllex,sole gloss,yJsBMYRqsmUePcqQq4me.npy
ySnUSH7ijk8xe2OdjJ0Y,ask,ask,31,train,2280.0,asllex,sole gloss,ySnUSH7ijk8xe2OdjJ0Y.npy
zSjmU4HZCWUpTjcpPhdC,ask,ask,42,train,1519.0,freetext,sole gloss,zSjmU4HZCWUpTjcpPhdC.npy
07hazhEPBLmmYhh6QG4i,baby,baby,88,val,2351.0,asllex,sole gloss,07hazhEPBLmmYhh6QG4i.npy
08oeb4YsXFBgSjKpjxzf,baby,baby,78,val,2235.0,asllex,sole gloss,08oeb4YsXFBgSjKpjxzf.npy
0CXzs1I5WAbFYX9zoEDm,baby,baby,46,train,3635.0,asllex,sole gloss,0CXzs1I5WAbFYX9zoEDm.npy
0VnbxPSuA6NXBJcoFpBv,baby,baby,88,val,4081.0,asllex,sole gloss,0VnbxPSuA6NXBJcoFpBv.npy
19dibegPelMexZLXHCLd,baby,baby,59,train,1958.0,asllex,sole gloss,19dibegPelMexZLXHCLd.npy
1ebPEPiHibku3EvUkMQn,baby,baby,52,train,2592.0,asllex,sole gloss,1ebPEPiHibku3EvUkMQn.npy
2tiOCjIIab3V2G0lWmvI,baby,baby,84,train,2769.0,asllex,sole gloss,2tiOCjIIab3V2G0lWmvI.npy
3Fv1LNUKZwnkY7A1ZyAp,baby,baby,48,test,1216.0,asllex,sole gloss,3Fv1LNUKZwnkY7A1ZyAp.npy
3YviVo7SgqsZzRfMrHFE,baby,baby,84,train,2247.0,asllex,sole gloss,3YviVo7SgqsZzRfMrHFE.npy
3jfDvM2hH6ySqcsTlqkZ,baby,baby,17,train,1795.0,asllex,sole gloss,3jfDvM2hH6ySqcsTlqkZ.npy
40D8qSGxcF1XwPmSYhOC,baby,baby,88,train,2471.0,asllex,sole gloss,40D8qSGxcF1XwPmSYhOC.npy
44Gk9ZUlj9oI0NW04zs3,baby,baby,57,test,2528.0,asllex,sole gloss,44Gk9ZUlj9oI0NW04zs3.npy
4jLZmIYwafphVYrHp9GL,baby,baby,31,train,1604.0,asllex,sole gloss,4jLZmIYwafphVYrHp9GL.npy
4mZqFgmuq0VcZpaVknJx,baby,baby,49,train,918.0,asllex,sole gloss,4mZqFgmuq0VcZpaVknJx.npy
53DHGlnfBycVtSsjbATm,baby,baby,39,train,3881.0,asllex,sole gloss,53DHGlnfBycVtSsjbATm.npy
5HhvAimI43uTQWYmJLTd,baby,baby,30,val,1780.0,asllex,sole gloss,5HhvAimI43uTQWYmJLTd.npy
5ts7Rc9rfDD7kG79H1qj,baby,baby,84,train,1623.0,asllex,sole gloss,5ts7Rc9rfDD7kG79H1qj.npy
5yhzklqduhogHzF2n4jT,baby,baby,61,test,1443.0,asllex,sole gloss,5yhzklqduhogHzF2n4jT.npy
6TjH16LY2ZgTSdYAZ05t,baby,baby,52,train,2489.0,asllex,sole gloss,6TjH16LY2ZgTSdYAZ05t.npy
6Z5w2ACAlmcplz54Z1Ts,baby,baby,88,train,2971.0,asllex,sole gloss,6Z5w2ACAlmcplz54Z1Ts.npy
6ZISO82LjDquQoGjrLGz,baby,baby,59,train,2999.0,asllex,sole gloss,6ZISO82LjDquQoGjrLGz.npy
6ff2JaDuzah5Q00Rq1nr,baby,baby,31,train,1946.0,asllex,sole gloss,6ff2JaDuzah5Q00Rq1nr.npy
7Yau1SwQdcHYcdmXgbNg,baby,baby,17,train,2181.0,asllex,sole gloss,7Yau1SwQdcHYcdmXgbNg.npy
82xalHUhQKaqYZ5n7yVH,baby,baby,14,train,4200.0,asllex,sole gloss,82xalHUhQKaqYZ5n7yVH.npy
85wB7EwBXm4AIWgU9O4s,baby,baby,49,train,1551.0,asllex,sole gloss,85wB7EwBXm4AIWgU9O4s.npy
8BTBVQgMWP1quz7TXe2T,baby,baby,11,train,1812.0,asllex,sole gloss,8BTBVQgMWP1quz7TXe2T.npy
8ZZOgAVCu5TI8RhoiUkk,baby,baby,11,train,1920.0,asllex,sole gloss,8ZZOgAVCu5TI8RhoiUkk.npy
8bgokzpVjPFQDAWq9P58,baby,baby,88,val,3983.0,asllex,sole gloss,8bgokzpVjPFQDAWq9P58.npy
95BgFXDI6czDPhTxMRrN,baby,baby,88,val,3578.0,asllex,sole gloss,95BgFXDI6czDPhTxMRrN.npy
99FDf2ZOmXI0qn5fembC,baby,baby,88,val,2195.0,asllex,sole gloss,99FDf2ZOmXI0qn5fembC.npy
9j650TXsQX2k25OLjRCl,baby,baby,88,train,3673.0,asllex,sole gloss,9j650TXsQX2k25OLjRCl.npy
9kZb7OMMTz93VJirXrTA,baby,baby,30,train,2757.0,asllex,sole gloss,9kZb7OMMTz93VJirXrTA.npy
9xrImhRRxN4Dr9t5gagt,baby,baby,49,train,1865.0,asllex,sole gloss,9xrImhRRxN4Dr9t5gagt.npy
AJ2ya3To2wmxt6OhCZ5m,baby,baby,38,train,4248.0,asllex,sole gloss,AJ2ya3To2wmxt6OhCZ5m.npy
APERRIE5PhSslD3kApa8,baby,baby,59,train,2251.0,asllex,sole gloss,APERRIE5PhSslD3kApa8.npy
BPDGtAhAz8JnuQg8MbVy,baby,baby,84,train,1846.0,asllex,sole gloss,BPDGtAhAz8JnuQg8MbVy.npy
CaqqvPBjSYTRyQ5RuueG,baby,baby,84,train,1844.0,asllex,sole gloss,CaqqvPBjSYTRyQ5RuueG.npy
CxXGwF8zzSkqC5gPBCMB,baby,baby,59,val,2246.0,asllex,sole gloss,CxXGwF8zzSkqC5gPBCMB.npy
D3l6RCYvk3unCwlkQWjC,baby,baby,59,train,1759.0,asllex,sole gloss,D3l6RCYvk3unCwlkQWjC.npy
DBCpU3wa869JrHeTsGTl,baby,baby,63,val,2025.0,asllex,sole gloss,DBCpU3wa869JrHeTsGTl.npy
DCfie5LhK88xgC41y9Bp,baby,baby,85,train,3128.0,asllex,sole gloss,DCfie5LhK88xgC41y9Bp.npy
DOjwBhnOARbvdHIJs2ZT,baby,baby,49,train,1443.0,asllex,sole gloss,DOjwBhnOARbvdHIJs2ZT.npy
DnXWKULjcElYS1BpxTJ9,baby,baby,39,val,4004.0,asllex,sole gloss,DnXWKULjcElYS1BpxTJ9.npy
EjhOgU0FoyJHU99d0lCM,baby,baby,50,test,3490.0,asllex,sole gloss,EjhOgU0FoyJHU99d0lCM.npy
FKQrBSlr64eDnGDUcDCa,baby,baby,35,train,1816.0,asllex,sole gloss,FKQrBSlr64eDnGDUcDCa.npy
FN7PSqeggYerp15UjqWz,baby,baby,46,train,2922.0,asllex,sole gloss,FN7PSqeggYerp15UjqWz.npy
FTJBu46VZo6wrmgZMExx,baby,baby,35,train,1683.0,asllex,sole gloss,FTJBu46VZo6wrmgZMExx.npy
FUcPcMLzCrUrbzeXJzUW,baby,baby,57,test,2203.0,asllex,sole gloss,FUcPcMLzCrUrbzeXJzUW.npy
GJd6JbaSaV6GnLOtlHt9,baby,baby,84,val,1647.0,asllex,sole gloss,GJd6JbaSaV6GnLOtlHt9.npy
GecWuliiNatxpJrwqJW8,baby,baby,84,train,2440.0,asllex,sole gloss,GecWuliiNatxpJrwqJW8.npy
HW9aSCNPsChzzbFGu361,baby,baby,88,train,2786.0,asllex,sole gloss,HW9aSCNPsChzzbFGu361.npy
HgIKPqcpKThwjn3Xrubi,baby,baby,14,train,1357.0,asllex,sole gloss,HgIKPqcpKThwjn3Xrubi.npy
HgaMSEqPka8GeJUJ1mDo,baby,baby,39,val,2431.0,freetext,sole gloss,HgaMSEqPka8GeJUJ1mDo.npy
Ht6rLC9RleEe0BrJ6vC8,baby,baby,84,train,1808.0,asllex,sole gloss,Ht6rLC9RleEe0BrJ6vC8.npy
IFvP4GYPMBUonbG82DR0,baby,baby,39,train,2813.0,asllex,sole gloss,IFvP4GYPMBUonbG82DR0.npy
ItutaNv8KvrZlfzl0bb8,baby,baby,61,test,1519.0,asllex,sole gloss,ItutaNv8KvrZlfzl0bb8.npy
J2V1W5wOjLHUVy0k4VJ5,baby,baby,46,val,2597.0,asllex,sole gloss,J2V1W5wOjLHUVy0k4VJ5.npy
J5fm1Wd5pK6gXL4Aewpu,baby,baby,62,val,1119.0,asllex,sole gloss,J5fm1Wd5pK6gXL4Aewpu.npy
JHyoabMJIPbSumayLRmV,baby,baby,49,val,1735.0,freetext,sole gloss,JHyoabMJIPbSumayLRmV.npy
JLaVexVgrvPkEpLFNYop,baby,baby,42,train,2865.0,asllex,sole gloss,JLaVexVgrvPkEpLFNYop.npy
JpRq8Ltn6ummVkIhHUHa,baby,baby,84,train,2073.0,asllex,sole gloss,JpRq8Ltn6ummVkIhHUHa.npy
Ju1Zx6esjUXKnVqXhXKM,baby,baby,49,train,1325.0,asllex,sole gloss,Ju1Zx6esjUXKnVqXhXKM.npy
K5fzWVpQueuCW5DsB4z2,baby,baby,59,train,1825.0,asllex,sole gloss,K5fzWVpQueuCW5DsB4z2.npy
K7kyMKf35Dz0LGjBiZM4,baby,baby,36,test,2477.0,asllex,sole gloss,K7kyMKf35Dz0LGjBiZM4.npy
KL1nNEm1qROWZBhIYNb1,baby,baby,14,train,2401.0,asllex,sole gloss,KL1nNEm1qROWZBhIYNb1.npy
Kip9EymQibBTUPDSQCsf,baby,baby,63,val,1814.0,asllex,sole gloss,Kip9EymQibBTUPDSQCsf.npy
LDGEn9It4vUpZmM41W3f,baby,baby,85,train,3472.0,asllex,sole gloss,LDGEn9It4vUpZmM41W3f.npy
LF8hQkmxVo0rSdICzyPM,baby,baby,39,train,3316.0,asllex,sole gloss,LF8hQkmxVo0rSdICzyPM.npy
LJusHE2dZjJgFKmlaA3V,baby,baby,38,train,2357.0,asllex,sole gloss,LJusHE2dZjJgFKmlaA3V.npy
LzbeKzC9CGRy5hwY4AoM,baby,baby,39,train,4172.0,asllex,sole gloss,LzbeKzC9CGRy5hwY4AoM.npy
MAxV79lPzwgJNbnG6WPt,baby,baby,38,train,5044.0,asllex,sole gloss,MAxV79lPzwgJNbnG6WPt.npy
MK8vZR1ia29b5wIY3lb7,baby,baby,43,train,3488.0,asllex,sole gloss,MK8vZR1ia29b5wIY3lb7.npy
MkNCF82f19Up2tfUXUTR,baby,baby,84,val,1979.0,asllex,sole gloss,MkNCF82f19Up2tfUXUTR.npy
Mn8yT7RXEVXeS4b0cAgG,baby,baby,7,train,2759.0,asllex,sole gloss,Mn8yT7RXEVXeS4b0cAgG.npy
NTgmFl131XZ2j2jA025Z,baby,baby,49,train,1651.0,asllex,sole gloss,NTgmFl131XZ2j2jA025Z.npy
NwLPqAIXWSBUV7XZ08T3,baby,baby,11,val,1754.0,asllex,sole gloss,NwLPqAIXWSBUV7XZ08T3.npy
NyCTupzpyE3LocxDP8pT,baby,baby,15,train,2477.0,asllex,sole gloss,NyCTupzpyE3LocxDP8pT.npy
O8o3Y3lO0dcGwBt8Z7ed,baby,baby,7,val,2297.0,asllex,sole gloss,O8o3Y3lO0dcGwBt8Z7ed.npy
OL4PfgB0pYwND2bOrxM3,baby,baby,14,val,1858.0,asllex,sole gloss,OL4PfgB0pYwND2bOrxM3.npy
OXhjEl1SocOLQWbQ2cud,baby,baby,62,val,1209.0,asllex,sole gloss,OXhjEl1SocOLQWbQ2cud.npy
OxtqW1uoaGlLmIwf7zsR,baby,baby,57,test,1405.0,asllex,sole gloss,OxtqW1uoaGlLmIwf7zsR.npy
PGo6vIrCiiCPrl2fEjtr,baby,baby,39,train,3091.0,asllex,sole gloss,PGo6vIrCiiCPrl2fEjtr.npy
PNJiQS1yCzKh62eH6OSn,baby,baby,84,val,1694.0,asllex,sole gloss,PNJiQS1yCzKh62eH6OSn.npy
PhF5QaW9fVB9uVGrRDNQ,baby,baby,39,train,2848.0,asllex,sole gloss,PhF5QaW9fVB9uVGrRDNQ.npy
PzdZEXK999RnVIJiWeK3,baby,baby,38,train,3149.0,asllex,sole gloss,PzdZEXK999RnVIJiWeK3.npy
Q4nYXQENAFBtsrqhw8w9,baby,baby,39,train,2669.0,asllex,sole gloss,Q4nYXQENAFBtsrqhw8w9.npy
QRwPKZJfc68Z6K2MS7o1,baby,baby,42,train,2226.0,freetext,sole gloss,QRwPKZJfc68Z6K2MS7o1.npy
QVG2XDTiBZB8uqwPIkMQ,baby,baby,57,test,2267.0,asllex,sole gloss,QVG2XDTiBZB8uqwPIkMQ.npy
Qm7y5lbb53U9BmXoPNi3,baby,baby,62,train,1313.0,asllex,sole gloss,Qm7y5lbb53U9BmXoPNi3.npy
Qscv031hwjZ2HH4HgHor,baby,baby,39,val,5228.0,asllex,sole gloss,Qscv031hwjZ2HH4HgHor.npy
RVBJccOqVX8NOLQmDkpk,baby,baby,35,train,1501.0,asllex,sole gloss,RVBJccOqVX8NOLQmDkpk.npy
S9gysMBxkOX4mjg5oK7W,baby,baby,46,train,2876.0,asllex,sole gloss,S9gysMBxkOX4mjg5oK7W.npy
SypZTy53tdtDKSzRgZ6n,baby,baby,49,val,1199.0,asllex,sole gloss,SypZTy53tdtDKSzRgZ6n.npy
Tsg3XCVkccUkcz1ty9N9,baby,baby,17,train,1676.0,asllex,sole gloss,Tsg3XCVkccUkcz1ty9N9.npy
UEJnaHA28YBcB5Cjq9PS,baby,baby,8,train,1679.0,asllex,sole gloss,UEJnaHA28YBcB5Cjq9PS.npy
Ua65uvYHn6SEjkhqopLv,baby,baby,14,train,2439.0,asllex,sole gloss,Ua65uvYHn6SEjkhqopLv.npy
VEipv5ik0nn8pw8dihYh,baby,baby,17,val,2004.0,asllex,sole gloss,VEipv5ik0nn8pw8dihYh.npy
VMNWTjGEjs0H0bWTDZAw,baby,baby,46,val,2609.0,asllex,sole gloss,VMNWTjGEjs0H0bWTDZAw.npy
Vz6WohuVQ2KFtKDSq9mt,baby,baby,57,test,1646.0,asllex,sole gloss,Vz6WohuVQ2KFtKDSq9mt.npy
WaKSLDH5FKWg9baowpPn,baby,baby,48,test,2052.0,asllex,sole gloss,WaKSLDH5FKWg9baowpPn.npy
WhqX6plCjFf9ucUhN6zr,baby,baby,46,val,2633.0,asllex,sole gloss,WhqX6plCjFf9ucUhN6zr.npy
XT9G7ANdnLsie3bgjQym,baby,baby,61,test,1390.0,asllex,sole gloss,XT9G7ANdnLsie3bgjQym.npy
Y8n1z9lLV7rc6oBpTuRo,baby,baby,31,train,1466.0,asllex,sole gloss,Y8n1z9lLV7rc6oBpTuRo.npy
YD4ldy427mIIlz45DYrp,baby,baby,63,train,1944.0,asllex,sole gloss,YD4ldy427mIIlz45DYrp.npy
YKlZja1cmZHwe1eeFMvW,baby,baby,46,val,4949.0,asllex,sole gloss,YKlZja1cmZHwe1eeFMvW.npy
Yf717KlSqn9ovgTl3BCl,baby,baby,49,val,1546.0,asllex,sole gloss,Yf717KlSqn9ovgTl3BCl.npy
Z9SUC5TvugQU6bpy1wly,baby,baby,48,test,1990.0,asllex,sole gloss,Z9SUC5TvugQU6bpy1wly.npy
Zs2A66v6IugIjZhUiLMw,baby,baby,49,train,1717.0,freetext,sole gloss,Zs2A66v6IugIjZhUiLMw.npy
Zw94wlXw34ySbhLrfSBy,baby,baby,59,train,1783.0,asllex,sole gloss,Zw94wlXw34ySbhLrfSBy.npy
aAG2m1CvW8i5iQC8lXMs,baby,baby,49,val,3397.0,asllex,sole gloss,aAG2m1CvW8i5iQC8lXMs.npy
aDjROW1YLmyEaeFitm6A,baby,baby,52,train,2071.0,asllex,sole gloss,aDjROW1YLmyEaeFitm6A.npy
aUBuKz8IQv5vj3mFFJBR,baby,baby,46,train,2340.0,asllex,sole gloss,aUBuKz8IQv5vj3mFFJBR.npy
alX11mds3Icwkf0mnwg1,baby,baby,46,train,2972.0,asllex,sole gloss,alX11mds3Icwkf0mnwg1.npy
apMDH1vuYFEtrW4lepji,baby,baby,59,train,2561.0,asllex,sole gloss,apMDH1vuYFEtrW4lepji.npy
bs8r8R0S8mfIZPEt9OUI,baby,baby,8,val,1495.0,asllex,sole gloss,bs8r8R0S8mfIZPEt9OUI.npy
bua1Np1KxuRyNJEEAUIA,baby,baby,46,train,3402.0,asllex,sole gloss,bua1Np1KxuRyNJEEAUIA.npy
bynRmx6RvaF6PE17po5l,baby,baby,30,train,1909.0,freetext,sole gloss,bynRmx6RvaF6PE17po5l.npy
cGHw14KuAKAAnooBV0fn,baby,baby,52,train,3062.0,asllex,sole gloss,cGHw14KuAKAAnooBV0fn.npy
cPF0BxVYgELiKk6NQo5S,baby,baby,42,train,1730.0,asllex,sole gloss,cPF0BxVYgELiKk6NQo5S.npy
cuvpMdvhUjFWRHhsTUA6,baby,baby,46,train,3855.0,asllex,sole gloss,cuvpMdvhUjFWRHhsTUA6.npy
d8ciHo4NYCSwoQ2HPOtk,baby,baby,14,train,1970.0,asllex,sole gloss,d8ciHo4NYCSwoQ2HPOtk.npy
dc0iJTzGgwcfC9AKi68W,baby,baby,46,train,1998.0,asllex,sole gloss,dc0iJTzGgwcfC9AKi68W.npy
e9o72seBvMyGumvFpRud,baby,baby,85,train,3913.0,asllex,sole gloss,e9o72seBvMyGumvFpRud.npy
eXTIApfi7Qo2l8cBX4z7,baby,baby,49,val,1561.0,asllex,sole gloss,eXTIApfi7Qo2l8cBX4z7.npy
edyGADhwCO1T29tbPyo4,baby,baby,62,train,1203.0,asllex,sole gloss,edyGADhwCO1T29tbPyo4.npy
ejW8GyWIDtuKt2kR3vNw,baby,baby,42,train,1577.0,asllex,sole gloss,ejW8GyWIDtuKt2kR3vNw.npy
epE9Fc5A9RsR7vASTwYw,baby,baby,43,train,4094.0,asllex,sole gloss,epE9Fc5A9RsR7vASTwYw.npy
f0bR7gVDm08xeEHeoNYY,baby,baby,38,train,2905.0,asllex,sole gloss,f0bR7gVDm08xeEHeoNYY.npy
gIaaeBpa3W0oDa8MtvBT,baby,baby,84,train,1617.0,asllex,sole gloss,gIaaeBpa3W0oDa8MtvBT.npy
gdW7uAwI280WgmfvcdE7,baby,baby,50,test,2651.0,asllex,sole gloss,gdW7uAwI280WgmfvcdE7.npy
h2dpOCMqypTfmJo2Wb5V,baby,baby,31,train,2319.0,asllex,sole gloss,h2dpOCMqypTfmJo2Wb5V.npy
h41xP5SoGWbJuCuKVg0g,baby,baby,38,train,3500.0,asllex,sole gloss,h41xP5SoGWbJuCuKVg0g.npy
hA2ulFHU0K9gEKHQyGr9,baby,baby,64,test,1971.0,asllex,sole gloss,hA2ulFHU0K9gEKHQyGr9.npy
hQ86kEqytHngwjUJ3nXm,baby,baby,11,train,1491.0,asllex,sole gloss,hQ86kEqytHngwjUJ3nXm.npy
ho5fqN87SsogViZSPZMw,baby,baby,48,test,1750.0,asllex,sole gloss,ho5fqN87SsogViZSPZMw.npy
iQ4DFEVNXSM07enbshNi,baby,baby,63,val,1553.0,asllex,sole gloss,iQ4DFEVNXSM07enbshNi.npy
iRrDeQU3wnI8Ud9I5X2O,baby,baby,39,train,4484.0,asllex,sole gloss,iRrDeQU3wnI8Ud9I5X2O.npy
iSIZ5uscn9wRwEjiNGfD,baby,baby,49,train,1240.0,asllex,sole gloss,iSIZ5uscn9wRwEjiNGfD.npy
ilGropp0J1TawSVZZ6fM,baby,baby,84,train,1990.0,asllex,sole gloss,ilGropp0J1TawSVZZ6fM.npy
ivlu02NQPfhHqDMd38rD,baby,baby,35,train,1692.0,asllex,sole gloss,ivlu02NQPfhHqDMd38rD.npy
j6RAozZTdKaUPxd5bkMU,baby,baby,30,train,1626.0,asllex,sole gloss,j6RAozZTdKaUPxd5bkMU.npy
jwfYFbMhOucBFJXci7cj,baby,baby,48,test,1119.0,asllex,sole gloss,jwfYFbMhOucBFJXci7cj.npy
kPtDAjSiIw2MnPrYHjhf,baby,baby,31,train,1510.0,asllex,sole gloss,kPtDAjSiIw2MnPrYHjhf.npy
l0avkqA44bAw9bw3UlLs,baby,baby,11,val,2600.0,asllex,sole gloss,l0avkqA44bAw9bw3UlLs.npy
lEWFw0u9vPuPcUevv6ZK,baby,baby,57,test,1302.0,asllex,sole gloss,lEWFw0u9vPuPcUevv6ZK.npy
lZ5kkz2IjU6u7hfa6scj,baby,baby,30,train,1793.0,asllex,sole gloss,lZ5kkz2IjU6u7hfa6scj.npy
ljjIifm1F5y7ZjzuVoI3,baby,baby,49,train,1569.0,asllex,sole gloss,ljjIifm1F5y7ZjzuVoI3.npy
lvZthmhgGyNbb720SyQu,baby,baby,11,train,1546.0,asllex,sole gloss,lvZthmhgGyNbb720SyQu.npy
mLIM7J2yTQFS7VYuJaol,baby,baby,30,train,1792.0,asllex,sole gloss,mLIM7J2yTQFS7VYuJaol.npy
mY0lCE3efnZEmzIdqiI3,baby,baby,8,val,1551.0,asllex,sole gloss,mY0lCE3efnZEmzIdqiI3.npy
mlpXgxteLKEN0zOq28tF,baby,baby,42,train,1683.0,asllex,sole gloss,mlpXgxteLKEN0zOq28tF.npy
n4Fm5zOisS5Pwb1h6rQU,baby,baby,49,val,1318.0,asllex,sole gloss,n4Fm5zOisS5Pwb1h6rQU.npy
nFgbVKE4x3BCLZiHteNA,baby,baby,17,train,1739.0,asllex,sole gloss,nFgbVKE4x3BCLZiHteNA.npy
nTFBCkZpE2Q1AhqIbT9o,baby,baby,48,test,815.0,asllex,sole gloss,nTFBCkZpE2Q1AhqIbT9o.npy
nXp7OaHQYiKMeuFmDg0c,baby,baby,48,test,1468.0,asllex,sole gloss,nXp7OaHQYiKMeuFmDg0c.npy
oPdlGvUltprgmSRauMpv,baby,baby,39,train,2692.0,asllex,sole gloss,oPdlGvUltprgmSRauMpv.npy
ob3zjiKNpr7tbaooYPBM,baby,baby,46,train,3316.0,asllex,sole gloss,ob3zjiKNpr7tbaooYPBM.npy
pN2TJpYKQ4C52QzJgSQK,baby,baby,48,test,1362.0,asllex,sole gloss,pN2TJpYKQ4C52QzJgSQK.npy
pS1mRwNfY97jlHwwRzh8,baby,baby,85,train,3657.0,asllex,sole gloss,pS1mRwNfY97jlHwwRzh8.npy
pVWUEsSoGl46RMA2FShd,baby,baby,35,train,1399.0,asllex,sole gloss,pVWUEsSoGl46RMA2FShd.npy
pjxK18ThGxrta2PQn0ps,baby,baby,42,train,1642.0,freetext,sole gloss,pjxK18ThGxrta2PQn0ps.npy
qPoVoARHr5ZVrhhfrDN6,baby,baby,11,train,2039.0,asllex,sole gloss,qPoVoARHr5ZVrhhfrDN6.npy
qVWESDNNCxyStvBIVJAf,baby,baby,7,train,2529.0,asllex,sole gloss,qVWESDNNCxyStvBIVJAf.npy
qaipLgNoeuRowKAz10gr,baby,baby,49,train,1234.0,asllex,sole gloss,qaipLgNoeuRowKAz10gr.npy
qrpI3WmqpLiooo2Os0Pg,baby,baby,46,val,2927.0,asllex,sole gloss,qrpI3WmqpLiooo2Os0Pg.npy
rRapBPzUldgu7dyC4CIi,baby,baby,62,train,1281.0,asllex,sole gloss,rRapBPzUldgu7dyC4CIi.npy
rRt6HEw1ReGjA0Jn1OlK,baby,baby,57,test,1531.0,asllex,sole gloss,rRt6HEw1ReGjA0Jn1OlK.npy
rwXQuvcNUiatdiHC9PEl,baby,baby,57,test,1798.0,asllex,sole gloss,rwXQuvcNUiatdiHC9PEl.npy
sGZvcjqgLmL4JsRvmtXA,baby,baby,84,train,2515.0,asllex,sole gloss,sGZvcjqgLmL4JsRvmtXA.npy
t3CmKRTlvRv093BB4ZOz,baby,baby,60,train,2399.0,asllex,sole gloss,t3CmKRTlvRv093BB4ZOz.npy
tAypSf8Krj90KpZrAz5Q,baby,baby,84,train,2104.0,asllex,sole gloss,tAypSf8Krj90KpZrAz5Q.npy
tFBoheR6Azy25ZIUBmTb,baby,baby,49,train,1316.0,asllex,sole gloss,tFBoheR6Azy25ZIUBmTb.npy
tRGu5vHT855tJog4uoWW,baby,baby,35,train,1820.0,asllex,sole gloss,tRGu5vHT855tJog4uoWW.npy
taJP9244TYLdB3hdjZmV,baby,baby,88,train,3570.0,asllex,sole gloss,taJP9244TYLdB3hdjZmV.npy
tqr8pb3Upe2IVWCfcsq0,baby,baby,7,val,2811.0,asllex,sole gloss,tqr8pb3Upe2IVWCfcsq0.npy
uFuxpETZH5V6FQRh3JIS,baby,baby,59,train,2455.0,asllex,sole gloss,uFuxpETZH5V6FQRh3JIS.npy
uVyfpteIUGTnbM6dEEhN,baby,baby,84,train,1289.0,asllex,sole gloss,uVyfpteIUGTnbM6dEEhN.npy
uXB9WXFYCkTWnZuGIdzA,baby,baby,57,test,2888.0,asllex,sole gloss,uXB9WXFYCkTWnZuGIdzA.npy
ugEUxFW1IgopE53SHlJM,baby,baby,17,train,1474.0,asllex,sole gloss,ugEUxFW1IgopE53SHlJM.npy
uyqgeWPtdro8L23WvZcK,baby,baby,17,train,2090.0,asllex,sole gloss,uyqgeWPtdro8L23WvZcK.npy
vWheIWKVCPQ8Fia7qRB4,baby,baby,61,test,1709.0,asllex,sole gloss,vWheIWKVCPQ8Fia7qRB4.npy
vmuoS11IE6WFOZdsYAAj,baby,baby,57,test,2252.0,asllex,sole gloss,vmuoS11IE6WFOZdsYAAj.npy
wdARQYiMpvlB4dsHTYvy,baby,baby,62,train,1210.0,asllex,sole gloss,wdARQYiMpvlB4dsHTYvy.npy
wf9iQSBUS3aSinwAxPy5,baby,baby,88,train,2754.0,asllex,sole gloss,wf9iQSBUS3aSinwAxPy5.npy
xbWlM537QRF2IQfP3B2c,baby,baby,84,train,2608.0,asllex,sole gloss,xbWlM537QRF2IQfP3B2c.npy
xoAmyVusxVqIbx2IlIrq,baby,baby,52,val,2993.0,asllex,sole gloss,xoAmyVusxVqIbx2IlIrq.npy
y82bgAOBeVsK9GHuGB6J,baby,baby,14,train,2236.0,asllex,sole gloss,y82bgAOBeVsK9GHuGB6J.npy
ybIXyjAP49lTbyGQuA9y,baby,baby,38,train,3119.0,asllex,sole gloss,ybIXyjAP49lTbyGQuA9y.npy
ywAmTd2WQrQQD3vFXujF,baby,baby,57,test,2046.0,asllex,sole gloss,ywAmTd2WQrQQD3vFXujF.npy
zY0dJrY8Xw8zJNsUQGER,baby,baby,62,val,1289.0,asllex,sole gloss,zY0dJrY8Xw8zJNsUQGER.npy
zoHHWgQ9DZmAzKMx2J4X,baby,baby,62,val,1297.0,asllex,sole gloss,zoHHWgQ9DZmAzKMx2J4X.npy
0D879OakPYapLSRsFdxi,back,back,88,val,4013.0,asllex,sole gloss,0D879OakPYapLSRsFdxi.npy
16nMf8vJXYY9sgV9V4g0,back,back,39,train,3638.0,asllex,sole gloss,16nMf8vJXYY9sgV9V4g0.npy
1AIlkuyCnwkKEhBy67Uo,back,back,49,train,1545.0,asllex,sole gloss,1AIlkuyCnwkKEhBy67Uo.npy
1XyjO5v0ERIBpwuYVQKz,back,back,31,train,1375.0,asllex,sole gloss,1XyjO5v0ERIBpwuYVQKz.npy
2F4e3unRAHKbwjlofqbq,back,back,39,train,4258.0,asllex,sole gloss,2F4e3unRAHKbwjlofqbq.npy
2MDCbjK1Qe9eefHOG8b9,back,back,85,train,2660.0,asllex,sole gloss,2MDCbjK1Qe9eefHOG8b9.npy
4KY9b13FwAmGjjnjRf7j,back,back,7,train,2217.0,asllex,sole gloss,4KY9b13FwAmGjjnjRf7j.npy
4Vs3bpnbkeBMsV6vPZrM,back,back,49,val,1278.0,asllex,sole gloss,4Vs3bpnbkeBMsV6vPZrM.npy
4wa4KWHRCns6rZ3Rt0q1,back,back,11,train,1538.0,asllex,sole gloss,4wa4KWHRCns6rZ3Rt0q1.npy
56PwtrLqpUPVufgP93yI,back,back,17,train,1295.0,asllex,sole gloss,56PwtrLqpUPVufgP93yI.npy
67KY1Dg6xFPiesyhnQI8,back,back,84,val,2486.0,asllex,sole gloss,67KY1Dg6xFPiesyhnQI8.npy
6zvmBeDTSppI3axyoZOG,back,back,61,test,1421.0,freetext,sole gloss,6zvmBeDTSppI3axyoZOG.npy
7swZ6KxqONeIe1KZ4dHP,back,back,17,val,2062.0,asllex,sole gloss,7swZ6KxqONeIe1KZ4dHP.npy
9JfylUcUvfzoK3qpxCnq,back,back,38,train,3275.0,asllex,sole gloss,9JfylUcUvfzoK3qpxCnq.npy
9LcrKVTj5oHQBXjsxgMa,back,back,59,train,1791.0,asllex,sole gloss,9LcrKVTj5oHQBXjsxgMa.npy
EHlAJ5VQrByd5QugWnrG,back,back,39,train,2589.0,asllex,sole gloss,EHlAJ5VQrByd5QugWnrG.npy
JuRe9NFfm74D3vnswOLK,back,back,30,val,1922.0,freetext,sole gloss,JuRe9NFfm74D3vnswOLK.npy
K4s9PnfF0Aa4CIPutj3r,back,back,80,train,2171.0,asllex,sole gloss,K4s9PnfF0Aa4CIPutj3r.npy
MlaF94GPgprIq2jcqcU5,back,back,64,test,1741.0,asllex,sole gloss,MlaF94GPgprIq2jcqcU5.npy
Q2NXPFNIya292PszWgrf,back,back,84,train,2482.0,freetext,sole gloss,Q2NXPFNIya292PszWgrf.npy
QDQzqUXO5cYDv1jnuiqf,back,back,46,train,1461.0,asllex,sole gloss,QDQzqUXO5cYDv1jnuiqf.npy
SSnode6tRygK5FA53cI5,back,back,64,test,2021.0,freetext,sole gloss,SSnode6tRygK5FA53cI5.npy
UBQnTdH88jh6uWavyPCr,back,back,63,train,1855.0,asllex,sole gloss,UBQnTdH88jh6uWavyPCr.npy
XDmabhNGqBaZUdijI2fw,back,back,17,val,1344.0,asllex,sole gloss,XDmabhNGqBaZUdijI2fw.npy
YUtfZlJ4y5cauna2fgCN,back,back,39,train,2709.0,asllex,sole gloss,YUtfZlJ4y5cauna2fgCN.npy
Z3LO3cKoXYIBWNGjcK4w,back,back,39,val,4526.0,asllex,sole gloss,Z3LO3cKoXYIBWNGjcK4w.npy
ZmLlodLvBnz0JMlpfWB6,back,back,46,train,1430.0,asllex,sole gloss,ZmLlodLvBnz0JMlpfWB6.npy
akxOFqp2H1GyHQuNJ9QI,back,back,62,train,1475.0,freetext,sole gloss,akxOFqp2H1GyHQuNJ9QI.npy
av6bcdS5kFbfVJpi6PYK,back,back,11,train,1724.0,asllex,sole gloss,av6bcdS5kFbfVJpi6PYK.npy
hmQqoFbhubcUuJ34iihG,back,back,17,train,2050.0,asllex,sole gloss,hmQqoFbhubcUuJ34iihG.npy
iwOhJ6dcBn2NF9HIvEjO,back,back,46,train,2731.0,asllex,sole gloss,iwOhJ6dcBn2NF9HIvEjO.npy
keCAB1H6fRN4NEbQruGc,back,back,38,val,3386.0,asllex,sole gloss,keCAB1H6fRN4NEbQruGc.npy
pkX9SNJVqDAT6qnBhVp8,back,back,62,train,1234.0,freetext,sole gloss,pkX9SNJVqDAT6qnBhVp8.npy
rpndYeYBn0AD9MeT4iBp,back,back,42,train,1722.0,asllex,sole gloss,rpndYeYBn0AD9MeT4iBp.npy
swIJJOVrkIosdLVczJsx,back,back,11,val,1736.0,asllex,sole gloss,swIJJOVrkIosdLVczJsx.npy
tGl3NHz5wNjVJNc0iZ3U,back,back,84,train,1583.0,asllex,sole gloss,tGl3NHz5wNjVJNc0iZ3U.npy
uBkaSRmDqY2GbHRBJqDp,back,back,57,test,1368.0,asllex,sole gloss,uBkaSRmDqY2GbHRBJqDp.npy
xb5i68T2JMLqeVVZgiY0,back,back,30,train,2036.0,freetext,sole gloss,xb5i68T2JMLqeVVZgiY0.npy
yyD5wJ6Y6WqNLJuEntF6,back,back,42,val,1803.0,freetext,sole gloss,yyD5wJ6Y6WqNLJuEntF6.npy
zUVlmtkOYHDcRyw7oWaR,back,back,17,train,1281.0,freetext,sole gloss,zUVlmtkOYHDcRyw7oWaR.npy
zeijNPjIvdwu89v4ZwW5,back,back,17,train,1964.0,asllex,sole gloss,zeijNPjIvdwu89v4ZwW5.npy
zpqYhBKPlcmL8Ipwe9CI,back,back,84,train,1351.0,freetext,sole gloss,zpqYhBKPlcmL8Ipwe9CI.npy
03wrfTFadfqkIuA1HlIQ,bad,bad,62,val,1233.0,asllex,sole gloss,03wrfTFadfqkIuA1HlIQ.npy
09cJEwlxWh13o0o4W5T6,bad,bad,80,train,2832.0,asllex,sole gloss,09cJEwlxWh13o0o4W5T6.npy
0qsJkQEUAOKmMT70bvRR,bad,bad,57,test,1162.0,asllex,sole gloss,0qsJkQEUAOKmMT70bvRR.npy
1RkfQQUMkwMMd56a51BZ,bad,bad,46,train,2681.0,asllex,sole gloss,1RkfQQUMkwMMd56a51BZ.npy
2GdFTo2OGnLtgFhzrgeG,bad,bad,84,train,1762.0,asllex,sole gloss,2GdFTo2OGnLtgFhzrgeG.npy
2zhujVuWU6qG0GkIgUzv,bad,bad,88,train,2690.0,asllex,sole gloss,2zhujVuWU6qG0GkIgUzv.npy
3SFoS4IVtVHrlq93wbO3,bad,bad,88,train,2522.0,asllex,sole gloss,3SFoS4IVtVHrlq93wbO3.npy
3bgKBkmABZ1D9x4kfze4,bad,bad,12,train,3452.0,asllex,sole gloss,3bgKBkmABZ1D9x4kfze4.npy
5Um80Qyu5UpnsrII3hKf,bad,bad,17,train,1077.0,asllex,sole gloss,5Um80Qyu5UpnsrII3hKf.npy
5VSDBqXeAzOnGUYZeuqB,bad,bad,85,train,3418.0,asllex,sole gloss,5VSDBqXeAzOnGUYZeuqB.npy
5WlubzHBsOY0hylR9waZ,bad,bad,64,test,1810.0,asllex,sole gloss,5WlubzHBsOY0hylR9waZ.npy
5mJWHi0mSQnMxOjpeGZK,bad,bad,46,train,3712.0,asllex,sole gloss,5mJWHi0mSQnMxOjpeGZK.npy
6hBKB03eErsagj1INObb,bad,bad,76,train,4570.0,asllex,sole gloss,6hBKB03eErsagj1INObb.npy
7ElRHrJK7fXtq9LKFUl3,bad,bad,48,test,1255.0,asllex,sole gloss,7ElRHrJK7fXtq9LKFUl3.npy
7NVVnCRPtkNS7OMjTzuL,bad,bad,57,test,777.0,asllex,sole gloss,7NVVnCRPtkNS7OMjTzuL.npy
7qmcRJEJCuNwQxrni1mw,bad,bad,48,test,1131.0,asllex,sole gloss,7qmcRJEJCuNwQxrni1mw.npy
B2IFglZwbjSL8XRmP3Jr,bad,bad,35,train,1814.0,asllex,sole gloss,B2IFglZwbjSL8XRmP3Jr.npy
Bf2iCfbacXu7NV8Hu8Iv,bad,bad,88,train,3363.0,asllex,sole gloss,Bf2iCfbacXu7NV8Hu8Iv.npy
Czdlj3SnHYrcwEp0HmT1,bad,bad,76,val,2854.0,asllex,sole gloss,Czdlj3SnHYrcwEp0HmT1.npy
DZOl2ufqCZLVaCcL7prR,bad,bad,85,val,2580.0,asllex,sole gloss,DZOl2ufqCZLVaCcL7prR.npy
DcXF2tGcB79kqS8S9D1m,bad,bad,17,val,1607.0,asllex,sole gloss,DcXF2tGcB79kqS8S9D1m.npy
EJRDLhMbYeJ9Ov8D4vpW,bad,bad,11,train,1803.0,asllex,sole gloss,EJRDLhMbYeJ9Ov8D4vpW.npy
EMBRGZAWmBD8bXb6aNLZ,bad,bad,49,train,1045.0,asllex,sole gloss,EMBRGZAWmBD8bXb6aNLZ.npy
FJbFKrgumqgJlJl0jYUs,bad,bad,63,val,1988.0,asllex,sole gloss,FJbFKrgumqgJlJl0jYUs.npy
Fs6dXaLehfFiJLGk8kcV,bad,bad,52,train,2684.0,asllex,sole gloss,Fs6dXaLehfFiJLGk8kcV.npy
GlpORYwvjrncPyAqqSs5,bad,bad,46,train,2045.0,asllex,sole gloss,GlpORYwvjrncPyAqqSs5.npy
HAon2RZ6bYQTmQ6H5Oul,bad,bad,7,train,2028.0,asllex,sole gloss,HAon2RZ6bYQTmQ6H5Oul.npy
HQOmn5WG4uWs9LO0CNjk,bad,bad,7,val,2230.0,asllex,sole gloss,HQOmn5WG4uWs9LO0CNjk.npy
ILCcyCfyOBOY4MTK88cl,bad,bad,80,train,2264.0,asllex,sole gloss,ILCcyCfyOBOY4MTK88cl.npy
JJM4bUw6SE81EjrGYFDb,bad,bad,8,train,1115.0,asllex,sole gloss,JJM4bUw6SE81EjrGYFDb.npy
KLkPYvlaYXLMimaTozzr,bad,bad,80,train,2013.0,asllex,sole gloss,KLkPYvlaYXLMimaTozzr.npy
LgrZ4mygH5jsDMX6uGpf,bad,bad,11,val,1682.0,asllex,sole gloss,LgrZ4mygH5jsDMX6uGpf.npy
LnlWDu9k59MXtHKFdbQu,bad,bad,48,test,1438.0,asllex,sole gloss,LnlWDu9k59MXtHKFdbQu.npy
MieahUqzWA12wbwUZOVO,bad,bad,61,test,1463.0,asllex,sole gloss,MieahUqzWA12wbwUZOVO.npy
MszvE5ZyNZI40ycGPvDo,bad,bad,49,train,1103.0,asllex,sole gloss,MszvE5ZyNZI40ycGPvDo.npy
N4Bn02QYZXcQ5DAUDMA1,bad,bad,62,train,1500.0,asllex,sole gloss,N4Bn02QYZXcQ5DAUDMA1.npy
NZn5RYugL1eEmhkGHIar,bad,bad,31,val,1725.0,asllex,sole gloss,NZn5RYugL1eEmhkGHIar.npy
OSLiulGksFnSXrYiKOcq,bad,bad,60,train,1268.0,asllex,sole gloss,OSLiulGksFnSXrYiKOcq.npy
OfEvXIx7cAaAZ944i8WM,bad,bad,62,train,949.0,asllex,sole gloss,OfEvXIx7cAaAZ944i8WM.npy
OlqRfB6rh8cni5WrmpZm,bad,bad,35,train,1285.0,asllex,sole gloss,OlqRfB6rh8cni5WrmpZm.npy
Ooa54e3AF3GJ0brMlzzg,bad,bad,49,train,1286.0,asllex,sole gloss,Ooa54e3AF3GJ0brMlzzg.npy
OuLZIC3GirskXt3KyNqL,bad,bad,84,train,1674.0,asllex,sole gloss,OuLZIC3GirskXt3KyNqL.npy
PJFNECldG0CeF8xvanpG,bad,bad,46,train,3491.0,asllex,sole gloss,PJFNECldG0CeF8xvanpG.npy
PVLpT7y8HZPp3N75zYbf,bad,bad,8,val,2448.0,asllex,sole gloss,PVLpT7y8HZPp3N75zYbf.npy
SADEWtggVabfT6jhjuJT,bad,bad,43,train,3546.0,freetext,sole gloss,SADEWtggVabfT6jhjuJT.npy
UXNxDqBo7DLFEcsnr43s,bad,bad,17,train,1460.0,asllex,sole gloss,UXNxDqBo7DLFEcsnr43s.npy
UjUUesw6ZQsWu0bKd7nS,bad,bad,80,val,1831.0,asllex,sole gloss,UjUUesw6ZQsWu0bKd7nS.npy
VevsvoSzT2J7iacSJxVr,bad,bad,30,train,2323.0,asllex,sole gloss,VevsvoSzT2J7iacSJxVr.npy
VvrLHe9tupQwog24kNfe,bad,bad,49,train,1576.0,asllex,sole gloss,VvrLHe9tupQwog24kNfe.npy
WejxUwrg6bbmXXUVaLPd,bad,bad,48,test,2350.0,asllex,sole gloss,WejxUwrg6bbmXXUVaLPd.npy
XCd2i0uQdfclSkcqpXDf,bad,bad,85,val,3807.0,asllex,sole gloss,XCd2i0uQdfclSkcqpXDf.npy
Y5PSUlMGdg3s6Owpjd08,bad,bad,46,train,2318.0,asllex,sole gloss,Y5PSUlMGdg3s6Owpjd08.npy
YIR4E0IZCBseJQ7sT9Vn,bad,bad,57,test,1669.0,asllex,sole gloss,YIR4E0IZCBseJQ7sT9Vn.npy
ZY7hb028oCt9DVWDJyAt,bad,bad,17,val,1763.0,asllex,sole gloss,ZY7hb028oCt9DVWDJyAt.npy
ZaJL5Y4XaSEIAKZow8Kn,bad,bad,7,train,1611.0,asllex,sole gloss,ZaJL5Y4XaSEIAKZow8Kn.npy
Zl1Ur79GC64Qjn1OGaoD,bad,bad,11,train,1427.0,asllex,sole gloss,Zl1Ur79GC64Qjn1OGaoD.npy
aapNqGAy8XS3g1k4BUf4,bad,bad,23,train,1504.0,asllex,sole gloss,aapNqGAy8XS3g1k4BUf4.npy
awgFROlP40NaaejHGz54,bad,bad,63,train,1401.0,asllex,sole gloss,awgFROlP40NaaejHGz54.npy
b4KydYq4i1QuUojiU13E,bad,bad,46,val,3279.0,asllex,sole gloss,b4KydYq4i1QuUojiU13E.npy
bHjXhyaGOexGB7tYaoSP,bad,bad,23,train,1947.0,asllex,sole gloss,bHjXhyaGOexGB7tYaoSP.npy
bO19SNklwC8oMOB2KqdA,bad,bad,8,train,1091.0,asllex,sole gloss,bO19SNklwC8oMOB2KqdA.npy
cK3q5Z0Zx76MmBf7dWMJ,bad,bad,62,train,1393.0,asllex,sole gloss,cK3q5Z0Zx76MmBf7dWMJ.npy
cfHYsjYcoOawMXK50Yuf,bad,bad,46,train,1893.0,asllex,sole gloss,cfHYsjYcoOawMXK50Yuf.npy
ckC88bexpywVrltI6lLO,bad,bad,62,train,925.0,asllex,sole gloss,ckC88bexpywVrltI6lLO.npy
csiS6Hm0w8YNROOkf3u8,bad,bad,49,train,985.0,asllex,sole gloss,csiS6Hm0w8YNROOkf3u8.npy
d0qDfV0Z2rk4Armhlle3,bad,bad,17,val,999.0,asllex,sole gloss,d0qDfV0Z2rk4Armhlle3.npy
d4etwMUA4OpwaoaZ0O98,bad,bad,30,train,1410.0,asllex,sole gloss,d4etwMUA4OpwaoaZ0O98.npy
dfUq8zX1ftyCJnRxcymg,bad,bad,39,train,2707.0,asllex,sole gloss,dfUq8zX1ftyCJnRxcymg.npy
dhxgzIbiaZkPLEgso6Cb,bad,bad,42,train,1231.0,freetext,sole gloss,dhxgzIbiaZkPLEgso6Cb.npy
e00mifpzDGLNuMScPxpH,bad,bad,8,train,1215.0,asllex,sole gloss,e00mifpzDGLNuMScPxpH.npy
e7lQ5ZuyxUwKBXuQBLS8,bad,bad,17,train,1798.0,asllex,sole gloss,e7lQ5ZuyxUwKBXuQBLS8.npy
eKx77kI1wN0t17HGxXqP,bad,bad,84,train,1576.0,asllex,sole gloss,eKx77kI1wN0t17HGxXqP.npy
enfxuS6iHCJY3EDJw52P,bad,bad,36,test,1565.0,asllex,sole gloss,enfxuS6iHCJY3EDJw52P.npy
ewwE5pAbjaQS5C6mIKkn,bad,bad,7,val,2638.0,asllex,sole gloss,ewwE5pAbjaQS5C6mIKkn.npy
fr4Bap32uqBQ3sDssWoI,bad,bad,39,train,3067.0,asllex,sole gloss,fr4Bap32uqBQ3sDssWoI.npy
gOeG4z3s7UIKOUOHlMgt,bad,bad,84,train,1878.0,asllex,sole gloss,gOeG4z3s7UIKOUOHlMgt.npy
hG3NlC2cYhPXjHgsYKYX,bad,bad,35,val,1189.0,asllex,sole gloss,hG3NlC2cYhPXjHgsYKYX.npy
hnSweRByDZFGTbLSWT6h,bad,bad,61,test,1875.0,asllex,sole gloss,hnSweRByDZFGTbLSWT6h.npy
i7hibo0kN30XmFRsTjIi,bad,bad,48,test,1647.0,asllex,sole gloss,i7hibo0kN30XmFRsTjIi.npy
iO2djhRjGWTDM5ifcJXf,bad,bad,49,val,1507.0,asllex,sole gloss,iO2djhRjGWTDM5ifcJXf.npy
iZmbjXGfMOdla5J1XBg0,bad,bad,12,train,1676.0,asllex,sole gloss,iZmbjXGfMOdla5J1XBg0.npy
iae2mPAyzI5WNestOxjf,bad,bad,7,val,1892.0,asllex,sole gloss,iae2mPAyzI5WNestOxjf.npy
jJXuNXveJd5yB7RWBHl4,bad,bad,38,val,3168.0,asllex,sole gloss,jJXuNXveJd5yB7RWBHl4.npy
jQVLrHlXqqHas6esDsE6,bad,bad,88,train,3014.0,asllex,sole gloss,jQVLrHlXqqHas6esDsE6.npy
k2FsNfpr63xGlEv8T5kK,bad,bad,42,val,2111.0,freetext,sole gloss,k2FsNfpr63xGlEv8T5kK.npy
kSLCL5hjPf1MCb7N40hj,bad,bad,8,train,1316.0,asllex,sole gloss,kSLCL5hjPf1MCb7N40hj.npy
klRuHKzdr7EwrxciTEQK,bad,bad,31,train,1568.0,asllex,sole gloss,klRuHKzdr7EwrxciTEQK.npy
leA7hOUh2qIIS2utXP0D,bad,bad,35,val,1751.0,asllex,sole gloss,leA7hOUh2qIIS2utXP0D.npy
llim4kUxs6aQImoMIGGR,bad,bad,35,train,1210.0,asllex,sole gloss,llim4kUxs6aQImoMIGGR.npy
n3xfUBQQTL6iIsFGlzlX,bad,bad,46,train,2920.0,asllex,sole gloss,n3xfUBQQTL6iIsFGlzlX.npy
nCzDsK1bJa633owYTjfp,bad,bad,46,train,4973.0,asllex,sole gloss,nCzDsK1bJa633owYTjfp.npy
na5QXtR5vPTaPYMinI0p,bad,bad,62,val,1483.0,asllex,sole gloss,na5QXtR5vPTaPYMinI0p.npy
nhGoeTNXWnC3LWxLjsZr,bad,bad,46,train,4520.0,asllex,sole gloss,nhGoeTNXWnC3LWxLjsZr.npy
nr9H3nFC0f61SwiiD6ab,bad,bad,46,val,3893.0,asllex,sole gloss,nr9H3nFC0f61SwiiD6ab.npy
p0npAGfq56B0UbjWiGuu,bad,bad,11,train,1651.0,asllex,sole gloss,p0npAGfq56B0UbjWiGuu.npy
peLgpnq6IeHiJnHW5ulP,bad,bad,46,train,2479.0,asllex,sole gloss,peLgpnq6IeHiJnHW5ulP.npy
poEnFcfCW2kfML3vZ8lG,bad,bad,39,train,3657.0,asllex,sole gloss,poEnFcfCW2kfML3vZ8lG.npy
qFlkMSfi8ul7Ce11Ie3l,bad,bad,59,train,2091.0,asllex,sole gloss,qFlkMSfi8ul7Ce11Ie3l.npy
r58poAyJDADPq8UN1ci3,bad,bad,42,train,1956.0,asllex,sole gloss,r58poAyJDADPq8UN1ci3.npy
rXf0jNesbT6iD7i70vID,bad,bad,84,val,1646.0,asllex,sole gloss,rXf0jNesbT6iD7i70vID.npy
rrg9p4druejH0mBeW2Xm,bad,bad,8,train,1319.0,asllex,sole gloss,rrg9p4druejH0mBeW2Xm.npy
sfkhRL5xKdJNMdu8at0k,bad,bad,63,train,1410.0,asllex,sole gloss,sfkhRL5xKdJNMdu8at0k.npy
sxMeHR0f9rKLai0YGeQe,bad,bad,48,test,1929.0,asllex,sole gloss,sxMeHR0f9rKLai0YGeQe.npy
t3P4x3XreYL6SBCraXim,bad,bad,62,train,1150.0,asllex,sole gloss,t3P4x3XreYL6SBCraXim.npy
t4gEw2HnwoTLlYypxfJy,bad,bad,46,train,1622.0,asllex,sole gloss,t4gEw2HnwoTLlYypxfJy.npy
tGKvbWQ4gMeyyOIkvq7H,bad,bad,61,test,1357.0,asllex,sole gloss,tGKvbWQ4gMeyyOIkvq7H.npy
tX42ZkZ7VYfChG06MZY2,bad,bad,49,val,1105.0,asllex,sole gloss,tX42ZkZ7VYfChG06MZY2.npy
vRodSf98xBdxni9Ewyeq,bad,bad,30,train,1733.0,asllex,sole gloss,vRodSf98xBdxni9Ewyeq.npy
vmt5UsSX46sqrZzw9XsM,bad,bad,46,train,2323.0,asllex,sole gloss,vmt5UsSX46sqrZzw9XsM.npy
wpctXS9Ms8wfBZsiXNPN,bad,bad,62,train,1264.0,asllex,sole gloss,wpctXS9Ms8wfBZsiXNPN.npy
x7rRbEmi2K2h22tDIrK6,bad,bad,49,train,1949.0,asllex,sole gloss,x7rRbEmi2K2h22tDIrK6.npy
xmNPqaPsUcIutp04Vln9,bad,bad,85,val,2746.0,asllex,sole gloss,xmNPqaPsUcIutp04Vln9.npy
z8G90FFyVdHUzXhaRvS3,bad,bad,35,train,1561.0,asllex,sole gloss,z8G90FFyVdHUzXhaRvS3.npy
zGmhE5j3qJbc588FkzCG,bad,bad,17,val,1370.0,asllex,sole gloss,zGmhE5j3qJbc588FkzCG.npy
zYFVnGhUUQ2y9zNuWuD5,bad,bad,8,train,1389.0,asllex,sole gloss,zYFVnGhUUQ2y9zNuWuD5.npy
zes7kHSKXTBPxKKPr4EG,bad,bad,62,train,1176.0,asllex,sole gloss,zes7kHSKXTBPxKKPr4EG.npy
zxyiHZ1tqZ5vwNPNsyxu,bad,bad,8,train,1448.0,asllex,sole gloss,zxyiHZ1tqZ5vwNPNsyxu.npy
0jKex9clTKIy6PQwxtIw,bathroom,bathroom,48,test,1540.0,asllex,sole gloss,0jKex9clTKIy6PQwxtIw.npy
0yVk2UUiHK0cucgYSkSE,bathroom,bathroom,35,train,1467.0,asllex,sole gloss,0yVk2UUiHK0cucgYSkSE.npy
1JlFwJ4wBpGpMcM42jxn,bathroom,bathroom,7,val,2196.0,asllex,sole gloss,1JlFwJ4wBpGpMcM42jxn.npy
1NcekEItechmc6MuP5Zx,bathroom,bathroom,17,train,1908.0,asllex,sole gloss,1NcekEItechmc6MuP5Zx.npy
3LtUKeQqnsMLnqhmgBEb,bathroom,bathroom,59,train,1849.0,asllex,sole gloss,3LtUKeQqnsMLnqhmgBEb.npy
3dLBoscdtkp0V6emPg1m,bathroom,bathroom,59,train,3377.0,asllex,sole gloss,3dLBoscdtkp0V6emPg1m.npy
3wi0jmnZdvZBuOR4XdQ0,bathroom,bathroom,88,val,3162.0,asllex,sole gloss,3wi0jmnZdvZBuOR4XdQ0.npy
4FaMi6eLr4NS3HdJQuuc,bathroom,bathroom,46,train,3071.0,asllex,sole gloss,4FaMi6eLr4NS3HdJQuuc.npy
5G5ExdFHrOt8V5yMoMiV,bathroom,bathroom,85,train,2352.0,asllex,sole gloss,5G5ExdFHrOt8V5yMoMiV.npy
5Wb4dK3iq7gPJFI9kh8Q,bathroom,bathroom,80,train,1884.0,asllex,sole gloss,5Wb4dK3iq7gPJFI9kh8Q.npy
6GL6m4aQEs59ZMdJKnTy,bathroom,bathroom,8,val,1617.0,asllex,sole gloss,6GL6m4aQEs59ZMdJKnTy.npy
7RxXIRImkw4XqedljYJu,bathroom,bathroom,7,train,1891.0,asllex,sole gloss,7RxXIRImkw4XqedljYJu.npy
92SysXe94uRG8AC9hytp,bathroom,bathroom,39,train,2016.0,asllex,sole gloss,92SysXe94uRG8AC9hytp.npy
AO99BYPAQYoDhd6nRSOM,bathroom,bathroom,31,val,1252.0,asllex,sole gloss,AO99BYPAQYoDhd6nRSOM.npy
AzCZIFNlpmxgrdX5mFMQ,bathroom,bathroom,35,train,1912.0,asllex,sole gloss,AzCZIFNlpmxgrdX5mFMQ.npy
C5UR9Mfv88YxpU72oOYa,bathroom,bathroom,63,val,1490.0,asllex,sole gloss,C5UR9Mfv88YxpU72oOYa.npy
Ec94kbgjH48kuWM7eATt,bathroom,bathroom,46,train,3253.0,asllex,sole gloss,Ec94kbgjH48kuWM7eATt.npy
EuWm8omRZpHfX9ncoQpR,bathroom,bathroom,85,train,2425.0,asllex,sole gloss,EuWm8omRZpHfX9ncoQpR.npy
GAq2g6m639txFG17XAbM,bathroom,bathroom,49,val,1168.0,asllex,sole gloss,GAq2g6m639txFG17XAbM.npy
Gvis85KK6K5yqEZEeIf9,bathroom,bathroom,62,train,1129.0,asllex,sole gloss,Gvis85KK6K5yqEZEeIf9.npy
HakQwwLtblSsIbd8Q4mw,bathroom,bathroom,35,train,1210.0,asllex,sole gloss,HakQwwLtblSsIbd8Q4mw.npy
KwmdKUhI81fkMpaJDX6q,bathroom,bathroom,49,train,1740.0,asllex,sole gloss,KwmdKUhI81fkMpaJDX6q.npy
LwbUDY1heF7DNE8iezeG,bathroom,bathroom,49,val,1103.0,asllex,sole gloss,LwbUDY1heF7DNE8iezeG.npy
NmkP1KnzIuiP4bQpe6qV,bathroom,bathroom,62,train,1260.0,asllex,sole gloss,NmkP1KnzIuiP4bQpe6qV.npy
OFU8vTvA2Xfe01mZWn97,bathroom,bathroom,35,train,1540.0,asllex,sole gloss,OFU8vTvA2Xfe01mZWn97.npy
U122XS4Zi9NyfgPdO61S,bathroom,bathroom,49,train,1621.0,asllex,sole gloss,U122XS4Zi9NyfgPdO61S.npy
U7tNb327JOsQs7FFTGtb,bathroom,bathroom,36,test,1788.0,asllex,sole gloss,U7tNb327JOsQs7FFTGtb.npy
WSTLPhKgn2mYe7zpg0oc,bathroom,bathroom,49,train,1562.0,asllex,sole gloss,WSTLPhKgn2mYe7zpg0oc.npy
beT96tkKI4FYerciqCjW,bathroom,bathroom,49,train,991.0,asllex,sole gloss,beT96tkKI4FYerciqCjW.npy
bkdkwm8ZAptYKv1bt7Q9,bathroom,bathroom,52,train,2490.0,asllex,sole gloss,bkdkwm8ZAptYKv1bt7Q9.npy
efbtl0Ft7dVMKXygEmZS,bathroom,bathroom,85,train,2900.0,asllex,sole gloss,efbtl0Ft7dVMKXygEmZS.npy
hTupbnYFiKX2OahscJtV,bathroom,bathroom,46,train,2458.0,asllex,sole gloss,hTupbnYFiKX2OahscJtV.npy
i4Gz2dQQakvaUmEl6MT6,bathroom,bathroom,88,val,3691.0,asllex,sole gloss,i4Gz2dQQakvaUmEl6MT6.npy
i9FwHuQfnzUUqNfN0uFa,bathroom,bathroom,50,test,1907.0,asllex,sole gloss,i9FwHuQfnzUUqNfN0uFa.npy
k8MWO06lAi3W5dE6LLDk,bathroom,bathroom,7,val,2211.0,asllex,sole gloss,k8MWO06lAi3W5dE6LLDk.npy
njskkC2BdnpqCuIxAkPs,bathroom,bathroom,15,train,1401.0,asllex,sole gloss,njskkC2BdnpqCuIxAkPs.npy
vhGExMf60Ov7zNYrU2RG,bathroom,bathroom,49,train,1617.0,asllex,sole gloss,vhGExMf60Ov7zNYrU2RG.npy
xL5GZxgBFsuyV8JfZLwf,bathroom,bathroom,88,train,2225.0,asllex,sole gloss,xL5GZxgBFsuyV8JfZLwf.npy
08H103rcktPkfPImghMR,bed,bed,14,train,2027.0,asllex,sole gloss,08H103rcktPkfPImghMR.npy
2Jvj8zBtqVAQpwfA1pFQ,bed,bed,57,test,1286.0,asllex,sole gloss,2Jvj8zBtqVAQpwfA1pFQ.npy
2LCrFyKm8uGBAaYhv3pZ,bed,bed,42,train,2848.0,asllex,sole gloss,2LCrFyKm8uGBAaYhv3pZ.npy
2egJID7Fiiqldz7h6CUX,bed,bed,46,train,1858.0,asllex,sole gloss,2egJID7Fiiqldz7h6CUX.npy
39X2UJDbj0b1HlBORncd,bed,bed,7,val,2273.0,asllex,sole gloss,39X2UJDbj0b1HlBORncd.npy
4ZBPww7jKoILxwO8ugUM,bed,bed,62,val,933.0,asllex,sole gloss,4ZBPww7jKoILxwO8ugUM.npy
6QJ1TdmEaNmESNaVWfmj,bed,bed,50,test,2548.0,freetext,sole gloss,6QJ1TdmEaNmESNaVWfmj.npy
8Vq8QnISGdWNWfodAb6n,bed,bed,57,test,1054.0,asllex,sole gloss,8Vq8QnISGdWNWfodAb6n.npy
8ni8NltB5EpqACYlYfA6,bed,bed,49,train,1227.0,asllex,sole gloss,8ni8NltB5EpqACYlYfA6.npy
96uTKd75q118FfFoKr4p,bed,bed,52,train,1651.0,asllex,sole gloss,96uTKd75q118FfFoKr4p.npy
9Jzc3NhJY3coI2Jz88Nl,bed,bed,49,train,2674.0,asllex,sole gloss,9Jzc3NhJY3coI2Jz88Nl.npy
EWnHASpclGNtkFvIv7eU,bed,bed,62,train,1159.0,asllex,sole gloss,EWnHASpclGNtkFvIv7eU.npy
Gnl8tz3PUhx8yMXuqBLw,bed,bed,88,train,3465.0,asllex,sole gloss,Gnl8tz3PUhx8yMXuqBLw.npy
JKzaKH3ePWzqc4mjnMGy,bed,bed,88,train,3719.0,asllex,sole gloss,JKzaKH3ePWzqc4mjnMGy.npy
KE818UXq7wo1sSAuZYw3,bed,bed,49,val,1322.0,asllex,sole gloss,KE818UXq7wo1sSAuZYw3.npy
MhlO2WyaBiVm5u3VU74i,bed,bed,35,val,1219.0,asllex,sole gloss,MhlO2WyaBiVm5u3VU74i.npy
O97VF7LTRYRdo1byzNE1,bed,bed,46,val,2547.0,asllex,sole gloss,O97VF7LTRYRdo1byzNE1.npy
OtOnZGr5hiSgNsdAuxHi,bed,bed,88,val,2076.0,asllex,sole gloss,OtOnZGr5hiSgNsdAuxHi.npy
Q9578HewBoA7xGj1opaD,bed,bed,57,test,1705.0,asllex,sole gloss,Q9578HewBoA7xGj1opaD.npy
QUfcCe4S78DClpiEXQ6N,bed,bed,39,train,2913.0,asllex,sole gloss,QUfcCe4S78DClpiEXQ6N.npy
STM5kcQF3FWLXcSuyatH,bed,bed,46,train,2387.0,asllex,sole gloss,STM5kcQF3FWLXcSuyatH.npy
Vg9v2bMdYwSLrtbfurq8,bed,bed,39,val,2999.0,asllex,sole gloss,Vg9v2bMdYwSLrtbfurq8.npy
YCSuV53HsrwQEtgVmaWw,bed,bed,7,train,2623.0,asllex,sole gloss,YCSuV53HsrwQEtgVmaWw.npy
ZkzJZiyWvAswyj3HRpk7,bed,bed,76,train,4468.0,asllex,sole gloss,ZkzJZiyWvAswyj3HRpk7.npy
aAiZPPeLBrfEpnOUa5uU,bed,bed,30,val,1602.0,asllex,sole gloss,aAiZPPeLBrfEpnOUa5uU.npy
adxbp9gAI0MEV2PmDPIL,bed,bed,62,train,1115.0,asllex,sole gloss,adxbp9gAI0MEV2PmDPIL.npy
eIloJ71rTnJb72ksDjxs,bed,bed,39,train,2555.0,asllex,sole gloss,eIloJ71rTnJb72ksDjxs.npy
emVxA084zcEpOvZE4Gmu,bed,bed,88,train,2523.0,asllex,sole gloss,emVxA084zcEpOvZE4Gmu.npy
fypfOtLte0oJbiLD6pZd,bed,bed,38,train,2712.0,asllex,sole gloss,fypfOtLte0oJbiLD6pZd.npy
gdneTRY5lopenk31DRUP,bed,bed,88,train,3273.0,asllex,sole gloss,gdneTRY5lopenk31DRUP.npy
glZ8PFpREDZOLIrIFUZB,bed,bed,85,train,2974.0,freetext,sole gloss,glZ8PFpREDZOLIrIFUZB.npy
hkVcCR9MMIeASYp3XGgY,bed,bed,8,train,1322.0,asllex,sole gloss,hkVcCR9MMIeASYp3XGgY.npy
iUh3ENF9Y9ZoXfeXXYhr,bed,bed,85,val,2104.0,freetext,sole gloss,iUh3ENF9Y9ZoXfeXXYhr.npy
jZ1kVPzUpqT2mpgiq8Yr,bed,bed,39,val,2678.0,asllex,sole gloss,jZ1kVPzUpqT2mpgiq8Yr.npy
jouBGJ7jvCPnWHhg8cB8,bed,bed,42,train,2012.0,asllex,sole gloss,jouBGJ7jvCPnWHhg8cB8.npy
kPYStiqyv3jaND206LiE,bed,bed,39,train,3173.0,asllex,sole gloss,kPYStiqyv3jaND206LiE.npy
mYnzUU1PHNtSlPU7wDwL,bed,bed,49,train,870.0,asllex,sole gloss,mYnzUU1PHNtSlPU7wDwL.npy
oL0PLZN5OfKIIlp2jOIo,bed,bed,48,test,1826.0,asllex,sole gloss,oL0PLZN5OfKIIlp2jOIo.npy
p3waxoNl9ZC6NtoX3sFk,bed,bed,48,test,1205.0,asllex,sole gloss,p3waxoNl9ZC6NtoX3sFk.npy
q1fEILWXwnnRcH7KV3Zl,bed,bed,31,train,1887.0,asllex,sole gloss,q1fEILWXwnnRcH7KV3Zl.npy
qC9ADdPYukXnKcw508nB,bed,bed,48,test,1055.0,asllex,sole gloss,qC9ADdPYukXnKcw508nB.npy
qRE4BHcgrVxeMeE9Wz6B,bed,bed,57,test,973.0,asllex,sole gloss,qRE4BHcgrVxeMeE9Wz6B.npy
rIy76M50nofOrpXP9rUo,bed,bed,49,val,1451.0,asllex,sole gloss,rIy76M50nofOrpXP9rUo.npy
sAbzONjIEoPgVbDTN0RK,bed,bed,8,train,1164.0,freetext,sole gloss,sAbzONjIEoPgVbDTN0RK.npy
tzQe8d8PfngcM8rqKUiQ,bed,bed,12,train,5857.0,asllex,sole gloss,tzQe8d8PfngcM8rqKUiQ.npy
uRy9JahI341KaHFh0PZW,bed,bed,62,train,1216.0,asllex,sole gloss,uRy9JahI341KaHFh0PZW.npy
uxM5tT2KjfdJbKjc7dXx,bed,bed,11,train,1491.0,asllex,sole gloss,uxM5tT2KjfdJbKjc7dXx.npy
wQzpJPCY857rsrIe5yTp,bed,bed,62,train,1719.0,asllex,sole gloss,wQzpJPCY857rsrIe5yTp.npy
xp70TgaUIAyHUkBkNzth,bed,bed,46,train,2654.0,asllex,sole gloss,xp70TgaUIAyHUkBkNzth.npy
1QxX1Ra55pEFP8b5lJnh,better,better,31,train,1521.0,asllex,sole gloss,1QxX1Ra55pEFP8b5lJnh.npy
1bveRmvbyWTblo4ITK4o,better,better,17,train,836.0,asllex,sole gloss,1bveRmvbyWTblo4ITK4o.npy
25vEpZOZoUb7lpbsHIIh,better,better,78,train,2233.0,asllex,sole gloss,25vEpZOZoUb7lpbsHIIh.npy
2Muy7ZuHQ1vTG2FRL9x5,better,better,49,train,1034.0,asllex,sole gloss,2Muy7ZuHQ1vTG2FRL9x5.npy
51O8gdNYu9eutExR0IFi,better,better,39,train,2520.0,asllex,sole gloss,51O8gdNYu9eutExR0IFi.npy
AiTnCnGhydheHYaZwsb9,better,better,39,train,2956.0,asllex,sole gloss,AiTnCnGhydheHYaZwsb9.npy
AnvTwprnTgzVeYQCu6Up,better,better,39,val,3516.0,asllex,sole gloss,AnvTwprnTgzVeYQCu6Up.npy
ETSm7dRJcrItrfcOgMiL,better,better,54,train,2932.0,asllex,sole gloss,ETSm7dRJcrItrfcOgMiL.npy
H43kV9BFJZwNcES0eaSS,better,better,80,val,1677.0,asllex,sole gloss,H43kV9BFJZwNcES0eaSS.npy
KHTrE5mZgUDukzGJD1aK,better,better,30,train,1403.0,asllex,sole gloss,KHTrE5mZgUDukzGJD1aK.npy
LZHc0hUD6CZ2730HrDfh,better,better,35,val,1265.0,asllex,sole gloss,LZHc0hUD6CZ2730HrDfh.npy
MprJsMYo0ESxbF6HIhDp,better,better,61,test,1105.0,asllex,sole gloss,MprJsMYo0ESxbF6HIhDp.npy
QuwVoQD9lUyg08zDnKHY,better,better,39,train,2476.0,asllex,sole gloss,QuwVoQD9lUyg08zDnKHY.npy
UW9YQ35ra8uio4p6uwg2,better,better,46,train,1982.0,asllex,sole gloss,UW9YQ35ra8uio4p6uwg2.npy
Ywh8jph6UVxMfYdt3EEH,better,better,62,train,1037.0,asllex,sole gloss,Ywh8jph6UVxMfYdt3EEH.npy
cl5alOauC9rcFgZoyp7o,better,better,62,train,1185.0,asllex,sole gloss,cl5alOauC9rcFgZoyp7o.npy
dNxxez5nSccPl0A3bAr6,better,better,62,train,1087.0,asllex,sole gloss,dNxxez5nSccPl0A3bAr6.npy
dS8pSasO9coNW4YD7L8N,better,better,62,train,2255.0,asllex,sole gloss,dS8pSasO9coNW4YD7L8N.npy
eCw80Xunj9NWExpuhRXi,better,better,35,train,1230.0,asllex,sole gloss,eCw80Xunj9NWExpuhRXi.npy
f759gWDqtqYXGluj0Uw6,better,better,43,train,3142.0,asllex,sole gloss,f759gWDqtqYXGluj0Uw6.npy
fjr0NodRKoZeKJ6GnKVe,better,better,88,train,2852.0,asllex,sole gloss,fjr0NodRKoZeKJ6GnKVe.npy
gSn6YiA0HCKKSq0PxeWv,better,better,63,val,1785.0,asllex,sole gloss,gSn6YiA0HCKKSq0PxeWv.npy
h1oB7YWtB2Kz3TkifxEw,better,better,39,train,3135.0,asllex,sole gloss,h1oB7YWtB2Kz3TkifxEw.npy
hePFbtfg05fRvg2eF2qR,better,better,88,train,1953.0,asllex,sole gloss,hePFbtfg05fRvg2eF2qR.npy
jhseyFNp4c2dKMRXXJFY,better,better,57,test,1323.0,asllex,sole gloss,jhseyFNp4c2dKMRXXJFY.npy
jzbaKhF3pKwjN1TfDFKl,better,better,46,val,2736.0,asllex,sole gloss,jzbaKhF3pKwjN1TfDFKl.npy
lCkQX5q5C51D1Ar3n1u4,better,better,48,test,1535.0,asllex,sole gloss,lCkQX5q5C51D1Ar3n1u4.npy
lbn9K1w4AQN19PXfriSl,better,better,84,train,1291.0,asllex,sole gloss,lbn9K1w4AQN19PXfriSl.npy
oZdnF2hBZxyFWxBJq7Nv,better,better,62,val,957.0,asllex,sole gloss,oZdnF2hBZxyFWxBJq7Nv.npy
qKiDEOprTce5TSw40OPj,better,better,84,val,1653.0,asllex,sole gloss,qKiDEOprTce5TSw40OPj.npy
qwYf8ptGCYfI4YK8hAwg,better,better,33,test,1715.0,asllex,sole gloss,qwYf8ptGCYfI4YK8hAwg.npy
t2yqXDDXMQNj0kvKF66q,better,better,46,train,3536.0,asllex,sole gloss,t2yqXDDXMQNj0kvKF66q.npy
uZlJT4i0mKFpWlbdPZJA,better,better,49,train,1050.0,asllex,sole gloss,uZlJT4i0mKFpWlbdPZJA.npy
ynDEh87s2fwt68apDEdE,better,better,30,train,1330.0,asllex,sole gloss,ynDEh87s2fwt68apDEdE.npy
zD5KR2o4tqhKdNf0iDMZ,better,better,46,val,3125.0,asllex,sole gloss,zD5KR2o4tqhKdNf0iDMZ.npy
0h6YXyIVWIiBdlx9s0v6,big,big,46,train,2392.0,asllex,sole gloss,0h6YXyIVWIiBdlx9s0v6.npy
0zXBzWeExZDEeeS9XSux,big,big,48,test,1558.0,asllex,sole gloss,0zXBzWeExZDEeeS9XSux.npy
18Nisv0GRufdyVtxMYDW,big,big,39,train,3488.0,asllex,sole gloss,18Nisv0GRufdyVtxMYDW.npy
2UuU8Gk5u4SjzpjRp1Ye,big,big,57,test,2446.0,asllex,sole gloss,2UuU8Gk5u4SjzpjRp1Ye.npy
2aH39T6ZGhyQNT0uYGat,big,big,46,val,2774.0,asllex,sole gloss,2aH39T6ZGhyQNT0uYGat.npy
4Yujmu3adt2LrZV1KMY8,big,big,48,test,1653.0,asllex,sole gloss,4Yujmu3adt2LrZV1KMY8.npy
5Ku8knkBQ56YfLIJYQNI,big,big,63,train,1201.0,asllex,sole gloss,5Ku8knkBQ56YfLIJYQNI.npy
5r3KfbJtVQJvBIIBtTNH,big,big,48,test,1697.0,asllex,sole gloss,5r3KfbJtVQJvBIIBtTNH.npy
5uqT2qnau4cvc1ZwbtOr,big,big,17,train,1941.0,asllex,sole gloss,5uqT2qnau4cvc1ZwbtOr.npy
5zavhLz4eudllAHOP0cI,big,big,49,train,1856.0,asllex,sole gloss,5zavhLz4eudllAHOP0cI.npy
6GWpHBN2cDZLi5Y0mIxY,big,big,49,train,1037.0,asllex,sole gloss,6GWpHBN2cDZLi5Y0mIxY.npy
6ZXl3BGfKqatUxoXMxUU,big,big,60,val,1425.0,asllex,sole gloss,6ZXl3BGfKqatUxoXMxUU.npy
6dcfuQfvsbKFrpUC1tMi,big,big,46,val,2766.0,asllex,sole gloss,6dcfuQfvsbKFrpUC1tMi.npy
7GgmjhcI02lJXdUXoM7N,big,big,49,train,1251.0,asllex,sole gloss,7GgmjhcI02lJXdUXoM7N.npy
7Kd4FPabAkLEuVucc5ui,big,big,30,train,1669.0,asllex,sole gloss,7Kd4FPabAkLEuVucc5ui.npy
7oap2GVa0Jqw4urPauYv,big,big,31,train,1514.0,freetext,sole gloss,7oap2GVa0Jqw4urPauYv.npy
88XB2IQNiqF1jrqvVcpL,big,big,48,test,1440.0,asllex,sole gloss,88XB2IQNiqF1jrqvVcpL.npy
8EQbwyyyTszKjw2501k6,big,big,46,train,1916.0,asllex,sole gloss,8EQbwyyyTszKjw2501k6.npy
8Ei2Rbc9XwNSsptoCu6o,big,big,61,test,1990.0,asllex,sole gloss,8Ei2Rbc9XwNSsptoCu6o.npy
8VrUscTs53IWK2TOxPTP,big,big,35,train,1603.0,asllex,sole gloss,8VrUscTs53IWK2TOxPTP.npy
8amNC1HlnXsKkd4pzgz9,big,big,8,train,1401.0,asllex,sole gloss,8amNC1HlnXsKkd4pzgz9.npy
8cVRQj6fpCaHx8eHbFRq,big,big,57,test,1876.0,asllex,sole gloss,8cVRQj6fpCaHx8eHbFRq.npy
8k1ndrfGyqZ95K4oZqqR,big,big,57,test,1653.0,asllex,sole gloss,8k1ndrfGyqZ95K4oZqqR.npy
8tIelCUrnNEoP5RksTIR,big,big,62,train,1180.0,asllex,sole gloss,8tIelCUrnNEoP5RksTIR.npy
9CAOj2tf8fIP8E8tcycf,big,big,84,train,1060.0,asllex,sole gloss,9CAOj2tf8fIP8E8tcycf.npy
9f4QSEe9d4wOxSuRPlaT,big,big,17,train,1763.0,asllex,sole gloss,9f4QSEe9d4wOxSuRPlaT.npy
9qSdNIgOXWdzvw8Ittq0,big,big,30,val,1777.0,asllex,sole gloss,9qSdNIgOXWdzvw8Ittq0.npy
9uqc2xkARRgx5Eq5W2T1,big,big,57,test,3549.0,asllex,sole gloss,9uqc2xkARRgx5Eq5W2T1.npy
AP2F205FyuklpufHA3n1,big,big,49,val,1203.0,asllex,sole gloss,AP2F205FyuklpufHA3n1.npy
AXuVs3q4Cm47UCjqszMJ,big,big,17,train,1363.0,asllex,sole gloss,AXuVs3q4Cm47UCjqszMJ.npy
AZ7rrBoLwAu19PtJoBYH,big,big,84,train,1838.0,asllex,sole gloss,AZ7rrBoLwAu19PtJoBYH.npy
AdWcFbou7CPmokzp69br,big,big,76,train,2668.0,asllex,sole gloss,AdWcFbou7CPmokzp69br.npy
B9Qk5InBaypgqNXw3KAk,big,big,57,test,1869.0,asllex,sole gloss,B9Qk5InBaypgqNXw3KAk.npy
BJAej17a2JOYpvldfasd,big,big,30,train,3050.0,asllex,sole gloss,BJAej17a2JOYpvldfasd.npy
BXJA8qjw2yn6EqhmZrhT,big,big,39,train,3322.0,asllex,sole gloss,BXJA8qjw2yn6EqhmZrhT.npy
Be1ZsiFMIF2n69CgAlnk,big,big,39,train,3416.0,asllex,sole gloss,Be1ZsiFMIF2n69CgAlnk.npy
C8qaax60Gx383iHya3RC,big,big,88,val,2924.0,asllex,sole gloss,C8qaax60Gx383iHya3RC.npy
CcTQB8OcnlLsiQ0VouSF,big,big,8,train,1564.0,asllex,sole gloss,CcTQB8OcnlLsiQ0VouSF.npy
Cgrnf5HFQAszLW3ZH880,big,big,84,train,1204.0,asllex,sole gloss,Cgrnf5HFQAszLW3ZH880.npy
CisZUeRjPEHp9OvFKafv,big,big,57,test,992.0,freetext,sole gloss,CisZUeRjPEHp9OvFKafv.npy
D82xezfUG7nNx7Y2wkqB,big,big,48,test,1437.0,asllex,sole gloss,D82xezfUG7nNx7Y2wkqB.npy
DeloCmN32SdQUgonwQXb,big,big,35,train,1915.0,asllex,sole gloss,DeloCmN32SdQUgonwQXb.npy
DhqcZL6jtNnsL35fH34o,big,big,30,val,1784.0,asllex,sole gloss,DhqcZL6jtNnsL35fH34o.npy
EK5iwtFj92qbzKTryaYG,big,big,39,val,2597.0,asllex,sole gloss,EK5iwtFj92qbzKTryaYG.npy
EP8xphTz8xbL9zBU0en9,big,big,38,train,4034.0,asllex,sole gloss,EP8xphTz8xbL9zBU0en9.npy
EpbfkMVSnZgh3n8g1JHX,big,big,48,test,944.0,asllex,sole gloss,EpbfkMVSnZgh3n8g1JHX.npy
Esr2pc05BKkBFVuXT3Jr,big,big,84,train,2128.0,asllex,sole gloss,Esr2pc05BKkBFVuXT3Jr.npy
GBcb3pVuvxKYFQDFDGa4,big,big,57,test,2166.0,asllex,sole gloss,GBcb3pVuvxKYFQDFDGa4.npy
GGFUkBpUQgRP55zg2wbq,big,big,61,test,1573.0,asllex,sole gloss,GGFUkBpUQgRP55zg2wbq.npy
GNDiQFUrtReTrfzHAHqe,big,big,50,test,2428.0,freetext,sole gloss,GNDiQFUrtReTrfzHAHqe.npy
GfkOhrerQWB08jJZ9m4H,big,big,50,test,2137.0,asllex,sole gloss,GfkOhrerQWB08jJZ9m4H.npy
Gq78dHH2ztYKWRnwgwPX,big,big,8,val,1680.0,asllex,sole gloss,Gq78dHH2ztYKWRnwgwPX.npy
HJgYUHhXzzmxJhlrgjgw,big,big,48,test,1957.0,asllex,sole gloss,HJgYUHhXzzmxJhlrgjgw.npy
HmD6jqMpNDNEQs13pGAA,big,big,57,test,3229.0,asllex,sole gloss,HmD6jqMpNDNEQs13pGAA.npy
HrpQJ2qQsUtSAbBqQDi8,big,big,35,val,1343.0,asllex,sole gloss,HrpQJ2qQsUtSAbBqQDi8.npy
I8qIAFopLEsU1xaj3MTa,big,big,39,train,2362.0,asllex,sole gloss,I8qIAFopLEsU1xaj3MTa.npy
IOzkGn36GhatqnPUO1Zx,big,big,48,test,1072.0,asllex,sole gloss,IOzkGn36GhatqnPUO1Zx.npy
Jb1gdMIjzp8zvtQhT04X,big,big,46,train,3983.0,asllex,sole gloss,Jb1gdMIjzp8zvtQhT04X.npy
JrSPzHOKZRtDvksz5aq5,big,big,46,train,2534.0,asllex,sole gloss,JrSPzHOKZRtDvksz5aq5.npy
Jy65PLuUzDFfleqKyTNs,big,big,7,train,1926.0,asllex,sole gloss,Jy65PLuUzDFfleqKyTNs.npy
KDY7Mp1p0ck8ORvNZSYs,big,big,17,val,1194.0,freetext,sole gloss,KDY7Mp1p0ck8ORvNZSYs.npy
KF5ZYAcynxbJGIWMYubT,big,big,7,train,2172.0,asllex,sole gloss,KF5ZYAcynxbJGIWMYubT.npy
KKCu1L7AZf6mZWkSaFEw,big,big,85,train,2241.0,asllex,sole gloss,KKCu1L7AZf6mZWkSaFEw.npy
KZkZbdH0Rg0ERGAET8Us,big,big,35,val,1674.0,asllex,sole gloss,KZkZbdH0Rg0ERGAET8Us.npy
Kd8pzCNn0LOs8AhwRzEL,big,big,39,train,3607.0,asllex,sole gloss,Kd8pzCNn0LOs8AhwRzEL.npy
KpxjiHSndrk03RBPy78W,big,big,17,train,2094.0,asllex,sole gloss,KpxjiHSndrk03RBPy78W.npy
Kvik7qfpTwxGkGBsjubS,big,big,17,train,1831.0,asllex,sole gloss,Kvik7qfpTwxGkGBsjubS.npy
LQDwhYtGCJK0BvKQuRKW,big,big,59,train,2640.0,asllex,sole gloss,LQDwhYtGCJK0BvKQuRKW.npy
LVLHpOHzDEfUx1kA7B6n,big,big,35,val,1660.0,asllex,sole gloss,LVLHpOHzDEfUx1kA7B6n.npy
LxyXbxxOTvXBoSXry9xZ,big,big,63,train,1865.0,asllex,sole gloss,LxyXbxxOTvXBoSXry9xZ.npy
MAJkKwaFRCnFc8ilNBtg,big,big,57,test,1785.0,asllex,sole gloss,MAJkKwaFRCnFc8ilNBtg.npy
MFNUSVXhDTmAC7cS2bwX,big,big,61,test,2098.0,asllex,sole gloss,MFNUSVXhDTmAC7cS2bwX.npy
MkNElipIGuTaex5czMDW,big,big,84,train,1303.0,asllex,sole gloss,MkNElipIGuTaex5czMDW.npy
NJKZcA3WIJV05CTkP0GU,big,big,15,train,1259.0,asllex,sole gloss,NJKZcA3WIJV05CTkP0GU.npy
NdRwTjnujKqXLcKw4Fe9,big,big,84,train,1947.0,asllex,sole gloss,NdRwTjnujKqXLcKw4Fe9.npy
NviTNnIVZQjO0KZTKFqF,big,big,59,val,1548.0,asllex,sole gloss,NviTNnIVZQjO0KZTKFqF.npy
Nx5T2J7rNINbxXGVdqJM,big,big,48,test,2281.0,asllex,sole gloss,Nx5T2J7rNINbxXGVdqJM.npy
OGRiLwzaSzpV8fEBQmKL,big,big,8,train,1333.0,asllex,sole gloss,OGRiLwzaSzpV8fEBQmKL.npy
OxM58x9fKn1QkeWm1ID3,big,big,57,test,1723.0,asllex,sole gloss,OxM58x9fKn1QkeWm1ID3.npy
PPZ7jaMoh1k9WHTrNWUY,big,big,48,test,1078.0,asllex,sole gloss,PPZ7jaMoh1k9WHTrNWUY.npy
Pz1H3GAP3d483rguwgdt,big,big,84,train,1883.0,asllex,sole gloss,Pz1H3GAP3d483rguwgdt.npy
QhnDINau2Xnt6CMakZYo,big,big,84,train,2164.0,asllex,sole gloss,QhnDINau2Xnt6CMakZYo.npy
QnVtKYm3t4UTf1l5hdvA,big,big,35,train,1342.0,asllex,sole gloss,QnVtKYm3t4UTf1l5hdvA.npy
Qs4pnnJSiDEE1Vrk8Mh5,big,big,62,val,1178.0,asllex,asllex beats ['freetext'],Qs4pnnJSiDEE1Vrk8Mh5.npy
R0NjUPyp33WZtcrrI4h0,big,big,7,train,2345.0,asllex,sole gloss,R0NjUPyp33WZtcrrI4h0.npy
R2PaTNb0Tk1pCDkw4fDT,big,big,61,test,1617.0,asllex,sole gloss,R2PaTNb0Tk1pCDkw4fDT.npy
RDDcoEoQD4s25PXhot3X,big,big,48,test,982.0,asllex,sole gloss,RDDcoEoQD4s25PXhot3X.npy
RFbvQLzQQzBRp4iOHUxp,big,big,8,val,1318.0,asllex,sole gloss,RFbvQLzQQzBRp4iOHUxp.npy
SUarIksohBowfhtnWvRk,big,big,7,train,2660.0,asllex,sole gloss,SUarIksohBowfhtnWvRk.npy
SpusV896fejJ5a1KxpDt,big,big,17,val,1911.0,asllex,sole gloss,SpusV896fejJ5a1KxpDt.npy
TnrpwBJrPzHh5GBprH5k,big,big,84,train,1755.0,asllex,sole gloss,TnrpwBJrPzHh5GBprH5k.npy
U9QAomAF7FcTVsp1Ud8a,big,big,57,test,1372.0,freetext,sole gloss,U9QAomAF7FcTVsp1Ud8a.npy
VVBCq1hx7kQH8epTmhtB,big,big,49,train,1973.0,asllex,sole gloss,VVBCq1hx7kQH8epTmhtB.npy
VsizaFPDLnELtKpnKfhc,big,big,54,val,1624.0,asllex,sole gloss,VsizaFPDLnELtKpnKfhc.npy
VtwDeKPghCycXVZMtONl,big,big,84,train,2210.0,asllex,sole gloss,VtwDeKPghCycXVZMtONl.npy
WIajgqhOtlXkUijLYet5,big,big,84,val,1509.0,asllex,sole gloss,WIajgqhOtlXkUijLYet5.npy
WNvOBg0m9X0QemwXsnd0,big,big,39,train,4511.0,asllex,sole gloss,WNvOBg0m9X0QemwXsnd0.npy
WidRqJsRjHslltq6M8dw,big,big,84,train,1755.0,asllex,sole gloss,WidRqJsRjHslltq6M8dw.npy
WmooUoaqbIhqRdvBTg5A,big,big,17,train,1880.0,asllex,sole gloss,WmooUoaqbIhqRdvBTg5A.npy
WtStiFHFogjdb3BhPKvH,big,big,7,val,2488.0,asllex,sole gloss,WtStiFHFogjdb3BhPKvH.npy
XcblgO5INyzqQwEq6sxR,big,big,84,train,1436.0,asllex,sole gloss,XcblgO5INyzqQwEq6sxR.npy
Xos5RYeGOEwBt8Ns31Ih,big,big,38,train,2999.0,asllex,sole gloss,Xos5RYeGOEwBt8Ns31Ih.npy
YD6YcQkWd3B7dfHD34gr,big,big,46,train,2888.0,asllex,sole gloss,YD6YcQkWd3B7dfHD34gr.npy
YPAlt1VFpaSiglWqcW1s,big,big,61,test,2037.0,asllex,sole gloss,YPAlt1VFpaSiglWqcW1s.npy
YPd8dMZX7MYSFQgQZ0H8,big,big,7,train,2218.0,asllex,sole gloss,YPd8dMZX7MYSFQgQZ0H8.npy
YSxm1y8XueanP48ZaRN9,big,big,84,train,1293.0,asllex,sole gloss,YSxm1y8XueanP48ZaRN9.npy
YYXPXqgc4rGf7Yu8gjnz,big,big,11,train,1372.0,asllex,sole gloss,YYXPXqgc4rGf7Yu8gjnz.npy
Ydvu16z7zFlsrk4Oj3fN,big,big,46,train,2746.0,asllex,sole gloss,Ydvu16z7zFlsrk4Oj3fN.npy
ZbYX9np9lsBbLbOybmdS,big,big,30,train,2099.0,asllex,sole gloss,ZbYX9np9lsBbLbOybmdS.npy
ZfK512e5960VsMaoAS6a,big,big,12,val,2437.0,asllex,sole gloss,ZfK512e5960VsMaoAS6a.npy
ZoPjB01P4l9dABq0VcQZ,big,big,84,train,1656.0,asllex,sole gloss,ZoPjB01P4l9dABq0VcQZ.npy
ZzG7vWLy5zFJ9nTbFrPT,big,big,52,train,2879.0,asllex,sole gloss,ZzG7vWLy5zFJ9nTbFrPT.npy
a24s7r490jdScbsMpVqf,big,big,57,test,2280.0,asllex,sole gloss,a24s7r490jdScbsMpVqf.npy
a8oEetoTYhaT6XcANDjI,big,big,11,train,1554.0,asllex,sole gloss,a8oEetoTYhaT6XcANDjI.npy
abfgS363jd0s85iNEOPt,big,big,35,train,1402.0,asllex,sole gloss,abfgS363jd0s85iNEOPt.npy
atk0R1zZ51fJKINwDCYA,big,big,48,test,1256.0,asllex,sole gloss,atk0R1zZ51fJKINwDCYA.npy
ayKU1ucwjVlnAHvXut7F,big,big,57,test,1595.0,asllex,sole gloss,ayKU1ucwjVlnAHvXut7F.npy
bLfXBm6RQ7SczUJj4iUc,big,big,57,test,1675.0,asllex,sole gloss,bLfXBm6RQ7SczUJj4iUc.npy
bNTkif13rUcEMX8byl7m,big,big,84,train,1315.0,asllex,sole gloss,bNTkif13rUcEMX8byl7m.npy
c1COJEGI6Zz7AJRwI1K5,big,big,61,test,2186.0,asllex,sole gloss,c1COJEGI6Zz7AJRwI1K5.npy
c75y5wbBkIJHF76nk4Nh,big,big,35,train,1339.0,asllex,sole gloss,c75y5wbBkIJHF76nk4Nh.npy
cIGAmcSTRpT8QE7t7fO4,big,big,39,val,2027.0,asllex,sole gloss,cIGAmcSTRpT8QE7t7fO4.npy
cQssZcefS9jWRnpKxNFv,big,big,39,train,3129.0,asllex,sole gloss,cQssZcefS9jWRnpKxNFv.npy
cka0ucqZYXhR7TDycQ9c,big,big,60,val,1151.0,asllex,sole gloss,cka0ucqZYXhR7TDycQ9c.npy
ct0R9FA7zf6U5R4TVz3c,big,big,61,test,2141.0,asllex,sole gloss,ct0R9FA7zf6U5R4TVz3c.npy
d3oNdIpjVT0E7YurApEM,big,big,84,train,2076.0,asllex,sole gloss,d3oNdIpjVT0E7YurApEM.npy
dDpT90hxE3hwhZTnz2Yr,big,big,84,train,1565.0,asllex,sole gloss,dDpT90hxE3hwhZTnz2Yr.npy
dKIebdsjm1EhixQCIMhq,big,big,31,train,1552.0,freetext,sole gloss,dKIebdsjm1EhixQCIMhq.npy
dLqtG4buR1sdqw4aGHMS,big,big,46,val,2936.0,asllex,sole gloss,dLqtG4buR1sdqw4aGHMS.npy
dZQHxKkMszkeZDfkjFjW,big,big,11,train,1962.0,asllex,sole gloss,dZQHxKkMszkeZDfkjFjW.npy
e29kjmgdpvthPZkZS2Hl,big,big,17,train,2038.0,freetext,sole gloss,e29kjmgdpvthPZkZS2Hl.npy
e3UcEKQLzNsfBH5j5sx7,big,big,46,train,2830.0,freetext,sole gloss,e3UcEKQLzNsfBH5j5sx7.npy
eKD8TFyfgbXruL9IiANY,big,big,30,train,1829.0,asllex,sole gloss,eKD8TFyfgbXruL9IiANY.npy
evZ8QrQhig1wzDxXbIRO,big,big,59,train,2835.0,asllex,sole gloss,evZ8QrQhig1wzDxXbIRO.npy
f0gNtmShpZdjiBD2PoPz,big,big,46,val,2652.0,asllex,sole gloss,f0gNtmShpZdjiBD2PoPz.npy
fCLa0cCSlZpJ5r4i0Ypq,big,big,35,train,1357.0,asllex,sole gloss,fCLa0cCSlZpJ5r4i0Ypq.npy
fNfsO96Uiffqx2ZwBVLB,big,big,84,train,1977.0,asllex,sole gloss,fNfsO96Uiffqx2ZwBVLB.npy
fTXnliNPw1EKal7qkoLP,big,big,49,train,2050.0,freetext,sole gloss,fTXnliNPw1EKal7qkoLP.npy
fe0COl06CIcA06tJmhJv,big,big,8,train,1230.0,asllex,sole gloss,fe0COl06CIcA06tJmhJv.npy
gHMMqsibSwYVQhdTJAqm,big,big,61,test,1474.0,asllex,sole gloss,gHMMqsibSwYVQhdTJAqm.npy
gJbDeTsWX8QAJtKVFxTz,big,big,84,train,1566.0,asllex,sole gloss,gJbDeTsWX8QAJtKVFxTz.npy
gMt3g4fF8gnurnBZxo0A,big,big,61,test,1835.0,asllex,sole gloss,gMt3g4fF8gnurnBZxo0A.npy
gQbzmjfQhXaf5ZSE3KHw,big,big,39,train,2531.0,asllex,sole gloss,gQbzmjfQhXaf5ZSE3KHw.npy
gURyouDtWPT3dv3h94BB,big,big,17,train,1366.0,asllex,sole gloss,gURyouDtWPT3dv3h94BB.npy
gkhnEKt9ddFQ5bHz1f8e,big,big,46,train,2590.0,asllex,sole gloss,gkhnEKt9ddFQ5bHz1f8e.npy
gzAtPJlURaYYCMGupDfa,big,big,60,train,1387.0,asllex,sole gloss,gzAtPJlURaYYCMGupDfa.npy
hLkhiTrhlzxHQkMLad57,big,big,64,test,1774.0,asllex,sole gloss,hLkhiTrhlzxHQkMLad57.npy
hPou4UkelTPyBSWDHwlB,big,big,84,train,1826.0,asllex,sole gloss,hPou4UkelTPyBSWDHwlB.npy
hr2RKZLmvhskpl4ItKwv,big,big,61,test,2339.0,asllex,sole gloss,hr2RKZLmvhskpl4ItKwv.npy
huxOnGjZW0qcH9jq8ux2,big,big,46,train,2804.0,asllex,sole gloss,huxOnGjZW0qcH9jq8ux2.npy
iCMFANeBomaUL0Nxp8uQ,big,big,31,val,2840.0,freetext,sole gloss,iCMFANeBomaUL0Nxp8uQ.npy
iMHxZGGvQFMxuKCTAWdk,big,big,59,val,2238.0,asllex,sole gloss,iMHxZGGvQFMxuKCTAWdk.npy
iNCSTxtmSQoCpNtmvKmT,big,big,61,test,941.0,asllex,sole gloss,iNCSTxtmSQoCpNtmvKmT.npy
iWgZxRm2VWfnvuPLDudv,big,big,61,test,2469.0,asllex,sole gloss,iWgZxRm2VWfnvuPLDudv.npy
ipuGC9UbVktg3orpDXZO,big,big,39,val,2847.0,asllex,sole gloss,ipuGC9UbVktg3orpDXZO.npy
ixzWYRkNcGfL5Ubm2Hki,big,big,85,train,2208.0,asllex,sole gloss,ixzWYRkNcGfL5Ubm2Hki.npy
iyVpK10z0Dq85EhGH01Y,big,big,60,train,925.0,asllex,sole gloss,iyVpK10z0Dq85EhGH01Y.npy
j3E3I63stunH61qLZJTO,big,big,23,train,1834.0,asllex,sole gloss,j3E3I63stunH61qLZJTO.npy
j43HshjEaLK1bPDGj8Vc,big,big,30,train,2136.0,asllex,sole gloss,j43HshjEaLK1bPDGj8Vc.npy
j4VTvhUiiVDml5PFwIaD,big,big,85,val,2951.0,asllex,sole gloss,j4VTvhUiiVDml5PFwIaD.npy
j6PMRgjYZE7dnL0xOxHk,big,big,23,train,1640.0,asllex,sole gloss,j6PMRgjYZE7dnL0xOxHk.npy
jBYVx7OXm5fvCYufWEXQ,big,big,53,test,1575.0,asllex,sole gloss,jBYVx7OXm5fvCYufWEXQ.npy
jz9UQnMHqMrGM8QcagQM,big,big,46,val,4171.0,asllex,sole gloss,jz9UQnMHqMrGM8QcagQM.npy
k9pgcwjAUfptbqrTmIwA,big,big,84,train,1927.0,asllex,sole gloss,k9pgcwjAUfptbqrTmIwA.npy
kVqCVXNq4HhqwGI0YT5k,big,big,49,train,1142.0,asllex,sole gloss,kVqCVXNq4HhqwGI0YT5k.npy
kZIvZBrVdzVZn8g6MemP,big,big,49,train,966.0,asllex,sole gloss,kZIvZBrVdzVZn8g6MemP.npy
kfpBKkfoLVzHWyRLKJ3s,big,big,61,test,2397.0,asllex,sole gloss,kfpBKkfoLVzHWyRLKJ3s.npy
ksuNdojQYxvvMhB8B2UJ,big,big,61,test,1281.0,asllex,sole gloss,ksuNdojQYxvvMhB8B2UJ.npy
l1WiJVoI2lpXSGFDIoeg,big,big,39,val,2950.0,asllex,sole gloss,l1WiJVoI2lpXSGFDIoeg.npy
lfZnpEOdoj4E93ad5Lvk,big,big,48,test,2200.0,asllex,sole gloss,lfZnpEOdoj4E93ad5Lvk.npy
m7vDjRLWryUtuBF1IdSL,big,big,49,val,1698.0,asllex,sole gloss,m7vDjRLWryUtuBF1IdSL.npy
mcr0LzBb5pQ8N3sW3ji1,big,big,63,train,1657.0,asllex,sole gloss,mcr0LzBb5pQ8N3sW3ji1.npy
mfjiBRqxkELGmcXOiRFi,big,big,43,train,3744.0,asllex,sole gloss,mfjiBRqxkELGmcXOiRFi.npy
nV8KAtcF10THP2Fdp5hM,big,big,31,train,1510.0,asllex,sole gloss,nV8KAtcF10THP2Fdp5hM.npy
naQdhPEFZXqNlxq7g6RB,big,big,46,train,2743.0,asllex,sole gloss,naQdhPEFZXqNlxq7g6RB.npy
o1hBXJrBNyVas6DGxYNs,big,big,46,val,3648.0,asllex,sole gloss,o1hBXJrBNyVas6DGxYNs.npy
oEsynbSliMLdNQGin6me,big,big,46,val,3436.0,asllex,sole gloss,oEsynbSliMLdNQGin6me.npy
oX6U1sasWC8KJmBEF0zg,big,big,12,train,2545.0,asllex,sole gloss,oX6U1sasWC8KJmBEF0zg.npy
ocf2Rw3hTSVVBUqKz5d7,big,big,61,test,1258.0,asllex,sole gloss,ocf2Rw3hTSVVBUqKz5d7.npy
ovVi7CDVPNvRTXx4TqK0,big,big,57,test,1707.0,asllex,sole gloss,ovVi7CDVPNvRTXx4TqK0.npy
pPDNcb0TC0TLggHfp7VF,big,big,12,val,2487.0,asllex,sole gloss,pPDNcb0TC0TLggHfp7VF.npy
pWy0xMmzUxDorZtUfpPN,big,big,84,train,1322.0,asllex,sole gloss,pWy0xMmzUxDorZtUfpPN.npy
pwb7xGc6a3i3Eq0pWC1S,big,big,52,train,2333.0,asllex,sole gloss,pwb7xGc6a3i3Eq0pWC1S.npy
qCkx1yDUCGPybBnLVCaa,big,big,64,test,1912.0,asllex,sole gloss,qCkx1yDUCGPybBnLVCaa.npy
qD9HWf2rAzPMf8mOeSZm,big,big,30,train,1948.0,freetext,sole gloss,qD9HWf2rAzPMf8mOeSZm.npy
qrFH5pldDgvbUxX3K8l8,big,big,39,val,2771.0,asllex,sole gloss,qrFH5pldDgvbUxX3K8l8.npy
rK6qC7clBUoD7SFMek9X,big,big,57,test,1340.0,asllex,sole gloss,rK6qC7clBUoD7SFMek9X.npy
rcm3y8681wPyryPf37tZ,big,big,61,test,1699.0,asllex,sole gloss,rcm3y8681wPyryPf37tZ.npy
rr1odVJeJcMrzYO7fRRU,big,big,84,val,2112.0,asllex,sole gloss,rr1odVJeJcMrzYO7fRRU.npy
s2ZtYOBkDSeg5J5t0Pih,big,big,57,test,2495.0,asllex,sole gloss,s2ZtYOBkDSeg5J5t0Pih.npy
sCeVlbk6hS3pdWfzfmzx,big,big,59,train,2798.0,asllex,sole gloss,sCeVlbk6hS3pdWfzfmzx.npy
tAVaba4UGxZH0c0bb094,big,big,63,train,2443.0,freetext,sole gloss,tAVaba4UGxZH0c0bb094.npy
thcq41KbmkIGZKAMHONh,big,big,54,val,1937.0,asllex,sole gloss,thcq41KbmkIGZKAMHONh.npy
tmqhSQJTTYzKnuv0B1kw,big,big,60,val,1103.0,asllex,sole gloss,tmqhSQJTTYzKnuv0B1kw.npy
ts0wdhwsU90ZULk1gR8D,big,big,7,train,2927.0,asllex,sole gloss,ts0wdhwsU90ZULk1gR8D.npy
u35o9VoW6GJcMNAyn9Il,big,big,17,train,2004.0,asllex,sole gloss,u35o9VoW6GJcMNAyn9Il.npy
uprh8HGmtNmi2VwTF4uZ,big,big,36,test,1890.0,asllex,sole gloss,uprh8HGmtNmi2VwTF4uZ.npy
v2IZGWas4OjjOE5dpMk4,big,big,57,test,1535.0,asllex,sole gloss,v2IZGWas4OjjOE5dpMk4.npy
v4fF4SoIXkMM3GvDfEIK,big,big,36,test,1762.0,asllex,sole gloss,v4fF4SoIXkMM3GvDfEIK.npy
vBpJJbb6ZDNes1GvHy21,big,big,84,train,1079.0,asllex,sole gloss,vBpJJbb6ZDNes1GvHy21.npy
vEDX1Arm1l23NdDhdDiy,big,big,8,train,1329.0,asllex,sole gloss,vEDX1Arm1l23NdDhdDiy.npy
vIJtupc5dMRjSxYsZK49,big,big,46,train,3414.0,asllex,sole gloss,vIJtupc5dMRjSxYsZK49.npy
wJy0BWdZvL7Lgly5OQnG,big,big,8,train,1577.0,asllex,sole gloss,wJy0BWdZvL7Lgly5OQnG.npy
wMEZpwlrPwyKzDE4oQgP,big,big,62,train,1224.0,asllex,sole gloss,wMEZpwlrPwyKzDE4oQgP.npy
wRBbPjC0eR70B1Gd4R6o,big,big,39,train,4578.0,asllex,sole gloss,wRBbPjC0eR70B1Gd4R6o.npy
wXE3fIL9p7k0E41vlfBG,big,big,39,train,3399.0,asllex,sole gloss,wXE3fIL9p7k0E41vlfBG.npy
wY6oWwvOaFyHJCPi8mAq,big,big,11,val,1684.0,asllex,sole gloss,wY6oWwvOaFyHJCPi8mAq.npy
x3N51surjiXQdqIk9roP,big,big,11,train,1428.0,asllex,sole gloss,x3N51surjiXQdqIk9roP.npy
xRheoL7dPugyWQG3mNEb,big,big,46,val,2519.0,asllex,sole gloss,xRheoL7dPugyWQG3mNEb.npy
xbhdG8OlLJhyW3tUodXa,big,big,46,train,3112.0,asllex,sole gloss,xbhdG8OlLJhyW3tUodXa.npy
xcIIKd63bDYUBwbezv4j,big,big,17,train,1686.0,asllex,sole gloss,xcIIKd63bDYUBwbezv4j.npy
xnooUAV1n3YYVC6H3xqb,big,big,30,train,1534.0,asllex,sole gloss,xnooUAV1n3YYVC6H3xqb.npy
yJ00TSsfdfEqhFaCOI6K,big,big,14,train,2736.0,asllex,sole gloss,yJ00TSsfdfEqhFaCOI6K.npy
ynMgJcDx9zaHhOQd20rM,big,big,60,train,1434.0,asllex,sole gloss,ynMgJcDx9zaHhOQd20rM.npy
yqv937xAGjnBmBB0Oac6,big,big,48,test,1710.0,asllex,sole gloss,yqv937xAGjnBmBB0Oac6.npy
yzmGVuNxKsZXRvqR6kmK,big,big,84,train,1364.0,asllex,sole gloss,yzmGVuNxKsZXRvqR6kmK.npy
zBVBrvCBfPtNecNNMwwd,big,big,23,val,1773.0,asllex,sole gloss,zBVBrvCBfPtNecNNMwwd.npy
zEmlnE2b5yD1l89CybjH,big,big,39,train,4340.0,asllex,sole gloss,zEmlnE2b5yD1l89CybjH.npy
zIqQxeSvYalEoXSYJVDP,big,big,46,train,2922.0,asllex,sole gloss,zIqQxeSvYalEoXSYJVDP.npy
zzLz1t4Kwi2F05NcY6ID,big,big,84,train,1646.0,asllex,sole gloss,zzLz1t4Kwi2F05NcY6ID.npy
2iwGZXLKC3Y6bVBywBLs,bleed,bleed,59,val,2477.0,asllex,sole gloss,2iwGZXLKC3Y6bVBywBLs.npy
7tpibMrYBaMlCWyMha7C,bleed,bleed,84,train,1725.0,asllex,sole gloss,7tpibMrYBaMlCWyMha7C.npy
859FXzmtS7PhwQDpRKxY,bleed,bleed,7,train,2611.0,asllex,sole gloss,859FXzmtS7PhwQDpRKxY.npy
8L7aXmiD1W8Nau31we8j,bleed,bleed,84,train,1780.0,asllex,sole gloss,8L7aXmiD1W8Nau31we8j.npy
94uCPwo9huyVIm4f1uFa,bleed,bleed,49,val,1618.0,asllex,sole gloss,94uCPwo9huyVIm4f1uFa.npy
BdakgHOz5JaBnfDrm4S7,bleed,bleed,39,val,1765.0,asllex,sole gloss,BdakgHOz5JaBnfDrm4S7.npy
EbfDfsNh5NAI74MYr8Vk,bleed,bleed,42,train,2122.0,asllex,sole gloss,EbfDfsNh5NAI74MYr8Vk.npy
FkRFaTDsnNT8lr22eZTx,bleed,bleed,23,train,1560.0,asllex,sole gloss,FkRFaTDsnNT8lr22eZTx.npy
H4judiKJpC23dmz16QJ7,bleed,bleed,62,val,1340.0,asllex,sole gloss,H4judiKJpC23dmz16QJ7.npy
I75MELoCFjf67oFKLoth,bleed,bleed,84,train,1168.0,asllex,sole gloss,I75MELoCFjf67oFKLoth.npy
ISQXyPXXQdaRINDdYDsh,bleed,bleed,61,test,1441.0,freetext,sole gloss,ISQXyPXXQdaRINDdYDsh.npy
LAIRN3BhoMWZ0TKDgWXp,bleed,bleed,35,train,1437.0,asllex,sole gloss,LAIRN3BhoMWZ0TKDgWXp.npy
LhK2sNUNeokkxqgtvQBs,bleed,bleed,57,test,1831.0,asllex,sole gloss,LhK2sNUNeokkxqgtvQBs.npy
Mo5pwwuIoaoGLA7qn7Sq,bleed,bleed,11,train,1514.0,asllex,sole gloss,Mo5pwwuIoaoGLA7qn7Sq.npy
NkKpxhUz4fHJKLhhBS1e,bleed,bleed,57,test,1460.0,freetext,sole gloss,NkKpxhUz4fHJKLhhBS1e.npy
TqsCMXobpz4QTfQIgIbn,bleed,bleed,63,val,2460.0,asllex,sole gloss,TqsCMXobpz4QTfQIgIbn.npy
XNbRwCPGBV6rAk1djZab,bleed,bleed,57,test,1450.0,freetext,sole gloss,XNbRwCPGBV6rAk1djZab.npy
ZnHRM6D1mSRdHwoXeSiu,bleed,bleed,57,test,1420.0,freetext,sole gloss,ZnHRM6D1mSRdHwoXeSiu.npy
gqqVzK30h5BFQ1l13QLd,bleed,bleed,84,val,1720.0,freetext,sole gloss,gqqVzK30h5BFQ1l13QLd.npy
hbeTqPfDwe0aYRbg4zHf,bleed,bleed,84,train,2573.0,asllex,sole gloss,hbeTqPfDwe0aYRbg4zHf.npy
jVfTJe4AdoGR1CyidJWI,bleed,bleed,84,train,1831.0,asllex,sole gloss,jVfTJe4AdoGR1CyidJWI.npy
jX0TlcrcgcZhwXfvYiKi,bleed,bleed,84,train,1953.0,freetext,sole gloss,jX0TlcrcgcZhwXfvYiKi.npy
kcJ3wjDRbrr11etLtRXE,bleed,bleed,33,test,2597.0,asllex,sole gloss,kcJ3wjDRbrr11etLtRXE.npy
lq0sSjavEZz9XrE3LjdN,bleed,bleed,48,test,1233.0,freetext,sole gloss,lq0sSjavEZz9XrE3LjdN.npy
n6JGLanonMLFcLWs8pVp,bleed,bleed,30,train,1874.0,asllex,sole gloss,n6JGLanonMLFcLWs8pVp.npy
tR3TdaoeUwp4WlOfu9rU,bleed,bleed,17,train,1096.0,asllex,sole gloss,tR3TdaoeUwp4WlOfu9rU.npy
u39WCPE1OFSODTws0IY5,bleed,bleed,61,test,1479.0,asllex,asllex beats ['freetext'],u39WCPE1OFSODTws0IY5.npy
uNnnb76EGdpKB67pykOp,bleed,bleed,17,train,1794.0,asllex,sole gloss,uNnnb76EGdpKB67pykOp.npy
0FZz37cChRhnwmDy4GJk,blood,blood,46,train,2418.0,asllex,sole gloss,0FZz37cChRhnwmDy4GJk.npy
1Jmod39GuwLR9br3OzSj,blood,blood,49,train,1417.0,asllex,sole gloss,1Jmod39GuwLR9br3OzSj.npy
2ZVDgyXih4LBEQf8jrYP,blood,blood,59,val,2340.0,asllex,sole gloss,2ZVDgyXih4LBEQf8jrYP.npy
3MKCBLlzreVeXo1x9y27,blood,blood,62,train,831.0,asllex,sole gloss,3MKCBLlzreVeXo1x9y27.npy
3Yp6CfttD61R7IxvDIxE,blood,blood,31,train,1894.0,asllex,sole gloss,3Yp6CfttD61R7IxvDIxE.npy
5W8luf54infY1uHDQrB6,blood,blood,59,val,1581.0,freetext,sole gloss,5W8luf54infY1uHDQrB6.npy
5wGsty4O9GLOmurICHqr,blood,blood,57,test,2025.0,freetext,sole gloss,5wGsty4O9GLOmurICHqr.npy
7LraEj2syzmqDvDmOdhf,blood,blood,39,train,4783.0,asllex,sole gloss,7LraEj2syzmqDvDmOdhf.npy
8B3eaJSNYLGYLOgqfIbK,blood,blood,59,val,2052.0,asllex,sole gloss,8B3eaJSNYLGYLOgqfIbK.npy
ALGkDRpvnkJ5jvyp9Jmj,blood,blood,57,test,1903.0,asllex,sole gloss,ALGkDRpvnkJ5jvyp9Jmj.npy
BSKOtzFWsyaB8Wt7gkE4,blood,blood,30,train,1832.0,asllex,sole gloss,BSKOtzFWsyaB8Wt7gkE4.npy
CU5rpJgXaTKMhJNUyAFR,blood,blood,17,train,1883.0,freetext,sole gloss,CU5rpJgXaTKMhJNUyAFR.npy
CY3gDvMAqjXjR7DNyNZp,blood,blood,60,val,2452.0,asllex,sole gloss,CY3gDvMAqjXjR7DNyNZp.npy
DG5EmntpabAsYugtIqnZ,blood,blood,88,train,3066.0,freetext,sole gloss,DG5EmntpabAsYugtIqnZ.npy
FF7D2TC10EBG5w5RqUpC,blood,blood,35,train,1220.0,asllex,sole gloss,FF7D2TC10EBG5w5RqUpC.npy
GmC4DKJYdp3HDsmFw18T,blood,blood,43,train,3746.0,asllex,sole gloss,GmC4DKJYdp3HDsmFw18T.npy
H4izBzfyN5QFKZTBvrRB,blood,blood,48,test,1923.0,asllex,sole gloss,H4izBzfyN5QFKZTBvrRB.npy
HBL8Yt21EfWndGJlHTMi,blood,blood,23,train,1737.0,asllex,sole gloss,HBL8Yt21EfWndGJlHTMi.npy
Id4nj20927I92adtImk5,blood,blood,17,val,1911.0,asllex,sole gloss,Id4nj20927I92adtImk5.npy
Ja0OTDfoBvntWi9Cnue0,blood,blood,57,test,2996.0,asllex,sole gloss,Ja0OTDfoBvntWi9Cnue0.npy
Jvxw7yiBPygRsafnFl2e,blood,blood,31,train,1294.0,asllex,sole gloss,Jvxw7yiBPygRsafnFl2e.npy
KpL6GlZzs9IXE4GMe5LI,blood,blood,38,train,2219.0,asllex,sole gloss,KpL6GlZzs9IXE4GMe5LI.npy
Kyiyz7Q0PduNj95PulQh,blood,blood,39,val,2047.0,asllex,sole gloss,Kyiyz7Q0PduNj95PulQh.npy
M63XEjTgcP4YAk8kORfQ,blood,blood,42,train,1975.0,freetext,sole gloss,M63XEjTgcP4YAk8kORfQ.npy
MBTkzb2JHH2VsiHMxwWU,blood,blood,42,train,1682.0,freetext,sole gloss,MBTkzb2JHH2VsiHMxwWU.npy
MwJpLKVKTMFStzkmogbi,blood,blood,30,train,1717.0,asllex,sole gloss,MwJpLKVKTMFStzkmogbi.npy
NpOc1VYun3njE341YdM8,blood,blood,85,train,2025.0,asllex,sole gloss,NpOc1VYun3njE341YdM8.npy
RASq7JPzhMuf679RX767,blood,blood,49,train,1404.0,asllex,sole gloss,RASq7JPzhMuf679RX767.npy
REb25jy2eH3r12hfs4Ge,blood,blood,35,train,1600.0,asllex,sole gloss,REb25jy2eH3r12hfs4Ge.npy
RPD6LpzE1MeCHX3qG6YN,blood,blood,49,train,1529.0,freetext,sole gloss,RPD6LpzE1MeCHX3qG6YN.npy
VCVLxEmPeI47xVMWUU3d,blood,blood,61,test,1420.0,asllex,sole gloss,VCVLxEmPeI47xVMWUU3d.npy
WxXAfxoRGbtXtZGZhkal,blood,blood,54,val,3111.0,freetext,sole gloss,WxXAfxoRGbtXtZGZhkal.npy
YMpLEoL4cax5BaWyzzBT,blood,blood,50,test,2258.0,asllex,sole gloss,YMpLEoL4cax5BaWyzzBT.npy
YY5LywDJjYXsxKMKm3Ye,blood,blood,48,test,1164.0,asllex,sole gloss,YY5LywDJjYXsxKMKm3Ye.npy
ZJoNSoCI2Zd9amMnwCUw,blood,blood,88,train,2188.0,asllex,sole gloss,ZJoNSoCI2Zd9amMnwCUw.npy
aWq8U5c2VjXHoV0eMrbm,blood,blood,59,val,2017.0,asllex,sole gloss,aWq8U5c2VjXHoV0eMrbm.npy
ccuKX9CuEXzWvr3uPf7H,blood,blood,84,val,1534.0,asllex,sole gloss,ccuKX9CuEXzWvr3uPf7H.npy
dAcMKQpoLLuDG3oKMSk1,blood,blood,52,train,1836.0,asllex,sole gloss,dAcMKQpoLLuDG3oKMSk1.npy
j79RZFBvSNJIKKQwZSM9,blood,blood,50,test,2162.0,freetext,sole gloss,j79RZFBvSNJIKKQwZSM9.npy
lWysnnmhi5bKXTGGso5Q,blood,blood,46,train,2891.0,asllex,sole gloss,lWysnnmhi5bKXTGGso5Q.npy
lmsooxMDtmQm607hq3O4,blood,blood,7,train,2252.0,asllex,sole gloss,lmsooxMDtmQm607hq3O4.npy
mGpRjGmCwE2Y7SpZZgnl,blood,blood,17,train,2000.0,asllex,sole gloss,mGpRjGmCwE2Y7SpZZgnl.npy
ogs4UsVjBkO5OZRplQwV,blood,blood,80,train,2196.0,asllex,sole gloss,ogs4UsVjBkO5OZRplQwV.npy
oh4rGhZkZXV1Fub5RXcs,blood,blood,30,train,1909.0,asllex,sole gloss,oh4rGhZkZXV1Fub5RXcs.npy
pFryXYEzoOzPf81vTEJS,blood,blood,31,train,1295.0,asllex,sole gloss,pFryXYEzoOzPf81vTEJS.npy
q0nSZ4oyowwcYtIzvihP,blood,blood,62,val,1005.0,asllex,sole gloss,q0nSZ4oyowwcYtIzvihP.npy
q4Bsk6VIWGoRXix3WsBT,blood,blood,59,train,1946.0,asllex,sole gloss,q4Bsk6VIWGoRXix3WsBT.npy
sZh0CydsNJe4cnIjhmUW,blood,blood,46,val,2732.0,asllex,sole gloss,sZh0CydsNJe4cnIjhmUW.npy
slWVqU9nyzALN48FxnHC,blood,blood,12,train,2945.0,asllex,sole gloss,slWVqU9nyzALN48FxnHC.npy
ynQHs8iIXwvV0kJi7Cz8,blood,blood,54,train,4312.0,asllex,sole gloss,ynQHs8iIXwvV0kJi7Cz8.npy
zGN2qBKD8n7UAjueOV1E,blood,blood,31,train,1309.0,asllex,sole gloss,zGN2qBKD8n7UAjueOV1E.npy
1VbcQ7ae8eAv4yNprXnQ,bone,bone,39,train,2909.0,asllex,sole gloss,1VbcQ7ae8eAv4yNprXnQ.npy
3hY1VLLMFypuSOTWgwHl,bone,bone,61,test,1867.0,asllex,sole gloss,3hY1VLLMFypuSOTWgwHl.npy
4ku141WNfZl2DIFtXBn5,bone,bone,39,train,2466.0,asllex,sole gloss,4ku141WNfZl2DIFtXBn5.npy
4rHv19NW2m9wjHEzPQEx,bone,bone,8,val,1711.0,asllex,sole gloss,4rHv19NW2m9wjHEzPQEx.npy
5UoVqxO7ZHYex3VgzjFe,bone,bone,39,train,3511.0,asllex,sole gloss,5UoVqxO7ZHYex3VgzjFe.npy
6TuyANdaEAuxhWLn9ke1,bone,bone,52,train,2250.0,asllex,sole gloss,6TuyANdaEAuxhWLn9ke1.npy
7NH2jHdhkKpIInCNPxBl,bone,bone,39,train,2793.0,asllex,sole gloss,7NH2jHdhkKpIInCNPxBl.npy
8ocGn7nrwBW9El6TLzLX,bone,bone,46,train,1861.0,asllex,sole gloss,8ocGn7nrwBW9El6TLzLX.npy
E5GXuOBLQS4Y4WqzQ9ls,bone,bone,63,val,1663.0,asllex,sole gloss,E5GXuOBLQS4Y4WqzQ9ls.npy
FHrJ28ftZRC8rGhkGsux,bone,bone,88,train,4186.0,asllex,sole gloss,FHrJ28ftZRC8rGhkGsux.npy
HipbJaFkCTZlfiZSmxq7,bone,bone,8,train,1634.0,asllex,sole gloss,HipbJaFkCTZlfiZSmxq7.npy
JSw6Cxi0vxEalZxTAVvx,bone,bone,84,train,1416.0,asllex,sole gloss,JSw6Cxi0vxEalZxTAVvx.npy
Kusf1BiYntJI7hro93X5,bone,bone,78,train,2167.0,asllex,sole gloss,Kusf1BiYntJI7hro93X5.npy
OMknmCmhqzLkmZUkexIu,bone,bone,7,val,2569.0,asllex,sole gloss,OMknmCmhqzLkmZUkexIu.npy
OtEFCDXC6zIttXFr2tp5,bone,bone,46,train,2520.0,asllex,sole gloss,OtEFCDXC6zIttXFr2tp5.npy
QhnKnTgeLFFY0ZxwhXkH,bone,bone,17,train,1002.0,freetext,sole gloss,QhnKnTgeLFFY0ZxwhXkH.npy
TMNMrNxhLqU1SmSFHeut,bone,bone,49,val,1068.0,asllex,sole gloss,TMNMrNxhLqU1SmSFHeut.npy
V58e6JojRnxcrGvvftaI,bone,bone,7,train,2576.0,asllex,sole gloss,V58e6JojRnxcrGvvftaI.npy
YiUkHCxvMojkyBTf2CWc,bone,bone,43,train,2897.0,asllex,sole gloss,YiUkHCxvMojkyBTf2CWc.npy
Ze5bqxSV1DXVs1IBkyFV,bone,bone,17,train,1908.0,asllex,sole gloss,Ze5bqxSV1DXVs1IBkyFV.npy
fi9y4gf2id1L8X3PexWA,bone,bone,11,train,2488.0,asllex,sole gloss,fi9y4gf2id1L8X3PexWA.npy
ghBb8MpuKgPBTHsQZGsC,bone,bone,84,val,1885.0,asllex,sole gloss,ghBb8MpuKgPBTHsQZGsC.npy
i22ohDa8frONL1FO7zrM,bone,bone,35,train,1364.0,asllex,sole gloss,i22ohDa8frONL1FO7zrM.npy
iCSe8G90RlyGGZge9IJC,bone,bone,84,val,1846.0,asllex,sole gloss,iCSe8G90RlyGGZge9IJC.npy
kIP5jPA9jQjzZFPXZDnJ,bone,bone,7,train,2387.0,asllex,sole gloss,kIP5jPA9jQjzZFPXZDnJ.npy
ojhXmWgjdq0uwAhiSoOF,bone,bone,84,train,2223.0,asllex,sole gloss,ojhXmWgjdq0uwAhiSoOF.npy
s3RTDFAKkOOwhKR2MOtI,bone,bone,48,test,1630.0,asllex,sole gloss,s3RTDFAKkOOwhKR2MOtI.npy
vj0hh8I6ZGv3bdjDgiqY,bone,bone,84,val,3243.0,asllex,sole gloss,vj0hh8I6ZGv3bdjDgiqY.npy
zQW4yNaM1uZ37eXtrBby,bone,bone,84,train,1869.0,asllex,sole gloss,zQW4yNaM1uZ37eXtrBby.npy
1hj2TQk7zYB4ww8Y3mbJ,breathe,breathe,31,val,1693.0,asllex,sole gloss,1hj2TQk7zYB4ww8Y3mbJ.npy
23QiT2gVQXjJObXP1h0M,breathe,breathe,52,train,3589.0,asllex,sole gloss,23QiT2gVQXjJObXP1h0M.npy
2QQnHRRKOpT4CTnnaZ7k,breathe,breathe,84,train,2770.0,asllex,sole gloss,2QQnHRRKOpT4CTnnaZ7k.npy
3pd30hOFxwyNnhO1JvnR,breathe,breathe,49,val,1218.0,asllex,sole gloss,3pd30hOFxwyNnhO1JvnR.npy
4MlRJDAOi2MeNchqU7RX,breathe,breathe,49,train,1406.0,asllex,sole gloss,4MlRJDAOi2MeNchqU7RX.npy
4vIzNszwCfL4Gfaz6hnn,breathe,breathe,84,val,1836.0,asllex,sole gloss,4vIzNszwCfL4Gfaz6hnn.npy
7SXSZXiiSVmiExRYU8Eq,breathe,breathe,39,train,3970.0,asllex,sole gloss,7SXSZXiiSVmiExRYU8Eq.npy
8VXtIhD4Ybz1QbMsrH61,breathe,breathe,88,train,2307.0,asllex,sole gloss,8VXtIhD4Ybz1QbMsrH61.npy
9DhEM6PK9bYnoskHO2gM,breathe,breathe,48,test,1687.0,asllex,sole gloss,9DhEM6PK9bYnoskHO2gM.npy
9vIBDiGBVxLNKoNbjQ67,breathe,breathe,30,val,1655.0,asllex,sole gloss,9vIBDiGBVxLNKoNbjQ67.npy
B30n41qZEJDlo9pYu3An,breathe,breathe,57,test,2863.0,asllex,sole gloss,B30n41qZEJDlo9pYu3An.npy
BLTfP1bpkxUPgCxy1Phi,breathe,breathe,62,train,1139.0,asllex,sole gloss,BLTfP1bpkxUPgCxy1Phi.npy
E4A2e0h379TlZfZiiCSG,breathe,breathe,85,train,3767.0,asllex,sole gloss,E4A2e0h379TlZfZiiCSG.npy
E65YSwl91qWyIPt5Qdzw,breathe,breathe,49,val,1786.0,asllex,sole gloss,E65YSwl91qWyIPt5Qdzw.npy
ECMSF7ScPg1WVOfhglza,breathe,breathe,33,test,2619.0,asllex,sole gloss,ECMSF7ScPg1WVOfhglza.npy
ENJKNmv1AeT0WZbgNTiW,breathe,breathe,76,train,3627.0,asllex,sole gloss,ENJKNmv1AeT0WZbgNTiW.npy
F1L5rdMvrNc2SMKw4u68,breathe,breathe,60,train,1098.0,asllex,sole gloss,F1L5rdMvrNc2SMKw4u68.npy
F5tbyIHxsVXDIhps3AtX,breathe,breathe,49,train,1319.0,asllex,sole gloss,F5tbyIHxsVXDIhps3AtX.npy
FBYttMM3RicC9MY92tDf,breathe,breathe,59,val,4796.0,asllex,sole gloss,FBYttMM3RicC9MY92tDf.npy
FwANKLZu30WLfkMDOt5j,breathe,breathe,64,test,2849.0,asllex,sole gloss,FwANKLZu30WLfkMDOt5j.npy
H1MgRt9iYy1NbOdE8qRy,breathe,breathe,30,train,2555.0,asllex,sole gloss,H1MgRt9iYy1NbOdE8qRy.npy
HDeCdaWGGMhyHRVKSbWv,breathe,breathe,49,train,1402.0,asllex,sole gloss,HDeCdaWGGMhyHRVKSbWv.npy
HQtD6OgGt3caTu2VhEc5,breathe,breathe,33,test,4083.0,asllex,sole gloss,HQtD6OgGt3caTu2VhEc5.npy
ILfwbi7JyXv1MxjqFCYa,breathe,breathe,50,test,2942.0,asllex,sole gloss,ILfwbi7JyXv1MxjqFCYa.npy
K3tkmyfbdJeKSqJ1weEs,breathe,breathe,39,val,4880.0,asllex,sole gloss,K3tkmyfbdJeKSqJ1weEs.npy
KDcacRyifMOylp5hBqR3,breathe,breathe,57,test,1802.0,asllex,sole gloss,KDcacRyifMOylp5hBqR3.npy
Ksf4ctsDg7ARNoD0II4W,breathe,breathe,46,train,2891.0,asllex,sole gloss,Ksf4ctsDg7ARNoD0II4W.npy
LeftUEQ2r0jxVQHUzLKv,breathe,breathe,53,test,2349.0,asllex,sole gloss,LeftUEQ2r0jxVQHUzLKv.npy
LofHpbCeBuQ6d2fd1iFJ,breathe,breathe,39,train,5126.0,asllex,sole gloss,LofHpbCeBuQ6d2fd1iFJ.npy
M5WVXWcEy1sX4RYxlBvp,breathe,breathe,7,train,2762.0,asllex,sole gloss,M5WVXWcEy1sX4RYxlBvp.npy
NJfRmNoVfCqJJhjcACq2,breathe,breathe,39,train,3301.0,asllex,sole gloss,NJfRmNoVfCqJJhjcACq2.npy
OweuAZ4TQLYfQ8NE9hP7,breathe,breathe,84,train,1612.0,asllex,sole gloss,OweuAZ4TQLYfQ8NE9hP7.npy
P77HUbLQqpbxb30s1qUH,breathe,breathe,49,train,1017.0,asllex,sole gloss,P77HUbLQqpbxb30s1qUH.npy
PttUb1ySTdT2zJB9TlCv,breathe,breathe,57,test,2374.0,asllex,sole gloss,PttUb1ySTdT2zJB9TlCv.npy
R5YuKOokoSpvf3NZJ0lK,breathe,breathe,42,val,3669.0,asllex,sole gloss,R5YuKOokoSpvf3NZJ0lK.npy
S2SdZbLQo99uE0MTS581,breathe,breathe,62,train,1684.0,asllex,sole gloss,S2SdZbLQo99uE0MTS581.npy
ST7cfp6OBobMPPMjAhC5,breathe,breathe,31,train,1775.0,asllex,sole gloss,ST7cfp6OBobMPPMjAhC5.npy
SZoTYtRuVCF4D3i1dYK7,breathe,breathe,57,test,2057.0,asllex,sole gloss,SZoTYtRuVCF4D3i1dYK7.npy
Sqp3G6tcYUBxuMmfbvGg,breathe,breathe,36,test,2473.0,asllex,sole gloss,Sqp3G6tcYUBxuMmfbvGg.npy
UVd3zWdiYMvKciWmD0Y4,breathe,breathe,61,test,2474.0,asllex,sole gloss,UVd3zWdiYMvKciWmD0Y4.npy
W7Q3cUlDKskYNokd8GOw,breathe,breathe,84,val,1395.0,asllex,sole gloss,W7Q3cUlDKskYNokd8GOw.npy
WNjAszuskgzw4zq6NJ3n,breathe,breathe,84,train,1803.0,asllex,sole gloss,WNjAszuskgzw4zq6NJ3n.npy
WYwHmLqdocH3j6km612H,breathe,breathe,33,test,1969.0,asllex,sole gloss,WYwHmLqdocH3j6km612H.npy
Xi39gqf4MeJu8mKYEEMJ,breathe,breathe,84,train,2470.0,asllex,sole gloss,Xi39gqf4MeJu8mKYEEMJ.npy
YoavKE2pm2BjJxLYpoGD,breathe,breathe,62,train,1248.0,asllex,sole gloss,YoavKE2pm2BjJxLYpoGD.npy
ZU9OuhUdU8UrIsDWcCC7,breathe,breathe,38,train,3302.0,asllex,sole gloss,ZU9OuhUdU8UrIsDWcCC7.npy
ZrtWQmI4Iro1yLaB2QnK,breathe,breathe,54,train,2499.0,asllex,sole gloss,ZrtWQmI4Iro1yLaB2QnK.npy
aLsTNBQ2Z4noQKHB2eT0,breathe,breathe,31,val,2482.0,asllex,sole gloss,aLsTNBQ2Z4noQKHB2eT0.npy
ajsG8RsTEtEMYOlqoDvE,breathe,breathe,39,train,3636.0,asllex,sole gloss,ajsG8RsTEtEMYOlqoDvE.npy
dfV66HYdZZOAwIuqL2e5,breathe,breathe,62,train,1286.0,asllex,sole gloss,dfV66HYdZZOAwIuqL2e5.npy
e3nrqmKtYbdLNoWaen0B,breathe,breathe,38,train,3197.0,asllex,sole gloss,e3nrqmKtYbdLNoWaen0B.npy
eBpUC2CJ93rBCEShNaQx,breathe,breathe,85,train,3100.0,asllex,sole gloss,eBpUC2CJ93rBCEShNaQx.npy
f51o76aAcDxfSv5LC6ko,breathe,breathe,49,train,2061.0,asllex,sole gloss,f51o76aAcDxfSv5LC6ko.npy
fJYaLfWAEtb5lBeDSfXj,breathe,breathe,84,train,1317.0,asllex,sole gloss,fJYaLfWAEtb5lBeDSfXj.npy
fZVSmMIXF5hWKjNbAt5O,breathe,breathe,88,val,2297.0,asllex,sole gloss,fZVSmMIXF5hWKjNbAt5O.npy
gzgII9HhXByrGmEdxqU0,breathe,breathe,39,val,3062.0,asllex,sole gloss,gzgII9HhXByrGmEdxqU0.npy
hFoYBWCoEJ5zaILFcCgy,breathe,breathe,8,val,2133.0,asllex,sole gloss,hFoYBWCoEJ5zaILFcCgy.npy
iErWqbEW5mV7YBIITEpF,breathe,breathe,48,test,1330.0,asllex,sole gloss,iErWqbEW5mV7YBIITEpF.npy
jRkuW3CNRaG5kD0Fc4iV,breathe,breathe,43,train,3605.0,asllex,sole gloss,jRkuW3CNRaG5kD0Fc4iV.npy
jUcWKshR1sY0VJlJIAig,breathe,breathe,54,train,5376.0,asllex,sole gloss,jUcWKshR1sY0VJlJIAig.npy
nIVMeSmLw8dYFRWjjZtd,breathe,breathe,49,train,1117.0,freetext,sole gloss,nIVMeSmLw8dYFRWjjZtd.npy
nPz4xXz9Bn5c33J9GmYD,breathe,breathe,84,val,2004.0,asllex,sole gloss,nPz4xXz9Bn5c33J9GmYD.npy
nUHjRjJVaGWwLkVUfu7W,breathe,breathe,39,train,2916.0,asllex,sole gloss,nUHjRjJVaGWwLkVUfu7W.npy
o7MvEUuDQob8cgQqGOZn,breathe,breathe,63,train,3081.0,asllex,sole gloss,o7MvEUuDQob8cgQqGOZn.npy
oTJQgN4fUoBKs6KDCsQ1,breathe,breathe,35,train,2022.0,asllex,sole gloss,oTJQgN4fUoBKs6KDCsQ1.npy
pPNU8JCmNjwkwtUrjpF7,breathe,breathe,88,train,3139.0,asllex,sole gloss,pPNU8JCmNjwkwtUrjpF7.npy
q2qeNIOAWYV59Cvz4hQ7,breathe,breathe,53,test,1800.0,asllex,sole gloss,q2qeNIOAWYV59Cvz4hQ7.npy
soj5vX0XMCuw43H0b4eI,breathe,breathe,49,train,1391.0,asllex,sole gloss,soj5vX0XMCuw43H0b4eI.npy
tkcfHLVuTKaGsSxphm1q,breathe,breathe,30,train,2515.0,asllex,sole gloss,tkcfHLVuTKaGsSxphm1q.npy
uAOiFQy4z5ulxBqG6mv2,breathe,breathe,14,val,3931.0,asllex,sole gloss,uAOiFQy4z5ulxBqG6mv2.npy
uk69lejtrZn7I8aFpVK6,breathe,breathe,31,train,2575.0,asllex,sole gloss,uk69lejtrZn7I8aFpVK6.npy
xZHJbqTdNeizVPmjOdXe,breathe,breathe,39,train,3211.0,asllex,sole gloss,xZHJbqTdNeizVPmjOdXe.npy
y73rE0B4TlC84xqgsQSg,breathe,breathe,39,train,4887.0,asllex,sole gloss,y73rE0B4TlC84xqgsQSg.npy
z3o9ug2vfrrZXa1p8P73,breathe,breathe,39,train,4786.0,asllex,sole gloss,z3o9ug2vfrrZXa1p8P73.npy
zIveN46PiMcCOiM96cyj,breathe,breathe,50,test,2996.0,asllex,sole gloss,zIveN46PiMcCOiM96cyj.npy
1K73Gefoj4FZNfRNXaIM,burn,burn,50,test,2250.0,freetext,sole gloss,1K73Gefoj4FZNfRNXaIM.npy
72sSvgY18GEKRtX3Y5C3,burn,burn,49,train,1067.0,freetext,sole gloss,72sSvgY18GEKRtX3Y5C3.npy
7F9Kfyk9TQ9m4OZ6PhbL,burn,burn,39,train,2722.0,freetext,sole gloss,7F9Kfyk9TQ9m4OZ6PhbL.npy
7G1fX2n6zk7mfWX4SW4x,burn,burn,49,train,1553.0,freetext,sole gloss,7G1fX2n6zk7mfWX4SW4x.npy
KpVrpBboe3ymtK5pPihh,burn,burn,49,val,918.0,freetext,sole gloss,KpVrpBboe3ymtK5pPihh.npy
PjWRs8aVCSW6PzzS6sHJ,burn,burn,84,train,2336.0,freetext,sole gloss,PjWRs8aVCSW6PzzS6sHJ.npy
b8Z8wHGpKwjOEnBQUj2P,burn,burn,30,val,1707.0,freetext,sole gloss,b8Z8wHGpKwjOEnBQUj2P.npy
bMjso5d9WMGot8ViWKfu,burn,burn,54,train,2112.0,freetext,sole gloss,bMjso5d9WMGot8ViWKfu.npy
hO7fvAjzwoKVXlDKrcwn,burn,burn,31,val,1500.0,freetext,sole gloss,hO7fvAjzwoKVXlDKrcwn.npy
o1ZB1icobnAL3n9kn1Ds,burn,burn,88,train,2156.0,freetext,sole gloss,o1ZB1icobnAL3n9kn1Ds.npy
xo4ekhVAI45VISYqfn7h,burn,burn,42,train,1553.0,freetext,sole gloss,xo4ekhVAI45VISYqfn7h.npy
zseDnN2HV03iicD5EfJ2,burn,burn,49,train,1527.0,freetext,sole gloss,zseDnN2HV03iicD5EfJ2.npy
0athX8XVvI3b7GrejGGW,can,can,42,train,1410.0,freetext,sole gloss,0athX8XVvI3b7GrejGGW.npy
150Yy7h0vhow40ZK63d6,can,can,57,test,1763.0,asllex,sole gloss,150Yy7h0vhow40ZK63d6.npy
2Lh6TZ0MUIBWyZzAaySO,can,can,62,val,893.0,asllex,sole gloss,2Lh6TZ0MUIBWyZzAaySO.npy
2nXqzJPuXI4WYqnw7yEf,can,can,61,test,2219.0,asllex,sole gloss,2nXqzJPuXI4WYqnw7yEf.npy
3liOUXVSsjyYGEsSO8pE,can,can,39,train,2230.0,asllex,sole gloss,3liOUXVSsjyYGEsSO8pE.npy
4AeoViaiueThDfRB35kQ,can,can,57,test,1172.0,asllex,sole gloss,4AeoViaiueThDfRB35kQ.npy
7aaaLLgoMXp6ze8nHMYs,can,can,39,train,3343.0,asllex,sole gloss,7aaaLLgoMXp6ze8nHMYs.npy
7g9P18Wouo0KwBIhmtjg,can,can,84,train,2583.0,asllex,sole gloss,7g9P18Wouo0KwBIhmtjg.npy
AImz7aSO4FuSN3dnXttZ,can,can,84,train,3136.0,asllex,sole gloss,AImz7aSO4FuSN3dnXttZ.npy
Bf1nfCnA01u2Hg2BhPFB,can,can,35,train,1359.0,asllex,sole gloss,Bf1nfCnA01u2Hg2BhPFB.npy
CFf1jeJpPhfGt2ZXPCbX,can,can,61,test,1647.0,asllex,sole gloss,CFf1jeJpPhfGt2ZXPCbX.npy
GGALehWltqvDAYN9uUea,can,can,7,train,2618.0,asllex,sole gloss,GGALehWltqvDAYN9uUea.npy
HGGUzD20x77eT7GPV1ib,can,can,57,test,2418.0,asllex,sole gloss,HGGUzD20x77eT7GPV1ib.npy
HU3CBwQAm1OdBhCyqJf5,can,can,57,test,1874.0,asllex,sole gloss,HU3CBwQAm1OdBhCyqJf5.npy
I4ZcGFcymNXSfKltwsWr,can,can,27,train,3533.0,asllex,sole gloss,I4ZcGFcymNXSfKltwsWr.npy
LQPCLQO5eBll29yuY7Py,can,can,39,val,2755.0,freetext,sole gloss,LQPCLQO5eBll29yuY7Py.npy
M7lq6ekWu3cJmyPZVuXU,can,can,46,val,2398.0,asllex,sole gloss,M7lq6ekWu3cJmyPZVuXU.npy
NFWoN1zyuirSfgADqGDO,can,can,42,train,1654.0,freetext,sole gloss,NFWoN1zyuirSfgADqGDO.npy
Oo6a9UL4SSUMssKCeJLt,can,can,57,test,1294.0,asllex,sole gloss,Oo6a9UL4SSUMssKCeJLt.npy
P3mIfGucVAHZ6UA9U2Wj,can,can,39,val,3987.0,freetext,sole gloss,P3mIfGucVAHZ6UA9U2Wj.npy
QV1vULMDBnfLn92b8YJw,can,can,49,train,1400.0,asllex,sole gloss,QV1vULMDBnfLn92b8YJw.npy
QwpMTQDzawgtoAp2V2BP,can,can,11,val,1377.0,asllex,sole gloss,QwpMTQDzawgtoAp2V2BP.npy
SaXkTKAlxuRChdIB1U5r,can,can,57,test,1691.0,asllex,sole gloss,SaXkTKAlxuRChdIB1U5r.npy
TN899xFgue0vb72uvOoE,can,can,17,train,1636.0,asllex,sole gloss,TN899xFgue0vb72uvOoE.npy
UqClWDA7FBHiTDBfUK0P,can,can,39,train,3081.0,freetext,sole gloss,UqClWDA7FBHiTDBfUK0P.npy
YzJkYTKLZCuy9CvWXZ88,can,can,7,train,2809.0,asllex,sole gloss,YzJkYTKLZCuy9CvWXZ88.npy
aMcHBvfqoFTmzHKw0EvS,can,can,57,test,1071.0,asllex,sole gloss,aMcHBvfqoFTmzHKw0EvS.npy
bhslpgLdjuMvTHmO5Le3,can,can,88,train,3690.0,asllex,sole gloss,bhslpgLdjuMvTHmO5Le3.npy
bw3Jp0urhUQOWuoUFDDS,can,can,57,test,2095.0,asllex,sole gloss,bw3Jp0urhUQOWuoUFDDS.npy
dFH0orhYeXxfcqNj8isZ,can,can,84,val,1190.0,asllex,sole gloss,dFH0orhYeXxfcqNj8isZ.npy
gtcshK34BJXFCrjkZOfM,can,can,39,train,2716.0,asllex,sole gloss,gtcshK34BJXFCrjkZOfM.npy
jlg10W4lO7pS5kxVgjzX,can,can,54,train,2312.0,asllex,sole gloss,jlg10W4lO7pS5kxVgjzX.npy
k59qwGzZpSJCIwjN8Am6,can,can,8,val,1978.0,asllex,sole gloss,k59qwGzZpSJCIwjN8Am6.npy
kqnKZkgRD9uukRe7BtlK,can,can,62,train,1635.0,asllex,sole gloss,kqnKZkgRD9uukRe7BtlK.npy
lkmwQbm4RJ2a2oyze8q3,can,can,11,train,2009.0,asllex,sole gloss,lkmwQbm4RJ2a2oyze8q3.npy
nRM1t7OZXM029uQdfmSu,can,can,84,train,1476.0,asllex,sole gloss,nRM1t7OZXM029uQdfmSu.npy
nutIGo5mojgBlFY3SZJX,can,can,42,val,1457.0,asllex,sole gloss,nutIGo5mojgBlFY3SZJX.npy
ob4IYr634h5BjkYiEZUb,can,can,17,train,1487.0,asllex,sole gloss,ob4IYr634h5BjkYiEZUb.npy
q8jkABcBfxD3ZgmB9RPz,can,can,43,train,2773.0,freetext,sole gloss,q8jkABcBfxD3ZgmB9RPz.npy
qklTlk43OJIlmjAGa5Bm,can,can,42,train,1252.0,freetext,sole gloss,qklTlk43OJIlmjAGa5Bm.npy
rOpQAS2ZnjIkw7hJVXIt,can,can,62,val,1105.0,asllex,sole gloss,rOpQAS2ZnjIkw7hJVXIt.npy
ssWnrVWYp9bCFitVB4G2,can,can,62,val,908.0,asllex,sole gloss,ssWnrVWYp9bCFitVB4G2.npy
uRR3m7IVQphxnEvphIEn,can,can,42,train,2085.0,asllex,sole gloss,uRR3m7IVQphxnEvphIEn.npy
urjtUYh5X3dW0awf2eIL,can,can,84,train,1534.0,asllex,sole gloss,urjtUYh5X3dW0awf2eIL.npy
vOdKxgbfJVCpuxKcynW7,can,can,42,train,1702.0,freetext,sole gloss,vOdKxgbfJVCpuxKcynW7.npy
vidYvybKNUpaaxdAQq3h,can,can,61,test,1404.0,asllex,sole gloss,vidYvybKNUpaaxdAQq3h.npy
xvGk69PswYhnnkESgk0W,can,can,42,train,1489.0,asllex,sole gloss,xvGk69PswYhnnkESgk0W.npy
xztb5ijsUUvLkxvlYGxB,can,can,36,test,1957.0,asllex,sole gloss,xztb5ijsUUvLkxvlYGxB.npy
y1l50yqvwycBdTQK9gwI,can,can,39,train,2566.0,asllex,sole gloss,y1l50yqvwycBdTQK9gwI.npy
zqGtfNKvDxktW26oYKBm,can,can,61,test,1698.0,asllex,sole gloss,zqGtfNKvDxktW26oYKBm.npy
9dl6P3NrzvEdlwFfXSDr,chest,chest,88,train,2196.0,freetext,sole gloss,9dl6P3NrzvEdlwFfXSDr.npy
GXHhFhNR6kX5LHfToHms,chest,chest,88,train,2416.0,freetext,sole gloss,GXHhFhNR6kX5LHfToHms.npy
N32tvYJmWxyTzuBxLO3B,chest,chest,31,val,1660.0,freetext,sole gloss,N32tvYJmWxyTzuBxLO3B.npy
NrpRpXdkYALhXTNDPU1w,chest,chest,80,train,2104.0,freetext,sole gloss,NrpRpXdkYALhXTNDPU1w.npy
D1AZZ1ZFX1AJkc5dVLs2,child,child,61,test,2570.0,freetext,sole gloss,D1AZZ1ZFX1AJkc5dVLs2.npy
HyYNFCvoBHLBhN7H28h0,child,child,52,train,3979.0,freetext,sole gloss,HyYNFCvoBHLBhN7H28h0.npy
HyyqEtl7btIaZmo861ah,child,child,54,train,1865.0,freetext,sole gloss,HyyqEtl7btIaZmo861ah.npy
KVtueOiLurM0DfFoiuCE,child,child,46,train,2345.0,freetext,sole gloss,KVtueOiLurM0DfFoiuCE.npy
LMS2PkbF0h6WUO8XrIUA,child,child,7,val,2251.0,freetext,sole gloss,LMS2PkbF0h6WUO8XrIUA.npy
S3uoCKQ6YsinacMYUF46,child,child,61,test,1588.0,freetext,sole gloss,S3uoCKQ6YsinacMYUF46.npy
g9DvOhlhNTXrjgry0KfT,child,child,35,val,1234.0,freetext,sole gloss,g9DvOhlhNTXrjgry0KfT.npy
q2Ba4b6KAVJAOWB4IXhK,child,child,43,train,3806.0,freetext,sole gloss,q2Ba4b6KAVJAOWB4IXhK.npy
sDTggxDsazr5teDR7PRF,child,child,33,test,2235.0,freetext,sole gloss,sDTggxDsazr5teDR7PRF.npy
0u90cNLTwLBBMeyYmrh7,choke,choke,7,train,2683.0,asllex,sole gloss,0u90cNLTwLBBMeyYmrh7.npy
1zFuoBDvuFpmZ00dy6Mk,choke,choke,38,train,2595.0,asllex,sole gloss,1zFuoBDvuFpmZ00dy6Mk.npy
6JrQi3Aw3Hd7Da47YUzF,choke,choke,62,train,982.0,asllex,sole gloss,6JrQi3Aw3Hd7Da47YUzF.npy
7i9DlAHOoKJMHrUIDqBi,choke,choke,39,train,2462.0,asllex,sole gloss,7i9DlAHOoKJMHrUIDqBi.npy
CmoJmZaSZoQYUrHEc8Ne,choke,choke,63,val,1319.0,asllex,sole gloss,CmoJmZaSZoQYUrHEc8Ne.npy
HoxV6q3wmTiXZKH8OGh6,choke,choke,17,train,1524.0,asllex,sole gloss,HoxV6q3wmTiXZKH8OGh6.npy
KAbMFd13dTfNH6dPN7OJ,choke,choke,54,val,1751.0,asllex,sole gloss,KAbMFd13dTfNH6dPN7OJ.npy
OBgwgLxnSQOLPJqpRods,choke,choke,43,train,3386.0,freetext,sole gloss,OBgwgLxnSQOLPJqpRods.npy
UitxIrrjovji0BoXnknu,choke,choke,42,train,1336.0,asllex,sole gloss,UitxIrrjovji0BoXnknu.npy
Vlqt27PAIlyVXJVnZZiv,choke,choke,80,train,1770.0,asllex,sole gloss,Vlqt27PAIlyVXJVnZZiv.npy
VzEMhPBujpRKu9SkevTg,choke,choke,49,val,1334.0,asllex,sole gloss,VzEMhPBujpRKu9SkevTg.npy
cKRATAlamdvRClMMittU,choke,choke,78,train,2165.0,asllex,sole gloss,cKRATAlamdvRClMMittU.npy
dY0O0SRh424QWv2kREHm,choke,choke,61,test,1292.0,asllex,sole gloss,dY0O0SRh424QWv2kREHm.npy
hd0AFQqZtRsK0MbteXJI,choke,choke,31,val,1552.0,asllex,sole gloss,hd0AFQqZtRsK0MbteXJI.npy
hdzaH5QDLV8AC2bjT73M,choke,choke,38,train,2553.0,asllex,sole gloss,hdzaH5QDLV8AC2bjT73M.npy
ihw4M0tkeoC2k72tlqqv,choke,choke,52,train,3909.0,asllex,sole gloss,ihw4M0tkeoC2k72tlqqv.npy
nVbretBMREoBQvR2mOWH,choke,choke,84,train,1514.0,asllex,sole gloss,nVbretBMREoBQvR2mOWH.npy
nWqONi0SOtGzZlglHm5b,choke,choke,42,train,1406.0,asllex,sole gloss,nWqONi0SOtGzZlglHm5b.npy
o96eLpnBfHAtmBEa67qc,choke,choke,43,val,3187.0,asllex,sole gloss,o96eLpnBfHAtmBEa67qc.npy
rxf3cyEuTY0PaolmHfiT,choke,choke,17,train,1432.0,asllex,sole gloss,rxf3cyEuTY0PaolmHfiT.npy
zq3KLO2eZ0noBPBBQvin,choke,choke,63,train,1383.0,asllex,sole gloss,zq3KLO2eZ0noBPBBQvin.npy
2MPl6fCsM0ashjrPZLyk,close,close,43,train,3426.0,freetext,sole gloss,2MPl6fCsM0ashjrPZLyk.npy
2T999aBpBlP12tTHWk0s,close,close,84,train,1493.0,freetext,sole gloss,2T999aBpBlP12tTHWk0s.npy
3KptbOIUNBA9dqUbVcGC,close,close,39,train,2686.0,freetext,sole gloss,3KptbOIUNBA9dqUbVcGC.npy
4D2HqjwQmHbb7NCGfvO1,close,close,57,test,2149.0,freetext,sole gloss,4D2HqjwQmHbb7NCGfvO1.npy
5dDf9GghIeWUDm4gogFw,close,close,57,test,2623.0,freetext,sole gloss,5dDf9GghIeWUDm4gogFw.npy
AqH1rZH0Avz9yN2GPBKe,close,close,30,val,1855.0,freetext,sole gloss,AqH1rZH0Avz9yN2GPBKe.npy
BRbN3lLmLRwMgkragckP,close,close,62,train,1192.0,freetext,sole gloss,BRbN3lLmLRwMgkragckP.npy
CTgkH4QZZ4M2BCPajOIU,close,close,17,val,1550.0,freetext,sole gloss,CTgkH4QZZ4M2BCPajOIU.npy
F8GeCuhwBt1Rxc7prd2T,close,close,80,train,2945.0,freetext,sole gloss,F8GeCuhwBt1Rxc7prd2T.npy
HgG9RhghNZi5vpOW2mkc,close,close,39,train,3737.0,freetext,sole gloss,HgG9RhghNZi5vpOW2mkc.npy
N6kWHLwPHAsPs1fKsDRx,close,close,53,test,2434.0,freetext,sole gloss,N6kWHLwPHAsPs1fKsDRx.npy
RBbg23kIBJO030taZwno,close,close,31,train,1410.0,freetext,sole gloss,RBbg23kIBJO030taZwno.npy
UUYqXUE3NTZ9S5yNw8Uf,close,close,60,val,940.0,freetext,sole gloss,UUYqXUE3NTZ9S5yNw8Uf.npy
WokCLLfHOj2xmPut1lLC,close,close,46,train,3727.0,freetext,sole gloss,WokCLLfHOj2xmPut1lLC.npy
Xku2Z48vOd1CoZRIiQyq,close,close,60,train,1448.0,freetext,sole gloss,Xku2Z48vOd1CoZRIiQyq.npy
f39nGD33kW4UmybO9vpO,close,close,38,val,3126.0,freetext,sole gloss,f39nGD33kW4UmybO9vpO.npy
f703hJp5TdoVcsvE83CS,close,close,49,train,1910.0,freetext,sole gloss,f703hJp5TdoVcsvE83CS.npy
g98XqcyPYkSsU65iXPgM,close,close,53,test,1773.0,freetext,sole gloss,g98XqcyPYkSsU65iXPgM.npy
q7Maj0uhCyoL0Efj4JyK,close,close,39,train,2913.0,freetext,sole gloss,q7Maj0uhCyoL0Efj4JyK.npy
sFniV4XZLyx3OqEParsY,close,close,39,train,2792.0,freetext,sole gloss,sFniV4XZLyx3OqEParsY.npy
sSM7hXUQqhIAygkGt1w5,close,close,52,val,1920.0,freetext,sole gloss,sSM7hXUQqhIAygkGt1w5.npy
xLKdaH3GXVi1eA9wanxN,close,close,38,train,2786.0,freetext,sole gloss,xLKdaH3GXVi1eA9wanxN.npy
0BfiFMOPrlRzUwVU7dkM,cold,cold,11,train,1715.0,asllex,sole gloss,0BfiFMOPrlRzUwVU7dkM.npy
0FvVbCWiF3cHjooW1wfy,cold,cold,57,test,1693.0,asllex,sole gloss,0FvVbCWiF3cHjooW1wfy.npy
0StoSO0uX2Fknagom7Ky,cold,cold,17,train,2111.0,asllex,sole gloss,0StoSO0uX2Fknagom7Ky.npy
0dHAAo5pyGAwpxZfG30g,cold,cold,57,test,1415.0,asllex,sole gloss,0dHAAo5pyGAwpxZfG30g.npy
10Jx9yltQ8Dl9Gq1c8Mn,cold,cold,35,train,1286.0,asllex,sole gloss,10Jx9yltQ8Dl9Gq1c8Mn.npy
13LaEDloeyQwG8FKaMgQ,cold,cold,42,val,1368.0,asllex,sole gloss,13LaEDloeyQwG8FKaMgQ.npy
1X9fxb62B6BIG4jRJZEi,cold,cold,59,train,1895.0,asllex,sole gloss,1X9fxb62B6BIG4jRJZEi.npy
1jCnz7twst645HRgkNPM,cold,cold,17,val,1868.0,asllex,sole gloss,1jCnz7twst645HRgkNPM.npy
1wGfD2TT8CFZAoPOSWTz,cold,cold,54,train,1825.0,asllex,sole gloss,1wGfD2TT8CFZAoPOSWTz.npy
2WXozFuivVPeGWgWepRl,cold,cold,63,train,1215.0,asllex,sole gloss,2WXozFuivVPeGWgWepRl.npy
2rUJhxtMi3iSAapa37yT,cold,cold,38,train,3510.0,asllex,sole gloss,2rUJhxtMi3iSAapa37yT.npy
33E3HQR8K2omsCaAmvhC,cold,cold,46,val,2777.0,asllex,sole gloss,33E3HQR8K2omsCaAmvhC.npy
43P5RiJWh3SdYKVrNQuy,cold,cold,59,train,3499.0,asllex,sole gloss,43P5RiJWh3SdYKVrNQuy.npy
4MeHCcmrNBhJL6eqWLcR,cold,cold,49,train,868.0,asllex,sole gloss,4MeHCcmrNBhJL6eqWLcR.npy
4bZuTvtde10ifbvli2OQ,cold,cold,48,test,1386.0,asllex,sole gloss,4bZuTvtde10ifbvli2OQ.npy
51GrhDYXbTHiursFpVvy,cold,cold,17,train,2259.0,asllex,sole gloss,51GrhDYXbTHiursFpVvy.npy
5CckMg6z5pvS0zDpogZT,cold,cold,35,val,1474.0,asllex,sole gloss,5CckMg6z5pvS0zDpogZT.npy
5UPYNnS8P8WeCwFlpIZO,cold,cold,7,train,2061.0,asllex,sole gloss,5UPYNnS8P8WeCwFlpIZO.npy
5usebiyK2pMg7wGFAlFr,cold,cold,39,train,3267.0,asllex,sole gloss,5usebiyK2pMg7wGFAlFr.npy
5xv9fyCkzlVIDxtQqiIU,cold,cold,38,val,3127.0,asllex,sole gloss,5xv9fyCkzlVIDxtQqiIU.npy
69eQa4EBwCb8rfag5v3L,cold,cold,35,train,1226.0,asllex,sole gloss,69eQa4EBwCb8rfag5v3L.npy
6acafgAP2RvYLYaMxUzJ,cold,cold,49,train,1136.0,asllex,sole gloss,6acafgAP2RvYLYaMxUzJ.npy
6foNqiqlp2RxvUsf6NWB,cold,cold,57,test,2833.0,asllex,sole gloss,6foNqiqlp2RxvUsf6NWB.npy
7Axd2Y67zLwXk3d1xrLe,cold,cold,39,train,3115.0,asllex,sole gloss,7Axd2Y67zLwXk3d1xrLe.npy
7UjR2rEi31QJuUPasR4u,cold,cold,39,train,2970.0,asllex,sole gloss,7UjR2rEi31QJuUPasR4u.npy
7hDWBsdl7MNPU0NXy4Dw,cold,cold,84,val,2750.0,asllex,sole gloss,7hDWBsdl7MNPU0NXy4Dw.npy
7nFegolBFXgOAmzEDZkL,cold,cold,84,train,1426.0,asllex,sole gloss,7nFegolBFXgOAmzEDZkL.npy
7nooRyLRI77puN6bm8Ir,cold,cold,8,train,1426.0,asllex,sole gloss,7nooRyLRI77puN6bm8Ir.npy
80yPsqH6eToT6z7VmxCh,cold,cold,60,train,1229.0,asllex,sole gloss,80yPsqH6eToT6z7VmxCh.npy
8CpxnZeVXmYEPjrxTMCV,cold,cold,8,train,1601.0,asllex,sole gloss,8CpxnZeVXmYEPjrxTMCV.npy
93fvwqzE2D83FRmdefzV,cold,cold,49,val,1634.0,asllex,sole gloss,93fvwqzE2D83FRmdefzV.npy
9Y5F72EeCnsp8Gt2hzDU,cold,cold,46,val,2562.0,asllex,sole gloss,9Y5F72EeCnsp8Gt2hzDU.npy
9gFGXzeH1suq31PwnjWG,cold,cold,46,train,2590.0,asllex,sole gloss,9gFGXzeH1suq31PwnjWG.npy
9pHsLnV0GcOtNd5AFIe8,cold,cold,57,test,1737.0,asllex,sole gloss,9pHsLnV0GcOtNd5AFIe8.npy
AEMTia6vzJbAsVNVNI1L,cold,cold,80,val,1815.0,asllex,sole gloss,AEMTia6vzJbAsVNVNI1L.npy
AN1jrFxRWNx1jZ6H315w,cold,cold,17,train,1874.0,asllex,sole gloss,AN1jrFxRWNx1jZ6H315w.npy
AclxwtHHFuktpPPooi3E,cold,cold,31,train,1778.0,asllex,sole gloss,AclxwtHHFuktpPPooi3E.npy
AoRkGlPgWKVVCkmuUQVl,cold,cold,35,val,1508.0,asllex,sole gloss,AoRkGlPgWKVVCkmuUQVl.npy
BTndoDhGijnaHqVsR9hY,cold,cold,38,train,3571.0,asllex,sole gloss,BTndoDhGijnaHqVsR9hY.npy
BtBVusCZXebmEFA9Q8LS,cold,cold,88,train,2602.0,asllex,sole gloss,BtBVusCZXebmEFA9Q8LS.npy
CHU4KP9i7Gct4V7cjrSW,cold,cold,17,train,1432.0,asllex,sole gloss,CHU4KP9i7Gct4V7cjrSW.npy
CmnpJ3AOSWftGh3m24si,cold,cold,76,val,4067.0,asllex,sole gloss,CmnpJ3AOSWftGh3m24si.npy
DE0CilcJ43bhBS1EOpBa,cold,cold,42,val,2082.0,asllex,sole gloss,DE0CilcJ43bhBS1EOpBa.npy
DFIVC2kjuXYpwWaiJZGP,cold,cold,7,train,2431.0,asllex,sole gloss,DFIVC2kjuXYpwWaiJZGP.npy
DRFqCZKm3Ai1JaiRinrn,cold,cold,49,train,1211.0,asllex,sole gloss,DRFqCZKm3Ai1JaiRinrn.npy
DjdcoLsk1u0ZUibSc6J8,cold,cold,88,val,2812.0,asllex,sole gloss,DjdcoLsk1u0ZUibSc6J8.npy
EKb9oigiBxktJyCJiboI,cold,cold,17,train,1703.0,asllex,sole gloss,EKb9oigiBxktJyCJiboI.npy
Er5QVC9hv6v1R0h0XQBc,cold,cold,88,train,4398.0,asllex,sole gloss,Er5QVC9hv6v1R0h0XQBc.npy
F1EexMwX5qNIZACHk3vg,cold,cold,53,test,2218.0,asllex,sole gloss,F1EexMwX5qNIZACHk3vg.npy
FCJXAbMe0WgaoIUN0oFO,cold,cold,61,test,1644.0,asllex,sole gloss,FCJXAbMe0WgaoIUN0oFO.npy
FcBnoK7dMruBkI8anxaJ,cold,cold,31,val,2350.0,asllex,sole gloss,FcBnoK7dMruBkI8anxaJ.npy
FyzmP9bFX4GngsEj6T08,cold,cold,17,train,1840.0,asllex,sole gloss,FyzmP9bFX4GngsEj6T08.npy
GEwKAtY6cFUAMZi9tkIO,cold,cold,88,train,3847.0,asllex,sole gloss,GEwKAtY6cFUAMZi9tkIO.npy
GJDKu0djh00ZHevgLhat,cold,cold,24,train,3820.0,asllex,sole gloss,GJDKu0djh00ZHevgLhat.npy
GTNl21IODQZqvOxEnCH4,cold,cold,39,train,2996.0,asllex,sole gloss,GTNl21IODQZqvOxEnCH4.npy
GTgLezDuWK72ZxAdQTu8,cold,cold,17,train,1405.0,asllex,sole gloss,GTgLezDuWK72ZxAdQTu8.npy
GaSwugxE2PBT0AzibfW5,cold,cold,8,train,1474.0,asllex,sole gloss,GaSwugxE2PBT0AzibfW5.npy
GcfIcO4i17WwbYXlZaAe,cold,cold,17,train,1131.0,asllex,sole gloss,GcfIcO4i17WwbYXlZaAe.npy
GjL7h8TmNaIY9dPj5USZ,cold,cold,11,train,2304.0,asllex,sole gloss,GjL7h8TmNaIY9dPj5USZ.npy
H8yR1GmLAeaai9ttNveQ,cold,cold,39,train,5695.0,asllex,sole gloss,H8yR1GmLAeaai9ttNveQ.npy
HRt52ZVcBM1UWBevXrr1,cold,cold,12,train,2354.0,asllex,sole gloss,HRt52ZVcBM1UWBevXrr1.npy
HXX3RpbyjQvAoOBIH0vq,cold,cold,61,test,1872.0,asllex,sole gloss,HXX3RpbyjQvAoOBIH0vq.npy
HzI5iew9hTDLArBfj0Qj,cold,cold,8,train,1289.0,asllex,sole gloss,HzI5iew9hTDLArBfj0Qj.npy
I9Si0cDJcB1d6FxTQhcC,cold,cold,57,test,2744.0,asllex,sole gloss,I9Si0cDJcB1d6FxTQhcC.npy
IN3x4J00A1T2qWdi3KXB,cold,cold,48,test,1319.0,freetext,sole gloss,IN3x4J00A1T2qWdi3KXB.npy
Ie3g9D6ZzcQC0cpXdr55,cold,cold,60,train,1201.0,asllex,sole gloss,Ie3g9D6ZzcQC0cpXdr55.npy
IeWDsB7V0efYDVI7SjOh,cold,cold,61,test,1376.0,asllex,sole gloss,IeWDsB7V0efYDVI7SjOh.npy
InJHaTRCEG89M08GSErB,cold,cold,8,train,1497.0,asllex,sole gloss,InJHaTRCEG89M08GSErB.npy
JWvr5YTUxxDrGAp5B0RG,cold,cold,7,train,1993.0,asllex,sole gloss,JWvr5YTUxxDrGAp5B0RG.npy
JcrbV1XbBqfIfRVrlwEB,cold,cold,7,train,2185.0,asllex,sole gloss,JcrbV1XbBqfIfRVrlwEB.npy
Jm6nyJscRcdG0mpCSoE4,cold,cold,8,train,1305.0,asllex,sole gloss,Jm6nyJscRcdG0mpCSoE4.npy
K9a19WzMkQ03ynDIdTB1,cold,cold,84,train,1962.0,asllex,sole gloss,K9a19WzMkQ03ynDIdTB1.npy
KHGcrkA3QzUOa0F5wCOe,cold,cold,35,train,1317.0,asllex,sole gloss,KHGcrkA3QzUOa0F5wCOe.npy
KSZqnDbivdZXQQzuX1Gv,cold,cold,35,val,1524.0,asllex,sole gloss,KSZqnDbivdZXQQzuX1Gv.npy
KVpu8FCtTus5aeCufrOM,cold,cold,57,test,1758.0,asllex,sole gloss,KVpu8FCtTus5aeCufrOM.npy
KvQWqSUCF7a5QtkrcAG1,cold,cold,54,train,2751.0,asllex,sole gloss,KvQWqSUCF7a5QtkrcAG1.npy
KyduT5O01w1Y1HZ5lrjp,cold,cold,15,train,1390.0,asllex,sole gloss,KyduT5O01w1Y1HZ5lrjp.npy
LC4T30qPcI4GaFLh7i6g,cold,cold,30,train,1502.0,asllex,sole gloss,LC4T30qPcI4GaFLh7i6g.npy
LJxWRiycUcW3m0YIHyEN,cold,cold,57,test,3158.0,freetext,sole gloss,LJxWRiycUcW3m0YIHyEN.npy
LLRZKc2eJnTlBnm8tRhC,cold,cold,48,test,2072.0,asllex,sole gloss,LLRZKc2eJnTlBnm8tRhC.npy
LO1JnUbOTPzhqUbxgcRx,cold,cold,64,test,1570.0,asllex,sole gloss,LO1JnUbOTPzhqUbxgcRx.npy
LYjpNXtsyqulPxnAQJ8U,cold,cold,49,train,1798.0,asllex,sole gloss,LYjpNXtsyqulPxnAQJ8U.npy
LdNl81RY3VH8STCPBqsT,cold,cold,84,train,1563.0,asllex,sole gloss,LdNl81RY3VH8STCPBqsT.npy
LhnEct6l3RnEU0F0N4bt,cold,cold,50,test,2125.0,asllex,sole gloss,LhnEct6l3RnEU0F0N4bt.npy
MztJwKZjLdGvLTSKt8Ur,cold,cold,85,train,3466.0,asllex,sole gloss,MztJwKZjLdGvLTSKt8Ur.npy
N0wgv6j2g8aHlSsM5Q1j,cold,cold,30,train,1385.0,asllex,sole gloss,N0wgv6j2g8aHlSsM5Q1j.npy
NOwoXIHPaJ5rKEZ9pUeC,cold,cold,8,train,1237.0,asllex,sole gloss,NOwoXIHPaJ5rKEZ9pUeC.npy
NT5LuiMRZasAnMGwNrcC,cold,cold,12,train,2308.0,asllex,sole gloss,NT5LuiMRZasAnMGwNrcC.npy
OedDGqXGcICYjeUEujbj,cold,cold,39,train,2428.0,asllex,sole gloss,OedDGqXGcICYjeUEujbj.npy
OnEQnxze3BvY8dvV5iCw,cold,cold,7,val,2355.0,asllex,sole gloss,OnEQnxze3BvY8dvV5iCw.npy
P99xwLOJWbq0sn7AdAVy,cold,cold,17,train,895.0,asllex,sole gloss,P99xwLOJWbq0sn7AdAVy.npy
PUb43yXzAe6pBiuancq3,cold,cold,63,val,1719.0,asllex,sole gloss,PUb43yXzAe6pBiuancq3.npy
QWkwmV97700Xs2A0GIdV,cold,cold,88,val,3115.0,asllex,sole gloss,QWkwmV97700Xs2A0GIdV.npy
Qgj4FLLa3D8TsP91HJW8,cold,cold,35,train,1678.0,asllex,sole gloss,Qgj4FLLa3D8TsP91HJW8.npy
R0qeCe7bILXCvzynP9kj,cold,cold,76,val,3438.0,asllex,sole gloss,R0qeCe7bILXCvzynP9kj.npy
RNgzos8EvP4OvXMuuHTh,cold,cold,49,val,1140.0,asllex,sole gloss,RNgzos8EvP4OvXMuuHTh.npy
RQNwZuWi82C4pc3D2G7A,cold,cold,39,val,2257.0,asllex,sole gloss,RQNwZuWi82C4pc3D2G7A.npy
RTcHfVakxSktzDpHlhFO,cold,cold,88,train,2510.0,asllex,sole gloss,RTcHfVakxSktzDpHlhFO.npy
RkKhE519XHYLRdJ7BRqW,cold,cold,15,val,1321.0,asllex,sole gloss,RkKhE519XHYLRdJ7BRqW.npy
RlpQuOKXCm5MLxIzclGN,cold,cold,7,val,2226.0,asllex,sole gloss,RlpQuOKXCm5MLxIzclGN.npy
S8UsEKGCJbkzjmFV3ZwR,cold,cold,57,test,2936.0,asllex,sole gloss,S8UsEKGCJbkzjmFV3ZwR.npy
SPRcr2InUANwjNH9wBqT,cold,cold,62,train,1121.0,asllex,sole gloss,SPRcr2InUANwjNH9wBqT.npy
SVhFyfch8fidJzqXi1JB,cold,cold,46,train,2248.0,asllex,sole gloss,SVhFyfch8fidJzqXi1JB.npy
SdNJ6DlxoL0XbelsKzkJ,cold,cold,62,val,995.0,asllex,sole gloss,SdNJ6DlxoL0XbelsKzkJ.npy
SxqJpNsc1hm4yHBfc8E5,cold,cold,49,train,1304.0,asllex,sole gloss,SxqJpNsc1hm4yHBfc8E5.npy
TZqlcJaW69fD0QATZHDA,cold,cold,48,test,2212.0,asllex,sole gloss,TZqlcJaW69fD0QATZHDA.npy
Tkskv45RWfMXgz8PxN5l,cold,cold,84,val,2850.0,asllex,sole gloss,Tkskv45RWfMXgz8PxN5l.npy
TmlI6LHjWYg4afynnFi0,cold,cold,52,train,3895.0,asllex,sole gloss,TmlI6LHjWYg4afynnFi0.npy
UA8vscBSw0gBSzccSwQ5,cold,cold,84,train,1984.0,asllex,sole gloss,UA8vscBSw0gBSzccSwQ5.npy
UHOg0QMbTKuNSA8j8ij2,cold,cold,46,train,3991.0,asllex,sole gloss,UHOg0QMbTKuNSA8j8ij2.npy
UNxmKfsAqgSHphllrGaH,cold,cold,49,train,1218.0,asllex,sole gloss,UNxmKfsAqgSHphllrGaH.npy
UPTYFhVD6w1Qj6nHcfUq,cold,cold,61,test,1314.0,asllex,sole gloss,UPTYFhVD6w1Qj6nHcfUq.npy
UWkQ0Ga0Zqt29DzSKFPW,cold,cold,39,val,2156.0,asllex,sole gloss,UWkQ0Ga0Zqt29DzSKFPW.npy
Udq8USUsr4gKvpr2Xtgt,cold,cold,63,val,2070.0,asllex,sole gloss,Udq8USUsr4gKvpr2Xtgt.npy
VSoE0oPcXMA5sQcwSvGt,cold,cold,48,test,1242.0,asllex,sole gloss,VSoE0oPcXMA5sQcwSvGt.npy
VTJAVp92r7d8jStlPHxN,cold,cold,17,train,2006.0,asllex,sole gloss,VTJAVp92r7d8jStlPHxN.npy
Vh2J6HCuv9ftupdLZjoa,cold,cold,54,train,4713.0,asllex,sole gloss,Vh2J6HCuv9ftupdLZjoa.npy
WA0n55O8mVueu9mqBoIS,cold,cold,23,train,1629.0,asllex,sole gloss,WA0n55O8mVueu9mqBoIS.npy
WR2F0FKIweyvzkJOPGPg,cold,cold,54,train,1690.0,asllex,sole gloss,WR2F0FKIweyvzkJOPGPg.npy
WqXrsfAOrG5TCWkL563U,cold,cold,39,train,3819.0,asllex,sole gloss,WqXrsfAOrG5TCWkL563U.npy
Wyo3TcQte1CCk7Ofv5gN,cold,cold,62,train,856.0,asllex,sole gloss,Wyo3TcQte1CCk7Ofv5gN.npy
X82lOJbeQMmiuHtOm6Z1,cold,cold,61,test,1804.0,asllex,sole gloss,X82lOJbeQMmiuHtOm6Z1.npy
XHJhgEFbpDb0LNF1dfip,cold,cold,7,train,2409.0,asllex,sole gloss,XHJhgEFbpDb0LNF1dfip.npy
XsPWKJeSa1hFzFUOvFSK,cold,cold,35,train,1430.0,asllex,sole gloss,XsPWKJeSa1hFzFUOvFSK.npy
Y6wTBK0RUEq1LuLgCHcT,cold,cold,7,train,2585.0,asllex,sole gloss,Y6wTBK0RUEq1LuLgCHcT.npy
YqrTHoBfqvPGexP4r4dD,cold,cold,80,val,1919.0,asllex,sole gloss,YqrTHoBfqvPGexP4r4dD.npy
Z2d6Pw725Q7RZu7UU3b2,cold,cold,50,test,2281.0,asllex,sole gloss,Z2d6Pw725Q7RZu7UU3b2.npy
ZMNkdn7Khw4W0rzZF5ru,cold,cold,17,train,2288.0,asllex,sole gloss,ZMNkdn7Khw4W0rzZF5ru.npy
ZXq42QvaAtUlTUSCWkL6,cold,cold,62,train,1306.0,asllex,sole gloss,ZXq42QvaAtUlTUSCWkL6.npy
ZfGhWxM6FLudcH1xICd2,cold,cold,53,test,2562.0,asllex,sole gloss,ZfGhWxM6FLudcH1xICd2.npy
ZgsXVAnbNuDJNNzKT2bj,cold,cold,17,train,1733.0,asllex,sole gloss,ZgsXVAnbNuDJNNzKT2bj.npy
a8YlmmI9rOSOh2AaX5c3,cold,cold,50,test,2582.0,asllex,sole gloss,a8YlmmI9rOSOh2AaX5c3.npy
aZCkiNl8WY90mOSerI8j,cold,cold,46,train,2919.0,asllex,sole gloss,aZCkiNl8WY90mOSerI8j.npy
aZkxEbALpczhuRxwvueT,cold,cold,39,val,1985.0,asllex,sole gloss,aZkxEbALpczhuRxwvueT.npy
amoCPHx3ijslVJT2mgRL,cold,cold,62,train,2255.0,asllex,sole gloss,amoCPHx3ijslVJT2mgRL.npy
axYLKp74G5ThRFp1BthH,cold,cold,84,train,1916.0,asllex,sole gloss,axYLKp74G5ThRFp1BthH.npy
bA3hcmftEVIXVrUlJpik,cold,cold,8,val,1335.0,asllex,sole gloss,bA3hcmftEVIXVrUlJpik.npy
biucbj6Ow6xg4MhcTuyY,cold,cold,64,test,2159.0,asllex,sole gloss,biucbj6Ow6xg4MhcTuyY.npy
bjPLwHsVu4oozsGdka7E,cold,cold,11,train,3161.0,asllex,sole gloss,bjPLwHsVu4oozsGdka7E.npy
cSQzWWEkpdBisXWY5OCZ,cold,cold,80,val,1559.0,asllex,sole gloss,cSQzWWEkpdBisXWY5OCZ.npy
cuWnX0tModmSXJ0rPwpa,cold,cold,38,train,2891.0,asllex,sole gloss,cuWnX0tModmSXJ0rPwpa.npy
dARd0Q9jAqXVklRLUva1,cold,cold,12,train,1742.0,asllex,sole gloss,dARd0Q9jAqXVklRLUva1.npy
dbto4kyg2ODfmDsU5pos,cold,cold,46,val,1980.0,asllex,sole gloss,dbto4kyg2ODfmDsU5pos.npy
du4dqCP7eJHLWaKk0MZ3,cold,cold,23,train,1888.0,asllex,sole gloss,du4dqCP7eJHLWaKk0MZ3.npy
e6jw1IdeBEMibYQb1wJX,cold,cold,48,test,1114.0,asllex,sole gloss,e6jw1IdeBEMibYQb1wJX.npy
e9lzAvWwmq0soaKTk8NS,cold,cold,39,train,2900.0,asllex,sole gloss,e9lzAvWwmq0soaKTk8NS.npy
fUJ5XGd0ksNQV9c9qv12,cold,cold,78,train,1861.0,asllex,sole gloss,fUJ5XGd0ksNQV9c9qv12.npy
fZiYIo9waU4Yev9xWfDf,cold,cold,84,train,2471.0,asllex,sole gloss,fZiYIo9waU4Yev9xWfDf.npy
ftIDpzYfIxYpwExqXNZD,cold,cold,7,train,2866.0,asllex,sole gloss,ftIDpzYfIxYpwExqXNZD.npy
gFCdqgbnXXB84qxZzkO1,cold,cold,49,train,1134.0,asllex,sole gloss,gFCdqgbnXXB84qxZzkO1.npy
gk0CxNooVKFxsSkw80M4,cold,cold,12,train,2753.0,asllex,sole gloss,gk0CxNooVKFxsSkw80M4.npy
gsFqricHGvWnfO9JZ46F,cold,cold,61,test,1559.0,asllex,sole gloss,gsFqricHGvWnfO9JZ46F.npy
guq00xLVak0UHRLTSjyb,cold,cold,46,val,2757.0,asllex,sole gloss,guq00xLVak0UHRLTSjyb.npy
h1pDruT1SMdiwgMSRUN6,cold,cold,17,val,1153.0,asllex,sole gloss,h1pDruT1SMdiwgMSRUN6.npy
ht2OlbC2LSkwrQBCRHhe,cold,cold,17,train,2742.0,asllex,sole gloss,ht2OlbC2LSkwrQBCRHhe.npy
iEq5XRVHTQmyq0AyCYvN,cold,cold,78,val,2001.0,asllex,sole gloss,iEq5XRVHTQmyq0AyCYvN.npy
iIsdieJxh8A3rKBl5xNa,cold,cold,35,train,1132.0,asllex,sole gloss,iIsdieJxh8A3rKBl5xNa.npy
iScMaSaB4TFI1xtq4jIu,cold,cold,8,train,1836.0,asllex,sole gloss,iScMaSaB4TFI1xtq4jIu.npy
j8ndLrJ6imvawY9M1JrV,cold,cold,62,train,1047.0,asllex,sole gloss,j8ndLrJ6imvawY9M1JrV.npy
jHEfbsWG4s1s0ifA2eXo,cold,cold,57,test,1388.0,asllex,sole gloss,jHEfbsWG4s1s0ifA2eXo.npy
jeYApPeYm1Q8eWVXeYfC,cold,cold,30,train,1503.0,asllex,sole gloss,jeYApPeYm1Q8eWVXeYfC.npy
jwkZXZ1Q9C5bmHOAFAhC,cold,cold,59,val,1856.0,asllex,sole gloss,jwkZXZ1Q9C5bmHOAFAhC.npy
kUeyut6s7noEIDAPdWQv,cold,cold,84,train,1968.0,asllex,sole gloss,kUeyut6s7noEIDAPdWQv.npy
lvJWAiKubKem6eu5LVtD,cold,cold,53,test,2386.0,asllex,sole gloss,lvJWAiKubKem6eu5LVtD.npy
mLdviupYhKAjT8gkwfd4,cold,cold,84,train,1666.0,asllex,sole gloss,mLdviupYhKAjT8gkwfd4.npy
mw2sRgntAJg2u8N3GrJ2,cold,cold,52,train,2866.0,asllex,sole gloss,mw2sRgntAJg2u8N3GrJ2.npy
myVn5jl7pjikGhXKu0d6,cold,cold,38,val,2610.0,asllex,sole gloss,myVn5jl7pjikGhXKu0d6.npy
nbJLqSkzDtlApUrMpmmH,cold,cold,84,train,2527.0,asllex,sole gloss,nbJLqSkzDtlApUrMpmmH.npy
ng2ulxuztb2xsdxaFkHR,cold,cold,48,test,1135.0,freetext,sole gloss,ng2ulxuztb2xsdxaFkHR.npy
nhNT7NrMZQj2rLiFMo6f,cold,cold,48,test,1402.0,asllex,sole gloss,nhNT7NrMZQj2rLiFMo6f.npy
nwI0Oeyg7012DGBNWsbz,cold,cold,48,test,1316.0,freetext,sole gloss,nwI0Oeyg7012DGBNWsbz.npy
pUg8CHn2JfTcpyWXlzCQ,cold,cold,49,train,1534.0,asllex,sole gloss,pUg8CHn2JfTcpyWXlzCQ.npy
pb6UNv7Td0c2qc4mrQEl,cold,cold,39,val,2598.0,freetext,sole gloss,pb6UNv7Td0c2qc4mrQEl.npy
qHjSNcxFqh6hnQBtU7dB,cold,cold,57,test,1348.0,asllex,sole gloss,qHjSNcxFqh6hnQBtU7dB.npy
qfc29Q6buZwzO116HbA0,cold,cold,17,train,1979.0,asllex,sole gloss,qfc29Q6buZwzO116HbA0.npy
rBtrc3FSy95qdmiVmYw0,cold,cold,12,train,1792.0,asllex,sole gloss,rBtrc3FSy95qdmiVmYw0.npy
raByiOkyomKW598W3TFz,cold,cold,46,train,1947.0,asllex,sole gloss,raByiOkyomKW598W3TFz.npy
rdDdw6kGzHpSnqCmyLNg,cold,cold,54,train,2184.0,freetext,sole gloss,rdDdw6kGzHpSnqCmyLNg.npy
rmmn4hGkDDatl0oBkPtB,cold,cold,31,train,1553.0,asllex,sole gloss,rmmn4hGkDDatl0oBkPtB.npy
s26Daj0XpKd1Tq1IBxs6,cold,cold,46,val,3217.0,asllex,sole gloss,s26Daj0XpKd1Tq1IBxs6.npy
siK365GN27FE2IMl55Cr,cold,cold,43,train,3059.0,asllex,sole gloss,siK365GN27FE2IMl55Cr.npy
sjJT4IRYZymjax3QbaGS,cold,cold,35,train,1565.0,asllex,sole gloss,sjJT4IRYZymjax3QbaGS.npy
svFPheFrutEpiYEkJM9C,cold,cold,46,train,4050.0,asllex,sole gloss,svFPheFrutEpiYEkJM9C.npy
sz9PWJyIWUhWpwIrRNgT,cold,cold,85,val,2916.0,asllex,sole gloss,sz9PWJyIWUhWpwIrRNgT.npy
t0yebD9EVPybDs4PGqu7,cold,cold,53,test,1999.0,asllex,sole gloss,t0yebD9EVPybDs4PGqu7.npy
tFSS7stT1ZGecHKS0clH,cold,cold,43,train,2920.0,asllex,sole gloss,tFSS7stT1ZGecHKS0clH.npy
tHtTzuftBm69ImQsaIOU,cold,cold,7,val,2326.0,asllex,sole gloss,tHtTzuftBm69ImQsaIOU.npy
tejEuuiRMSy2UShtfBdH,cold,cold,39,train,4254.0,asllex,sole gloss,tejEuuiRMSy2UShtfBdH.npy
tvrIHD9L4CgTzhJSZJbR,cold,cold,42,train,1248.0,asllex,sole gloss,tvrIHD9L4CgTzhJSZJbR.npy
u7nM2owVPECl291qsWgw,cold,cold,57,test,2791.0,asllex,sole gloss,u7nM2owVPECl291qsWgw.npy
uNH6JEL14DiXLjWCiukr,cold,cold,84,train,2725.0,asllex,sole gloss,uNH6JEL14DiXLjWCiukr.npy
ulIshh1KGIUF5vxiC3uS,cold,cold,84,val,1565.0,asllex,sole gloss,ulIshh1KGIUF5vxiC3uS.npy
uquZqekijxU19RO1lbmr,cold,cold,38,train,3601.0,asllex,sole gloss,uquZqekijxU19RO1lbmr.npy
usQigEdfluI7dXfPqJau,cold,cold,49,val,1351.0,asllex,sole gloss,usQigEdfluI7dXfPqJau.npy
v56rlBirfjskkClgcT2S,cold,cold,30,train,2020.0,asllex,sole gloss,v56rlBirfjskkClgcT2S.npy
vepFykoO3AxghyOjFLxy,cold,cold,8,train,1650.0,asllex,asllex beats ['freetext'],vepFykoO3AxghyOjFLxy.npy
vnnd2KWnvf1qdMy7mM27,cold,cold,84,train,2051.0,freetext,sole gloss,vnnd2KWnvf1qdMy7mM27.npy
vpipQxqrqnW5Tg3S9DY2,cold,cold,63,train,1951.0,asllex,sole gloss,vpipQxqrqnW5Tg3S9DY2.npy
w7MNOb1XQnv0eeTHakYW,cold,cold,35,train,1484.0,asllex,sole gloss,w7MNOb1XQnv0eeTHakYW.npy
wCNitctlJcJsAuLc5eoQ,cold,cold,61,test,2207.0,asllex,sole gloss,wCNitctlJcJsAuLc5eoQ.npy
wEEtmEryiDHflufbPucL,cold,cold,52,train,3005.0,asllex,sole gloss,wEEtmEryiDHflufbPucL.npy
wEqx0OT2R7im4ltNUW3v,cold,cold,8,train,1317.0,asllex,sole gloss,wEqx0OT2R7im4ltNUW3v.npy
wKmzAyiWW9le8ZFuCepU,cold,cold,48,test,1092.0,asllex,sole gloss,wKmzAyiWW9le8ZFuCepU.npy
wVkkAWmOwjmiT8v2zMCE,cold,cold,62,train,1118.0,asllex,sole gloss,wVkkAWmOwjmiT8v2zMCE.npy
weiZNDQGCgaju6bdXp0q,cold,cold,62,train,1319.0,asllex,sole gloss,weiZNDQGCgaju6bdXp0q.npy
woNBYu6nO1bnwLKZc0e1,cold,cold,85,train,2609.0,asllex,sole gloss,woNBYu6nO1bnwLKZc0e1.npy
wxZLfHJnvuFg2ppDlCse,cold,cold,30,val,1480.0,asllex,sole gloss,wxZLfHJnvuFg2ppDlCse.npy
x9Ocx6JzMZuW0UEIPQGY,cold,cold,49,train,868.0,asllex,sole gloss,x9Ocx6JzMZuW0UEIPQGY.npy
xXe1rwHXbZyVTs8EJPDl,cold,cold,23,train,1907.0,asllex,sole gloss,xXe1rwHXbZyVTs8EJPDl.npy
xaL2Al3wI0vb21uC8pqI,cold,cold,57,test,2347.0,asllex,sole gloss,xaL2Al3wI0vb21uC8pqI.npy
xyaI6F6B558exUXSL83b,cold,cold,31,train,1492.0,asllex,sole gloss,xyaI6F6B558exUXSL83b.npy
yLG6a8W8snyBPYbIVV8i,cold,cold,15,train,1039.0,asllex,sole gloss,yLG6a8W8snyBPYbIVV8i.npy
yPo1hybLTJZciI95oruD,cold,cold,62,train,1046.0,asllex,sole gloss,yPo1hybLTJZciI95oruD.npy
yTFRg3ufIT3sLcVYaj2K,cold,cold,57,test,3498.0,asllex,sole gloss,yTFRg3ufIT3sLcVYaj2K.npy
yauHGgcOFDeUvC4wbsFX,cold,cold,39,train,2410.0,asllex,sole gloss,yauHGgcOFDeUvC4wbsFX.npy
yekJ6lajdJjrrpDrT5mW,cold,cold,60,val,1071.0,asllex,sole gloss,yekJ6lajdJjrrpDrT5mW.npy
ytGn9lBTRXNxQWu12pyd,cold,cold,64,test,3413.0,asllex,sole gloss,ytGn9lBTRXNxQWu12pyd.npy
ytTxyjrl3ZLM8MeklQa8,cold,cold,84,train,1888.0,asllex,sole gloss,ytTxyjrl3ZLM8MeklQa8.npy
ytxI6JjIBzGpuqVmobWO,cold,cold,48,test,1326.0,asllex,sole gloss,ytxI6JjIBzGpuqVmobWO.npy
zMF6DEGB8xxu7iochtoE,cold,cold,62,train,1168.0,asllex,sole gloss,zMF6DEGB8xxu7iochtoE.npy
zsdWSo2K2RVluwWzjVBW,cold,cold,57,test,3569.0,freetext,sole gloss,zsdWSo2K2RVluwWzjVBW.npy
077nKc6guMJL4GZdA0dW,come,come,39,train,2794.0,freetext,sole gloss,077nKc6guMJL4GZdA0dW.npy
0m47KrzJpXjObEsBMXS6,come,come,31,train,1185.0,asllex,sole gloss,0m47KrzJpXjObEsBMXS6.npy
40NUoGm2C3kglAnw1Mcw,come,come,11,train,1394.0,asllex,sole gloss,40NUoGm2C3kglAnw1Mcw.npy
45e5ycMYtgNRZlGQFwKZ,come,come,39,train,2913.0,asllex,sole gloss,45e5ycMYtgNRZlGQFwKZ.npy
4NTbBgCErlL3ei12U7AX,come,come,39,train,2819.0,asllex,sole gloss,4NTbBgCErlL3ei12U7AX.npy
4b7cA0XS4zrnTpPrBgJa,come,come,57,test,2017.0,asllex,sole gloss,4b7cA0XS4zrnTpPrBgJa.npy
4hqmXSeH3KDr4pxPWuyb,come,come,42,train,2193.0,asllex,sole gloss,4hqmXSeH3KDr4pxPWuyb.npy
4jwN3WVy555ILKSqAmbb,come,come,39,train,2310.0,freetext,sole gloss,4jwN3WVy555ILKSqAmbb.npy
5dR2zUlYgzibqfo29u2a,come,come,49,train,1859.0,freetext,sole gloss,5dR2zUlYgzibqfo29u2a.npy
6Vjx5ZVPMcE1PLdxQfp2,come,come,49,train,1218.0,freetext,sole gloss,6Vjx5ZVPMcE1PLdxQfp2.npy
7ae22Zu0AGioKTNovGgq,come,come,84,val,1903.0,asllex,sole gloss,7ae22Zu0AGioKTNovGgq.npy
86F6aQk0RN3tbDcedvjc,come,come,39,train,2453.0,asllex,sole gloss,86F6aQk0RN3tbDcedvjc.npy
CWWCWLfw23q9tiv6pq6Y,come,come,61,test,2061.0,asllex,sole gloss,CWWCWLfw23q9tiv6pq6Y.npy
DGfGoi7GtNAe1i2FkC8u,come,come,85,train,2437.0,asllex,sole gloss,DGfGoi7GtNAe1i2FkC8u.npy
ILoelyeix2BpJp28xCsO,come,come,39,train,2851.0,asllex,sole gloss,ILoelyeix2BpJp28xCsO.npy
JeFENOl9EC21b6lQLE1S,come,come,39,train,3270.0,asllex,sole gloss,JeFENOl9EC21b6lQLE1S.npy
Me8JANuFEyFChW6QuUIk,come,come,39,train,4023.0,asllex,sole gloss,Me8JANuFEyFChW6QuUIk.npy
MlFZnzKuWOYIcV5b5F5R,come,come,88,val,1757.0,asllex,sole gloss,MlFZnzKuWOYIcV5b5F5R.npy
N4l0Qzw5p4P7xHN2fnKE,come,come,38,val,2653.0,asllex,sole gloss,N4l0Qzw5p4P7xHN2fnKE.npy
RFCFttmhfHNxd9BzBsPK,come,come,31,train,1297.0,asllex,sole gloss,RFCFttmhfHNxd9BzBsPK.npy
TzTjg1h3hs4T9fKNJ9Xr,come,come,15,val,1144.0,asllex,sole gloss,TzTjg1h3hs4T9fKNJ9Xr.npy
V5XMcoCE0a8XrK5nELEr,come,come,80,train,2683.0,asllex,sole gloss,V5XMcoCE0a8XrK5nELEr.npy
WJhriFRvFmRuAhmzIHMO,come,come,42,train,2558.0,asllex,sole gloss,WJhriFRvFmRuAhmzIHMO.npy
Wgtz09XiiajOvpQGi33c,come,come,62,val,1175.0,asllex,sole gloss,Wgtz09XiiajOvpQGi33c.npy
bqRUwS9tUmu7H3eBdh79,come,come,62,val,1161.0,asllex,sole gloss,bqRUwS9tUmu7H3eBdh79.npy
emWUrrv7MvK8OwFVuG4h,come,come,39,val,2602.0,freetext,sole gloss,emWUrrv7MvK8OwFVuG4h.npy
eqUdZA0J9nclDanH7F5G,come,come,39,val,3029.0,asllex,sole gloss,eqUdZA0J9nclDanH7F5G.npy
gTCAcFUxYgzib9V1Gwi7,come,come,85,train,3585.0,asllex,sole gloss,gTCAcFUxYgzib9V1Gwi7.npy
hyCsPTzdHdfOwzqbLo0X,come,come,85,train,1904.0,asllex,sole gloss,hyCsPTzdHdfOwzqbLo0X.npy
i2pftkVirzrysiMVcUuE,come,come,49,val,1398.0,freetext,sole gloss,i2pftkVirzrysiMVcUuE.npy
i9dpr8CcF0kWpPsoL2CZ,come,come,84,train,3108.0,asllex,sole gloss,i9dpr8CcF0kWpPsoL2CZ.npy
icYgugE2rokpLMtT6qPU,come,come,49,train,1320.0,freetext,sole gloss,icYgugE2rokpLMtT6qPU.npy
mV7NXGseruwyLLVM5JeS,come,come,88,train,3098.0,asllex,sole gloss,mV7NXGseruwyLLVM5JeS.npy
myDrx5Lpb4UPwClXExoa,come,come,38,train,2631.0,asllex,sole gloss,myDrx5Lpb4UPwClXExoa.npy
nXSGrye05ydMe32suSi2,come,come,36,test,2232.0,asllex,sole gloss,nXSGrye05ydMe32suSi2.npy
qSNUBz6BrfogcpPCdKFB,come,come,38,train,2235.0,asllex,sole gloss,qSNUBz6BrfogcpPCdKFB.npy
u87omaP62OSjrWlE0hRX,come,come,30,train,1706.0,freetext,sole gloss,u87omaP62OSjrWlE0hRX.npy
uhVstw9CC1xAnpLsTAof,come,come,38,train,3927.0,asllex,sole gloss,uhVstw9CC1xAnpLsTAof.npy
yWUhYwbeJxFETcKHujMT,come,come,88,train,3984.0,asllex,sole gloss,yWUhYwbeJxFETcKHujMT.npy
1aAi5aARin7SjGQw6gMK,cough,cough,62,train,1443.0,asllex,sole gloss,1aAi5aARin7SjGQw6gMK.npy
34LQeMXUEoh0P9xErqpi,cough,cough,88,train,2586.0,freetext,sole gloss,34LQeMXUEoh0P9xErqpi.npy
91YoPxFvM2QLHu8p5Rye,cough,cough,7,train,2372.0,freetext,sole gloss,91YoPxFvM2QLHu8p5Rye.npy
AQJVbKdWNa3upLF1vOT8,cough,cough,8,train,1386.0,asllex,sole gloss,AQJVbKdWNa3upLF1vOT8.npy
BkIgJvJqlCYG0QWljYwE,cough,cough,49,train,1369.0,asllex,sole gloss,BkIgJvJqlCYG0QWljYwE.npy
DAPQQsIF6wAuRWdoN7re,cough,cough,57,test,976.0,asllex,sole gloss,DAPQQsIF6wAuRWdoN7re.npy
DW3kTsepSQUblt6mWq8L,cough,cough,49,train,1800.0,asllex,sole gloss,DW3kTsepSQUblt6mWq8L.npy
G1E04QuPjdCh5qcbQeIr,cough,cough,46,train,1888.0,asllex,sole gloss,G1E04QuPjdCh5qcbQeIr.npy
GbgtGcAppEtiDIB74fG0,cough,cough,39,val,3112.0,asllex,sole gloss,GbgtGcAppEtiDIB74fG0.npy
HQMR0wsHmpkS1HABlcXo,cough,cough,53,test,1877.0,freetext,sole gloss,HQMR0wsHmpkS1HABlcXo.npy
IJQCIqztGuwzZvVXtdWX,cough,cough,49,train,1391.0,asllex,sole gloss,IJQCIqztGuwzZvVXtdWX.npy
Lhou3KANTMwB6O8qCMPE,cough,cough,8,val,2340.0,asllex,sole gloss,Lhou3KANTMwB6O8qCMPE.npy
NwU2p1MA8OevQEAjcYyr,cough,cough,49,train,1153.0,asllex,sole gloss,NwU2p1MA8OevQEAjcYyr.npy
SFQgF6HiX2t0FSpHRw4N,cough,cough,42,train,2392.0,asllex,sole gloss,SFQgF6HiX2t0FSpHRw4N.npy
Unb6zRz6ovllHUXbhNGu,cough,cough,49,train,1133.0,asllex,sole gloss,Unb6zRz6ovllHUXbhNGu.npy
Y1UT3vb96gfh1Cm2HQBo,cough,cough,30,train,2029.0,asllex,sole gloss,Y1UT3vb96gfh1Cm2HQBo.npy
ZTnzPeNC5eH93C2gih3Z,cough,cough,88,train,2890.0,asllex,sole gloss,ZTnzPeNC5eH93C2gih3Z.npy
Zt9AK79zQaVq6cSuc77Z,cough,cough,39,train,2934.0,asllex,sole gloss,Zt9AK79zQaVq6cSuc77Z.npy
aLIR2SkS5pVN0r1Djzi4,cough,cough,57,test,1420.0,asllex,sole gloss,aLIR2SkS5pVN0r1Djzi4.npy
anweUBeZMQqvJ6PLs9ay,cough,cough,60,train,1443.0,asllex,sole gloss,anweUBeZMQqvJ6PLs9ay.npy
bXuZlSFEV8TDTF6PP2bO,cough,cough,36,test,2088.0,asllex,sole gloss,bXuZlSFEV8TDTF6PP2bO.npy
dMq8TaW9D1MSHAccjd7b,cough,cough,17,val,1665.0,asllex,sole gloss,dMq8TaW9D1MSHAccjd7b.npy
e05D7pcgDXuJEPMAAFxR,cough,cough,84,train,1608.0,asllex,sole gloss,e05D7pcgDXuJEPMAAFxR.npy
fjqBNIt1YZ5kSZNejA0b,cough,cough,80,val,3648.0,asllex,sole gloss,fjqBNIt1YZ5kSZNejA0b.npy
iR63y4TcefiTqo3VylDo,cough,cough,17,train,2650.0,asllex,sole gloss,iR63y4TcefiTqo3VylDo.npy
jzS8WWjFV7pwNRWPODmf,cough,cough,31,train,1565.0,asllex,sole gloss,jzS8WWjFV7pwNRWPODmf.npy
kvt3EIsiOWsHY9W3K0TY,cough,cough,57,test,1426.0,asllex,sole gloss,kvt3EIsiOWsHY9W3K0TY.npy
v1nkt98aiUDLZlFsDY0a,cough,cough,84,val,1627.0,asllex,sole gloss,v1nkt98aiUDLZlFsDY0a.npy
vOsGpJbzLzDENUh9kcxw,cough,cough,48,test,1097.0,asllex,sole gloss,vOsGpJbzLzDENUh9kcxw.npy
vhJVqjUin6lre6wxqxJb,cough,cough,35,val,1340.0,asllex,sole gloss,vhJVqjUin6lre6wxqxJb.npy
MKUEtiILmAUaMNbeTv9E,cramp,cramp,17,train,1282.0,freetext,sole gloss,MKUEtiILmAUaMNbeTv9E.npy
uJwTkxHi1bP2044jN72V,cramp,cramp,38,val,3318.0,freetext,sole gloss,uJwTkxHi1bP2044jN72V.npy
2d5V10kP4yIVNxRJcgZx,day,day,15,train,1152.0,asllex,sole gloss,2d5V10kP4yIVNxRJcgZx.npy
2ffZWzsqjNeyuvZKWv8R,day,day,38,val,2697.0,asllex,sole gloss,2ffZWzsqjNeyuvZKWv8R.npy
3heQdGqRYVA3PinjOJBV,day,day,14,val,1980.0,asllex,sole gloss,3heQdGqRYVA3PinjOJBV.npy
3rIMr7F6rT6r7Bw25VXl,day,day,62,train,1184.0,asllex,sole gloss,3rIMr7F6rT6r7Bw25VXl.npy
4kwK39QBY9hrMppTMAKK,day,day,84,train,2059.0,asllex,sole gloss,4kwK39QBY9hrMppTMAKK.npy
5OWEQejG7drRJQTwpbpR,day,day,30,val,1791.0,asllex,sole gloss,5OWEQejG7drRJQTwpbpR.npy
5XfPPVpbFkcjmLDTy4xV,day,day,84,train,1374.0,asllex,sole gloss,5XfPPVpbFkcjmLDTy4xV.npy
6JqeAeU1u1ufpI5pxOd6,day,day,88,train,1874.0,asllex,sole gloss,6JqeAeU1u1ufpI5pxOd6.npy
6LEI8fS3cbvITFBW3jIf,day,day,84,train,2208.0,asllex,sole gloss,6LEI8fS3cbvITFBW3jIf.npy
6tLRhSsBcUl2invvnbxJ,day,day,12,train,2347.0,asllex,sole gloss,6tLRhSsBcUl2invvnbxJ.npy
89AfQXQ7s1SADQkHGc5O,day,day,84,train,2472.0,asllex,sole gloss,89AfQXQ7s1SADQkHGc5O.npy
8ssLMFTf4EgxkK1WhFaI,day,day,64,test,1837.0,asllex,sole gloss,8ssLMFTf4EgxkK1WhFaI.npy
9mUpbcdeQMtQTwnkZ25n,day,day,84,train,1947.0,asllex,sole gloss,9mUpbcdeQMtQTwnkZ25n.npy
9za7e1CCT7yvduQuMsIu,day,day,35,train,1379.0,asllex,sole gloss,9za7e1CCT7yvduQuMsIu.npy
ACic8girlNL72TVdbYVv,day,day,84,train,1837.0,asllex,sole gloss,ACic8girlNL72TVdbYVv.npy
ADJvLpQm5QsWstHn1AWM,day,day,57,test,1573.0,asllex,sole gloss,ADJvLpQm5QsWstHn1AWM.npy
DWOIbJV0XyonSSAqBOLt,day,day,62,train,1105.0,asllex,sole gloss,DWOIbJV0XyonSSAqBOLt.npy
DYdt44PpggEh5YTWYssh,day,day,35,train,1506.0,asllex,sole gloss,DYdt44PpggEh5YTWYssh.npy
Dkl97NC78FjB7j6HaNiE,day,day,7,train,2612.0,asllex,sole gloss,Dkl97NC78FjB7j6HaNiE.npy
Ej33cH4R5DJczbF5rNIC,day,day,14,train,2131.0,asllex,sole gloss,Ej33cH4R5DJczbF5rNIC.npy
FDJZ9VL0egIPlTNEkc88,day,day,48,test,2038.0,asllex,sole gloss,FDJZ9VL0egIPlTNEkc88.npy
G6ZQ9SoVFtEAx8Vxzsug,day,day,39,val,2672.0,asllex,sole gloss,G6ZQ9SoVFtEAx8Vxzsug.npy
G8OPsRwgcgYAQ2tpXid0,day,day,60,val,1540.0,asllex,sole gloss,G8OPsRwgcgYAQ2tpXid0.npy
H20BvLTd2ReVWJHCbdqI,day,day,23,val,2011.0,asllex,sole gloss,H20BvLTd2ReVWJHCbdqI.npy
IOJYpFfUp6Wpp8WX9FHG,day,day,7,train,2521.0,asllex,sole gloss,IOJYpFfUp6Wpp8WX9FHG.npy
IeE0qhue3BfwgLVzDfPb,day,day,31,train,1832.0,asllex,sole gloss,IeE0qhue3BfwgLVzDfPb.npy
J8QC3xU8KtnhaMqPl7fp,day,day,11,train,1707.0,asllex,sole gloss,J8QC3xU8KtnhaMqPl7fp.npy
KSsCpJgAFXKWZI5iKiZj,day,day,49,train,1118.0,asllex,sole gloss,KSsCpJgAFXKWZI5iKiZj.npy
LUYrcpfFvQ0ZqSJ1lqQo,day,day,62,train,1820.0,asllex,sole gloss,LUYrcpfFvQ0ZqSJ1lqQo.npy
LpQfKaFHGnnFL228Ggok,day,day,11,train,1404.0,asllex,sole gloss,LpQfKaFHGnnFL228Ggok.npy
MiTdX9CnMM6qToP09Tjr,day,day,46,val,2336.0,asllex,sole gloss,MiTdX9CnMM6qToP09Tjr.npy
N6jqQ5mjTRgwdqmjyfXR,day,day,35,train,1277.0,asllex,sole gloss,N6jqQ5mjTRgwdqmjyfXR.npy
NDK0ctooTOth7ucb9vUc,day,day,84,train,2398.0,asllex,sole gloss,NDK0ctooTOth7ucb9vUc.npy
NgID9mP3XnLUqqxk6Qsp,day,day,7,train,2767.0,asllex,sole gloss,NgID9mP3XnLUqqxk6Qsp.npy
Ox0Feq88p2Vtk6u5FDes,day,day,57,test,1442.0,asllex,sole gloss,Ox0Feq88p2Vtk6u5FDes.npy
QhAdfdDHzvN3xEpiHBa3,day,day,35,val,1281.0,asllex,sole gloss,QhAdfdDHzvN3xEpiHBa3.npy
RjJ4xnHQ1oMADyAK3ccS,day,day,39,val,3010.0,asllex,sole gloss,RjJ4xnHQ1oMADyAK3ccS.npy
S0w5gBzvunpAps0yxYXb,day,day,64,test,1937.0,asllex,sole gloss,S0w5gBzvunpAps0yxYXb.npy
SQoNQbqsDGtiEEPTR1NN,day,day,11,val,1745.0,asllex,sole gloss,SQoNQbqsDGtiEEPTR1NN.npy
TCiMEnLUpOaJqELuB6UX,day,day,12,train,2923.0,asllex,sole gloss,TCiMEnLUpOaJqELuB6UX.npy
TOG41A2WZqzq2zj5xo6U,day,day,84,val,1636.0,asllex,sole gloss,TOG41A2WZqzq2zj5xo6U.npy
UyzBytIvQoqPp8IexZHx,day,day,88,train,1809.0,asllex,sole gloss,UyzBytIvQoqPp8IexZHx.npy
WEicWL2s0wubz8XUHC3D,day,day,54,train,2137.0,asllex,sole gloss,WEicWL2s0wubz8XUHC3D.npy
WcpmXudMXcD6dwNFo30J,day,day,57,test,1961.0,asllex,sole gloss,WcpmXudMXcD6dwNFo30J.npy
Wd7DVqEdbyWcbwuHpxgs,day,day,84,train,1663.0,asllex,sole gloss,Wd7DVqEdbyWcbwuHpxgs.npy
WoxoPqiRYr3Oyo32KF4x,day,day,23,val,1556.0,asllex,sole gloss,WoxoPqiRYr3Oyo32KF4x.npy
X7tRMhqRbEaQpxoU2H23,day,day,7,train,2824.0,asllex,sole gloss,X7tRMhqRbEaQpxoU2H23.npy
X9ZirTvZCCykuKpCgo7b,day,day,7,train,2609.0,asllex,sole gloss,X9ZirTvZCCykuKpCgo7b.npy
YAVxH6MtDfY8NEXX4KUU,day,day,64,test,1973.0,asllex,sole gloss,YAVxH6MtDfY8NEXX4KUU.npy
YNcymUybLs6jsxv7h33w,day,day,33,test,2801.0,asllex,sole gloss,YNcymUybLs6jsxv7h33w.npy
agzD19phQanBrrRbaJEd,day,day,46,train,2526.0,asllex,sole gloss,agzD19phQanBrrRbaJEd.npy
ankHO4ZKXPUpVrUfLEUA,day,day,60,train,1095.0,asllex,sole gloss,ankHO4ZKXPUpVrUfLEUA.npy
bceZAr9v1hFVKtkL43tx,day,day,88,train,2577.0,asllex,sole gloss,bceZAr9v1hFVKtkL43tx.npy
bhmCRLPzT6ACLUh02Npb,day,day,7,val,2258.0,asllex,sole gloss,bhmCRLPzT6ACLUh02Npb.npy
bpbZF4vdZlTCwloaked2,day,day,39,val,3534.0,asllex,sole gloss,bpbZF4vdZlTCwloaked2.npy
dROp23p8CFr1fY8ag1G1,day,day,62,train,1257.0,asllex,sole gloss,dROp23p8CFr1fY8ag1G1.npy
dy9wwhRIfrD3e66pydJD,day,day,80,train,2126.0,asllex,sole gloss,dy9wwhRIfrD3e66pydJD.npy
ei2VunvNAfkOi4jQbtTl,day,day,48,test,1363.0,asllex,sole gloss,ei2VunvNAfkOi4jQbtTl.npy
fxfPHA1IYtYJwvwmNa5w,day,day,39,train,3188.0,asllex,sole gloss,fxfPHA1IYtYJwvwmNa5w.npy
gGGnahupiAaSZO0DaGFx,day,day,84,train,1151.0,asllex,sole gloss,gGGnahupiAaSZO0DaGFx.npy
hGBaGq1vWs47UdcAmTHN,day,day,42,val,1127.0,asllex,sole gloss,hGBaGq1vWs47UdcAmTHN.npy
hTjsNB1sbqdUcTMBuYfw,day,day,63,train,1656.0,asllex,sole gloss,hTjsNB1sbqdUcTMBuYfw.npy
itk5yjY9XPP9Y8zKPWHt,day,day,11,train,1608.0,asllex,sole gloss,itk5yjY9XPP9Y8zKPWHt.npy
jAUO9jA2Dnqe5JHNd6io,day,day,84,train,2528.0,asllex,sole gloss,jAUO9jA2Dnqe5JHNd6io.npy
jXLtPMHpLfpPDusA0WkS,day,day,30,val,1985.0,asllex,sole gloss,jXLtPMHpLfpPDusA0WkS.npy
jshACC5WxYfKokisQwKw,day,day,23,train,2009.0,asllex,sole gloss,jshACC5WxYfKokisQwKw.npy
kNGSDdgMKkHdl3xckk8v,day,day,23,val,1623.0,asllex,sole gloss,kNGSDdgMKkHdl3xckk8v.npy
l3HGhU8pUgdU7M6AuLQo,day,day,84,train,1510.0,asllex,sole gloss,l3HGhU8pUgdU7M6AuLQo.npy
lVKgRsXCzN8PfFyWwUa1,day,day,84,train,1365.0,asllex,sole gloss,lVKgRsXCzN8PfFyWwUa1.npy
lzFPd6OWDCbMkWRT18GS,day,day,11,train,2039.0,asllex,sole gloss,lzFPd6OWDCbMkWRT18GS.npy
mmRkc6Ew4SjcIjQn0jCK,day,day,17,train,1061.0,asllex,sole gloss,mmRkc6Ew4SjcIjQn0jCK.npy
n6pIEJUdcPA0PhIcQwGC,day,day,62,train,1201.0,asllex,sole gloss,n6pIEJUdcPA0PhIcQwGC.npy
nhXGiF8mYBACN6cdGzSH,day,day,46,val,3354.0,asllex,sole gloss,nhXGiF8mYBACN6cdGzSH.npy
o08fBwvLKwrQLXV5eE47,day,day,35,train,1303.0,asllex,sole gloss,o08fBwvLKwrQLXV5eE47.npy
oACHWDru1scq7kXhwz0f,day,day,57,test,1421.0,asllex,sole gloss,oACHWDru1scq7kXhwz0f.npy
ofAZJx59DUIXsBGue6OL,day,day,39,train,2134.0,asllex,sole gloss,ofAZJx59DUIXsBGue6OL.npy
p90bcbfERyRiKWW0aCEQ,day,day,7,train,2389.0,asllex,sole gloss,p90bcbfERyRiKWW0aCEQ.npy
pnK55HwaOAfIbxoEpCbh,day,day,62,train,1214.0,asllex,sole gloss,pnK55HwaOAfIbxoEpCbh.npy
qMEer7hRKkMi9wkWyw0g,day,day,54,train,2112.0,asllex,sole gloss,qMEer7hRKkMi9wkWyw0g.npy
rF8Elyx4OtgmOLEDULQT,day,day,57,test,1802.0,freetext,sole gloss,rF8Elyx4OtgmOLEDULQT.npy
rylwMMxVE6BoQ0xmmwhR,day,day,46,train,3473.0,asllex,sole gloss,rylwMMxVE6BoQ0xmmwhR.npy
sTzDsuIh9naKOhQsoHVJ,day,day,84,train,1335.0,asllex,sole gloss,sTzDsuIh9naKOhQsoHVJ.npy
tRE40ReyBQCiX7piJavY,day,day,11,train,2150.0,asllex,sole gloss,tRE40ReyBQCiX7piJavY.npy
uFwBBIVB4OefMIiqySEy,day,day,42,train,1656.0,freetext,sole gloss,uFwBBIVB4OefMIiqySEy.npy
uL83mMP1GjAFWkRFdpfP,day,day,14,train,2096.0,asllex,sole gloss,uL83mMP1GjAFWkRFdpfP.npy
xClhA3UQBiqs0uI1HlNO,day,day,84,val,1484.0,asllex,sole gloss,xClhA3UQBiqs0uI1HlNO.npy
y5aw9fWD3Hu1u9yGwew7,day,day,8,train,1675.0,asllex,sole gloss,y5aw9fWD3Hu1u9yGwew7.npy
zoCqcN1AMrWBoPpXWXFE,day,day,59,train,1835.0,asllex,sole gloss,zoCqcN1AMrWBoPpXWXFE.npy
1KfWrO8uytjyxL9sDs7z,dentist,dentist,80,train,2426.0,asllex,sole gloss,1KfWrO8uytjyxL9sDs7z.npy
25CBe3VdPluM9zfXN3fm,dentist,dentist,46,train,2018.0,freetext,sole gloss,25CBe3VdPluM9zfXN3fm.npy
41z3oo0C7fCb1OJXAC92,dentist,dentist,54,train,4144.0,freetext,sole gloss,41z3oo0C7fCb1OJXAC92.npy
42IRlsqYJ5OU7yDNHPjm,dentist,dentist,11,train,1650.0,asllex,sole gloss,42IRlsqYJ5OU7yDNHPjm.npy
AAgnwgih2SVA7arMVtQ5,dentist,dentist,54,val,3476.0,asllex,sole gloss,AAgnwgih2SVA7arMVtQ5.npy
EZgpqrwAjl2UYOXjcRZ0,dentist,dentist,8,train,1767.0,freetext,sole gloss,EZgpqrwAjl2UYOXjcRZ0.npy
HbALXQb1JvuB1X52XiIr,dentist,dentist,15,train,1177.0,asllex,sole gloss,HbALXQb1JvuB1X52XiIr.npy
Jk0YSsFrGB6LHSc3tlfM,dentist,dentist,84,train,1298.0,asllex,sole gloss,Jk0YSsFrGB6LHSc3tlfM.npy
KsW3b8OVcMRIjVaqQWea,dentist,dentist,17,train,1350.0,asllex,sole gloss,KsW3b8OVcMRIjVaqQWea.npy
MG7lcxmJL8MykDwH5CGU,dentist,dentist,39,train,3930.0,asllex,sole gloss,MG7lcxmJL8MykDwH5CGU.npy
MJa3Q1RhyXCk63ZowcfY,dentist,dentist,35,train,1470.0,asllex,sole gloss,MJa3Q1RhyXCk63ZowcfY.npy
Ofr3Migm6YfbW8SNq4Cv,dentist,dentist,80,train,5188.0,freetext,sole gloss,Ofr3Migm6YfbW8SNq4Cv.npy
SfnTX8liynXoOZdoMIky,dentist,dentist,80,train,1451.0,asllex,sole gloss,SfnTX8liynXoOZdoMIky.npy
TKQMNvGYnANQygFpKMJr,dentist,dentist,50,test,2741.0,asllex,sole gloss,TKQMNvGYnANQygFpKMJr.npy
TXd1odIbLxiZmR4vbTD9,dentist,dentist,49,train,932.0,asllex,sole gloss,TXd1odIbLxiZmR4vbTD9.npy
UGrdDvqE0tCZXKQCA8JK,dentist,dentist,49,val,1417.0,asllex,sole gloss,UGrdDvqE0tCZXKQCA8JK.npy
V9KwJN1p21MQVz4twrx5,dentist,dentist,49,val,1188.0,asllex,sole gloss,V9KwJN1p21MQVz4twrx5.npy
Wm4eAvzXNxv8P3HiUh2f,dentist,dentist,54,train,4712.0,asllex,sole gloss,Wm4eAvzXNxv8P3HiUh2f.npy
XZACPN6KEw9tvt6Sppu5,dentist,dentist,80,train,2613.0,freetext,sole gloss,XZACPN6KEw9tvt6Sppu5.npy
ZL7AmZYZr2p3j5SCnyVc,dentist,dentist,63,val,1404.0,asllex,sole gloss,ZL7AmZYZr2p3j5SCnyVc.npy
ar9w1NAcBIrTjncUsKVS,dentist,dentist,88,train,2225.0,freetext,sole gloss,ar9w1NAcBIrTjncUsKVS.npy
cGA5miSGMw149ZW9at1G,dentist,dentist,39,train,3130.0,asllex,sole gloss,cGA5miSGMw149ZW9at1G.npy
eb3pgk4me53MDdWKCsLW,dentist,dentist,38,val,3334.0,freetext,sole gloss,eb3pgk4me53MDdWKCsLW.npy
ehoupqKNvVyERrkC731u,dentist,dentist,50,test,2746.0,asllex,sole gloss,ehoupqKNvVyERrkC731u.npy
fKJgjyHJIycsxvJTfoox,dentist,dentist,35,train,1558.0,asllex,sole gloss,fKJgjyHJIycsxvJTfoox.npy
fffoztxf6aafe7IVV2tn,dentist,dentist,78,val,3387.0,freetext,sole gloss,fffoztxf6aafe7IVV2tn.npy
g02GOpGkz6KXQbWFmkD4,dentist,dentist,48,test,1907.0,asllex,sole gloss,g02GOpGkz6KXQbWFmkD4.npy
i5Wzser7vwhQ0Q8zyL0s,dentist,dentist,63,train,1693.0,asllex,sole gloss,i5Wzser7vwhQ0Q8zyL0s.npy
jQ5W9vbeS5L0tYJreakY,dentist,dentist,49,train,1411.0,asllex,sole gloss,jQ5W9vbeS5L0tYJreakY.npy
jiXv3ZoSUG5CUxUqhHRS,dentist,dentist,8,val,1442.0,asllex,sole gloss,jiXv3ZoSUG5CUxUqhHRS.npy
kt6mCPUGGhnSMx4kWK0s,dentist,dentist,64,test,1849.0,asllex,sole gloss,kt6mCPUGGhnSMx4kWK0s.npy
nlNCLMgHBJK0qE51x0qw,dentist,dentist,35,train,1658.0,asllex,sole gloss,nlNCLMgHBJK0qE51x0qw.npy
qSuzJOfhlQhT2ZHvXCDF,dentist,dentist,8,train,1558.0,asllex,sole gloss,qSuzJOfhlQhT2ZHvXCDF.npy
ty8skLrtikG4Vzn9UBjs,dentist,dentist,49,val,837.0,asllex,sole gloss,ty8skLrtikG4Vzn9UBjs.npy
wRzyw0twVKbdixawxlgd,dentist,dentist,35,train,1767.0,asllex,sole gloss,wRzyw0twVKbdixawxlgd.npy
yXH7rykKUxmGqAUagnc8,dentist,dentist,39,train,2698.0,asllex,sole gloss,yXH7rykKUxmGqAUagnc8.npy
3FfYrQ1Q3T8yf0Kjnm0u,dizzy,dizzy,84,train,1590.0,asllex,sole gloss,3FfYrQ1Q3T8yf0Kjnm0u.npy
5p6i63ZvkTlKTx5fxF0b,dizzy,dizzy,84,train,1750.0,asllex,sole gloss,5p6i63ZvkTlKTx5fxF0b.npy
7GCfZTx7i6Ch18sd7NNF,dizzy,dizzy,46,train,2185.0,asllex,sole gloss,7GCfZTx7i6Ch18sd7NNF.npy
7kJvnuTEotYIkGoTjHc7,dizzy,dizzy,49,val,1326.0,asllex,sole gloss,7kJvnuTEotYIkGoTjHc7.npy
BCbR5nrvoScwg1b430no,dizzy,dizzy,57,test,1525.0,freetext,sole gloss,BCbR5nrvoScwg1b430no.npy
BfxVx44cfdPtSMGoxwU9,dizzy,dizzy,39,train,2658.0,asllex,sole gloss,BfxVx44cfdPtSMGoxwU9.npy
CCqloHzEBDpWGPqpVTZ9,dizzy,dizzy,84,train,1639.0,freetext,sole gloss,CCqloHzEBDpWGPqpVTZ9.npy
Cs5z8pOEs3Zv66ftoZHg,dizzy,dizzy,61,test,3885.0,asllex,sole gloss,Cs5z8pOEs3Zv66ftoZHg.npy
DvgN2Y3aSlYuFurYFM4X,dizzy,dizzy,49,train,1625.0,asllex,sole gloss,DvgN2Y3aSlYuFurYFM4X.npy
JkMxZMwQelvAKxasA4vb,dizzy,dizzy,84,val,1521.0,freetext,sole gloss,JkMxZMwQelvAKxasA4vb.npy
L2w7mn8zo7dtsxjK5mXJ,dizzy,dizzy,49,val,1617.0,asllex,sole gloss,L2w7mn8zo7dtsxjK5mXJ.npy
Q8blifEwxaTFpEBgDGRF,dizzy,dizzy,84,train,1936.0,asllex,sole gloss,Q8blifEwxaTFpEBgDGRF.npy
b3nnJx3T7PAM2IdCyiav,dizzy,dizzy,49,train,2987.0,freetext,sole gloss,b3nnJx3T7PAM2IdCyiav.npy
kgSVzDC8UZFw0PoLPFnM,dizzy,dizzy,57,test,3142.0,asllex,sole gloss,kgSVzDC8UZFw0PoLPFnM.npy
pzPi3LM7VEdTxaQ8GmgQ,dizzy,dizzy,57,test,1809.0,asllex,sole gloss,pzPi3LM7VEdTxaQ8GmgQ.npy
yMdKS2QxozyF8PMhsgcD,dizzy,dizzy,57,test,1938.0,asllex,sole gloss,yMdKS2QxozyF8PMhsgcD.npy
0U4sKh4ZtKMHOJjGurE0,doctor,doctor,57,test,1537.0,asllex,sole gloss,0U4sKh4ZtKMHOJjGurE0.npy
1Qy75tB8uaMdtpR6eAKI,doctor,doctor,84,val,1609.0,asllex,sole gloss,1Qy75tB8uaMdtpR6eAKI.npy
2EDMb3aGsQGFU1YNw5yR,doctor,doctor,31,train,1204.0,asllex,sole gloss,2EDMb3aGsQGFU1YNw5yR.npy
2QF2SJGlrJFhYnjtcxps,doctor,doctor,8,train,1148.0,asllex,sole gloss,2QF2SJGlrJFhYnjtcxps.npy
3SBP9602Rp57PF01LbjK,doctor,doctor,84,train,1972.0,asllex,sole gloss,3SBP9602Rp57PF01LbjK.npy
3pdDclfq1q2BQI2cTR20,doctor,doctor,62,train,1022.0,asllex,sole gloss,3pdDclfq1q2BQI2cTR20.npy
49U5ZBGqakD8ygMY26CR,doctor,doctor,48,test,2340.0,asllex,sole gloss,49U5ZBGqakD8ygMY26CR.npy
51UMZtHaOqrehaD2ZwMB,doctor,doctor,7,train,1801.0,asllex,sole gloss,51UMZtHaOqrehaD2ZwMB.npy
6Kv3bzAlwPQLVh8pPuTS,doctor,doctor,78,train,1964.0,asllex,sole gloss,6Kv3bzAlwPQLVh8pPuTS.npy
6eug4C4EDbRGeDZ0J3tI,doctor,doctor,14,train,1853.0,asllex,sole gloss,6eug4C4EDbRGeDZ0J3tI.npy
6zGnWqbyzJPSWY7higMM,doctor,doctor,14,train,1663.0,asllex,sole gloss,6zGnWqbyzJPSWY7higMM.npy
7n8TSCsXzez4z11fWMyV,doctor,doctor,35,train,1935.0,asllex,sole gloss,7n8TSCsXzez4z11fWMyV.npy
7nnUULmW7tOwX2QqXcK5,doctor,doctor,30,val,2242.0,asllex,sole gloss,7nnUULmW7tOwX2QqXcK5.npy
8Hoz7QiRUFGtV8vZQ4Wb,doctor,doctor,49,train,1287.0,asllex,sole gloss,8Hoz7QiRUFGtV8vZQ4Wb.npy
8kQScCGmvnZX3XHegIlo,doctor,doctor,53,test,1732.0,freetext,sole gloss,8kQScCGmvnZX3XHegIlo.npy
9afwemimmeW5uHYke97p,doctor,doctor,53,test,1861.0,asllex,sole gloss,9afwemimmeW5uHYke97p.npy
AJXxgPdHry6DZiQaDSb1,doctor,doctor,78,train,1992.0,asllex,sole gloss,AJXxgPdHry6DZiQaDSb1.npy
B8Vk3Am5PwQpr9k6hLoF,doctor,doctor,50,test,2928.0,asllex,sole gloss,B8Vk3Am5PwQpr9k6hLoF.npy
BOR78FJnxrI5mpxH6h6m,doctor,doctor,59,train,1465.0,asllex,sole gloss,BOR78FJnxrI5mpxH6h6m.npy
BVKnSuHYRUSGwtGZQxxj,doctor,doctor,17,train,1153.0,asllex,sole gloss,BVKnSuHYRUSGwtGZQxxj.npy
C0YVZmuGfvx8JEnpaIpL,doctor,doctor,62,train,1259.0,asllex,sole gloss,C0YVZmuGfvx8JEnpaIpL.npy
C9NIVonEyBjVMJpcrOhG,doctor,doctor,57,test,1529.0,asllex,sole gloss,C9NIVonEyBjVMJpcrOhG.npy
CIyotmyQTA1bxCXAZ00F,doctor,doctor,31,train,1469.0,asllex,sole gloss,CIyotmyQTA1bxCXAZ00F.npy
CaHsi8cIr9AftTgN4T7k,doctor,doctor,7,train,2345.0,asllex,sole gloss,CaHsi8cIr9AftTgN4T7k.npy
CfYlsK8UY5Z9cV8Gnw8j,doctor,doctor,11,train,1804.0,asllex,sole gloss,CfYlsK8UY5Z9cV8Gnw8j.npy
CjbAzISlG2tdEODAA2yU,doctor,doctor,42,val,1391.0,asllex,sole gloss,CjbAzISlG2tdEODAA2yU.npy
D0jbVdCEOSPPP7rl9JAZ,doctor,doctor,84,train,2669.0,asllex,sole gloss,D0jbVdCEOSPPP7rl9JAZ.npy
D1smJwagKAovK2iYxrPb,doctor,doctor,61,test,1405.0,asllex,sole gloss,D1smJwagKAovK2iYxrPb.npy
D8mU7boAIM0pZlbrBB5y,doctor,doctor,39,train,2552.0,asllex,sole gloss,D8mU7boAIM0pZlbrBB5y.npy
DSXLKYQcrngrqsVpl3rl,doctor,doctor,31,train,1193.0,asllex,sole gloss,DSXLKYQcrngrqsVpl3rl.npy
EtF7Dv5al6y955vd4yzu,doctor,doctor,24,train,3189.0,asllex,sole gloss,EtF7Dv5al6y955vd4yzu.npy
FSKDjBzDLx81sq0nLcKi,doctor,doctor,59,val,1984.0,asllex,sole gloss,FSKDjBzDLx81sq0nLcKi.npy
GJtrajvbrPdhjfcMij1l,doctor,doctor,49,val,1003.0,asllex,sole gloss,GJtrajvbrPdhjfcMij1l.npy
HUuv03HzwmR4eVT50QKC,doctor,doctor,7,val,2762.0,asllex,sole gloss,HUuv03HzwmR4eVT50QKC.npy
HxZwpSEnFd4DimOSdI7q,doctor,doctor,30,train,1758.0,asllex,sole gloss,HxZwpSEnFd4DimOSdI7q.npy
IN1MkZx1TW27VjJJtC9s,doctor,doctor,84,train,1827.0,asllex,sole gloss,IN1MkZx1TW27VjJJtC9s.npy
IltT8iDToHGgG8fU466B,doctor,doctor,49,val,969.0,asllex,sole gloss,IltT8iDToHGgG8fU466B.npy
JG3cpmhV1aXxJJpNYxHF,doctor,doctor,62,train,1128.0,asllex,sole gloss,JG3cpmhV1aXxJJpNYxHF.npy
L7CtakVuIIQjAs8bd0ZF,doctor,doctor,80,train,1762.0,asllex,sole gloss,L7CtakVuIIQjAs8bd0ZF.npy
NRHwxA4jhtPQYLY9oU14,doctor,doctor,50,test,2620.0,asllex,sole gloss,NRHwxA4jhtPQYLY9oU14.npy
NWlPXs7LVtOo5j6PdqlR,doctor,doctor,39,val,3252.0,asllex,sole gloss,NWlPXs7LVtOo5j6PdqlR.npy
OgrBt1B8m4WkVLi56OTw,doctor,doctor,49,train,1431.0,asllex,sole gloss,OgrBt1B8m4WkVLi56OTw.npy
OlxQwzvV5dqt0K0Xuk6R,doctor,doctor,39,train,2552.0,asllex,sole gloss,OlxQwzvV5dqt0K0Xuk6R.npy
P2CSUunfVfxdsgTblTCu,doctor,doctor,59,train,2719.0,asllex,sole gloss,P2CSUunfVfxdsgTblTCu.npy
PGvwujUsSl8PwMDPVYHf,doctor,doctor,53,test,2472.0,asllex,sole gloss,PGvwujUsSl8PwMDPVYHf.npy
QajwCXVaCeOwJC0BFAsQ,doctor,doctor,49,train,1139.0,asllex,sole gloss,QajwCXVaCeOwJC0BFAsQ.npy
RSrzISZlpd2T2eapNVmg,doctor,doctor,27,train,3406.0,asllex,sole gloss,RSrzISZlpd2T2eapNVmg.npy
Rcm0UDpXlfDyOu3L26MB,doctor,doctor,84,train,2129.0,asllex,sole gloss,Rcm0UDpXlfDyOu3L26MB.npy
SPgpzsDor0bXUxkqPQUj,doctor,doctor,52,train,2443.0,asllex,sole gloss,SPgpzsDor0bXUxkqPQUj.npy
SyqDu3Cg8V6ZpJiCau3O,doctor,doctor,39,train,2058.0,asllex,sole gloss,SyqDu3Cg8V6ZpJiCau3O.npy
SysztM5BgY8cApMxrLBj,doctor,doctor,49,train,920.0,asllex,sole gloss,SysztM5BgY8cApMxrLBj.npy
TtOAy4LU8iF7lgL7AFSP,doctor,doctor,49,train,1213.0,asllex,sole gloss,TtOAy4LU8iF7lgL7AFSP.npy
UGSSLBj6Gr9MUacTSYnZ,doctor,doctor,62,train,1200.0,asllex,sole gloss,UGSSLBj6Gr9MUacTSYnZ.npy
UGnmjEv2nZAIiansbWPy,doctor,doctor,52,train,4133.0,asllex,sole gloss,UGnmjEv2nZAIiansbWPy.npy
UwG5B4yWbomPxVdxAhlz,doctor,doctor,12,val,1851.0,asllex,sole gloss,UwG5B4yWbomPxVdxAhlz.npy
UwGgnotZ3vhkp0l568LZ,doctor,doctor,35,val,2049.0,asllex,sole gloss,UwGgnotZ3vhkp0l568LZ.npy
UxYDyPSLX53je5Eogaw2,doctor,doctor,7,val,2575.0,asllex,sole gloss,UxYDyPSLX53je5Eogaw2.npy
XuR4B4LQAJNZ6OVC6l8E,doctor,doctor,57,test,1222.0,asllex,sole gloss,XuR4B4LQAJNZ6OVC6l8E.npy
Y66H2ds79p2QJWNR3rfP,doctor,doctor,11,train,1873.0,asllex,sole gloss,Y66H2ds79p2QJWNR3rfP.npy
Y7AoLwkNnSZBrKf3UDB2,doctor,doctor,49,train,1147.0,asllex,sole gloss,Y7AoLwkNnSZBrKf3UDB2.npy
Y9Q3PVo2NWf4plB2rxSo,doctor,doctor,49,val,1359.0,asllex,sole gloss,Y9Q3PVo2NWf4plB2rxSo.npy
YChPDgjVHa6Mk6mzQWvg,doctor,doctor,42,train,1503.0,asllex,sole gloss,YChPDgjVHa6Mk6mzQWvg.npy
YDRDL2xr7h4fYv0Ae8EU,doctor,doctor,60,val,1738.0,asllex,sole gloss,YDRDL2xr7h4fYv0Ae8EU.npy
YTy4s5DgGh5nJ8GP9Wja,doctor,doctor,62,val,1006.0,asllex,sole gloss,YTy4s5DgGh5nJ8GP9Wja.npy
Zh52PLKOvdcY7DeuvcDv,doctor,doctor,85,train,3112.0,asllex,sole gloss,Zh52PLKOvdcY7DeuvcDv.npy
ag5wCptdTFCfBGOFC2tF,doctor,doctor,7,train,2128.0,asllex,sole gloss,ag5wCptdTFCfBGOFC2tF.npy
bQSgzoFllxrx40VgnF5L,doctor,doctor,80,train,2123.0,asllex,sole gloss,bQSgzoFllxrx40VgnF5L.npy
bVkZSKpmH959Px7uSe7Y,doctor,doctor,38,val,3959.0,asllex,sole gloss,bVkZSKpmH959Px7uSe7Y.npy
bphYdS9bK2FhQQtNTIsc,doctor,doctor,30,train,1733.0,asllex,sole gloss,bphYdS9bK2FhQQtNTIsc.npy
cC3PLQldQ6jZSUGmPzZz,doctor,doctor,11,train,1869.0,asllex,sole gloss,cC3PLQldQ6jZSUGmPzZz.npy
cfdCTftxqMwtkidGHS4Y,doctor,doctor,49,train,884.0,freetext,sole gloss,cfdCTftxqMwtkidGHS4Y.npy
cqwe4D2IxJptS3kOPlNh,doctor,doctor,84,train,1666.0,asllex,sole gloss,cqwe4D2IxJptS3kOPlNh.npy
cyn05WkAHhqxTFWto6sE,doctor,doctor,54,train,1657.0,asllex,sole gloss,cyn05WkAHhqxTFWto6sE.npy
dMSbVI9vR8trshV7VpIK,doctor,doctor,85,train,2189.0,asllex,sole gloss,dMSbVI9vR8trshV7VpIK.npy
eSE3M0O8ujbBPKIhrfs5,doctor,doctor,35,train,1268.0,asllex,sole gloss,eSE3M0O8ujbBPKIhrfs5.npy
eqcomKLY5q9T7arps0RA,doctor,doctor,62,train,1958.0,asllex,sole gloss,eqcomKLY5q9T7arps0RA.npy
eviMunUwmxH98bWp2Y9X,doctor,doctor,48,test,1068.0,asllex,sole gloss,eviMunUwmxH98bWp2Y9X.npy
evko9cHHTF74g7liIdYD,doctor,doctor,38,train,2846.0,asllex,sole gloss,evko9cHHTF74g7liIdYD.npy
fIjGGrZA2YssCfMq5f9g,doctor,doctor,39,train,3189.0,asllex,sole gloss,fIjGGrZA2YssCfMq5f9g.npy
fRTOq5Y0OwTCCShR1z0h,doctor,doctor,78,val,2378.0,freetext,sole gloss,fRTOq5Y0OwTCCShR1z0h.npy
fpBk68hjGPcaMmOfg6jW,doctor,doctor,84,train,1588.0,asllex,sole gloss,fpBk68hjGPcaMmOfg6jW.npy
gLNVXvZs0WIBsSNPwzec,doctor,doctor,54,train,5682.0,freetext,sole gloss,gLNVXvZs0WIBsSNPwzec.npy
gqFhn8OplmFnYtqjg2ww,doctor,doctor,62,train,1104.0,asllex,sole gloss,gqFhn8OplmFnYtqjg2ww.npy
iOUclOpgiS19GOhzTtFs,doctor,doctor,14,train,1719.0,asllex,sole gloss,iOUclOpgiS19GOhzTtFs.npy
kHgOKlnWgFAuzSuhaYVu,doctor,doctor,35,train,1630.0,asllex,sole gloss,kHgOKlnWgFAuzSuhaYVu.npy
kcs4Rqnl8ldrJxvGEm4y,doctor,doctor,80,train,1974.0,asllex,sole gloss,kcs4Rqnl8ldrJxvGEm4y.npy
lZQPf88RrQanWKg8p65e,doctor,doctor,85,train,2664.0,asllex,sole gloss,lZQPf88RrQanWKg8p65e.npy
mtEmOP0u0Ghx9PLV4tfI,doctor,doctor,50,test,2587.0,asllex,sole gloss,mtEmOP0u0Ghx9PLV4tfI.npy
nMUWtW8v1BG0vJb8SYZI,doctor,doctor,49,train,1547.0,asllex,sole gloss,nMUWtW8v1BG0vJb8SYZI.npy
nYT4AHME9Lh2o68vQKfs,doctor,doctor,84,train,1790.0,asllex,sole gloss,nYT4AHME9Lh2o68vQKfs.npy
ndGUaztWmZbatcfYVERy,doctor,doctor,35,train,1387.0,asllex,sole gloss,ndGUaztWmZbatcfYVERy.npy
pb9sbzT3BvEvqyJsYSbe,doctor,doctor,35,train,1411.0,asllex,sole gloss,pb9sbzT3BvEvqyJsYSbe.npy
pdVEephwmk77lCeNmqAf,doctor,doctor,39,train,2410.0,asllex,sole gloss,pdVEephwmk77lCeNmqAf.npy
prDZVLcOONYTGNsZF7u8,doctor,doctor,49,val,2643.0,asllex,sole gloss,prDZVLcOONYTGNsZF7u8.npy
qAQBophBhGglXndhwWW4,doctor,doctor,59,train,1777.0,asllex,sole gloss,qAQBophBhGglXndhwWW4.npy
qB8q3xQnEQaRCzWdE5AR,doctor,doctor,31,val,1404.0,asllex,sole gloss,qB8q3xQnEQaRCzWdE5AR.npy
qGT5FmH3XC1z2FyUwULa,doctor,doctor,61,test,1752.0,asllex,sole gloss,qGT5FmH3XC1z2FyUwULa.npy
qYs9otBQ1CMUTbHndHSK,doctor,doctor,36,test,2221.0,asllex,sole gloss,qYs9otBQ1CMUTbHndHSK.npy
qZat9Qla5h5DMvH00rmQ,doctor,doctor,17,train,1335.0,asllex,sole gloss,qZat9Qla5h5DMvH00rmQ.npy
qleZr4XRDrgu9lc6AIKO,doctor,doctor,7,val,2696.0,asllex,sole gloss,qleZr4XRDrgu9lc6AIKO.npy
s9drM3VKDL4Ux94FwTcV,doctor,doctor,62,val,974.0,asllex,sole gloss,s9drM3VKDL4Ux94FwTcV.npy
sk4Xegg0iphcLyCi6VGc,doctor,doctor,50,test,1826.0,asllex,sole gloss,sk4Xegg0iphcLyCi6VGc.npy
t1OsCUgRnrLo3oQ8xVT9,doctor,doctor,84,train,1823.0,asllex,sole gloss,t1OsCUgRnrLo3oQ8xVT9.npy
tgENwXqYMrCYrEeW7jqB,doctor,doctor,62,train,1005.0,asllex,sole gloss,tgENwXqYMrCYrEeW7jqB.npy
uCGfWafG0VyFX5T4DUMm,doctor,doctor,61,test,1477.0,asllex,sole gloss,uCGfWafG0VyFX5T4DUMm.npy
uJNNO0HBcYN4FS3MTfoF,doctor,doctor,35,train,1466.0,asllex,sole gloss,uJNNO0HBcYN4FS3MTfoF.npy
uT6ugPgZbV0Dq47vC5HI,doctor,doctor,14,val,1357.0,asllex,sole gloss,uT6ugPgZbV0Dq47vC5HI.npy
ufIn1njV9TbFOPZEnxyQ,doctor,doctor,49,train,905.0,asllex,sole gloss,ufIn1njV9TbFOPZEnxyQ.npy
whx04lxHxI83dDcFV0Tp,doctor,doctor,17,val,1898.0,asllex,sole gloss,whx04lxHxI83dDcFV0Tp.npy
wzLPg6zKjSePMWsbPL5W,doctor,doctor,30,train,1678.0,asllex,sole gloss,wzLPg6zKjSePMWsbPL5W.npy
xpzm7R5egdK3vrKtokxw,doctor,doctor,63,val,1538.0,asllex,sole gloss,xpzm7R5egdK3vrKtokxw.npy
zVh3pUP6ra9YR7UaMzRx,doctor,doctor,62,val,1311.0,asllex,sole gloss,zVh3pUP6ra9YR7UaMzRx.npy
zf4Z7bv4loIzM7tzvXzQ,doctor,doctor,7,train,2425.0,asllex,sole gloss,zf4Z7bv4loIzM7tzvXzQ.npy
zrgbRtfOMSqetmUnEUOZ,doctor,doctor,35,train,1261.0,asllex,sole gloss,zrgbRtfOMSqetmUnEUOZ.npy
03F54pTYO23GiF2eGikc,drink,drink,52,val,2958.0,asllex,sole gloss,03F54pTYO23GiF2eGikc.npy
0HNlWOrj0DeAujfxIej3,drink,drink,57,test,1369.0,asllex,sole gloss,0HNlWOrj0DeAujfxIej3.npy
0Nhi1SPFTZPzffG4BjkP,drink,drink,30,val,2105.0,freetext,sole gloss,0Nhi1SPFTZPzffG4BjkP.npy
1F9zED3kZiLBFUcAwPqG,drink,drink,42,train,1229.0,asllex,sole gloss,1F9zED3kZiLBFUcAwPqG.npy
2UsAP8IrYQHwSFi3m575,drink,drink,30,train,1966.0,asllex,sole gloss,2UsAP8IrYQHwSFi3m575.npy
2mvzg9irE77ngpPwLStK,drink,drink,35,train,1278.0,asllex,sole gloss,2mvzg9irE77ngpPwLStK.npy
35HzWW78uFNxpIZzvxUQ,drink,drink,30,train,1624.0,asllex,sole gloss,35HzWW78uFNxpIZzvxUQ.npy
39CtMDEl6nSYLQFh6ESm,drink,drink,8,val,1217.0,asllex,sole gloss,39CtMDEl6nSYLQFh6ESm.npy
3VTjJW5Kq9tiYTx7t3yZ,drink,drink,30,train,1657.0,asllex,sole gloss,3VTjJW5Kq9tiYTx7t3yZ.npy
3fRdEfRzpQ1VeSINLbAJ,drink,drink,39,val,2256.0,asllex,sole gloss,3fRdEfRzpQ1VeSINLbAJ.npy
3ny7PjuO784rBLZ9gnu4,drink,drink,49,train,1274.0,asllex,sole gloss,3ny7PjuO784rBLZ9gnu4.npy
414QI7Q7MWZommWnfpF4,drink,drink,49,train,1150.0,asllex,sole gloss,414QI7Q7MWZommWnfpF4.npy
4Js3i0KKUDndBbqShOjY,drink,drink,49,train,813.0,asllex,sole gloss,4Js3i0KKUDndBbqShOjY.npy
4jfkZoxzWf9a8M9QPlOM,drink,drink,84,train,1987.0,asllex,sole gloss,4jfkZoxzWf9a8M9QPlOM.npy
4oPoEj5ChsRlzpOht9VD,drink,drink,48,test,1265.0,asllex,sole gloss,4oPoEj5ChsRlzpOht9VD.npy
5DXY2Mc44ZNLqEjg2QFN,drink,drink,35,train,1358.0,asllex,sole gloss,5DXY2Mc44ZNLqEjg2QFN.npy
5RSglay4iVeoGHPaqxdT,drink,drink,30,train,1933.0,freetext,sole gloss,5RSglay4iVeoGHPaqxdT.npy
5ZrHx5t27ddLHWjUEXIA,drink,drink,35,val,1472.0,asllex,sole gloss,5ZrHx5t27ddLHWjUEXIA.npy
6BEmlsneRABuYR8CrJ2F,drink,drink,8,train,1306.0,asllex,sole gloss,6BEmlsneRABuYR8CrJ2F.npy
716RJ2EyPy8xBeEEOMbC,drink,drink,8,val,1451.0,asllex,sole gloss,716RJ2EyPy8xBeEEOMbC.npy
7RvD6tzYT3nKB6uce4tl,drink,drink,42,val,2058.0,asllex,sole gloss,7RvD6tzYT3nKB6uce4tl.npy
7nGG7eLS7QejTVHo9LaK,drink,drink,14,train,1855.0,asllex,sole gloss,7nGG7eLS7QejTVHo9LaK.npy
96hOt3xORK4WfDGbonNl,drink,drink,39,val,2735.0,asllex,sole gloss,96hOt3xORK4WfDGbonNl.npy
98ydNNW8JjJaa69VNXkm,drink,drink,31,train,1575.0,freetext,sole gloss,98ydNNW8JjJaa69VNXkm.npy
9CLLzW8i85jAZMyMg3en,drink,drink,7,train,2363.0,asllex,sole gloss,9CLLzW8i85jAZMyMg3en.npy
9KGXhW5t3t4O8ZfMitlI,drink,drink,62,train,1036.0,asllex,sole gloss,9KGXhW5t3t4O8ZfMitlI.npy
9Ysj2RMr5ySsrrt4wv2A,drink,drink,85,train,2520.0,asllex,sole gloss,9Ysj2RMr5ySsrrt4wv2A.npy
9egNLRdjk1JlT4vBr2rF,drink,drink,39,train,4537.0,asllex,sole gloss,9egNLRdjk1JlT4vBr2rF.npy
9rq9N3TtOqmrvoGTVYXp,drink,drink,59,train,1419.0,asllex,sole gloss,9rq9N3TtOqmrvoGTVYXp.npy
9x7eZF9dUUv8oFkfjH8v,drink,drink,62,train,950.0,asllex,sole gloss,9x7eZF9dUUv8oFkfjH8v.npy
AF1LSzDBHJ7xRvyjGEt8,drink,drink,61,test,1949.0,asllex,sole gloss,AF1LSzDBHJ7xRvyjGEt8.npy
BRTxWWZF25mEC67OEHYQ,drink,drink,88,train,1529.0,asllex,sole gloss,BRTxWWZF25mEC67OEHYQ.npy
BsoybwnIQfa73jSily6y,drink,drink,57,test,1434.0,asllex,sole gloss,BsoybwnIQfa73jSily6y.npy
C5ZPrCSqYZ08AVjihivq,drink,drink,57,test,2122.0,asllex,sole gloss,C5ZPrCSqYZ08AVjihivq.npy
CBVXGMEAnNclCzexnZJZ,drink,drink,14,train,4390.0,asllex,sole gloss,CBVXGMEAnNclCzexnZJZ.npy
CRCLka4ZtWlAUe0crQgg,drink,drink,80,val,1859.0,asllex,sole gloss,CRCLka4ZtWlAUe0crQgg.npy
CS5m3jMmozORM8NWmFaS,drink,drink,7,train,2175.0,asllex,sole gloss,CS5m3jMmozORM8NWmFaS.npy
CzdlRC9Tyv9ZEL0iYdvX,drink,drink,35,train,1379.0,asllex,sole gloss,CzdlRC9Tyv9ZEL0iYdvX.npy
D078VdlY8YhEpR47zW6K,drink,drink,7,train,3121.0,asllex,sole gloss,D078VdlY8YhEpR47zW6K.npy
DfHbldZ8sJLq7jWOqLnM,drink,drink,11,val,2063.0,asllex,sole gloss,DfHbldZ8sJLq7jWOqLnM.npy
EHcQLmpdD6SaxFXbRnME,drink,drink,33,test,2521.0,asllex,sole gloss,EHcQLmpdD6SaxFXbRnME.npy
EKjdDkh3LPzc0R1S7glh,drink,drink,43,val,2606.0,asllex,sole gloss,EKjdDkh3LPzc0R1S7glh.npy
EPBBkgounRuWK3X9hL6y,drink,drink,35,val,1499.0,asllex,sole gloss,EPBBkgounRuWK3X9hL6y.npy
Evjj2cpmPD7tJqUZ15Nj,drink,drink,88,val,2881.0,asllex,sole gloss,Evjj2cpmPD7tJqUZ15Nj.npy
F52MWumgNyS3PY040KAM,drink,drink,84,train,1540.0,asllex,sole gloss,F52MWumgNyS3PY040KAM.npy
FJcNzzBe2ZmxCO2QXRHX,drink,drink,17,train,1903.0,freetext,sole gloss,FJcNzzBe2ZmxCO2QXRHX.npy
FVjVsiuSttYLlEv3Bdyy,drink,drink,84,train,1269.0,asllex,sole gloss,FVjVsiuSttYLlEv3Bdyy.npy
G4AGjgvBA5HgUAlv5Sxz,drink,drink,57,test,2033.0,asllex,sole gloss,G4AGjgvBA5HgUAlv5Sxz.npy
GLznlBxYEHNFPQ4P0eYm,drink,drink,23,train,2331.0,asllex,sole gloss,GLznlBxYEHNFPQ4P0eYm.npy
GN9xuLf6EGAglKvvGIZE,drink,drink,57,test,1558.0,asllex,sole gloss,GN9xuLf6EGAglKvvGIZE.npy
GyhaaGq93kjsFEzGgztM,drink,drink,43,train,3846.0,asllex,sole gloss,GyhaaGq93kjsFEzGgztM.npy
HUMRSw1TGkyfxjRWXgTA,drink,drink,14,train,1415.0,asllex,sole gloss,HUMRSw1TGkyfxjRWXgTA.npy
HUsXhitX5HwRbF3IftaA,drink,drink,50,test,2198.0,asllex,sole gloss,HUsXhitX5HwRbF3IftaA.npy
HoYJg00mRBFQLtCNXNJj,drink,drink,60,train,540.0,asllex,sole gloss,HoYJg00mRBFQLtCNXNJj.npy
HwU1V3NKd7gSOJQxPQax,drink,drink,64,test,1754.0,asllex,sole gloss,HwU1V3NKd7gSOJQxPQax.npy
ITBSikza0PXYgC2ci1Je,drink,drink,57,test,2863.0,asllex,sole gloss,ITBSikza0PXYgC2ci1Je.npy
ITp2mXPgIfksFxvjB3Sv,drink,drink,88,train,2544.0,asllex,sole gloss,ITp2mXPgIfksFxvjB3Sv.npy
J5VhJQZqbNAo3panJxyc,drink,drink,59,train,1849.0,asllex,sole gloss,J5VhJQZqbNAo3panJxyc.npy
JGdDlPv3DLfC4cFJ79nq,drink,drink,78,val,2293.0,asllex,sole gloss,JGdDlPv3DLfC4cFJ79nq.npy
JbiEPIauXrRs166M3HjZ,drink,drink,38,val,2615.0,asllex,sole gloss,JbiEPIauXrRs166M3HjZ.npy
JoKNx4wLQvO7mtwWf0eu,drink,drink,7,train,2546.0,asllex,sole gloss,JoKNx4wLQvO7mtwWf0eu.npy
KSJkPgB7liuHCI6zpJRo,drink,drink,11,train,1466.0,asllex,sole gloss,KSJkPgB7liuHCI6zpJRo.npy
KeLlmlUBcdtlGXifOmSE,drink,drink,57,test,1720.0,asllex,sole gloss,KeLlmlUBcdtlGXifOmSE.npy
L4TBoZGQIzX8SNUtRXFp,drink,drink,31,train,1703.0,asllex,sole gloss,L4TBoZGQIzX8SNUtRXFp.npy
LQaLgIGsMa5tF0dwIvNy,drink,drink,88,train,3442.0,asllex,sole gloss,LQaLgIGsMa5tF0dwIvNy.npy
MSoTxEtlOFcWLguj8PNi,drink,drink,39,train,3611.0,asllex,sole gloss,MSoTxEtlOFcWLguj8PNi.npy
Mg3FDXKnKYVmQZRSEECF,drink,drink,84,train,1015.0,asllex,sole gloss,Mg3FDXKnKYVmQZRSEECF.npy
Nt2Uvk9tHx0P9czZgtyx,drink,drink,88,train,2064.0,asllex,sole gloss,Nt2Uvk9tHx0P9czZgtyx.npy
O33UkKb2k9UqdgjINSpI,drink,drink,49,train,1727.0,asllex,sole gloss,O33UkKb2k9UqdgjINSpI.npy
OERCpQKL4WFiXV40CInt,drink,drink,62,train,962.0,asllex,sole gloss,OERCpQKL4WFiXV40CInt.npy
OIAUIUDtre6l84WFOW6I,drink,drink,39,train,2825.0,freetext,sole gloss,OIAUIUDtre6l84WFOW6I.npy
Pf2Uiqxflbd2N3QCl53c,drink,drink,35,train,1281.0,asllex,sole gloss,Pf2Uiqxflbd2N3QCl53c.npy
PgcYnOANbKxKIIpHp7uk,drink,drink,84,train,1123.0,asllex,sole gloss,PgcYnOANbKxKIIpHp7uk.npy
QCUhMdd1tHwq0HL9DFdB,drink,drink,49,val,1385.0,asllex,sole gloss,QCUhMdd1tHwq0HL9DFdB.npy
QE7rgVwubXv4EGtWX5Wb,drink,drink,63,val,1151.0,asllex,sole gloss,QE7rgVwubXv4EGtWX5Wb.npy
QU917jIL0GVUdWgmyAe2,drink,drink,35,train,1551.0,asllex,sole gloss,QU917jIL0GVUdWgmyAe2.npy
Qw0B3pvbwYC6sJ7PnkFu,drink,drink,54,train,3713.0,asllex,sole gloss,Qw0B3pvbwYC6sJ7PnkFu.npy
R1zHrNUOTqt4xFcJds2a,drink,drink,7,train,1959.0,asllex,sole gloss,R1zHrNUOTqt4xFcJds2a.npy
Rb1nzsRRbrk4FozaYvL2,drink,drink,39,train,4411.0,asllex,sole gloss,Rb1nzsRRbrk4FozaYvL2.npy
S8AROGFP0UEMjI1QPbhQ,drink,drink,62,val,1296.0,asllex,sole gloss,S8AROGFP0UEMjI1QPbhQ.npy
S8yeqs8UCjQN2MUj9Sme,drink,drink,60,val,976.0,asllex,sole gloss,S8yeqs8UCjQN2MUj9Sme.npy
SAhYlU1mvAxKGIyLoyPc,drink,drink,46,train,1363.0,asllex,sole gloss,SAhYlU1mvAxKGIyLoyPc.npy
SQe1HYcUTeAEPjFWCFWA,drink,drink,39,val,1617.0,asllex,sole gloss,SQe1HYcUTeAEPjFWCFWA.npy
TWFnQAPKg25oTrNWUMDD,drink,drink,35,val,1196.0,asllex,sole gloss,TWFnQAPKg25oTrNWUMDD.npy
TaBmSicP0t3aQayqd0s7,drink,drink,57,test,1244.0,asllex,sole gloss,TaBmSicP0t3aQayqd0s7.npy
TevNgRch4vpCKUwPDqAX,drink,drink,7,val,2417.0,asllex,sole gloss,TevNgRch4vpCKUwPDqAX.npy
TfrQhuaURqlmPJ9JQhm1,drink,drink,62,val,1231.0,asllex,sole gloss,TfrQhuaURqlmPJ9JQhm1.npy
Ts0QXApvispXspiX1kZ5,drink,drink,12,train,2792.0,asllex,sole gloss,Ts0QXApvispXspiX1kZ5.npy
UEE5zFHkSO2VCvQKfm2u,drink,drink,12,train,2344.0,asllex,sole gloss,UEE5zFHkSO2VCvQKfm2u.npy
UMJMytOeiFAOvAakuPpY,drink,drink,50,test,1447.0,asllex,sole gloss,UMJMytOeiFAOvAakuPpY.npy
VJqcSF2nMFsKSSTxljsW,drink,drink,38,train,3472.0,freetext,sole gloss,VJqcSF2nMFsKSSTxljsW.npy
VtObYAcc7DEjmq2ikF3x,drink,drink,7,train,2273.0,asllex,sole gloss,VtObYAcc7DEjmq2ikF3x.npy
WFdSbWoEImiGovcyoctQ,drink,drink,57,test,2033.0,asllex,sole gloss,WFdSbWoEImiGovcyoctQ.npy
WibFJSYIfCmL9PTjd1Fd,drink,drink,78,train,2177.0,asllex,sole gloss,WibFJSYIfCmL9PTjd1Fd.npy
WlSTwdZ1vB1gdXMlo6TD,drink,drink,30,train,1757.0,asllex,sole gloss,WlSTwdZ1vB1gdXMlo6TD.npy
WzCWr7kDR8w0J0rdAOot,drink,drink,57,test,1190.0,asllex,sole gloss,WzCWr7kDR8w0J0rdAOot.npy
XPMpJy4zaPUluoCKRz9Y,drink,drink,42,train,2121.0,asllex,sole gloss,XPMpJy4zaPUluoCKRz9Y.npy
XXwtynk5q67CMUkvaY21,drink,drink,39,val,3217.0,asllex,sole gloss,XXwtynk5q67CMUkvaY21.npy
YTDyNRv5jHIQS4bjnddM,drink,drink,84,train,1646.0,asllex,sole gloss,YTDyNRv5jHIQS4bjnddM.npy
YW7oSxlJPYPxqx0c1szA,drink,drink,57,test,1718.0,asllex,sole gloss,YW7oSxlJPYPxqx0c1szA.npy
Yj9VnoDKVw4vdT9mRVj4,drink,drink,35,train,1465.0,asllex,sole gloss,Yj9VnoDKVw4vdT9mRVj4.npy
Z68GBmnYFDJUqUi769ae,drink,drink,62,val,1479.0,asllex,sole gloss,Z68GBmnYFDJUqUi769ae.npy
ZCYUn6eMj5HMGn5RYKZt,drink,drink,62,train,762.0,asllex,sole gloss,ZCYUn6eMj5HMGn5RYKZt.npy
ZrG5wpZGJpWKJhANCLBh,drink,drink,39,val,3964.0,freetext,sole gloss,ZrG5wpZGJpWKJhANCLBh.npy
a4ubfgx9hy1Nyji6nuA6,drink,drink,78,train,2501.0,asllex,sole gloss,a4ubfgx9hy1Nyji6nuA6.npy
auRSww5rSubPZvAOC65M,drink,drink,35,train,1895.0,asllex,sole gloss,auRSww5rSubPZvAOC65M.npy
aymGWfouvZZr64WwxuqJ,drink,drink,50,test,2119.0,freetext,sole gloss,aymGWfouvZZr64WwxuqJ.npy
bUfWeHzclCFblNS5QlYe,drink,drink,60,train,1599.0,freetext,sole gloss,bUfWeHzclCFblNS5QlYe.npy
btA5N2cLxSMO2PRnlc49,drink,drink,48,test,1449.0,asllex,sole gloss,btA5N2cLxSMO2PRnlc49.npy
cJVAvsRiKgHoQihRja8A,drink,drink,48,test,1318.0,asllex,sole gloss,cJVAvsRiKgHoQihRja8A.npy
cW1g6ggwZ2xXG0EOZa7g,drink,drink,61,test,1695.0,asllex,sole gloss,cW1g6ggwZ2xXG0EOZa7g.npy
cXAhYvgu7cV8VcxS1Xhu,drink,drink,11,train,1530.0,asllex,sole gloss,cXAhYvgu7cV8VcxS1Xhu.npy
cYMedHhL9hyLPLYYX8ND,drink,drink,7,train,1835.0,asllex,sole gloss,cYMedHhL9hyLPLYYX8ND.npy
clYIeXDFb7MD3iqRsoKe,drink,drink,84,val,1525.0,asllex,sole gloss,clYIeXDFb7MD3iqRsoKe.npy
dAPMfck83AuQtPGuLb1j,drink,drink,62,train,1043.0,asllex,sole gloss,dAPMfck83AuQtPGuLb1j.npy
dNlcYHjDMnl0PCd4RC0G,drink,drink,11,train,1625.0,asllex,sole gloss,dNlcYHjDMnl0PCd4RC0G.npy
eHqjN76AXrlcKcu1oa1L,drink,drink,80,train,1777.0,asllex,sole gloss,eHqjN76AXrlcKcu1oa1L.npy
eUfhftcYGE3044d0ICyX,drink,drink,46,train,2249.0,asllex,sole gloss,eUfhftcYGE3044d0ICyX.npy
eWDYInwjLjpxznYwt0dP,drink,drink,35,train,1468.0,asllex,sole gloss,eWDYInwjLjpxznYwt0dP.npy
eaIVMCrSQlqbYepVjcPB,drink,drink,7,train,2775.0,asllex,sole gloss,eaIVMCrSQlqbYepVjcPB.npy
ehlGWM9H7oty96duD1oT,drink,drink,84,train,2528.0,asllex,sole gloss,ehlGWM9H7oty96duD1oT.npy
ewTBdexFxYTtnODsdg7u,drink,drink,78,train,1988.0,asllex,sole gloss,ewTBdexFxYTtnODsdg7u.npy
frlU8CBSdngtFjn6oMic,drink,drink,85,train,2483.0,asllex,sole gloss,frlU8CBSdngtFjn6oMic.npy
fuo7H7JSaI5SYTjIwdzD,drink,drink,54,val,3791.0,asllex,sole gloss,fuo7H7JSaI5SYTjIwdzD.npy
g5XkGs7SmFB3vidRrlCE,drink,drink,30,train,1492.0,asllex,sole gloss,g5XkGs7SmFB3vidRrlCE.npy
gDO9BQQGOJIH8R1F5mWQ,drink,drink,17,train,1098.0,asllex,sole gloss,gDO9BQQGOJIH8R1F5mWQ.npy
gE6AWY4sAToddbhPG7XE,drink,drink,7,train,1847.0,freetext,sole gloss,gE6AWY4sAToddbhPG7XE.npy
gIjob1SazGQxQkEINf2V,drink,drink,62,train,964.0,asllex,sole gloss,gIjob1SazGQxQkEINf2V.npy
gRTiPkVe2quy4qTSp5Uh,drink,drink,7,train,2084.0,asllex,sole gloss,gRTiPkVe2quy4qTSp5Uh.npy
ghok74LQy4QovJtIVnqO,drink,drink,62,val,1041.0,asllex,sole gloss,ghok74LQy4QovJtIVnqO.npy
h0GDI0qCqmN3X8bygGGk,drink,drink,57,test,1867.0,asllex,sole gloss,h0GDI0qCqmN3X8bygGGk.npy
h8q0QNsiqZOsXfLPp4Iq,drink,drink,7,val,2309.0,freetext,sole gloss,h8q0QNsiqZOsXfLPp4Iq.npy
hTnSquIHiszKVtGwej1e,drink,drink,78,train,2257.0,asllex,sole gloss,hTnSquIHiszKVtGwej1e.npy
hj7JbCJgvffdm27biCm4,drink,drink,39,train,3114.0,asllex,sole gloss,hj7JbCJgvffdm27biCm4.npy
i1leVQYDfYWSOlrVtqpM,drink,drink,30,val,1649.0,asllex,sole gloss,i1leVQYDfYWSOlrVtqpM.npy
i7qRxLprbMq3RNX18wGV,drink,drink,42,train,1068.0,asllex,sole gloss,i7qRxLprbMq3RNX18wGV.npy
iSRYaON25dgS2Lnv3Unz,drink,drink,80,val,1707.0,freetext,sole gloss,iSRYaON25dgS2Lnv3Unz.npy
ijyjQn9OczjAvmgEgwgd,drink,drink,80,train,1854.0,asllex,sole gloss,ijyjQn9OczjAvmgEgwgd.npy
jPlK9f92uMOXW52VbAI8,drink,drink,46,train,2897.0,asllex,sole gloss,jPlK9f92uMOXW52VbAI8.npy
jRplEmfOeWUaY82wEuLD,drink,drink,57,test,1675.0,asllex,sole gloss,jRplEmfOeWUaY82wEuLD.npy
jWuFzUTUO1N9UNMR3JJL,drink,drink,48,test,1127.0,asllex,sole gloss,jWuFzUTUO1N9UNMR3JJL.npy
jjeUdFPqMJUf9d4cKo0l,drink,drink,62,train,1079.0,asllex,sole gloss,jjeUdFPqMJUf9d4cKo0l.npy
jwvUUKrO17femWNMNeVY,drink,drink,59,train,1534.0,asllex,sole gloss,jwvUUKrO17femWNMNeVY.npy
k3sKf5R7ztyfAQxB0jWc,drink,drink,7,val,2061.0,asllex,sole gloss,k3sKf5R7ztyfAQxB0jWc.npy
k9NQxiDoppdd3ToLFA4V,drink,drink,42,train,1655.0,freetext,sole gloss,k9NQxiDoppdd3ToLFA4V.npy
kt4ZphYIlkkVxkK3wjY2,drink,drink,35,val,1319.0,asllex,sole gloss,kt4ZphYIlkkVxkK3wjY2.npy
lmwqB5TSCwYWJCgrZmU2,drink,drink,80,train,1462.0,asllex,sole gloss,lmwqB5TSCwYWJCgrZmU2.npy
lvjeePYjnQi0D4lRlLQi,drink,drink,84,val,1150.0,asllex,sole gloss,lvjeePYjnQi0D4lRlLQi.npy
maXLdDyKWsSYkXOkXvpo,drink,drink,62,train,1155.0,asllex,sole gloss,maXLdDyKWsSYkXOkXvpo.npy
mweNjro9650QV3Ih9YCp,drink,drink,7,train,2028.0,asllex,sole gloss,mweNjro9650QV3Ih9YCp.npy
n2pCoOdP2y1J1iHCxtAq,drink,drink,42,train,1611.0,freetext,sole gloss,n2pCoOdP2y1J1iHCxtAq.npy
n5uAq5JyVudnSoxkQdP3,drink,drink,49,train,1818.0,freetext,sole gloss,n5uAq5JyVudnSoxkQdP3.npy
n8nEx48XSEj0GyLXSKv3,drink,drink,48,test,2034.0,asllex,sole gloss,n8nEx48XSEj0GyLXSKv3.npy
nEm2Ky1T9Y3FqdIavjyk,drink,drink,7,train,2452.0,asllex,sole gloss,nEm2Ky1T9Y3FqdIavjyk.npy
niFtchlpS2C8qBEVaXz8,drink,drink,14,train,1374.0,asllex,sole gloss,niFtchlpS2C8qBEVaXz8.npy
o4NRqDAdYDIaYomItSky,drink,drink,39,train,4928.0,asllex,sole gloss,o4NRqDAdYDIaYomItSky.npy
p66hqj4jaWXlsFE2oLn4,drink,drink,57,test,1755.0,asllex,sole gloss,p66hqj4jaWXlsFE2oLn4.npy
p6a1ZRX2B8MRWG3nwI6t,drink,drink,88,train,1669.0,asllex,sole gloss,p6a1ZRX2B8MRWG3nwI6t.npy
pF3NxbNGnuuGQF2A3F76,drink,drink,57,test,2117.0,asllex,sole gloss,pF3NxbNGnuuGQF2A3F76.npy
pTW1CFwkjiGqLRJaxmbx,drink,drink,61,test,1484.0,asllex,sole gloss,pTW1CFwkjiGqLRJaxmbx.npy
pZOAobfL3u6V9E01tD7i,drink,drink,30,train,1687.0,freetext,sole gloss,pZOAobfL3u6V9E01tD7i.npy
po64VtzEiWRLhu86tqG7,drink,drink,78,train,2350.0,asllex,sole gloss,po64VtzEiWRLhu86tqG7.npy
qHkGjHOhXrrmk8SBnqgu,drink,drink,35,train,1189.0,asllex,sole gloss,qHkGjHOhXrrmk8SBnqgu.npy
qnRJrFNiRRHfoZowX5Af,drink,drink,88,train,2397.0,asllex,sole gloss,qnRJrFNiRRHfoZowX5Af.npy
rGyiZA2d7IVqStf1OTnG,drink,drink,84,train,2319.0,asllex,sole gloss,rGyiZA2d7IVqStf1OTnG.npy
rn3qNhRPXQg6TG1fF7Et,drink,drink,78,train,2825.0,asllex,sole gloss,rn3qNhRPXQg6TG1fF7Et.npy
rrKuGDJlE3bH9Jplgf61,drink,drink,30,train,1488.0,asllex,sole gloss,rrKuGDJlE3bH9Jplgf61.npy
tIrmKO7vE1rhKD6DwyzQ,drink,drink,7,train,2183.0,asllex,sole gloss,tIrmKO7vE1rhKD6DwyzQ.npy
tM9PuWZYnQKzD631VjIZ,drink,drink,35,val,1288.0,asllex,sole gloss,tM9PuWZYnQKzD631VjIZ.npy
tMFDSQpt3eYOrdBiQ4Ms,drink,drink,59,train,1830.0,asllex,sole gloss,tMFDSQpt3eYOrdBiQ4Ms.npy
tkKh63cc08bI4s476E3L,drink,drink,62,val,1072.0,asllex,sole gloss,tkKh63cc08bI4s476E3L.npy
tnV7UxASswhUwnZgTxOL,drink,drink,30,train,1782.0,asllex,sole gloss,tnV7UxASswhUwnZgTxOL.npy
uGenOIMqo42s5T2vIcO9,drink,drink,62,train,1029.0,asllex,sole gloss,uGenOIMqo42s5T2vIcO9.npy
uKW1zARiAktWfD8X0xW1,drink,drink,8,val,1520.0,asllex,sole gloss,uKW1zARiAktWfD8X0xW1.npy
ut7lPieJ8D0nHZq2Aukt,drink,drink,54,train,3575.0,asllex,sole gloss,ut7lPieJ8D0nHZq2Aukt.npy
vJTqWVTb0cixy1mTS44U,drink,drink,62,train,1012.0,asllex,sole gloss,vJTqWVTb0cixy1mTS44U.npy
vNrco81ZkxItZH0vvMR2,drink,drink,49,train,801.0,asllex,sole gloss,vNrco81ZkxItZH0vvMR2.npy
vTXZAX9LqPNHMtux9Fys,drink,drink,88,val,3984.0,asllex,sole gloss,vTXZAX9LqPNHMtux9Fys.npy
vpF2dW0cSbGKCb77fFyj,drink,drink,8,train,1433.0,freetext,sole gloss,vpF2dW0cSbGKCb77fFyj.npy
wU5yLqqAG3qOARYZJiJ0,drink,drink,38,train,2909.0,freetext,sole gloss,wU5yLqqAG3qOARYZJiJ0.npy
wcg1VCxK10rnmV9RMRAJ,drink,drink,43,val,2838.0,asllex,sole gloss,wcg1VCxK10rnmV9RMRAJ.npy
x8uESj41gmREV3zOGf8r,drink,drink,53,test,2147.0,asllex,sole gloss,x8uESj41gmREV3zOGf8r.npy
xAlfhTJoJ2Am04Hl8eju,drink,drink,57,test,1825.0,asllex,sole gloss,xAlfhTJoJ2Am04Hl8eju.npy
xO69rlB9buqCjSLd5E7r,drink,drink,48,test,1161.0,asllex,sole gloss,xO69rlB9buqCjSLd5E7r.npy
xX5q6buQWx55g4KmyxkY,drink,drink,7,train,2071.0,asllex,sole gloss,xX5q6buQWx55g4KmyxkY.npy
xedjBRdQKHk6vDXGBvhS,drink,drink,88,train,2850.0,asllex,sole gloss,xedjBRdQKHk6vDXGBvhS.npy
xhF3RnJo4SL0rQDxpKOw,drink,drink,23,train,1868.0,asllex,sole gloss,xhF3RnJo4SL0rQDxpKOw.npy
xtKByHDaKuGlNgwhGM8E,drink,drink,35,train,1460.0,asllex,sole gloss,xtKByHDaKuGlNgwhGM8E.npy
xux2TbFwN5di6ncpOFsg,drink,drink,84,train,2411.0,asllex,sole gloss,xux2TbFwN5di6ncpOFsg.npy
yE5jsE0JpDXPhITnA1QR,drink,drink,62,train,1310.0,asllex,sole gloss,yE5jsE0JpDXPhITnA1QR.npy
yj0WYgvaObBe6xBdb83M,drink,drink,35,train,1234.0,asllex,sole gloss,yj0WYgvaObBe6xBdb83M.npy
z5acxyvB6d3V4JRN5AxX,drink,drink,57,test,1223.0,asllex,sole gloss,z5acxyvB6d3V4JRN5AxX.npy
z6hhjBWlIml2pLJNruke,drink,drink,35,val,1378.0,asllex,sole gloss,z6hhjBWlIml2pLJNruke.npy
6o1q82MbINDml8GYnghk,ear,ear,84,val,2629.0,asllex,sole gloss,6o1q82MbINDml8GYnghk.npy
6se9DpemT1ToEXYKihB3,ear,ear,84,train,2064.0,asllex,sole gloss,6se9DpemT1ToEXYKihB3.npy
7lKW528iN8SYpPRej0R4,ear,ear,84,train,1448.0,asllex,sole gloss,7lKW528iN8SYpPRej0R4.npy
8XpasLvOcV7ZPVyDchbr,ear,ear,46,train,2375.0,freetext,sole gloss,8XpasLvOcV7ZPVyDchbr.npy
8xMIRxprXMMFG2BVC4Q1,ear,ear,49,val,1402.0,asllex,sole gloss,8xMIRxprXMMFG2BVC4Q1.npy
B3qOyIr1Cxt5bg1SkPmP,ear,ear,49,train,1132.0,asllex,sole gloss,B3qOyIr1Cxt5bg1SkPmP.npy
ES3jOevw6eC3RJ1IJa32,ear,ear,78,train,2938.0,asllex,sole gloss,ES3jOevw6eC3RJ1IJa32.npy
K9fm9rkFcAsmDTu8BafD,ear,ear,24,train,4601.0,freetext,sole gloss,K9fm9rkFcAsmDTu8BafD.npy
LJMi4WWC0iwXiyFaIWO8,ear,ear,88,train,2677.0,asllex,sole gloss,LJMi4WWC0iwXiyFaIWO8.npy
MMFZCpmnDC4rVfhLXiwA,ear,ear,88,train,2319.0,asllex,sole gloss,MMFZCpmnDC4rVfhLXiwA.npy
OATbRMbiZXmvy04a3ZXr,ear,ear,23,train,1932.0,asllex,sole gloss,OATbRMbiZXmvy04a3ZXr.npy
RzPXZWyqEgvhdNwQfv0k,ear,ear,61,test,1487.0,asllex,sole gloss,RzPXZWyqEgvhdNwQfv0k.npy
TuDB8xIY0GWQ9pwvwGKk,ear,ear,35,train,1933.0,asllex,sole gloss,TuDB8xIY0GWQ9pwvwGKk.npy
a6TPktFDHgVmJKm8u7vX,ear,ear,42,train,1672.0,asllex,sole gloss,a6TPktFDHgVmJKm8u7vX.npy
bROUuYTxnnSeoT79FyIe,ear,ear,7,val,3376.0,asllex,sole gloss,bROUuYTxnnSeoT79FyIe.npy
gEx4NxHBnb3beKkA3OLH,ear,ear,39,train,3810.0,asllex,sole gloss,gEx4NxHBnb3beKkA3OLH.npy
grdnZIHhvBUquqTctiRE,ear,ear,49,train,2694.0,asllex,sole gloss,grdnZIHhvBUquqTctiRE.npy
mS08trqQ9bCNbiUmjMQS,ear,ear,7,val,1936.0,asllex,sole gloss,mS08trqQ9bCNbiUmjMQS.npy
u9qcnSBJTXFaKzZsJG1i,ear,ear,84,val,1904.0,asllex,sole gloss,u9qcnSBJTXFaKzZsJG1i.npy
xQBktnQ7BMTknVHICijs,ear,ear,30,val,2029.0,freetext,sole gloss,xQBktnQ7BMTknVHICijs.npy
zvlf5d58NoBycXIZ2Y6X,ear,ear,39,train,4340.0,asllex,sole gloss,zvlf5d58NoBycXIZ2Y6X.npy
3k3dix0KVYhWZA8I1hBy,eat,eat,42,train,1768.0,freetext,sole gloss,3k3dix0KVYhWZA8I1hBy.npy
5LVMRxywSNRsTrQxepMw,eat,eat,49,train,784.0,freetext,sole gloss,5LVMRxywSNRsTrQxepMw.npy
6FD6rt440kVzjiuxCZui,eat,eat,49,train,1635.0,freetext,sole gloss,6FD6rt440kVzjiuxCZui.npy
G93f8emnpjrcYeAQEtwi,eat,eat,8,val,2301.0,freetext,sole gloss,G93f8emnpjrcYeAQEtwi.npy
KeUfw9nY8UpQdP74eeRe,eat,eat,48,test,2095.0,freetext,sole gloss,KeUfw9nY8UpQdP74eeRe.npy
Kmwn8J2VvLkSQ2FFk6Yi,eat,eat,46,train,4783.0,freetext,sole gloss,Kmwn8J2VvLkSQ2FFk6Yi.npy
Mnyw3wZlOkEBy39ZdiGs,eat,eat,62,val,1101.0,freetext,sole gloss,Mnyw3wZlOkEBy39ZdiGs.npy
R0P8oYhZIMXMoAZqYDvY,eat,eat,62,train,940.0,freetext,sole gloss,R0P8oYhZIMXMoAZqYDvY.npy
RW9OkcrsMafyRkTRkhV8,eat,eat,78,train,1730.0,freetext,sole gloss,RW9OkcrsMafyRkTRkhV8.npy
VMiP6AWPY2GiYQ5qk1cC,eat,eat,42,train,2505.0,freetext,sole gloss,VMiP6AWPY2GiYQ5qk1cC.npy
W4FotnsCvdm7kN1IJIbk,eat,eat,39,train,2725.0,freetext,sole gloss,W4FotnsCvdm7kN1IJIbk.npy
XF79M4uad9bdgoFajYgm,eat,eat,38,train,3139.0,freetext,sole gloss,XF79M4uad9bdgoFajYgm.npy
XI0I38TJQcEp9gKGiIdU,eat,eat,80,train,1857.0,freetext,sole gloss,XI0I38TJQcEp9gKGiIdU.npy
XJT6g7pg2y9aEl8S5Sh7,eat,eat,12,val,2019.0,freetext,sole gloss,XJT6g7pg2y9aEl8S5Sh7.npy
aw9wXPJdBqsWS1U8FspP,eat,eat,35,train,1428.0,freetext,sole gloss,aw9wXPJdBqsWS1U8FspP.npy
bQ2zMWeLzgR4jYgAyjIl,eat,eat,62,val,995.0,freetext,sole gloss,bQ2zMWeLzgR4jYgAyjIl.npy
klpQzMFYIxXIKbNhWynI,eat,eat,46,train,5220.0,freetext,sole gloss,klpQzMFYIxXIKbNhWynI.npy
mnvQmO8hIcJIjq0D1gWq,eat,eat,78,train,2550.0,freetext,sole gloss,mnvQmO8hIcJIjq0D1gWq.npy
q6vrENkyfz6gCieMHDRH,eat,eat,31,train,1362.0,freetext,sole gloss,q6vrENkyfz6gCieMHDRH.npy
qWpHM5F9aLvYaXxffhuP,eat,eat,60,train,801.0,freetext,sole gloss,qWpHM5F9aLvYaXxffhuP.npy
sQXcrawxT6hNUWqrlZgd,eat,eat,30,train,1794.0,freetext,sole gloss,sQXcrawxT6hNUWqrlZgd.npy
sXuqPMHyBEZZhusfh3hI,eat,eat,49,train,1070.0,freetext,sole gloss,sXuqPMHyBEZZhusfh3hI.npy
skPiDpfID0yuDhFoBlbe,eat,eat,62,train,915.0,freetext,sole gloss,skPiDpfID0yuDhFoBlbe.npy
ukuUBOlPxZBHRWqSiWim,eat,eat,39,train,3480.0,freetext,sole gloss,ukuUBOlPxZBHRWqSiWim.npy
vMIdTApflo3ky3i7Niut,eat,eat,38,val,3579.0,freetext,sole gloss,vMIdTApflo3ky3i7Niut.npy
vbngKBNhX0geQRERmB3T,eat,eat,30,val,2475.0,freetext,sole gloss,vbngKBNhX0geQRERmB3T.npy
vj62d52XqigH7TmRXert,eat,eat,42,train,1120.0,freetext,sole gloss,vj62d52XqigH7TmRXert.npy
wzh3ViCQCgBkUm72FTFW,eat,eat,35,train,1569.0,freetext,sole gloss,wzh3ViCQCgBkUm72FTFW.npy
0lsgYD5ETeEZD7eFc7o4,eyes,eye,14,train,3614.0,asllex,sole gloss,0lsgYD5ETeEZD7eFc7o4.npy
3Hm1XGDrokOL3PiPbe4N,eyes,eye,84,train,1745.0,asllex,sole gloss,3Hm1XGDrokOL3PiPbe4N.npy
3YAYIWi668sWy2vIUXcR,eyes,eye,63,train,1734.0,asllex,sole gloss,3YAYIWi668sWy2vIUXcR.npy
4A5VQ7N9owkub0TgdjyG,eyes,eye,85,train,2152.0,asllex,sole gloss,4A5VQ7N9owkub0TgdjyG.npy
4rnMEvnY0AysGvhZuhLC,eyes,eye,42,val,1621.0,freetext,sole gloss,4rnMEvnY0AysGvhZuhLC.npy
4uUSLDR4WJYDGWf4i8Ka,eyes,eye,62,train,1088.0,asllex,sole gloss,4uUSLDR4WJYDGWf4i8Ka.npy
5MfFX9pDm5Rm71IUvsnu,eyes,eye,7,val,3032.0,asllex,sole gloss,5MfFX9pDm5Rm71IUvsnu.npy
65VbnbGe7fVhMItdWYfd,eyes,eye,62,train,1233.0,asllex,sole gloss,65VbnbGe7fVhMItdWYfd.npy
6Dn11btRUgz0EBzj6a0s,eyes,eye,88,train,4340.0,asllex,sole gloss,6Dn11btRUgz0EBzj6a0s.npy
7vMxVnExujChRXxIXAG9,eyes,eye,7,train,2217.0,asllex,sole gloss,7vMxVnExujChRXxIXAG9.npy
7yyR2IZVX0bCUHKhdHPX,eyes,eye,12,val,2352.0,asllex,sole gloss,7yyR2IZVX0bCUHKhdHPX.npy
8GX7HWRtZI4D3NKbVk2D,eyes,eye,8,train,1304.0,asllex,sole gloss,8GX7HWRtZI4D3NKbVk2D.npy
B8kbTkkhhreKTaWkCaBd,eyes,eye,7,train,2038.0,asllex,sole gloss,B8kbTkkhhreKTaWkCaBd.npy
CYH8jgrqXQXukeofVGEK,eyes,eye,61,test,1891.0,asllex,sole gloss,CYH8jgrqXQXukeofVGEK.npy
CgQ3rYItjdUjhemY8LD2,eyes,eye,84,train,1295.0,asllex,sole gloss,CgQ3rYItjdUjhemY8LD2.npy
E1xhb4mzgFLuwDLsXy2x,eyes,eye,15,train,1848.0,asllex,sole gloss,E1xhb4mzgFLuwDLsXy2x.npy
E7xRCTHZQ84D6ckx3iwr,eyes,eye,7,train,2455.0,asllex,sole gloss,E7xRCTHZQ84D6ckx3iwr.npy
Eo4Ki6dcUH716hZFRCDF,eyes,eye,24,train,3536.0,asllex,sole gloss,Eo4Ki6dcUH716hZFRCDF.npy
Fyla06iLZg9JQLLFQ4Wb,eyes,eye,57,test,1199.0,asllex,sole gloss,Fyla06iLZg9JQLLFQ4Wb.npy
HbYNPJxlzToPtHN94PHl,eyes,eye,46,train,2768.0,asllex,sole gloss,HbYNPJxlzToPtHN94PHl.npy
IwykLsSBXYn6ctOChqCl,eyes,eye,88,train,2310.0,asllex,sole gloss,IwykLsSBXYn6ctOChqCl.npy
Nq064fjTA7OBzJWLUzSb,eyes,eye,46,train,1806.0,asllex,sole gloss,Nq064fjTA7OBzJWLUzSb.npy
PJ5tdw1laOsaNCyxifhf,eyes,eye,35,train,1369.0,asllex,sole gloss,PJ5tdw1laOsaNCyxifhf.npy
QLlQMAtEZxFfonriqIaT,eyes,eye,7,train,2426.0,asllex,sole gloss,QLlQMAtEZxFfonriqIaT.npy
SoJ8fqqHdDsDphyjaNSs,eyes,eye,8,train,1549.0,asllex,sole gloss,SoJ8fqqHdDsDphyjaNSs.npy
SyZ5Zgo6x4eyI47Rz19H,eyes,eye,57,test,2147.0,asllex,sole gloss,SyZ5Zgo6x4eyI47Rz19H.npy
TFqLHQAZ22eX8g7ZAnrD,eyes,eye,88,train,3193.0,asllex,sole gloss,TFqLHQAZ22eX8g7ZAnrD.npy
UVpRdLhFB7SovWVaGSaB,eyes,eye,7,train,2532.0,asllex,sole gloss,UVpRdLhFB7SovWVaGSaB.npy
WeIvgyjoG3n6qicnYFzi,eyes,eye,7,train,3083.0,asllex,sole gloss,WeIvgyjoG3n6qicnYFzi.npy
XYUTdreVKpEIcWCUPUFb,eyes,eye,7,val,2756.0,asllex,sole gloss,XYUTdreVKpEIcWCUPUFb.npy
YBqY4Qr8FZLtdEy4i3kN,eyes,eye,84,train,1210.0,asllex,sole gloss,YBqY4Qr8FZLtdEy4i3kN.npy
Z7HGe6Vx2lNnRpGiW7ZZ,eyes,eye,88,train,2239.0,asllex,sole gloss,Z7HGe6Vx2lNnRpGiW7ZZ.npy
aG2OEnIFwcKwHvzIGgYD,eyes,eye,62,val,975.0,asllex,sole gloss,aG2OEnIFwcKwHvzIGgYD.npy
bTEXvVVlJIhlJN8oH6gt,eyes,eye,7,val,3231.0,asllex,sole gloss,bTEXvVVlJIhlJN8oH6gt.npy
e3QpjIiZsI97Ufu1vHKp,eyes,eye,49,val,1036.0,asllex,sole gloss,e3QpjIiZsI97Ufu1vHKp.npy
eNjsRcOWiCe2CaCfjZO8,eyes,eye,84,train,2107.0,asllex,sole gloss,eNjsRcOWiCe2CaCfjZO8.npy
fgRFns0iZeV8mX4bRHBf,eyes,eye,62,train,1250.0,asllex,sole gloss,fgRFns0iZeV8mX4bRHBf.npy
jGm1F63STQ6SHEfyVMm1,eyes,eye,57,test,658.0,asllex,sole gloss,jGm1F63STQ6SHEfyVMm1.npy
kHvPr7prIyDTWDKsWTGt,eyes,eye,84,train,1436.0,asllex,sole gloss,kHvPr7prIyDTWDKsWTGt.npy
lnjtbZ7uXg3knjNTS2XZ,eyes,eye,48,test,1806.0,asllex,sole gloss,lnjtbZ7uXg3knjNTS2XZ.npy
mTLQTJbZQglGjdqG3CYU,eyes,eye,39,train,2419.0,asllex,sole gloss,mTLQTJbZQglGjdqG3CYU.npy
nLZAEzQRn5MarYIN6d00,eyes,eye,30,val,1777.0,asllex,sole gloss,nLZAEzQRn5MarYIN6d00.npy
pzNXn25NQg1IG1zaaLSR,eyes,eye,80,train,2761.0,asllex,sole gloss,pzNXn25NQg1IG1zaaLSR.npy
r8roEInbBvnQiR9276nA,eyes,eye,88,val,1899.0,asllex,sole gloss,r8roEInbBvnQiR9276nA.npy
ramsThzZ8exWfVaKNCY3,eyes,eye,43,train,3736.0,asllex,sole gloss,ramsThzZ8exWfVaKNCY3.npy
s498CsT39D3GPQ30JTbF,eyes,eye,88,val,3610.0,asllex,sole gloss,s498CsT39D3GPQ30JTbF.npy
spyKFFftr57njTPrn2MN,eyes,eye,62,train,1257.0,asllex,sole gloss,spyKFFftr57njTPrn2MN.npy
tz91FBE88gZw509dzalf,eyes,eye,64,test,2709.0,asllex,sole gloss,tz91FBE88gZw509dzalf.npy
vwKrksRGso6zY5Tj98TW,eyes,eye,35,train,1585.0,asllex,sole gloss,vwKrksRGso6zY5Tj98TW.npy
wuErnsKFho3kphH0PbCw,eyes,eye,42,train,1256.0,asllex,sole gloss,wuErnsKFho3kphH0PbCw.npy
xCOM2s7JwibxaokWtNe6,eyes,eye,84,val,1562.0,asllex,sole gloss,xCOM2s7JwibxaokWtNe6.npy
zoZNwYwWdija1kWzPn4e,eyes,eye,8,train,1544.0,asllex,sole gloss,zoZNwYwWdija1kWzPn4e.npy
0DsSIihnydNfAVkD9xe7,face,face,7,val,2683.0,asllex,sole gloss,0DsSIihnydNfAVkD9xe7.npy
1Ul1RBmegrt35sOFLy7s,face,face,35,train,2119.0,asllex,sole gloss,1Ul1RBmegrt35sOFLy7s.npy
49zw7Vq8T3uteTq73Abm,face,face,49,val,1520.0,asllex,sole gloss,49zw7Vq8T3uteTq73Abm.npy
4DJgmhNTtxIUGy2funU5,face,face,7,val,2111.0,asllex,sole gloss,4DJgmhNTtxIUGy2funU5.npy
5WO5hwSKrkGnv2UKTlCl,face,face,80,val,2131.0,asllex,sole gloss,5WO5hwSKrkGnv2UKTlCl.npy
77VvonsCtrLHCYnTTYyq,face,face,7,train,2228.0,asllex,sole gloss,77VvonsCtrLHCYnTTYyq.npy
7b1S2KToGlJ7GKdQsH8T,face,face,88,train,1938.0,asllex,sole gloss,7b1S2KToGlJ7GKdQsH8T.npy
Aui9TkSpRZMGw6WPIQUi,face,face,53,test,2107.0,asllex,sole gloss,Aui9TkSpRZMGw6WPIQUi.npy
Bu35ghH7kvQckmZqghWr,face,face,88,train,2114.0,asllex,sole gloss,Bu35ghH7kvQckmZqghWr.npy
CJR5Dv4JlPpisz84gBd0,face,face,88,val,3588.0,asllex,sole gloss,CJR5Dv4JlPpisz84gBd0.npy
CQoxGebx7VVnhw7QHGOm,face,face,48,test,1240.0,asllex,sole gloss,CQoxGebx7VVnhw7QHGOm.npy
DM5tqg1P1fgxzLRF1ga1,face,face,39,train,2742.0,asllex,sole gloss,DM5tqg1P1fgxzLRF1ga1.npy
DyL9cXodGzuQwVn7BApT,face,face,7,val,2703.0,asllex,sole gloss,DyL9cXodGzuQwVn7BApT.npy
FR98BGmZ9flERVOUWGhl,face,face,84,train,1633.0,asllex,sole gloss,FR98BGmZ9flERVOUWGhl.npy
Ix43fyDLOpo6iHKEkaKg,face,face,35,train,1469.0,asllex,sole gloss,Ix43fyDLOpo6iHKEkaKg.npy
JEeHP3bumsHeWN9kEl0T,face,face,14,train,1681.0,asllex,sole gloss,JEeHP3bumsHeWN9kEl0T.npy
O8XAy0hSXpILhADkirjt,face,face,46,train,1752.0,asllex,sole gloss,O8XAy0hSXpILhADkirjt.npy
OGolof2TZlOvdfQMJwB2,face,face,7,train,2938.0,asllex,sole gloss,OGolof2TZlOvdfQMJwB2.npy
S9gHOQt7QwoYWihEXEf1,face,face,39,train,3081.0,asllex,sole gloss,S9gHOQt7QwoYWihEXEf1.npy
TAuz3gOsA0IpxWgTuBoE,face,face,39,train,2358.0,asllex,sole gloss,TAuz3gOsA0IpxWgTuBoE.npy
VkYVJsaemccumN3W6I4C,face,face,46,train,3781.0,asllex,sole gloss,VkYVJsaemccumN3W6I4C.npy
Yys3I8UciSH9R0XQl2dZ,face,face,88,train,3196.0,asllex,sole gloss,Yys3I8UciSH9R0XQl2dZ.npy
ZRo3vzmsdAE5FsYEAAHq,face,face,7,train,2708.0,asllex,sole gloss,ZRo3vzmsdAE5FsYEAAHq.npy
ahGB393YqlJg8nTBcVZa,face,face,84,train,1532.0,freetext,sole gloss,ahGB393YqlJg8nTBcVZa.npy
dyf9YlHaeW4geSHq5PXH,face,face,7,train,2451.0,asllex,sole gloss,dyf9YlHaeW4geSHq5PXH.npy
g8rm34gVVYvkLFtay3kx,face,face,42,val,1659.0,freetext,sole gloss,g8rm34gVVYvkLFtay3kx.npy
i6NVXdoTIR0X2GFhHyCX,face,face,42,val,1815.0,asllex,sole gloss,i6NVXdoTIR0X2GFhHyCX.npy
obgHnbOaVjPpmIMvWRef,face,face,49,val,1534.0,asllex,sole gloss,obgHnbOaVjPpmIMvWRef.npy
tSDggZIVeK0SEzRVJpc0,face,face,54,train,1432.0,freetext,sole gloss,tSDggZIVeK0SEzRVJpc0.npy
uq7y00eGsinClUwqOBaO,face,face,84,train,1275.0,asllex,sole gloss,uq7y00eGsinClUwqOBaO.npy
vDQnlDnB4PqFwONnT8Yw,face,face,61,test,2161.0,asllex,sole gloss,vDQnlDnB4PqFwONnT8Yw.npy
vDdDBcMHCsmoq1OfcZdC,face,face,84,train,1201.0,asllex,sole gloss,vDdDBcMHCsmoq1OfcZdC.npy
7Qw3UF8FtrfqpIN5YdJV,faint,faint,53,test,2778.0,asllex,sole gloss,7Qw3UF8FtrfqpIN5YdJV.npy
LFx8NcUVG4v3u1DLI105,faint,faint,35,train,1460.0,asllex,sole gloss,LFx8NcUVG4v3u1DLI105.npy
eXCs4bbiOWF4Z5PPYBf9,faint,faint,50,test,2525.0,freetext,sole gloss,eXCs4bbiOWF4Z5PPYBf9.npy
fcaFjZn1FH2zgMcuLIpw,faint,faint,49,train,3108.0,asllex,sole gloss,fcaFjZn1FH2zgMcuLIpw.npy
k2iM3neKAPtDsT4YC7nj,faint,faint,50,test,1736.0,freetext,sole gloss,k2iM3neKAPtDsT4YC7nj.npy
ltKRUKQO99kBtULPLclf,faint,faint,38,val,2552.0,asllex,sole gloss,ltKRUKQO99kBtULPLclf.npy
n9GAOCbzAG9Y9O9CqyUU,faint,faint,49,train,2023.0,asllex,sole gloss,n9GAOCbzAG9Y9O9CqyUU.npy
xfTHLjoj7nHxibM57Vfz,faint,faint,57,test,2215.0,freetext,sole gloss,xfTHLjoj7nHxibM57Vfz.npy
0lhGywh9g5ZnhZ78neC7,family,family,59,train,1456.0,asllex,sole gloss,0lhGywh9g5ZnhZ78neC7.npy
1wSphmzVIln6V5rRMexO,family,family,59,train,3200.0,asllex,sole gloss,1wSphmzVIln6V5rRMexO.npy
30pH2l7SCkVPIcYIVbk8,family,family,43,val,4033.0,asllex,sole gloss,30pH2l7SCkVPIcYIVbk8.npy
37xADij0aw3JF4d2gsRz,family,family,54,train,3625.0,asllex,sole gloss,37xADij0aw3JF4d2gsRz.npy
3AABrLorVpUmlvvaF9Rs,family,family,7,train,1984.0,asllex,sole gloss,3AABrLorVpUmlvvaF9Rs.npy
3Lb3cO6RbE7w7TkvQY10,family,family,57,test,1516.0,asllex,sole gloss,3Lb3cO6RbE7w7TkvQY10.npy
3TKM6X2XfVyeVUji7NG2,family,family,17,train,1578.0,asllex,sole gloss,3TKM6X2XfVyeVUji7NG2.npy
3ae0hGxcT5jh7xDMdtrC,family,family,84,train,1469.0,asllex,sole gloss,3ae0hGxcT5jh7xDMdtrC.npy
48mSDybapwaQ7otyNtKx,family,family,14,train,2497.0,asllex,sole gloss,48mSDybapwaQ7otyNtKx.npy
4ImBRJNo49JX3ogSybVI,family,family,35,train,1620.0,asllex,sole gloss,4ImBRJNo49JX3ogSybVI.npy
4YNNfULlNj8zwH0BteeJ,family,family,59,train,1760.0,asllex,sole gloss,4YNNfULlNj8zwH0BteeJ.npy
4yM80atV593O6GvHi6CF,family,family,11,train,2157.0,asllex,sole gloss,4yM80atV593O6GvHi6CF.npy
5L1wGX4GmE1VWWASIKvh,family,family,85,train,3051.0,asllex,sole gloss,5L1wGX4GmE1VWWASIKvh.npy
60Qhyp7Kk7ZSTW3zuxtn,family,family,48,test,1589.0,asllex,sole gloss,60Qhyp7Kk7ZSTW3zuxtn.npy
6PhOYmMIamDNmJMgEbFp,family,family,14,val,4242.0,asllex,sole gloss,6PhOYmMIamDNmJMgEbFp.npy
6btbcnm4fBEzXYEzZryt,family,family,64,test,1756.0,asllex,sole gloss,6btbcnm4fBEzXYEzZryt.npy
6pmyrWHLXXtopcnQRdQ3,family,family,39,val,3293.0,asllex,sole gloss,6pmyrWHLXXtopcnQRdQ3.npy
6vLBgD5HsXMWjEEnhHEy,family,family,48,test,1266.0,asllex,sole gloss,6vLBgD5HsXMWjEEnhHEy.npy
6zCoaSdLfV0EKbBrTPQR,family,family,35,train,1638.0,asllex,sole gloss,6zCoaSdLfV0EKbBrTPQR.npy
7O0peccB0cwkyp7WyfhO,family,family,78,val,1983.0,asllex,sole gloss,7O0peccB0cwkyp7WyfhO.npy
87pCVzgFY6m1Yw5SjZaf,family,family,63,train,1647.0,asllex,sole gloss,87pCVzgFY6m1Yw5SjZaf.npy
8PNZeRD679FnlZ9NFceg,family,family,48,test,1647.0,asllex,sole gloss,8PNZeRD679FnlZ9NFceg.npy
8U0SA3oMzcy4WMNdQeot,family,family,57,test,1397.0,asllex,sole gloss,8U0SA3oMzcy4WMNdQeot.npy
8qpQsOPBA9hno2WVyLWO,family,family,17,train,1562.0,asllex,sole gloss,8qpQsOPBA9hno2WVyLWO.npy
90Sb6inmxZdZnGq7Byy7,family,family,17,val,1910.0,asllex,sole gloss,90Sb6inmxZdZnGq7Byy7.npy
9Ezwn2A1m8bU2FWTDDME,family,family,49,train,1304.0,asllex,sole gloss,9Ezwn2A1m8bU2FWTDDME.npy
9JQ6QBhNjq11kUxg0oZt,family,family,48,test,1512.0,asllex,sole gloss,9JQ6QBhNjq11kUxg0oZt.npy
9XVbJgFGlM5jyBGaLeq8,family,family,57,test,1237.0,asllex,sole gloss,9XVbJgFGlM5jyBGaLeq8.npy
9ZyxwJT4G9zy0M39GcmU,family,family,62,train,997.0,asllex,sole gloss,9ZyxwJT4G9zy0M39GcmU.npy
9w4C77zkE1MEajexYWHy,family,family,88,val,2858.0,asllex,sole gloss,9w4C77zkE1MEajexYWHy.npy
AaRn2gw8MMZo1dlqyxpr,family,family,84,train,2368.0,asllex,sole gloss,AaRn2gw8MMZo1dlqyxpr.npy
Anf2FOzUsP7UOD2fnYcI,family,family,11,val,1548.0,asllex,sole gloss,Anf2FOzUsP7UOD2fnYcI.npy
Aph1XSCqKjeR9mA3nbhz,family,family,59,val,1649.0,asllex,sole gloss,Aph1XSCqKjeR9mA3nbhz.npy
ArEr6QSWmIRRIA8MdP88,family,family,57,test,2262.0,asllex,sole gloss,ArEr6QSWmIRRIA8MdP88.npy
B0d2MrFuu27DE2EJ6OGX,family,family,15,train,1242.0,asllex,sole gloss,B0d2MrFuu27DE2EJ6OGX.npy
B95cjdUYDI31ORqAkBDZ,family,family,84,train,2127.0,asllex,sole gloss,B95cjdUYDI31ORqAkBDZ.npy
BMRW6a9ve9xrkvXduLVw,family,family,59,val,1801.0,asllex,sole gloss,BMRW6a9ve9xrkvXduLVw.npy
BWD7lHzMMazQALjQXfGc,family,family,36,test,1915.0,asllex,sole gloss,BWD7lHzMMazQALjQXfGc.npy
C3jdO5Xmt8ezDnUkOzov,family,family,61,test,1329.0,asllex,sole gloss,C3jdO5Xmt8ezDnUkOzov.npy
CxA3da3XyuyCQFTM0AM5,family,family,17,train,1147.0,asllex,sole gloss,CxA3da3XyuyCQFTM0AM5.npy
DFgmT8tMVA8Msb4x3onl,family,family,33,test,2611.0,asllex,sole gloss,DFgmT8tMVA8Msb4x3onl.npy
DL5htx6znpZHxKxQETOy,family,family,39,train,2753.0,asllex,sole gloss,DL5htx6znpZHxKxQETOy.npy
DgcQcb8iHWFWR9aH1PV6,family,family,57,test,2171.0,asllex,sole gloss,DgcQcb8iHWFWR9aH1PV6.npy
Dh6t5zkRexrrZLpaB0aU,family,family,31,train,1551.0,asllex,sole gloss,Dh6t5zkRexrrZLpaB0aU.npy
DqQqSXIjrW26DDT7FQOj,family,family,48,test,1233.0,asllex,sole gloss,DqQqSXIjrW26DDT7FQOj.npy
E6FazEgSUKrRY5oOQuIl,family,family,14,val,1361.0,asllex,sole gloss,E6FazEgSUKrRY5oOQuIl.npy
ED1y0fEzjQTLQ6lsclRe,family,family,35,train,1385.0,asllex,sole gloss,ED1y0fEzjQTLQ6lsclRe.npy
EXoyudiomZBAiIdnqoVC,family,family,84,train,1424.0,asllex,sole gloss,EXoyudiomZBAiIdnqoVC.npy
Ek7uNfeeIyggDyJMcJxP,family,family,59,train,1911.0,asllex,sole gloss,Ek7uNfeeIyggDyJMcJxP.npy
F1OKT3JJ2vrspqS9dumz,family,family,11,train,2018.0,asllex,sole gloss,F1OKT3JJ2vrspqS9dumz.npy
FR9yNoy4vxd7T9G44mag,family,family,60,val,1657.0,asllex,sole gloss,FR9yNoy4vxd7T9G44mag.npy
FjWy7TW3ln8GDhJRjmKO,family,family,84,train,1929.0,asllex,sole gloss,FjWy7TW3ln8GDhJRjmKO.npy
Fln7xgUYkVa341VnxnHf,family,family,23,train,1442.0,asllex,sole gloss,Fln7xgUYkVa341VnxnHf.npy
GIfmxE6l46QEoYWnksdS,family,family,49,train,1442.0,asllex,sole gloss,GIfmxE6l46QEoYWnksdS.npy
GWAp22QWay6HRWlbAUC8,family,family,84,train,1766.0,asllex,sole gloss,GWAp22QWay6HRWlbAUC8.npy
GritvMDn0HdZZUQgS9oM,family,family,7,train,2128.0,asllex,sole gloss,GritvMDn0HdZZUQgS9oM.npy
Gvy9DAPzvujNebqN4oE0,family,family,50,test,2708.0,asllex,sole gloss,Gvy9DAPzvujNebqN4oE0.npy
Hg2fUCccwO066MrtZTJt,family,family,15,train,1290.0,asllex,sole gloss,Hg2fUCccwO066MrtZTJt.npy
HuTy0MIBa0KOBx0nqU0x,family,family,84,train,1273.0,asllex,sole gloss,HuTy0MIBa0KOBx0nqU0x.npy
ICSVobPRf6QrDZqP0wUJ,family,family,53,test,1789.0,asllex,sole gloss,ICSVobPRf6QrDZqP0wUJ.npy
ISCEsckuwPwQ12EooIzK,family,family,49,train,1236.0,asllex,sole gloss,ISCEsckuwPwQ12EooIzK.npy
Ik5tVFHjmdsIhiDl4SK1,family,family,7,train,3075.0,asllex,sole gloss,Ik5tVFHjmdsIhiDl4SK1.npy
J5gSH4mmnGP0uVgsZsLo,family,family,57,test,1351.0,asllex,sole gloss,J5gSH4mmnGP0uVgsZsLo.npy
JbCV2bexTVYR2EKztkr1,family,family,88,train,2050.0,asllex,sole gloss,JbCV2bexTVYR2EKztkr1.npy
K3O7fgLHhe4eXaC4Dk2U,family,family,39,train,1969.0,asllex,sole gloss,K3O7fgLHhe4eXaC4Dk2U.npy
KCBd80Jo29wXn5cKvicQ,family,family,48,test,1128.0,asllex,sole gloss,KCBd80Jo29wXn5cKvicQ.npy
LC8Z6abHdPsep10cS7hV,family,family,88,train,3729.0,asllex,sole gloss,LC8Z6abHdPsep10cS7hV.npy
LXgvGQpir9e0AeDlJjGm,family,family,33,test,1883.0,asllex,sole gloss,LXgvGQpir9e0AeDlJjGm.npy
MjGr2uzbUVARCm71F3eL,family,family,46,val,2004.0,asllex,sole gloss,MjGr2uzbUVARCm71F3eL.npy
N0yVbSXVITH8LQUvVcFr,family,family,35,val,1743.0,asllex,sole gloss,N0yVbSXVITH8LQUvVcFr.npy
N7VlDnpUMe4IN8Fo9u6G,family,family,30,train,1729.0,asllex,sole gloss,N7VlDnpUMe4IN8Fo9u6G.npy
OeXiD1h6YC8U0OSXcXeG,family,family,7,train,2027.0,asllex,sole gloss,OeXiD1h6YC8U0OSXcXeG.npy
OjPrlTPfUPnJ90wVWevx,family,family,49,train,1203.0,asllex,sole gloss,OjPrlTPfUPnJ90wVWevx.npy
P4h6jmYKLkU51z5AzD8d,family,family,14,train,3590.0,asllex,sole gloss,P4h6jmYKLkU51z5AzD8d.npy
PIccpqIAmbyEzHCwfvZj,family,family,57,test,2032.0,asllex,sole gloss,PIccpqIAmbyEzHCwfvZj.npy
Pr9jifRyo5tPyPBqUILG,family,family,85,train,2607.0,asllex,sole gloss,Pr9jifRyo5tPyPBqUILG.npy
QKlGhM1MRl7m01wPr8Z9,family,family,50,test,2922.0,asllex,sole gloss,QKlGhM1MRl7m01wPr8Z9.npy
QSHcclF2FeE1swW7Yc8V,family,family,84,val,1191.0,asllex,sole gloss,QSHcclF2FeE1swW7Yc8V.npy
Qjs86zOpxODaDcQsgslm,family,family,62,val,1108.0,asllex,sole gloss,Qjs86zOpxODaDcQsgslm.npy
RjoBQGMHY00lUQbpgnjP,family,family,35,train,1518.0,asllex,sole gloss,RjoBQGMHY00lUQbpgnjP.npy
SE6bS4HHEmUUh6hSzju3,family,family,85,train,2283.0,asllex,sole gloss,SE6bS4HHEmUUh6hSzju3.npy
SLB9aPpK7bVY4wjpCtvn,family,family,36,test,3636.0,asllex,sole gloss,SLB9aPpK7bVY4wjpCtvn.npy
SUTeNh7DffZZTawFrT2n,family,family,49,train,1454.0,asllex,sole gloss,SUTeNh7DffZZTawFrT2n.npy
Sg5SoLk5NDLMnYiutvbt,family,family,59,train,1344.0,asllex,sole gloss,Sg5SoLk5NDLMnYiutvbt.npy
Shzr8FjgQDDGhnAjliGQ,family,family,57,test,2652.0,asllex,sole gloss,Shzr8FjgQDDGhnAjliGQ.npy
SocISiuJAootfGw1W7IV,family,family,49,train,1408.0,asllex,sole gloss,SocISiuJAootfGw1W7IV.npy
TMbCgteOfuzzmXVKiCIT,family,family,30,val,1922.0,asllex,sole gloss,TMbCgteOfuzzmXVKiCIT.npy
TVOn9R4L3cy1EmE5ptuT,family,family,60,val,1251.0,asllex,sole gloss,TVOn9R4L3cy1EmE5ptuT.npy
TtLjiGkPK9D3M4cbYGmc,family,family,61,test,2639.0,asllex,sole gloss,TtLjiGkPK9D3M4cbYGmc.npy
UBqekoTeu2dzYNYY0naH,family,family,31,train,1217.0,asllex,sole gloss,UBqekoTeu2dzYNYY0naH.npy
VHgUMMsP6gmjjeC5pKol,family,family,62,train,905.0,asllex,sole gloss,VHgUMMsP6gmjjeC5pKol.npy
Vi6Pjak9NnygGwNzPLJE,family,family,59,val,2022.0,asllex,sole gloss,Vi6Pjak9NnygGwNzPLJE.npy
VmcoLA6eo6wvs73n9Mz7,family,family,62,train,1306.0,asllex,sole gloss,VmcoLA6eo6wvs73n9Mz7.npy
WNMd4vNk5VZhgq1OrSUN,family,family,62,val,1363.0,asllex,sole gloss,WNMd4vNk5VZhgq1OrSUN.npy
X7AqsiGsEk3Rf3VUkjVZ,family,family,11,val,1791.0,asllex,sole gloss,X7AqsiGsEk3Rf3VUkjVZ.npy
XAyhqBBLKL92dIRLJW8Q,family,family,57,test,1583.0,asllex,sole gloss,XAyhqBBLKL92dIRLJW8Q.npy
XQqiZpsyV9ceyc9nERmH,family,family,7,val,2624.0,asllex,sole gloss,XQqiZpsyV9ceyc9nERmH.npy
Y2wloaaWVizNij3cJzQv,family,family,7,train,2263.0,asllex,sole gloss,Y2wloaaWVizNij3cJzQv.npy
Y80vKCCFS9tCrrYTARYH,family,family,53,test,2092.0,asllex,sole gloss,Y80vKCCFS9tCrrYTARYH.npy
YDSaSzXppDeUP0iy1Dm6,family,family,84,train,1888.0,asllex,sole gloss,YDSaSzXppDeUP0iy1Dm6.npy
YP5wufYlobjIOrNkqfXV,family,family,39,train,3931.0,asllex,sole gloss,YP5wufYlobjIOrNkqfXV.npy
YU01N2lr5N0aBSL4noPj,family,family,84,val,1305.0,asllex,sole gloss,YU01N2lr5N0aBSL4noPj.npy
YulWxwMiivmpiLmpET2C,family,family,62,val,1164.0,asllex,sole gloss,YulWxwMiivmpiLmpET2C.npy
YvNV1UQDUjNrftNfjLAD,family,family,84,train,1273.0,asllex,sole gloss,YvNV1UQDUjNrftNfjLAD.npy
ZhJ5vnv3isY0N8nxdqCw,family,family,24,train,4372.0,asllex,sole gloss,ZhJ5vnv3isY0N8nxdqCw.npy
Zp82NyXMdEDehQc0WWwm,family,family,85,train,3272.0,asllex,sole gloss,Zp82NyXMdEDehQc0WWwm.npy
aETs3sv14Wx3W4I8idtz,family,family,35,train,1577.0,asllex,sole gloss,aETs3sv14Wx3W4I8idtz.npy
aPJDUvmBGk1DPjhebJXO,family,family,14,train,3068.0,asllex,sole gloss,aPJDUvmBGk1DPjhebJXO.npy
aezeVGlZ2SkHwsKPNs21,family,family,7,val,2139.0,asllex,sole gloss,aezeVGlZ2SkHwsKPNs21.npy
alrbnKT0NeQbUcErHpxz,family,family,35,train,1496.0,asllex,sole gloss,alrbnKT0NeQbUcErHpxz.npy
bDAyRVfliX3HerImStbP,family,family,48,test,1169.0,asllex,sole gloss,bDAyRVfliX3HerImStbP.npy
dMiWNAem0vDhkjACU9ol,family,family,35,val,1874.0,asllex,sole gloss,dMiWNAem0vDhkjACU9ol.npy
dsF7vHfpKViTufRHTWyU,family,family,50,test,2232.0,asllex,sole gloss,dsF7vHfpKViTufRHTWyU.npy
eEcP7xDezOighwGEbrLF,family,family,11,train,1547.0,asllex,sole gloss,eEcP7xDezOighwGEbrLF.npy
eknlFkOxfK2cy7Ws0fty,family,family,62,train,1087.0,asllex,sole gloss,eknlFkOxfK2cy7Ws0fty.npy
es7r7dpYkfem3sqBHHwA,family,family,48,test,2548.0,asllex,sole gloss,es7r7dpYkfem3sqBHHwA.npy
fKzy4FAJyL9B8iS1JFDJ,family,family,17,val,1664.0,asllex,sole gloss,fKzy4FAJyL9B8iS1JFDJ.npy
fO6XWCmnHuC7BEtjWP7J,family,family,48,test,1155.0,asllex,sole gloss,fO6XWCmnHuC7BEtjWP7J.npy
fPTDXqt554cTIN1cin06,family,family,35,train,1331.0,asllex,sole gloss,fPTDXqt554cTIN1cin06.npy
fSLImsBDLtEUzW1VIPaa,family,family,17,train,1588.0,asllex,sole gloss,fSLImsBDLtEUzW1VIPaa.npy
g7agmtX6BGPI3eAZAcyB,family,family,52,train,3177.0,asllex,sole gloss,g7agmtX6BGPI3eAZAcyB.npy
gGJixfpIv8ShaUuSUYZs,family,family,62,train,1146.0,asllex,sole gloss,gGJixfpIv8ShaUuSUYZs.npy
gfj2RM3eyd0JI5jPiTCF,family,family,48,test,1103.0,asllex,sole gloss,gfj2RM3eyd0JI5jPiTCF.npy
giuKs6DT5Zdh3J84JE0w,family,family,84,train,2432.0,asllex,sole gloss,giuKs6DT5Zdh3J84JE0w.npy
gnYLTXQjSJQTaiEGd30N,family,family,62,train,1128.0,asllex,sole gloss,gnYLTXQjSJQTaiEGd30N.npy
hBwclEuTDtt1jqrFTkvR,family,family,50,test,2345.0,asllex,sole gloss,hBwclEuTDtt1jqrFTkvR.npy
hMQubWNgkzvyvruJ4Jlc,family,family,8,train,1433.0,asllex,sole gloss,hMQubWNgkzvyvruJ4Jlc.npy
hhnwCssXhtiu8dDFMU2Y,family,family,61,test,1283.0,asllex,sole gloss,hhnwCssXhtiu8dDFMU2Y.npy
hzDA4NHoeZGVO4Bf0muO,family,family,63,train,1370.0,asllex,sole gloss,hzDA4NHoeZGVO4Bf0muO.npy
i848guAROoeJfyspKzUW,family,family,39,train,2599.0,asllex,sole gloss,i848guAROoeJfyspKzUW.npy
iFRgNPvlsboe5vElYMhJ,family,family,57,test,2498.0,asllex,sole gloss,iFRgNPvlsboe5vElYMhJ.npy
iIblC2u12fKom98xRn36,family,family,11,train,1649.0,asllex,sole gloss,iIblC2u12fKom98xRn36.npy
iKbYF8cVONa5yVuUHxC6,family,family,49,val,1752.0,asllex,sole gloss,iKbYF8cVONa5yVuUHxC6.npy
ivmAdiCzO8l7AOe7O5gL,family,family,61,test,1231.0,asllex,sole gloss,ivmAdiCzO8l7AOe7O5gL.npy
jHil6AXPfnOT5zmk2iQW,family,family,57,test,1870.0,asllex,sole gloss,jHil6AXPfnOT5zmk2iQW.npy
jN5lXGjIvywNHpY0eHZl,family,family,78,train,2586.0,asllex,sole gloss,jN5lXGjIvywNHpY0eHZl.npy
jfog63UpRbmxsqJESupL,family,family,46,train,2387.0,asllex,sole gloss,jfog63UpRbmxsqJESupL.npy
k7OtQ97vYoMqpJNKyuie,family,family,39,train,2628.0,asllex,sole gloss,k7OtQ97vYoMqpJNKyuie.npy
kNaAQa2BVaeQjC8MVtgh,family,family,7,train,2150.0,asllex,sole gloss,kNaAQa2BVaeQjC8MVtgh.npy
lhLMRk5aUJWVdivKhAxa,family,family,49,train,1457.0,asllex,sole gloss,lhLMRk5aUJWVdivKhAxa.npy
ltlKlWIi4OKPMlwgkycH,family,family,63,train,1962.0,asllex,sole gloss,ltlKlWIi4OKPMlwgkycH.npy
lu1PW4Fd4wnb8lbYjKPI,family,family,57,test,2307.0,asllex,sole gloss,lu1PW4Fd4wnb8lbYjKPI.npy
mJJlS86WhBkkU0UuoiWQ,family,family,48,test,1104.0,asllex,sole gloss,mJJlS86WhBkkU0UuoiWQ.npy
mLMLsWMp2rPCMbY0SF6j,family,family,43,train,2948.0,asllex,sole gloss,mLMLsWMp2rPCMbY0SF6j.npy
mM23pKJ3II2Aghul4XQ9,family,family,48,test,1267.0,asllex,sole gloss,mM23pKJ3II2Aghul4XQ9.npy
mPHmXorWi0SrkpsPtJhx,family,family,8,train,1530.0,asllex,sole gloss,mPHmXorWi0SrkpsPtJhx.npy
mXPlmQcZeuQA7W9rLu4k,family,family,48,test,1038.0,asllex,sole gloss,mXPlmQcZeuQA7W9rLu4k.npy
mhdEFqTIp2ULZMy2BYZL,family,family,11,train,1627.0,asllex,sole gloss,mhdEFqTIp2ULZMy2BYZL.npy
n0jaINtwhxunwuyZpQPI,family,family,12,train,2586.0,asllex,sole gloss,n0jaINtwhxunwuyZpQPI.npy
nfnMCQ3dy5ARhZ5xYVpa,family,family,17,train,1458.0,asllex,sole gloss,nfnMCQ3dy5ARhZ5xYVpa.npy
nmev4bxpWQjFkjI6SNRt,family,family,42,train,2056.0,freetext,sole gloss,nmev4bxpWQjFkjI6SNRt.npy
nnzsX9pIalwBul7rwOAJ,family,family,48,test,2113.0,asllex,sole gloss,nnzsX9pIalwBul7rwOAJ.npy
ojhDwfmtJY8Ay3aJ322C,family,family,33,test,4272.0,asllex,sole gloss,ojhDwfmtJY8Ay3aJ322C.npy
ol0ye8JXBlEbmLKdjOyu,family,family,88,train,1845.0,asllex,sole gloss,ol0ye8JXBlEbmLKdjOyu.npy
olzn1htFiAVk2f7QoLNi,family,family,48,test,1990.0,asllex,sole gloss,olzn1htFiAVk2f7QoLNi.npy
otLgGwXCE71hhK43EXsi,family,family,7,train,2049.0,asllex,sole gloss,otLgGwXCE71hhK43EXsi.npy
p7Qk8Bqfugdkv36YuKNP,family,family,17,train,1085.0,asllex,sole gloss,p7Qk8Bqfugdkv36YuKNP.npy
pPc6MikQRg0VNX0BCj0B,family,family,14,train,1728.0,asllex,sole gloss,pPc6MikQRg0VNX0BCj0B.npy
pYpoXTICwSzHajKa1Z2d,family,family,59,train,1413.0,asllex,sole gloss,pYpoXTICwSzHajKa1Z2d.npy
pdOeue0WmeUWGd05qyGP,family,family,60,train,1544.0,asllex,sole gloss,pdOeue0WmeUWGd05qyGP.npy
pfrKJvJOWweWl3aL250t,family,family,11,train,1930.0,asllex,sole gloss,pfrKJvJOWweWl3aL250t.npy
psDTj8U92pJhGdqov2gn,family,family,49,val,1084.0,asllex,sole gloss,psDTj8U92pJhGdqov2gn.npy
qNg2UvDLJTiH15zHLzX3,family,family,46,train,3285.0,asllex,sole gloss,qNg2UvDLJTiH15zHLzX3.npy
qX5VcTVI4BYttXBAA6Yg,family,family,48,test,1101.0,asllex,sole gloss,qX5VcTVI4BYttXBAA6Yg.npy
qdw4Xfz6jV5uDSIt9mNa,family,family,49,val,1200.0,asllex,sole gloss,qdw4Xfz6jV5uDSIt9mNa.npy
r1mBHEoGgAlnrkC2APQI,family,family,85,train,1971.0,asllex,sole gloss,r1mBHEoGgAlnrkC2APQI.npy
sSREHh8KdphNxSM34eMf,family,family,17,val,2502.0,asllex,sole gloss,sSREHh8KdphNxSM34eMf.npy
sYu2P6ceTDA7aPAgGbX4,family,family,7,train,1901.0,asllex,sole gloss,sYu2P6ceTDA7aPAgGbX4.npy
stoFdHxFs5i4i1Gbsko9,family,family,48,test,1591.0,asllex,sole gloss,stoFdHxFs5i4i1Gbsko9.npy
t8dSiZFtIydHK9ajpeNW,family,family,49,train,1637.0,asllex,sole gloss,t8dSiZFtIydHK9ajpeNW.npy
tp9xWgQKamNY2TeFE50D,family,family,11,val,1755.0,asllex,sole gloss,tp9xWgQKamNY2TeFE50D.npy
tujXuBmXdRN5FI966GWY,family,family,42,val,1958.0,asllex,sole gloss,tujXuBmXdRN5FI966GWY.npy
uLtruhsScdB2FtOd8Dh1,family,family,85,train,2106.0,asllex,sole gloss,uLtruhsScdB2FtOd8Dh1.npy
ulYXEcr3gYYbHz8TOkMt,family,family,63,train,1346.0,asllex,sole gloss,ulYXEcr3gYYbHz8TOkMt.npy
unSZkWn38GcYDGrUeru2,family,family,49,train,1285.0,asllex,sole gloss,unSZkWn38GcYDGrUeru2.npy
uqDtHKd9TfyqNdjdEXNm,family,family,57,test,1666.0,asllex,sole gloss,uqDtHKd9TfyqNdjdEXNm.npy
vn3G3KYmAf7kXKFWE5gP,family,family,11,train,1636.0,asllex,sole gloss,vn3G3KYmAf7kXKFWE5gP.npy
vrx2sALdXQdENVXv7Drs,family,family,59,train,1365.0,asllex,sole gloss,vrx2sALdXQdENVXv7Drs.npy
vsAp6y1t2WRN2C5Y6JK4,family,family,61,test,1421.0,asllex,sole gloss,vsAp6y1t2WRN2C5Y6JK4.npy
w3cTB0N2qh8zhcf04PFe,family,family,57,test,1462.0,asllex,sole gloss,w3cTB0N2qh8zhcf04PFe.npy
wJrcFbDkop9JdS4i9bT6,family,family,17,train,1548.0,asllex,sole gloss,wJrcFbDkop9JdS4i9bT6.npy
whbbj20KufDteYVblpvI,family,family,30,train,1642.0,asllex,sole gloss,whbbj20KufDteYVblpvI.npy
wkPaj4AsLhEC6KnAqCgA,family,family,48,test,1698.0,asllex,sole gloss,wkPaj4AsLhEC6KnAqCgA.npy
xE1yPKMv61BMg59S4QvU,family,family,59,train,1451.0,asllex,sole gloss,xE1yPKMv61BMg59S4QvU.npy
xGJSJ0qT7YZk35obGs8V,family,family,57,test,2121.0,asllex,sole gloss,xGJSJ0qT7YZk35obGs8V.npy
xbNBWvmNV5h91LP0lJcg,family,family,62,train,1495.0,asllex,sole gloss,xbNBWvmNV5h91LP0lJcg.npy
y1dAjB3zZ3WnkmQGPUa9,family,family,62,train,1420.0,asllex,sole gloss,y1dAjB3zZ3WnkmQGPUa9.npy
ykI0OvdxiRtWHPxpD4S5,family,family,61,test,1151.0,asllex,sole gloss,ykI0OvdxiRtWHPxpD4S5.npy
zKFUkpOJMmZ5LDPKfcEN,family,family,62,val,1641.0,asllex,sole gloss,zKFUkpOJMmZ5LDPKfcEN.npy
zjMJbqubRwG9ojoZY3i6,family,family,14,train,2036.0,asllex,sole gloss,zjMJbqubRwG9ojoZY3i6.npy
1FkuPq7a9hLsjUdNwGXg,father,father,49,train,2420.0,freetext,sole gloss,1FkuPq7a9hLsjUdNwGXg.npy
2qxxGDeeSnBle5NyUjTk,father,father,7,train,2186.0,asllex,sole gloss,2qxxGDeeSnBle5NyUjTk.npy
2vc6NrGkPOL0egeX7Uz5,father,father,49,train,1083.0,asllex,sole gloss,2vc6NrGkPOL0egeX7Uz5.npy
39IAjsTfwsM2Xmdes2uc,father,father,62,train,954.0,asllex,sole gloss,39IAjsTfwsM2Xmdes2uc.npy
54b6DfBMtdIxuO8GCsnW,father,father,38,val,3097.0,asllex,sole gloss,54b6DfBMtdIxuO8GCsnW.npy
64rTdsVQrB9yKbNXaOPq,father,father,49,val,1180.0,asllex,sole gloss,64rTdsVQrB9yKbNXaOPq.npy
6JVZhwhbeu3FFQG6cYqc,father,father,63,val,1483.0,asllex,sole gloss,6JVZhwhbeu3FFQG6cYqc.npy
6ebZBjEmJsjcRMJsfnnz,father,father,30,val,1516.0,asllex,sole gloss,6ebZBjEmJsjcRMJsfnnz.npy
7FZKwVcARscywP9flhrr,father,father,8,train,1382.0,asllex,sole gloss,7FZKwVcARscywP9flhrr.npy
8km5wksgywRBIfdKRhYG,father,father,7,train,2331.0,asllex,sole gloss,8km5wksgywRBIfdKRhYG.npy
A1UtVAHvL9V7o9rj8ZBb,father,father,49,train,1066.0,asllex,sole gloss,A1UtVAHvL9V7o9rj8ZBb.npy
ECtYPRdRefwcJqmEtF5L,father,father,78,train,2236.0,asllex,sole gloss,ECtYPRdRefwcJqmEtF5L.npy
EvrUzsNtHL9vsvV29mOm,father,father,42,train,1223.0,asllex,sole gloss,EvrUzsNtHL9vsvV29mOm.npy
FgWkPG72pe8CvpyGxQoQ,father,father,49,train,1317.0,asllex,sole gloss,FgWkPG72pe8CvpyGxQoQ.npy
H3D9PRz8GTLRnBqdTNtT,father,father,62,train,1241.0,asllex,sole gloss,H3D9PRz8GTLRnBqdTNtT.npy
I5uvGpmkVZn5yEAIqtXf,father,father,7,train,1902.0,asllex,sole gloss,I5uvGpmkVZn5yEAIqtXf.npy
JPycQ5AjWtc3w8A9UCdW,father,father,80,val,2114.0,asllex,sole gloss,JPycQ5AjWtc3w8A9UCdW.npy
QrAsq9fGG8HafqIlVAUt,father,father,35,val,1225.0,asllex,sole gloss,QrAsq9fGG8HafqIlVAUt.npy
S0wbTneaVAziaOS7gUmD,father,father,30,val,1665.0,asllex,sole gloss,S0wbTneaVAziaOS7gUmD.npy
SP5GlbPVyvUa5cIeh7do,father,father,50,test,2317.0,asllex,sole gloss,SP5GlbPVyvUa5cIeh7do.npy
VmbP6Dhk7OggSCovryWF,father,father,49,train,918.0,asllex,sole gloss,VmbP6Dhk7OggSCovryWF.npy
Z7oedECQKxt9GMp7eOp6,father,father,38,val,2615.0,asllex,sole gloss,Z7oedECQKxt9GMp7eOp6.npy
ZrYoaGI0HlB3wq9X2Fs3,father,father,23,train,1763.0,asllex,sole gloss,ZrYoaGI0HlB3wq9X2Fs3.npy
b1GLgdzb92gBIDx6wnhL,father,father,11,train,1514.0,asllex,sole gloss,b1GLgdzb92gBIDx6wnhL.npy
eSex0bCirKPxIOqlY1OM,father,father,38,train,3089.0,asllex,sole gloss,eSex0bCirKPxIOqlY1OM.npy
fIIwa53wlMCNnGpb1f75,father,father,49,train,970.0,asllex,sole gloss,fIIwa53wlMCNnGpb1f75.npy
kdDlQAW3JJQmc5l3y5OL,father,father,54,train,1915.0,asllex,sole gloss,kdDlQAW3JJQmc5l3y5OL.npy
nhXwuwZ8S3SeEBd9xa9c,father,father,36,test,2159.0,asllex,sole gloss,nhXwuwZ8S3SeEBd9xa9c.npy
oVlWG8NeaR8gXtkecFFw,father,father,49,train,1912.0,asllex,sole gloss,oVlWG8NeaR8gXtkecFFw.npy
peRiB31LzQ8orTwG8L1i,father,father,42,val,1847.0,freetext,sole gloss,peRiB31LzQ8orTwG8L1i.npy
sq3izC2Cf3Ugqnmq4ns4,father,father,84,train,1876.0,asllex,sole gloss,sq3izC2Cf3Ugqnmq4ns4.npy
xwKJunUYTNZ9KlEkOgMn,father,father,11,train,1920.0,asllex,sole gloss,xwKJunUYTNZ9KlEkOgMn.npy
zEIri38TrV4KhzScfJxN,father,father,36,test,2921.0,asllex,sole gloss,zEIri38TrV4KhzScfJxN.npy
zbnyPiJJn5fiwaSmydP8,father,father,49,train,1430.0,asllex,sole gloss,zbnyPiJJn5fiwaSmydP8.npy
2CiMwctrrCzNlBt74Bb9,feel,feel,57,test,1831.0,asllex,sole gloss,2CiMwctrrCzNlBt74Bb9.npy
2KDa0TuvGzbbnJn3ExK9,feel,feel,76,train,3755.0,asllex,sole gloss,2KDa0TuvGzbbnJn3ExK9.npy
2Y9IQ6JnpC1a0ZKQ6VCe,feel,feel,17,train,2286.0,asllex,sole gloss,2Y9IQ6JnpC1a0ZKQ6VCe.npy
3L3kqL3UXIagkbaYr6ds,feel,feel,49,train,936.0,asllex,sole gloss,3L3kqL3UXIagkbaYr6ds.npy
3W88yxVPB8wOZRlSWVl1,feel,feel,35,train,1326.0,asllex,sole gloss,3W88yxVPB8wOZRlSWVl1.npy
3iGBZwC5cZfRnHwdGAdY,feel,feel,57,test,1381.0,asllex,sole gloss,3iGBZwC5cZfRnHwdGAdY.npy
5PiB9jxFDk74usABigis,feel,feel,49,val,1522.0,asllex,sole gloss,5PiB9jxFDk74usABigis.npy
7ee5kTSsgdHS4OIs5G1o,feel,feel,46,train,2563.0,asllex,sole gloss,7ee5kTSsgdHS4OIs5G1o.npy
8OYVikWeqerxfYhnRocm,feel,feel,46,train,2352.0,asllex,sole gloss,8OYVikWeqerxfYhnRocm.npy
8sazDzOXv6ILfrsmlkgT,feel,feel,59,train,2894.0,asllex,sole gloss,8sazDzOXv6ILfrsmlkgT.npy
9G2kz06UXJH18jnjEEoT,feel,feel,59,val,2128.0,asllex,sole gloss,9G2kz06UXJH18jnjEEoT.npy
9yR9OCzXFonUFelIYA1F,feel,feel,53,test,1801.0,asllex,sole gloss,9yR9OCzXFonUFelIYA1F.npy
AL9b09majJvc34H9fE8h,feel,feel,48,test,2035.0,asllex,sole gloss,AL9b09majJvc34H9fE8h.npy
AwBW1XUckejfNtu6Phys,feel,feel,84,val,1561.0,asllex,sole gloss,AwBW1XUckejfNtu6Phys.npy
C27zVVDvYVQzWjwRpvDg,feel,feel,59,train,2303.0,asllex,sole gloss,C27zVVDvYVQzWjwRpvDg.npy
CX3YYKEaRT8iQTCzFP6b,feel,feel,17,train,1907.0,asllex,sole gloss,CX3YYKEaRT8iQTCzFP6b.npy
CY9Uu0mghbtvF9DqSUjy,feel,feel,35,train,1232.0,asllex,sole gloss,CY9Uu0mghbtvF9DqSUjy.npy
CfP84Mjpl1zOcf3aWHli,feel,feel,48,test,1329.0,asllex,sole gloss,CfP84Mjpl1zOcf3aWHli.npy
E060JRlEZuxXoPc1FDd0,feel,feel,17,train,1648.0,asllex,sole gloss,E060JRlEZuxXoPc1FDd0.npy
F1SwKsyF7LGhBGSzZRH1,feel,feel,88,train,2430.0,asllex,sole gloss,F1SwKsyF7LGhBGSzZRH1.npy
FZkemy4GCqbrCovlrwxF,feel,feel,61,test,1980.0,asllex,sole gloss,FZkemy4GCqbrCovlrwxF.npy
Fd7BgNpiVMkcFfhGxiEc,feel,feel,48,test,1768.0,asllex,sole gloss,Fd7BgNpiVMkcFfhGxiEc.npy
G4xyrSRsgv1oxpaAvuYg,feel,feel,50,test,2702.0,asllex,sole gloss,G4xyrSRsgv1oxpaAvuYg.npy
G5glFt6XJUnMV4PHncvr,feel,feel,30,val,1626.0,asllex,sole gloss,G5glFt6XJUnMV4PHncvr.npy
HESBtSZMyD2ADOOIMZy4,feel,feel,57,test,1349.0,asllex,sole gloss,HESBtSZMyD2ADOOIMZy4.npy
Hg8PFwdJjonVd28rKVv6,feel,feel,30,val,1837.0,asllex,sole gloss,Hg8PFwdJjonVd28rKVv6.npy
HyBl5b3ycifkyIUZqz5P,feel,feel,84,train,1727.0,asllex,sole gloss,HyBl5b3ycifkyIUZqz5P.npy
IKK4AdEBGCwUblsV5GEw,feel,feel,57,test,1904.0,asllex,sole gloss,IKK4AdEBGCwUblsV5GEw.npy
IbGIcWyInX8WFbVdajaC,feel,feel,46,train,3022.0,asllex,sole gloss,IbGIcWyInX8WFbVdajaC.npy
IzwM92KgioCqYs23ulG9,feel,feel,84,val,1700.0,asllex,sole gloss,IzwM92KgioCqYs23ulG9.npy
J34k4ZoAgztM7Z24JtU5,feel,feel,17,train,1485.0,asllex,sole gloss,J34k4ZoAgztM7Z24JtU5.npy
JF1oip4NrCp2WhsoD6mL,feel,feel,46,train,2005.0,asllex,sole gloss,JF1oip4NrCp2WhsoD6mL.npy
KJRZhiYHHQN73JqmgChG,feel,feel,7,train,2807.0,asllex,sole gloss,KJRZhiYHHQN73JqmgChG.npy
KSXueGpTF54zJ46I0C3i,feel,feel,7,val,2385.0,asllex,sole gloss,KSXueGpTF54zJ46I0C3i.npy
KniDGhSR4zwd5ZoWdff3,feel,feel,39,train,2607.0,asllex,sole gloss,KniDGhSR4zwd5ZoWdff3.npy
L1SdEQLAclGptDnFxRvD,feel,feel,48,test,1080.0,asllex,sole gloss,L1SdEQLAclGptDnFxRvD.npy
LDTDZSDiATvgeFnB9WZJ,feel,feel,49,train,978.0,asllex,sole gloss,LDTDZSDiATvgeFnB9WZJ.npy
LWpKpC2F5eiTHE7qhGlm,feel,feel,46,val,1931.0,asllex,sole gloss,LWpKpC2F5eiTHE7qhGlm.npy
M1RRb19pG78UrVEnJGBj,feel,feel,49,train,1678.0,asllex,sole gloss,M1RRb19pG78UrVEnJGBj.npy
MC22iNTadCpJIdS2YIyI,feel,feel,7,train,2944.0,asllex,sole gloss,MC22iNTadCpJIdS2YIyI.npy
OUl6EwuAeu3YBT8XaOi4,feel,feel,84,val,1667.0,asllex,sole gloss,OUl6EwuAeu3YBT8XaOi4.npy
OdA49YC8TOEnDaRog1pX,feel,feel,57,test,1383.0,asllex,sole gloss,OdA49YC8TOEnDaRog1pX.npy
Q05fzDcWLI6kO6jJTYTb,feel,feel,62,train,1082.0,asllex,sole gloss,Q05fzDcWLI6kO6jJTYTb.npy
Q7cGdYoOgPWShD1tO59y,feel,feel,8,train,1714.0,asllex,sole gloss,Q7cGdYoOgPWShD1tO59y.npy
QxtIfYvFPl27tSPPsSEC,feel,feel,52,train,2816.0,asllex,sole gloss,QxtIfYvFPl27tSPPsSEC.npy
SonS8C9lNWPLsoAQbShm,feel,feel,59,train,2476.0,asllex,sole gloss,SonS8C9lNWPLsoAQbShm.npy
Srvd6JC5st3LVECKcwf2,feel,feel,57,test,1188.0,asllex,sole gloss,Srvd6JC5st3LVECKcwf2.npy
Uy1ngRHCaa9DZdBVt3Zq,feel,feel,7,train,2296.0,asllex,sole gloss,Uy1ngRHCaa9DZdBVt3Zq.npy
VJbvrktq9cDqM0C5DMrf,feel,feel,57,test,1163.0,asllex,sole gloss,VJbvrktq9cDqM0C5DMrf.npy
ViSgid1Xn3FBGpqJqJsI,feel,feel,61,test,1423.0,asllex,sole gloss,ViSgid1Xn3FBGpqJqJsI.npy
WFGCFxlvJcVMERPbAMNz,feel,feel,88,train,2456.0,asllex,sole gloss,WFGCFxlvJcVMERPbAMNz.npy
XuqdUEzhfFgTRiI6Fi46,feel,feel,62,train,1261.0,asllex,sole gloss,XuqdUEzhfFgTRiI6Fi46.npy
Yymuw9FBMibUoSxflmnv,feel,feel,57,test,911.0,asllex,sole gloss,Yymuw9FBMibUoSxflmnv.npy
Z9H2obXDCWkpwDISj3Bi,feel,feel,53,test,1595.0,asllex,sole gloss,Z9H2obXDCWkpwDISj3Bi.npy
ZJYr7PoD9hfiCIm4sYyJ,feel,feel,61,test,1480.0,asllex,sole gloss,ZJYr7PoD9hfiCIm4sYyJ.npy
ZUQUZtJZIe1SdP2XoCsH,feel,feel,57,test,1916.0,asllex,sole gloss,ZUQUZtJZIe1SdP2XoCsH.npy
ZWWRxqAT7gZ78ONpPMsl,feel,feel,76,train,4741.0,asllex,sole gloss,ZWWRxqAT7gZ78ONpPMsl.npy
ZaSHXhorhpz3WwMzEL2M,feel,feel,88,val,2506.0,asllex,sole gloss,ZaSHXhorhpz3WwMzEL2M.npy
a6zltjNoGN36ysHF8940,feel,feel,46,train,2716.0,asllex,sole gloss,a6zltjNoGN36ysHF8940.npy
aUUto2pkyGVFzwmf7iM7,feel,feel,15,val,1289.0,asllex,sole gloss,aUUto2pkyGVFzwmf7iM7.npy
am09KNqYWU5Ui3TsOfGi,feel,feel,36,test,2158.0,asllex,sole gloss,am09KNqYWU5Ui3TsOfGi.npy
ayTEWVWMlAMzh5bGODVJ,feel,feel,8,val,1482.0,asllex,sole gloss,ayTEWVWMlAMzh5bGODVJ.npy
b87m4BqgFDwV81QaWQMd,feel,feel,62,train,1010.0,asllex,sole gloss,b87m4BqgFDwV81QaWQMd.npy
blsq4fdB87IobhaKSIaf,feel,feel,17,train,1739.0,asllex,sole gloss,blsq4fdB87IobhaKSIaf.npy
c5LueiLAPtVcQlFESJQO,feel,feel,57,test,2401.0,asllex,sole gloss,c5LueiLAPtVcQlFESJQO.npy
dCljg4HXAZcz3vfRie5u,feel,feel,49,train,1172.0,asllex,sole gloss,dCljg4HXAZcz3vfRie5u.npy
dYpH6bFbthg5RMVRlGfE,feel,feel,39,train,2470.0,asllex,sole gloss,dYpH6bFbthg5RMVRlGfE.npy
dgjidQP7p7Mfnbnk9LRC,feel,feel,57,test,1545.0,asllex,sole gloss,dgjidQP7p7Mfnbnk9LRC.npy
e2exZUWv0aeiI8PYbYfI,feel,feel,46,train,1709.0,asllex,sole gloss,e2exZUWv0aeiI8PYbYfI.npy
ewzFfhDVzfW2lMHdezGw,feel,feel,39,val,3228.0,asllex,sole gloss,ewzFfhDVzfW2lMHdezGw.npy
fCB9HAHGh58QdamyjfWS,feel,feel,49,train,1126.0,asllex,sole gloss,fCB9HAHGh58QdamyjfWS.npy
gOfcu4ZJ9frq4KYXXgRg,feel,feel,52,train,4848.0,asllex,sole gloss,gOfcu4ZJ9frq4KYXXgRg.npy
gcntx3eWrAivEwUf8Ouy,feel,feel,61,test,1453.0,asllex,sole gloss,gcntx3eWrAivEwUf8Ouy.npy
geTGRBvbmM5DtaZD8FY8,feel,feel,49,train,1136.0,asllex,sole gloss,geTGRBvbmM5DtaZD8FY8.npy
hxYls0a5yWZrSJmN6vcj,feel,feel,42,train,1739.0,freetext,sole gloss,hxYls0a5yWZrSJmN6vcj.npy
iZfwwOOjLs6HIjfV2BPr,feel,feel,36,test,2174.0,asllex,sole gloss,iZfwwOOjLs6HIjfV2BPr.npy
j93W2CfgAXKDycaIsEVb,feel,feel,48,test,1657.0,asllex,sole gloss,j93W2CfgAXKDycaIsEVb.npy
jRjMx8IqdlUKVVcUnxku,feel,feel,57,test,2081.0,asllex,sole gloss,jRjMx8IqdlUKVVcUnxku.npy
jYSg1JKX9M384ouMCzJ2,feel,feel,49,train,583.0,asllex,sole gloss,jYSg1JKX9M384ouMCzJ2.npy
kEsd8Qzkg7S6ZtoW8V7K,feel,feel,53,test,2050.0,asllex,sole gloss,kEsd8Qzkg7S6ZtoW8V7K.npy
koLHkSmBGwgBpAoIdg9r,feel,feel,46,val,2323.0,asllex,sole gloss,koLHkSmBGwgBpAoIdg9r.npy
l3voL2l4z6fqVGcLIeQM,feel,feel,17,val,1146.0,asllex,sole gloss,l3voL2l4z6fqVGcLIeQM.npy
lEr8mA51HY33v5slNbjA,feel,feel,39,train,4150.0,asllex,sole gloss,lEr8mA51HY33v5slNbjA.npy
lsm7pvrc2MxfZ9fESgdc,feel,feel,46,val,3579.0,asllex,sole gloss,lsm7pvrc2MxfZ9fESgdc.npy
mBvkUHdYNTKRPWQVTRFF,feel,feel,63,train,1807.0,asllex,sole gloss,mBvkUHdYNTKRPWQVTRFF.npy
mMVSoqIGybMlTUWPBB4l,feel,feel,88,train,3202.0,asllex,sole gloss,mMVSoqIGybMlTUWPBB4l.npy
mQ8Nwp8CBEdVZNFYL5iD,feel,feel,62,train,974.0,asllex,sole gloss,mQ8Nwp8CBEdVZNFYL5iD.npy
mgGIvOBxySg1InmfcnYg,feel,feel,36,test,2185.0,asllex,sole gloss,mgGIvOBxySg1InmfcnYg.npy
oO5ytAFtYybvkgVHqk3b,feel,feel,49,train,1653.0,asllex,sole gloss,oO5ytAFtYybvkgVHqk3b.npy
oVHg2oI6E8beQ3K9bXbp,feel,feel,7,train,2257.0,asllex,sole gloss,oVHg2oI6E8beQ3K9bXbp.npy
p62tBSnCUFJP1yVK8MUS,feel,feel,88,val,2146.0,asllex,sole gloss,p62tBSnCUFJP1yVK8MUS.npy
pm7lb6I4vQKNTdmimcSv,feel,feel,46,val,4259.0,asllex,sole gloss,pm7lb6I4vQKNTdmimcSv.npy
qmDYg4n1CRWIYT4DnYPh,feel,feel,23,train,1581.0,asllex,sole gloss,qmDYg4n1CRWIYT4DnYPh.npy
qnPsRzc4ts3gpY8cbHJs,feel,feel,11,train,1537.0,asllex,sole gloss,qnPsRzc4ts3gpY8cbHJs.npy
qxQi45WteGASoBtGPwzh,feel,feel,39,train,3030.0,asllex,sole gloss,qxQi45WteGASoBtGPwzh.npy
rEwgYwx2D8degULcMN0u,feel,feel,52,train,2233.0,asllex,sole gloss,rEwgYwx2D8degULcMN0u.npy
sNfo4ddp0wc2HAO0MLdX,feel,feel,62,train,989.0,asllex,sole gloss,sNfo4ddp0wc2HAO0MLdX.npy
tfQ7pbWBV741yBTUc9V3,feel,feel,84,train,1545.0,asllex,sole gloss,tfQ7pbWBV741yBTUc9V3.npy
tnmwnjtPRdl8JVE2Npbs,feel,feel,11,train,2081.0,asllex,sole gloss,tnmwnjtPRdl8JVE2Npbs.npy
uDijszfS97Pzu9vnLK9a,feel,feel,76,train,4531.0,asllex,sole gloss,uDijszfS97Pzu9vnLK9a.npy
uMeoTXfuFs3q94POOAyQ,feel,feel,46,train,1632.0,asllex,sole gloss,uMeoTXfuFs3q94POOAyQ.npy
unBhjCMr4Ymgxg6b4QQ8,feel,feel,57,test,693.0,asllex,sole gloss,unBhjCMr4Ymgxg6b4QQ8.npy
vXYADUZfkHMfq5ILUHVx,feel,feel,48,test,1055.0,asllex,sole gloss,vXYADUZfkHMfq5ILUHVx.npy
vfRN61XjbHHXnNNi4JuX,feel,feel,84,train,2261.0,asllex,sole gloss,vfRN61XjbHHXnNNi4JuX.npy
w9DESOTp4uf3244lrt9U,feel,feel,48,test,2021.0,asllex,sole gloss,w9DESOTp4uf3244lrt9U.npy
wBgFfueLI9l8d2j0rJ6T,feel,feel,46,train,3598.0,asllex,sole gloss,wBgFfueLI9l8d2j0rJ6T.npy
wkWGVcUlHi66fO295Afm,feel,feel,7,val,2841.0,asllex,sole gloss,wkWGVcUlHi66fO295Afm.npy
xRLacxZD6Mne7l7ktjdm,feel,feel,49,val,1521.0,asllex,sole gloss,xRLacxZD6Mne7l7ktjdm.npy
xrbkeGhoSBycSfJFkxe2,feel,feel,61,test,1774.0,asllex,sole gloss,xrbkeGhoSBycSfJFkxe2.npy
xywcdaXXDJVQtWbyfrdO,feel,feel,23,val,1856.0,asllex,sole gloss,xywcdaXXDJVQtWbyfrdO.npy
y7PBXWIzMx5b91G0gozW,feel,feel,48,test,1762.0,asllex,sole gloss,y7PBXWIzMx5b91G0gozW.npy
yxpNcuOsSJ3clhNylTTQ,feel,feel,80,train,2956.0,asllex,sole gloss,yxpNcuOsSJ3clhNylTTQ.npy
zJeVNa72AlRFnUAmDaZG,feel,feel,46,train,2899.0,asllex,sole gloss,zJeVNa72AlRFnUAmDaZG.npy
zYWb3ezers6afBDjiJoH,feel,feel,39,train,4664.0,asllex,sole gloss,zYWb3ezers6afBDjiJoH.npy
zZs5rt799QXeWbq8fRLN,feel,feel,57,test,1453.0,asllex,sole gloss,zZs5rt799QXeWbq8fRLN.npy
5FocTYOz54EejU5MpijP,feet,feet,7,train,2948.0,freetext,sole gloss,5FocTYOz54EejU5MpijP.npy
6rQU4lX2W1ChgCOOw5HB,feet,feet,7,train,2541.0,freetext,sole gloss,6rQU4lX2W1ChgCOOw5HB.npy
7x7CJq3PdULPfEhlXLZI,feet,feet,61,test,1863.0,freetext,sole gloss,7x7CJq3PdULPfEhlXLZI.npy
Ac2VdDe2uvDzjA0GTfZ0,feet,feet,39,train,3788.0,freetext,sole gloss,Ac2VdDe2uvDzjA0GTfZ0.npy
JlUZj7O0nvjCwYLvbMmQ,feet,feet,12,val,2647.0,freetext,sole gloss,JlUZj7O0nvjCwYLvbMmQ.npy
KT9Q4AoU4A2CdE5tffde,feet,feet,62,train,1021.0,freetext,sole gloss,KT9Q4AoU4A2CdE5tffde.npy
LCGoTsWfRDMVxcEBOXxB,feet,feet,39,train,2316.0,freetext,sole gloss,LCGoTsWfRDMVxcEBOXxB.npy
PBeb6WYlrJucMZwlAAc7,feet,feet,8,val,1495.0,freetext,sole gloss,PBeb6WYlrJucMZwlAAc7.npy
TqicxK7v4hu9SumskcMD,feet,feet,49,val,1018.0,freetext,sole gloss,TqicxK7v4hu9SumskcMD.npy
VgCJqdgZKjCvOLcnSB1v,feet,feet,84,train,1326.0,freetext,sole gloss,VgCJqdgZKjCvOLcnSB1v.npy
Vh8LoKGQtqzi3ySyfBMT,feet,feet,7,train,2206.0,freetext,sole gloss,Vh8LoKGQtqzi3ySyfBMT.npy
a1GzXU2dh3dP4FWdVglf,feet,feet,23,train,2501.0,freetext,sole gloss,a1GzXU2dh3dP4FWdVglf.npy
cZu1ENVwmoZldTz6i8np,feet,feet,84,train,1400.0,freetext,sole gloss,cZu1ENVwmoZldTz6i8np.npy
daW9Yv7w3o9QpCjndJVS,feet,feet,17,train,1924.0,freetext,sole gloss,daW9Yv7w3o9QpCjndJVS.npy
hl3eqxGiWpFFpb73Xmue,feet,feet,64,test,2772.0,freetext,sole gloss,hl3eqxGiWpFFpb73Xmue.npy
i9NsIjycYkmH9D6eoOXI,feet,feet,30,train,1744.0,freetext,sole gloss,i9NsIjycYkmH9D6eoOXI.npy
kQTn1yBcyWUF0n6Tb7ex,feet,feet,54,train,2185.0,freetext,sole gloss,kQTn1yBcyWUF0n6Tb7ex.npy
vcV0SalgaEKWgsD5R0g9,feet,feet,7,val,2703.0,freetext,sole gloss,vcV0SalgaEKWgsD5R0g9.npy
wBj8uzfNCj24fAfdLaev,feet,feet,46,train,3119.0,freetext,sole gloss,wBj8uzfNCj24fAfdLaev.npy
wD0HuyhCNRu8v4XytIND,feet,feet,7,val,3103.0,freetext,sole gloss,wD0HuyhCNRu8v4XytIND.npy
wlIpLDt2Hi1l4EzHHZjO,feet,feet,84,train,1542.0,freetext,sole gloss,wlIpLDt2Hi1l4EzHHZjO.npy
4Vg3DkGoxsnedIeq0zMm,fever,fever,88,train,2338.0,freetext,sole gloss,4Vg3DkGoxsnedIeq0zMm.npy
C4nRvV8zT5OqqKX6aqR1,fever,fever,14,train,1827.0,freetext,sole gloss,C4nRvV8zT5OqqKX6aqR1.npy
DH6K0OKnOOt6L9FwZMVO,fever,fever,49,val,1300.0,freetext,sole gloss,DH6K0OKnOOt6L9FwZMVO.npy
XGnMKrHrrWTOFgQ3WmWs,fever,fever,43,train,3322.0,freetext,sole gloss,XGnMKrHrrWTOFgQ3WmWs.npy
gYunvENDnyIHkGXP9vfZ,fever,fever,39,val,3910.0,freetext,sole gloss,gYunvENDnyIHkGXP9vfZ.npy
kqjwvuLJMKNnxVGs8ClK,fever,fever,49,train,1769.0,freetext,sole gloss,kqjwvuLJMKNnxVGs8ClK.npy
0GlY9kyDbmrfIqcoNlzv,finish,finish,60,train,1312.0,asllex,sole gloss,0GlY9kyDbmrfIqcoNlzv.npy
0XX2OTVHXEuWAr4p0kZd,finish,finish,17,train,1982.0,asllex,sole gloss,0XX2OTVHXEuWAr4p0kZd.npy
0tyJdr6LsgmtMhJelhwc,finish,finish,57,test,1561.0,asllex,sole gloss,0tyJdr6LsgmtMhJelhwc.npy
14tf8OGClUTxUVfBTBS4,finish,finish,42,train,2041.0,asllex,sole gloss,14tf8OGClUTxUVfBTBS4.npy
1PzAo6CdfU0gj0K6ooR2,finish,finish,61,test,2082.0,asllex,sole gloss,1PzAo6CdfU0gj0K6ooR2.npy
1enDydO7A7S6LaVadDUm,finish,finish,63,train,1608.0,asllex,sole gloss,1enDydO7A7S6LaVadDUm.npy
1oCUTjSal7zcRkymnStr,finish,finish,42,train,1384.0,asllex,sole gloss,1oCUTjSal7zcRkymnStr.npy
1wSjd9TA1OwY87bZRz8v,finish,finish,57,test,1111.0,asllex,sole gloss,1wSjd9TA1OwY87bZRz8v.npy
25mkLj8P0qLdT8OCkumn,finish,finish,39,train,2479.0,asllex,sole gloss,25mkLj8P0qLdT8OCkumn.npy
2ZsrOa2Po0MVtTKV0GN7,finish,finish,42,train,2416.0,freetext,sole gloss,2ZsrOa2Po0MVtTKV0GN7.npy
2s7Q75VSajDZon62mpyE,finish,finish,62,train,1186.0,asllex,sole gloss,2s7Q75VSajDZon62mpyE.npy
2vefUV8zsv4ecyfzh4yQ,finish,finish,57,test,1796.0,freetext,sole gloss,2vefUV8zsv4ecyfzh4yQ.npy
4OOAZ4UqVSRMCHLZqiGs,finish,finish,62,train,1209.0,asllex,sole gloss,4OOAZ4UqVSRMCHLZqiGs.npy
4RINqJuWJnBWIl9VXVrd,finish,finish,42,train,1319.0,asllex,sole gloss,4RINqJuWJnBWIl9VXVrd.npy
4tqt0r7b9HzAJMZ11jHw,finish,finish,57,test,2312.0,asllex,sole gloss,4tqt0r7b9HzAJMZ11jHw.npy
4y2rJsWVqI1ovwaOBeAm,finish,finish,42,train,1306.0,asllex,sole gloss,4y2rJsWVqI1ovwaOBeAm.npy
5DQDwL2CZtnedFe38fRi,finish,finish,62,train,1095.0,asllex,sole gloss,5DQDwL2CZtnedFe38fRi.npy
5EOUkYQCJGNZxXz7MC7l,finish,finish,31,train,1615.0,asllex,sole gloss,5EOUkYQCJGNZxXz7MC7l.npy
5J1OV2I0vDPJGDhTpSfo,finish,finish,62,train,983.0,freetext,sole gloss,5J1OV2I0vDPJGDhTpSfo.npy
5aoOQzul1oAoOSCbQl2V,finish,finish,7,train,2285.0,asllex,sole gloss,5aoOQzul1oAoOSCbQl2V.npy
5wrzDDC96q8P0YQykx1M,finish,finish,62,train,1387.0,asllex,sole gloss,5wrzDDC96q8P0YQykx1M.npy
68ExJbrWSTqVRAoe6pVR,finish,finish,62,train,1295.0,asllex,sole gloss,68ExJbrWSTqVRAoe6pVR.npy
6IsgEhtIC5jPsrQuZcpT,finish,finish,12,train,2273.0,asllex,sole gloss,6IsgEhtIC5jPsrQuZcpT.npy
6YzlKcDIUq1BeePLwmJ1,finish,finish,38,train,2445.0,asllex,sole gloss,6YzlKcDIUq1BeePLwmJ1.npy
6kSKMKZaU9A7E2vS0S5i,finish,finish,36,test,1953.0,asllex,sole gloss,6kSKMKZaU9A7E2vS0S5i.npy
715qUV1btLGFUfYpnVs6,finish,finish,30,train,1532.0,asllex,sole gloss,715qUV1btLGFUfYpnVs6.npy
7408MRCF5DsAll7NL3nU,finish,finish,42,train,1371.0,freetext,sole gloss,7408MRCF5DsAll7NL3nU.npy
75iw6l3g1C3NLaz3IxEg,finish,finish,39,train,2080.0,asllex,sole gloss,75iw6l3g1C3NLaz3IxEg.npy
7Otl2BYtpQBahIJrEmxL,finish,finish,38,train,2514.0,asllex,sole gloss,7Otl2BYtpQBahIJrEmxL.npy
7ZqvIMzOqnFHsoXd3QzR,finish,finish,39,train,2679.0,asllex,sole gloss,7ZqvIMzOqnFHsoXd3QzR.npy
7qGPd6LaZP56yQxXKp7r,finish,finish,46,train,3960.0,asllex,sole gloss,7qGPd6LaZP56yQxXKp7r.npy
82a0UMRFZ7AGs2s4Ykso,finish,finish,17,train,1497.0,asllex,sole gloss,82a0UMRFZ7AGs2s4Ykso.npy
8J6cDgv2Et0IDxQhCKDT,finish,finish,53,test,2116.0,asllex,sole gloss,8J6cDgv2Et0IDxQhCKDT.npy
8vTLZl24qrdaBjipZ8jb,finish,finish,84,val,1593.0,asllex,sole gloss,8vTLZl24qrdaBjipZ8jb.npy
9IeLwkG28wmbqyI9oKVO,finish,finish,42,train,1260.0,asllex,sole gloss,9IeLwkG28wmbqyI9oKVO.npy
9oq2uFEq8aDRO4YhhjP1,finish,finish,84,train,2896.0,asllex,sole gloss,9oq2uFEq8aDRO4YhhjP1.npy
A6oXacY13p8fC3I1O4jv,finish,finish,39,train,2979.0,asllex,sole gloss,A6oXacY13p8fC3I1O4jv.npy
A7eycPRlnPmCKf1S2gyS,finish,finish,11,train,1415.0,asllex,sole gloss,A7eycPRlnPmCKf1S2gyS.npy
BO55bnscwJl6Ht7frxiz,finish,finish,38,train,3142.0,freetext,sole gloss,BO55bnscwJl6Ht7frxiz.npy
BPVErYy2HhCqXWviIG4h,finish,finish,59,train,2246.0,freetext,sole gloss,BPVErYy2HhCqXWviIG4h.npy
Bb7ArNj9q0Ffzcq1SaUA,finish,finish,39,train,4599.0,asllex,sole gloss,Bb7ArNj9q0Ffzcq1SaUA.npy
C0Dau5wUbZXWkVMhtOwE,finish,finish,17,train,1773.0,asllex,sole gloss,C0Dau5wUbZXWkVMhtOwE.npy
CPrHJoL8NTMKKlJ6kKXl,finish,finish,38,val,2186.0,freetext,sole gloss,CPrHJoL8NTMKKlJ6kKXl.npy
CYg7x4mp9yK9datuvoge,finish,finish,36,test,2555.0,asllex,sole gloss,CYg7x4mp9yK9datuvoge.npy
Drhi99ww8Crx3hqWIa8Y,finish,finish,46,val,3885.0,asllex,sole gloss,Drhi99ww8Crx3hqWIa8Y.npy
EC1icKZsyCNmcCMcJlfm,finish,finish,49,train,1373.0,asllex,sole gloss,EC1icKZsyCNmcCMcJlfm.npy
EE6EyCxt2cbPECnl6hnL,finish,finish,46,train,4076.0,asllex,sole gloss,EE6EyCxt2cbPECnl6hnL.npy
EiQ3GDHMO7K8CRA70QzV,finish,finish,38,train,3341.0,asllex,sole gloss,EiQ3GDHMO7K8CRA70QzV.npy
EnE6I7odDzWtIeunNy3d,finish,finish,17,train,992.0,asllex,sole gloss,EnE6I7odDzWtIeunNy3d.npy
Ez3E3KdB0FwYKLHy2Z52,finish,finish,38,train,2573.0,asllex,sole gloss,Ez3E3KdB0FwYKLHy2Z52.npy
EzbumdZLI0ki4knjJbQ9,finish,finish,46,train,2584.0,asllex,sole gloss,EzbumdZLI0ki4knjJbQ9.npy
F8tufr4pM8zxJ5sCgJqj,finish,finish,11,train,1591.0,asllex,sole gloss,F8tufr4pM8zxJ5sCgJqj.npy
FENIXFsA9Jynmnjdd9Pk,finish,finish,84,val,1614.0,asllex,sole gloss,FENIXFsA9Jynmnjdd9Pk.npy
FLfYVfSUkn1Q1rPLJNbE,finish,finish,60,val,628.0,freetext,sole gloss,FLfYVfSUkn1Q1rPLJNbE.npy
GRPEHt5fYB0qmYXpnM5g,finish,finish,12,train,2031.0,asllex,sole gloss,GRPEHt5fYB0qmYXpnM5g.npy
HAPsT1xvmMxh10d51Q9o,finish,finish,84,train,2185.0,asllex,sole gloss,HAPsT1xvmMxh10d51Q9o.npy
HWozrb1GP6huSpTg3Gux,finish,finish,61,test,1445.0,asllex,sole gloss,HWozrb1GP6huSpTg3Gux.npy
HYVZ1e9HSNilNwo1TfBD,finish,finish,30,train,2494.0,asllex,sole gloss,HYVZ1e9HSNilNwo1TfBD.npy
HlQwzywkb1DC3c99OzIj,finish,finish,84,val,2088.0,asllex,sole gloss,HlQwzywkb1DC3c99OzIj.npy
HqzGkGouVvXCt4BgIZYc,finish,finish,17,val,1115.0,asllex,sole gloss,HqzGkGouVvXCt4BgIZYc.npy
IEcNox5IU0IKj8f5L5AL,finish,finish,39,val,2987.0,freetext,sole gloss,IEcNox5IU0IKj8f5L5AL.npy
IFr1o0CX9tIpWkerqwoU,finish,finish,46,train,2021.0,asllex,sole gloss,IFr1o0CX9tIpWkerqwoU.npy
IH994gyU1FTXx5urpDxb,finish,finish,61,test,2139.0,asllex,sole gloss,IH994gyU1FTXx5urpDxb.npy
IeHROvbhCuRWqqcNlx7n,finish,finish,57,test,1853.0,asllex,sole gloss,IeHROvbhCuRWqqcNlx7n.npy
IoAqX5gM26lQvjR33KJz,finish,finish,48,test,1000.0,asllex,sole gloss,IoAqX5gM26lQvjR33KJz.npy
IpYxyRdt19QV4fbCkRon,finish,finish,80,val,2253.0,asllex,sole gloss,IpYxyRdt19QV4fbCkRon.npy
IyOF3I5DGXq1CAnhjTDL,finish,finish,84,val,2637.0,asllex,sole gloss,IyOF3I5DGXq1CAnhjTDL.npy
J1FpmnXIJr4myVnFMMtJ,finish,finish,57,test,1761.0,asllex,sole gloss,J1FpmnXIJr4myVnFMMtJ.npy
JNBF4ZDJIgb3Cw1sSc9z,finish,finish,57,test,1949.0,freetext,sole gloss,JNBF4ZDJIgb3Cw1sSc9z.npy
JQVvA4TLPvQiTBJ7quxs,finish,finish,46,train,2622.0,asllex,sole gloss,JQVvA4TLPvQiTBJ7quxs.npy
JRt4fmWowJg7gkaJjGQn,finish,finish,53,test,2036.0,asllex,sole gloss,JRt4fmWowJg7gkaJjGQn.npy
JbfigQ8oVswo1Yx3g0zZ,finish,finish,57,test,1332.0,asllex,sole gloss,JbfigQ8oVswo1Yx3g0zZ.npy
JiJtkBHPWpNmk7aWdoGT,finish,finish,62,train,1142.0,asllex,sole gloss,JiJtkBHPWpNmk7aWdoGT.npy
KLMhbcQRsZHwFSXVkRM5,finish,finish,39,val,2622.0,asllex,sole gloss,KLMhbcQRsZHwFSXVkRM5.npy
KVFoORruAIAGELQxBEm0,finish,finish,17,train,1660.0,asllex,sole gloss,KVFoORruAIAGELQxBEm0.npy
Kn9azPydw3vXWi1mF097,finish,finish,49,train,1927.0,asllex,sole gloss,Kn9azPydw3vXWi1mF097.npy
LaF0UHbDY4OaXXw9Z5Ca,finish,finish,62,train,1559.0,asllex,sole gloss,LaF0UHbDY4OaXXw9Z5Ca.npy
LdjvkRaLZxzOBSxGgmIo,finish,finish,7,val,1903.0,asllex,sole gloss,LdjvkRaLZxzOBSxGgmIo.npy
LtGOANHdMiUnmxjHpwTH,finish,finish,12,val,1688.0,asllex,sole gloss,LtGOANHdMiUnmxjHpwTH.npy
MFGNPor0WBfuaxvCLhpm,finish,finish,46,train,3117.0,asllex,sole gloss,MFGNPor0WBfuaxvCLhpm.npy
MYaHPuXw2r6ZKp2PO9bG,finish,finish,17,val,1922.0,freetext,sole gloss,MYaHPuXw2r6ZKp2PO9bG.npy
MeIty9DXc2uSVvqzXi7f,finish,finish,60,val,1471.0,asllex,sole gloss,MeIty9DXc2uSVvqzXi7f.npy
NIoUNe3Za3RYkOE5HkYc,finish,finish,42,val,1929.0,asllex,sole gloss,NIoUNe3Za3RYkOE5HkYc.npy
NVcNSMqxnb67EMCybWJD,finish,finish,88,val,1290.0,asllex,sole gloss,NVcNSMqxnb67EMCybWJD.npy
NaJNJZQxqpXI9KxTBR9v,finish,finish,57,test,1436.0,freetext,sole gloss,NaJNJZQxqpXI9KxTBR9v.npy
O0bIidPdrfFL4Qr1Dq2N,finish,finish,57,test,1430.0,asllex,sole gloss,O0bIidPdrfFL4Qr1Dq2N.npy
ORK84GV7nDJxeGJ8o8CH,finish,finish,46,val,3120.0,asllex,sole gloss,ORK84GV7nDJxeGJ8o8CH.npy
OZY55EvElAiSIsznVMyE,finish,finish,85,train,3267.0,asllex,sole gloss,OZY55EvElAiSIsznVMyE.npy
Og2ecd4YA2CJY4VDA6NO,finish,finish,39,train,3504.0,asllex,sole gloss,Og2ecd4YA2CJY4VDA6NO.npy
PFCQkcM3ddJjDrmA8ZPi,finish,finish,7,train,2715.0,asllex,sole gloss,PFCQkcM3ddJjDrmA8ZPi.npy
PYwXQlqsqSdrKYpDRjHL,finish,finish,84,train,1976.0,asllex,sole gloss,PYwXQlqsqSdrKYpDRjHL.npy
PbJEhkkPyckiA2aBixCj,finish,finish,15,train,1247.0,asllex,sole gloss,PbJEhkkPyckiA2aBixCj.npy
Pd7wYCa3xOgQj8C1hG5y,finish,finish,46,train,2708.0,asllex,sole gloss,Pd7wYCa3xOgQj8C1hG5y.npy
PpLgudUD9Itrp40ULjRl,finish,finish,49,train,1752.0,asllex,sole gloss,PpLgudUD9Itrp40ULjRl.npy
PrD5tGCOs6uXt0kDuJlr,finish,finish,52,val,2374.0,asllex,sole gloss,PrD5tGCOs6uXt0kDuJlr.npy
QJaLcEU2rVBAXHe5LBmZ,finish,finish,42,val,2814.0,asllex,sole gloss,QJaLcEU2rVBAXHe5LBmZ.npy
QKsbp7G4ijDXcv0zhjog,finish,finish,39,train,2897.0,asllex,sole gloss,QKsbp7G4ijDXcv0zhjog.npy
QgZpFvaTwVqJZyvN8mu7,finish,finish,61,test,1115.0,asllex,sole gloss,QgZpFvaTwVqJZyvN8mu7.npy
R2sNjHkLqNd1e9ZIgs3Y,finish,finish,42,train,3076.0,freetext,sole gloss,R2sNjHkLqNd1e9ZIgs3Y.npy
RVqR5fzSt2ia5X68ysJN,finish,finish,39,val,3072.0,asllex,sole gloss,RVqR5fzSt2ia5X68ysJN.npy
RjDRdKQhqV3V0hEs4vDT,finish,finish,62,train,976.0,asllex,sole gloss,RjDRdKQhqV3V0hEs4vDT.npy
SFYok067DDcBjdBPEe8D,finish,finish,11,train,1237.0,asllex,sole gloss,SFYok067DDcBjdBPEe8D.npy
T9qkD4JMKcvEI6yOUtsz,finish,finish,57,test,1588.0,asllex,sole gloss,T9qkD4JMKcvEI6yOUtsz.npy
UIzuCnpbeu9LupEGfwAX,finish,finish,59,train,3456.0,asllex,sole gloss,UIzuCnpbeu9LupEGfwAX.npy
UatsenZQjYgK8C5r1oOG,finish,finish,84,train,1947.0,asllex,sole gloss,UatsenZQjYgK8C5r1oOG.npy
Utn6SWH8pCAYMR9aJBcm,finish,finish,35,val,1665.0,freetext,sole gloss,Utn6SWH8pCAYMR9aJBcm.npy
VIZgf8GPFH4Jjznc1XEb,finish,finish,61,test,1303.0,asllex,sole gloss,VIZgf8GPFH4Jjznc1XEb.npy
VlPTVux7UJ67ppa2NiKe,finish,finish,49,train,1166.0,asllex,sole gloss,VlPTVux7UJ67ppa2NiKe.npy
WI3zWKBeLAfPH147JlII,finish,finish,57,test,1312.0,asllex,sole gloss,WI3zWKBeLAfPH147JlII.npy
WO1xRE4lkO2KA6Ag8jKU,finish,finish,57,test,1246.0,asllex,sole gloss,WO1xRE4lkO2KA6Ag8jKU.npy
WarJ8espNOW452hC6xnM,finish,finish,61,test,1341.0,asllex,sole gloss,WarJ8espNOW452hC6xnM.npy
WckaVEWtD6xcAP09TBtT,finish,finish,64,test,1741.0,asllex,sole gloss,WckaVEWtD6xcAP09TBtT.npy
WcrkpfNTDGX8qIFYeTVF,finish,finish,57,test,2388.0,asllex,sole gloss,WcrkpfNTDGX8qIFYeTVF.npy
WncR6BPozE9mMWT7Qox7,finish,finish,60,train,937.0,asllex,sole gloss,WncR6BPozE9mMWT7Qox7.npy
X6hFoHA9iabrJZJz6Eaj,finish,finish,78,train,3405.0,asllex,sole gloss,X6hFoHA9iabrJZJz6Eaj.npy
XFReKL0JoGhI8V4kmAQD,finish,finish,62,train,1412.0,asllex,sole gloss,XFReKL0JoGhI8V4kmAQD.npy
XfbP7RraZaKz1aQJGU2T,finish,finish,84,val,1979.0,asllex,sole gloss,XfbP7RraZaKz1aQJGU2T.npy
YAIYgoYm8d8QPGD1XAni,finish,finish,42,train,2495.0,asllex,sole gloss,YAIYgoYm8d8QPGD1XAni.npy
Ys8pd74SxFefi3pIhvOA,finish,finish,85,train,3142.0,asllex,sole gloss,Ys8pd74SxFefi3pIhvOA.npy
ZLzkJhqcLFX2HPFnCU3s,finish,finish,46,train,5305.0,asllex,sole gloss,ZLzkJhqcLFX2HPFnCU3s.npy
ZlPxo48OVruHojGZ6L7h,finish,finish,57,test,1722.0,asllex,sole gloss,ZlPxo48OVruHojGZ6L7h.npy
Zr3Uf6Y3NczJmtYq5umo,finish,finish,15,val,1002.0,asllex,sole gloss,Zr3Uf6Y3NczJmtYq5umo.npy
ZwCrBdOSDZn6lH0b9y6c,finish,finish,39,train,3193.0,asllex,sole gloss,ZwCrBdOSDZn6lH0b9y6c.npy
a3b8pbftRPEpbjdY0Osz,finish,finish,38,train,2975.0,asllex,sole gloss,a3b8pbftRPEpbjdY0Osz.npy
aSBTsVMgUm0dSvxTmHNm,finish,finish,30,train,1941.0,freetext,sole gloss,aSBTsVMgUm0dSvxTmHNm.npy
anvL7Ida7qtKSXB0KgcH,finish,finish,12,train,1707.0,asllex,sole gloss,anvL7Ida7qtKSXB0KgcH.npy
aw1B6pjFXm5tbMmobrrA,finish,finish,85,train,2452.0,asllex,sole gloss,aw1B6pjFXm5tbMmobrrA.npy
b6sSa33VYDBdYuMskkmW,finish,finish,17,train,1570.0,freetext,sole gloss,b6sSa33VYDBdYuMskkmW.npy
bBf4v1JUy0leNEOyRMm6,finish,finish,49,val,1941.0,asllex,sole gloss,bBf4v1JUy0leNEOyRMm6.npy
bQvl7YRAA8hJKbBhw53L,finish,finish,46,val,2775.0,asllex,sole gloss,bQvl7YRAA8hJKbBhw53L.npy
bSHmU2bonkdvzQN5Vnnb,finish,finish,46,train,4698.0,asllex,sole gloss,bSHmU2bonkdvzQN5Vnnb.npy
bWuvXs33lIDqHASKHexb,finish,finish,85,train,2041.0,asllex,sole gloss,bWuvXs33lIDqHASKHexb.npy
biJ2tt6S8NHGSmc1wEyR,finish,finish,49,train,1238.0,asllex,sole gloss,biJ2tt6S8NHGSmc1wEyR.npy
biNcJ13jpanyJRhYqgWv,finish,finish,59,train,2662.0,asllex,sole gloss,biNcJ13jpanyJRhYqgWv.npy
bk6PlOudmSdSak3GgTrf,finish,finish,61,test,1235.0,asllex,sole gloss,bk6PlOudmSdSak3GgTrf.npy
bpDvbcR9C6aGc7SD1H6X,finish,finish,46,val,2466.0,asllex,sole gloss,bpDvbcR9C6aGc7SD1H6X.npy
cFxKBGpaF3fW7Rt77vqV,finish,finish,61,test,1585.0,asllex,sole gloss,cFxKBGpaF3fW7Rt77vqV.npy
cH8vtFF3zlzNvhJ7iRH5,finish,finish,48,test,1449.0,asllex,sole gloss,cH8vtFF3zlzNvhJ7iRH5.npy
cU8Brn0EaedzFFiScu9m,finish,finish,30,train,1662.0,asllex,sole gloss,cU8Brn0EaedzFFiScu9m.npy
cr9UeDdnExrVfDbNEATg,finish,finish,54,val,3591.0,asllex,sole gloss,cr9UeDdnExrVfDbNEATg.npy
d17dohBAuTLoQM2D2sae,finish,finish,76,train,3589.0,asllex,sole gloss,d17dohBAuTLoQM2D2sae.npy
d9Xqy7CKfIropJJga8Ts,finish,finish,88,train,3666.0,asllex,sole gloss,d9Xqy7CKfIropJJga8Ts.npy
ddaD4q6QYRcfKrut9Q9X,finish,finish,31,train,3017.0,freetext,sole gloss,ddaD4q6QYRcfKrut9Q9X.npy
de1pI9ozQtanyWiagvym,finish,finish,62,train,1234.0,asllex,sole gloss,de1pI9ozQtanyWiagvym.npy
drw80IkRhZQu8QU2RgnL,finish,finish,49,val,1099.0,asllex,sole gloss,drw80IkRhZQu8QU2RgnL.npy
dxosk2kxseCwephqi1a4,finish,finish,35,train,1492.0,asllex,sole gloss,dxosk2kxseCwephqi1a4.npy
dyywiHWxpVW4KwWo64tK,finish,finish,39,val,2189.0,asllex,sole gloss,dyywiHWxpVW4KwWo64tK.npy
dzI6S9EDmbxV8CVVAsdp,finish,finish,39,train,3256.0,asllex,sole gloss,dzI6S9EDmbxV8CVVAsdp.npy
e59e91dduI43A345sPD2,finish,finish,11,train,1656.0,asllex,sole gloss,e59e91dduI43A345sPD2.npy
e9B1rl5HYvLEGcUrUg68,finish,finish,61,test,1227.0,asllex,sole gloss,e9B1rl5HYvLEGcUrUg68.npy
eTbkhejywD080RiUG1fD,finish,finish,62,train,1078.0,asllex,sole gloss,eTbkhejywD080RiUG1fD.npy
eV8Pxh2yXCcHjMHt7SYV,finish,finish,85,val,1903.0,asllex,sole gloss,eV8Pxh2yXCcHjMHt7SYV.npy
eVFVKkZz7oAuu9KfM9OQ,finish,finish,15,train,1217.0,asllex,sole gloss,eVFVKkZz7oAuu9KfM9OQ.npy
ekPbgGeG9ZoevHGPP5Rx,finish,finish,76,train,3132.0,asllex,sole gloss,ekPbgGeG9ZoevHGPP5Rx.npy
eovAjpnp56sgGlKVUa5V,finish,finish,49,train,1285.0,asllex,sole gloss,eovAjpnp56sgGlKVUa5V.npy
ev1jaFXUAuVvagKqcOjL,finish,finish,17,train,1919.0,asllex,sole gloss,ev1jaFXUAuVvagKqcOjL.npy
f5Tngn3pBjWQfptwbrlD,finish,finish,11,train,1714.0,asllex,sole gloss,f5Tngn3pBjWQfptwbrlD.npy
fETMveR2rDZXf48kseo1,finish,finish,49,train,1137.0,asllex,sole gloss,fETMveR2rDZXf48kseo1.npy
fFsU495aU72xTcjKocaw,finish,finish,54,train,1510.0,asllex,sole gloss,fFsU495aU72xTcjKocaw.npy
fcwlfreD7yUXtjPyJo8R,finish,finish,62,val,1129.0,asllex,sole gloss,fcwlfreD7yUXtjPyJo8R.npy
fk9t2QaklaMXV8nI1Iui,finish,finish,38,train,2465.0,freetext,sole gloss,fk9t2QaklaMXV8nI1Iui.npy
fkDSUHRY3iw0BEumZ95h,finish,finish,48,test,1296.0,asllex,sole gloss,fkDSUHRY3iw0BEumZ95h.npy
g4pKRWsQYZvr8RiDGmaq,finish,finish,11,train,1911.0,asllex,sole gloss,g4pKRWsQYZvr8RiDGmaq.npy
ggc7A4HgFeJIpX1EoCEL,finish,finish,11,train,1715.0,asllex,sole gloss,ggc7A4HgFeJIpX1EoCEL.npy
hAMvivF0wHCPFPeTdgTo,finish,finish,39,train,5012.0,asllex,sole gloss,hAMvivF0wHCPFPeTdgTo.npy
hV3egjkUoDI8ouPwhpCl,finish,finish,17,val,1713.0,asllex,sole gloss,hV3egjkUoDI8ouPwhpCl.npy
hnyRW9CplePUNyVJbUKk,finish,finish,27,train,3019.0,asllex,sole gloss,hnyRW9CplePUNyVJbUKk.npy
hrkKzAhxQgOOXAUU3Fjf,finish,finish,30,train,1452.0,freetext,sole gloss,hrkKzAhxQgOOXAUU3Fjf.npy
hxexkX2fKNQb4xBKduK3,finish,finish,39,train,4386.0,asllex,sole gloss,hxexkX2fKNQb4xBKduK3.npy
i1FEcqL1IOXXm5M5VcJ9,finish,finish,39,train,3061.0,asllex,sole gloss,i1FEcqL1IOXXm5M5VcJ9.npy
iJCRT1gmn9WW6xLsZPY2,finish,finish,62,train,1079.0,asllex,sole gloss,iJCRT1gmn9WW6xLsZPY2.npy
iodu35s2TMFL0L4pmekg,finish,finish,46,train,3922.0,asllex,sole gloss,iodu35s2TMFL0L4pmekg.npy
irC1M6lxCwYbxPUmEppQ,finish,finish,11,val,1459.0,asllex,sole gloss,irC1M6lxCwYbxPUmEppQ.npy
j2KUAXqF9L3EP1iQK0Jd,finish,finish,52,train,2995.0,asllex,sole gloss,j2KUAXqF9L3EP1iQK0Jd.npy
j6vIrAveQNVshPMbXSsh,finish,finish,84,val,1232.0,asllex,sole gloss,j6vIrAveQNVshPMbXSsh.npy
j7mQHdMZTTRJGzG6qUlX,finish,finish,57,test,3531.0,asllex,sole gloss,j7mQHdMZTTRJGzG6qUlX.npy
j8ae2yJYRSqH3fs6av9S,finish,finish,53,test,1425.0,asllex,sole gloss,j8ae2yJYRSqH3fs6av9S.npy
jEwtya0Q3YsEllBgrNeK,finish,finish,46,train,2175.0,asllex,sole gloss,jEwtya0Q3YsEllBgrNeK.npy
jM6h7knKLTkbOnD0GN95,finish,finish,46,train,4816.0,asllex,sole gloss,jM6h7knKLTkbOnD0GN95.npy
jNNvC1YUliXWrwN0mqEi,finish,finish,57,test,1577.0,asllex,sole gloss,jNNvC1YUliXWrwN0mqEi.npy
jkDovsBmoqT9SgiiQ1su,finish,finish,57,test,1558.0,asllex,sole gloss,jkDovsBmoqT9SgiiQ1su.npy
jm41xq7bmsR6IetgsrQc,finish,finish,49,train,1742.0,asllex,sole gloss,jm41xq7bmsR6IetgsrQc.npy
k0iDbB2vtyqg2V7nwwXX,finish,finish,61,test,2324.0,asllex,sole gloss,k0iDbB2vtyqg2V7nwwXX.npy
k66swUhLQkknP37emlf2,finish,finish,46,train,3219.0,asllex,sole gloss,k66swUhLQkknP37emlf2.npy
kKC3zP46PMM992i1mTHA,finish,finish,39,train,3162.0,freetext,sole gloss,kKC3zP46PMM992i1mTHA.npy
kNwijWhjmoS8QEwmMbGa,finish,finish,84,train,1737.0,asllex,sole gloss,kNwijWhjmoS8QEwmMbGa.npy
ki3N8NSCP8ZQ7dFFMUeG,finish,finish,30,val,1581.0,asllex,sole gloss,ki3N8NSCP8ZQ7dFFMUeG.npy
knK7E6kNwpTxmFSSTEtu,finish,finish,17,train,895.0,asllex,sole gloss,knK7E6kNwpTxmFSSTEtu.npy
kxnTU3IcvcdDuNwp2mAQ,finish,finish,62,val,949.0,asllex,sole gloss,kxnTU3IcvcdDuNwp2mAQ.npy
lfntcMApphWEXa4ZnfBD,finish,finish,52,val,2665.0,asllex,sole gloss,lfntcMApphWEXa4ZnfBD.npy
lq9d5kMg0lrPDfYsgfnF,finish,finish,84,train,1937.0,asllex,sole gloss,lq9d5kMg0lrPDfYsgfnF.npy
lxcla7dwXn6lSAcs7RKq,finish,finish,62,train,1094.0,asllex,sole gloss,lxcla7dwXn6lSAcs7RKq.npy
m1dpWZWef0oCJWNRIgAX,finish,finish,48,test,1105.0,asllex,sole gloss,m1dpWZWef0oCJWNRIgAX.npy
m7n8F6OXtvTtcy33sWLE,finish,finish,46,train,1852.0,asllex,sole gloss,m7n8F6OXtvTtcy33sWLE.npy
mPUIIa5SKIwrFrQZ28WZ,finish,finish,46,val,1961.0,asllex,sole gloss,mPUIIa5SKIwrFrQZ28WZ.npy
mTy8jCRCODnSrnl3vIuG,finish,finish,60,val,884.0,asllex,sole gloss,mTy8jCRCODnSrnl3vIuG.npy
mvuAWc2TrDlqVZ2NmCZd,finish,finish,62,train,1147.0,asllex,sole gloss,mvuAWc2TrDlqVZ2NmCZd.npy
n0XMd64Ti9j4bgdwLRjL,finish,finish,60,val,1506.0,asllex,sole gloss,n0XMd64Ti9j4bgdwLRjL.npy
nJIxKFCidfYG4e4bxUY2,finish,finish,35,train,1468.0,asllex,sole gloss,nJIxKFCidfYG4e4bxUY2.npy
oEFC3i2RwY1bsDK0t4cy,finish,finish,60,val,987.0,asllex,sole gloss,oEFC3i2RwY1bsDK0t4cy.npy
oRyUpixcE8LFEyU0sCUJ,finish,finish,62,train,1038.0,asllex,sole gloss,oRyUpixcE8LFEyU0sCUJ.npy
oVHYk6Zw1ZPPrdlCntZV,finish,finish,30,train,1580.0,asllex,sole gloss,oVHYk6Zw1ZPPrdlCntZV.npy
ozyxm3mOwBlMWxKROaAH,finish,finish,30,train,1845.0,asllex,sole gloss,ozyxm3mOwBlMWxKROaAH.npy
piXayIe6C8UrNgrrxMhu,finish,finish,57,test,1463.0,asllex,sole gloss,piXayIe6C8UrNgrrxMhu.npy
ppovZaLPFPVozFUexGC0,finish,finish,46,train,2947.0,asllex,sole gloss,ppovZaLPFPVozFUexGC0.npy
qG8SZNDXsYyKYyDi0iDU,finish,finish,46,train,3049.0,asllex,sole gloss,qG8SZNDXsYyKYyDi0iDU.npy
qGfqZIwMnWOBz7eWvp9s,finish,finish,46,train,1958.0,asllex,sole gloss,qGfqZIwMnWOBz7eWvp9s.npy
qVWxVZMT9ly8o6zYDmBS,finish,finish,61,test,2529.0,asllex,sole gloss,qVWxVZMT9ly8o6zYDmBS.npy
qrXS00XOqxmow0Htgf5t,finish,finish,49,val,1252.0,asllex,sole gloss,qrXS00XOqxmow0Htgf5t.npy
rdzDXSnALD6z9bNuwUOv,finish,finish,84,val,2310.0,asllex,sole gloss,rdzDXSnALD6z9bNuwUOv.npy
rlsOnalrRe5Xs0DTJ00D,finish,finish,62,train,1079.0,asllex,sole gloss,rlsOnalrRe5Xs0DTJ00D.npy
rwzTLQLEXhueWBzisnQp,finish,finish,30,train,1523.0,asllex,sole gloss,rwzTLQLEXhueWBzisnQp.npy
s2QsmgociJUm55Hb2LoT,finish,finish,46,val,4350.0,asllex,sole gloss,s2QsmgociJUm55Hb2LoT.npy
sBpkGPvoezBtUiurz7hf,finish,finish,57,test,1376.0,freetext,sole gloss,sBpkGPvoezBtUiurz7hf.npy
sGZP6zKupJbDsucCGEsb,finish,finish,53,test,1878.0,asllex,sole gloss,sGZP6zKupJbDsucCGEsb.npy
sUl5NCfjx4rKxTUBpjx7,finish,finish,43,train,2580.0,asllex,sole gloss,sUl5NCfjx4rKxTUBpjx7.npy
t6d3SMplAEeoX5QJBAc2,finish,finish,46,train,1859.0,freetext,sole gloss,t6d3SMplAEeoX5QJBAc2.npy
t6nCNevXEH6V7A3C7GSv,finish,finish,46,train,1964.0,freetext,sole gloss,t6nCNevXEH6V7A3C7GSv.npy
ta7vqzvEdbeOn89iyWLo,finish,finish,59,train,2381.0,asllex,sole gloss,ta7vqzvEdbeOn89iyWLo.npy
uDvHRbnuoM90iuxY6t63,finish,finish,38,train,3371.0,asllex,sole gloss,uDvHRbnuoM90iuxY6t63.npy
uKyKnVlzoEq9EAK1F0iQ,finish,finish,38,train,3517.0,asllex,sole gloss,uKyKnVlzoEq9EAK1F0iQ.npy
uTDkpqOu0oZzY3SEWFNO,finish,finish,57,test,1365.0,asllex,sole gloss,uTDkpqOu0oZzY3SEWFNO.npy
uVLrstJSsMOt10kLa6yx,finish,finish,62,train,803.0,asllex,sole gloss,uVLrstJSsMOt10kLa6yx.npy
umB6f08re073gjtEWfuH,finish,finish,23,val,1344.0,asllex,sole gloss,umB6f08re073gjtEWfuH.npy
v1KrI4HspVkQAUl7CAv4,finish,finish,85,train,2070.0,asllex,sole gloss,v1KrI4HspVkQAUl7CAv4.npy
vEiLiVfzboYrx3v7xku0,finish,finish,46,train,2953.0,asllex,sole gloss,vEiLiVfzboYrx3v7xku0.npy
w4XRF0o8wMU204NEIq7S,finish,finish,88,train,2817.0,asllex,sole gloss,w4XRF0o8wMU204NEIq7S.npy
w8stMK1KFKcXzUtytDOT,finish,finish,39,train,4026.0,asllex,sole gloss,w8stMK1KFKcXzUtytDOT.npy
wpfKAXhqeVnhuJPQeq1I,finish,finish,54,train,1834.0,asllex,sole gloss,wpfKAXhqeVnhuJPQeq1I.npy
wwPrC0r9UDSS5nzt6SUu,finish,finish,84,train,1340.0,asllex,sole gloss,wwPrC0r9UDSS5nzt6SUu.npy
x6dWTfZsxvtB8X06eiPl,finish,finish,30,train,1203.0,asllex,sole gloss,x6dWTfZsxvtB8X06eiPl.npy
xSc7Ol2IPiulmL4mPDTE,finish,finish,62,train,1354.0,asllex,sole gloss,xSc7Ol2IPiulmL4mPDTE.npy
xZIhoyNRVdft1Hlo6Zay,finish,finish,39,val,2365.0,asllex,sole gloss,xZIhoyNRVdft1Hlo6Zay.npy
y5gHwaLXs2g5jR9L8NOK,finish,finish,42,train,1239.0,freetext,sole gloss,y5gHwaLXs2g5jR9L8NOK.npy
ydvrlVdInGf3Wpp9m9W7,finish,finish,17,val,1935.0,asllex,sole gloss,ydvrlVdInGf3Wpp9m9W7.npy
ywGN4C62BNamXiGhdRiX,finish,finish,60,train,2109.0,asllex,sole gloss,ywGN4C62BNamXiGhdRiX.npy
zYCWLeCGZwuPvf1EqhHf,finish,finish,84,train,1741.0,asllex,sole gloss,zYCWLeCGZwuPvf1EqhHf.npy
za8ZdWznAC22n8m8ZJnY,finish,finish,63,train,1646.0,asllex,sole gloss,za8ZdWznAC22n8m8ZJnY.npy
zcacSniXfdh87B18JOny,finish,finish,84,train,1704.0,asllex,sole gloss,zcacSniXfdh87B18JOny.npy
ze8hZV6PET4cAsV0j0Xt,finish,finish,84,val,1448.0,asllex,sole gloss,ze8hZV6PET4cAsV0j0Xt.npy
zmTQN52Pwn8i2dSnFidU,finish,finish,39,train,2564.0,asllex,sole gloss,zmTQN52Pwn8i2dSnFidU.npy
0pXrJr9UYdwtfNoa0nil,food,food,7,train,2796.0,freetext,sole gloss,0pXrJr9UYdwtfNoa0nil.npy
BIrV3pc0cskDuqNtMffG,food,food,42,train,1554.0,freetext,sole gloss,BIrV3pc0cskDuqNtMffG.npy
C7h6kezy6lHnrDyXFSFM,food,food,84,train,1740.0,freetext,sole gloss,C7h6kezy6lHnrDyXFSFM.npy
Dkrh0hZZUTm0XlO7bLBR,food,food,35,val,1475.0,freetext,sole gloss,Dkrh0hZZUTm0XlO7bLBR.npy
O5ZiuYtV7kXNCAs8I633,food,food,35,val,1458.0,freetext,sole gloss,O5ZiuYtV7kXNCAs8I633.npy
YHsC26f3aTRhpe3vhjWV,food,food,59,train,2115.0,freetext,sole gloss,YHsC26f3aTRhpe3vhjWV.npy
a2ROcGU9P24jF9GpDy61,food,food,39,val,2529.0,freetext,sole gloss,a2ROcGU9P24jF9GpDy61.npy
irsR0LLlLETkBNf10J9A,food,food,84,train,3033.0,freetext,sole gloss,irsR0LLlLETkBNf10J9A.npy
ppPw3uqZNj3hMAGNoIyO,food,food,42,train,1446.0,freetext,sole gloss,ppPw3uqZNj3hMAGNoIyO.npy
qoTLZOu09WpKThO70utW,food,food,43,train,3030.0,freetext,sole gloss,qoTLZOu09WpKThO70utW.npy
14dNFeEyYtOFqwYCAeFI,give,give,33,test,3114.0,asllex,sole gloss,14dNFeEyYtOFqwYCAeFI.npy
1MrfpaQnWcGE1GJLvGwW,give,give,84,train,1814.0,asllex,sole gloss,1MrfpaQnWcGE1GJLvGwW.npy
1UxUwDgCSZXyq5L26J0R,give,give,42,train,1225.0,freetext,sole gloss,1UxUwDgCSZXyq5L26J0R.npy
2JjFlEOLFN1WyOUu8LA5,give,give,88,train,3654.0,asllex,sole gloss,2JjFlEOLFN1WyOUu8LA5.npy
2XdbJLiBVpiwvv8Webzw,give,give,49,train,1068.0,asllex,sole gloss,2XdbJLiBVpiwvv8Webzw.npy
46fsWBIbcqeT3csdd3JQ,give,give,30,train,1419.0,asllex,sole gloss,46fsWBIbcqeT3csdd3JQ.npy
4YaFNok7i1j2VpV1cNN5,give,give,57,test,1103.0,asllex,sole gloss,4YaFNok7i1j2VpV1cNN5.npy
69OOvHmDIjC2Ut9WsKFE,give,give,49,train,917.0,asllex,sole gloss,69OOvHmDIjC2Ut9WsKFE.npy
7iYIn8Ls3mMYC4iG2JaE,give,give,49,train,832.0,asllex,sole gloss,7iYIn8Ls3mMYC4iG2JaE.npy
AbvCd2lELAtVC6wcZ9BA,give,give,49,val,1232.0,freetext,sole gloss,AbvCd2lELAtVC6wcZ9BA.npy
CTzpwTb367ykjHVJXd9j,give,give,11,train,1756.0,asllex,sole gloss,CTzpwTb367ykjHVJXd9j.npy
D8yWadYVYjRLF5Z9ymyJ,give,give,57,test,1666.0,asllex,sole gloss,D8yWadYVYjRLF5Z9ymyJ.npy
DJGC5v357SSAUEMtrFq3,give,give,63,train,1623.0,freetext,sole gloss,DJGC5v357SSAUEMtrFq3.npy
DMDVbujsOd2m9dKUemnH,give,give,31,train,1475.0,asllex,sole gloss,DMDVbujsOd2m9dKUemnH.npy
Fgtz28sNJCfDsFWm9rxm,give,give,8,val,1655.0,asllex,sole gloss,Fgtz28sNJCfDsFWm9rxm.npy
FmKRIffyil3OVEPJbIUg,give,give,49,val,817.0,asllex,sole gloss,FmKRIffyil3OVEPJbIUg.npy
GcfpPqZ3VT6pZGKpJ4Lk,give,give,57,test,1578.0,asllex,sole gloss,GcfpPqZ3VT6pZGKpJ4Lk.npy
GwoUsGz8zaVxo5uF7vzn,give,give,11,train,1399.0,asllex,sole gloss,GwoUsGz8zaVxo5uF7vzn.npy
HNd45gl6YOXfGiOPOWsV,give,give,57,test,1903.0,asllex,sole gloss,HNd45gl6YOXfGiOPOWsV.npy
IGopclQB0Qmhg9FRZm3M,give,give,31,train,1776.0,asllex,sole gloss,IGopclQB0Qmhg9FRZm3M.npy
IOfn1Tui1QwxOMZvldVy,give,give,12,val,1625.0,asllex,sole gloss,IOfn1Tui1QwxOMZvldVy.npy
JSnrjhugJ5lo0yN4rvkJ,give,give,84,train,1551.0,asllex,sole gloss,JSnrjhugJ5lo0yN4rvkJ.npy
K99wfQrKK20ZTFw3e5T3,give,give,50,test,2351.0,asllex,sole gloss,K99wfQrKK20ZTFw3e5T3.npy
KEJYO29qisbrkyq4nq2p,give,give,31,train,1492.0,asllex,sole gloss,KEJYO29qisbrkyq4nq2p.npy
L5NoOLhdjMJ90QS1eX6P,give,give,11,train,1615.0,asllex,sole gloss,L5NoOLhdjMJ90QS1eX6P.npy
LKDxAYu03S3NN6BvmZe1,give,give,31,train,1947.0,asllex,sole gloss,LKDxAYu03S3NN6BvmZe1.npy
LPMnJpWxDIpA1YGEaNDn,give,give,39,train,2818.0,asllex,sole gloss,LPMnJpWxDIpA1YGEaNDn.npy
LTa0w7FVk5lFaY0PVpMv,give,give,39,train,2170.0,asllex,sole gloss,LTa0w7FVk5lFaY0PVpMv.npy
Lj6SyFlnrqRicoy0Q425,give,give,39,train,3470.0,asllex,sole gloss,Lj6SyFlnrqRicoy0Q425.npy
LrKg9JXrKhkPEXaI0HQM,give,give,84,train,1079.0,asllex,sole gloss,LrKg9JXrKhkPEXaI0HQM.npy
MMxN65Jfzam5I9z82JAl,give,give,88,val,4763.0,freetext,sole gloss,MMxN65Jfzam5I9z82JAl.npy
Mm9ClXLE5ff0bKiyYz7O,give,give,53,test,2380.0,asllex,asllex beats ['freetext'],Mm9ClXLE5ff0bKiyYz7O.npy
N7mUWt7DbxXIZihagxtU,give,give,31,train,1698.0,asllex,sole gloss,N7mUWt7DbxXIZihagxtU.npy
NQOHvELORfiEkNY9d8D2,give,give,84,val,1656.0,asllex,sole gloss,NQOHvELORfiEkNY9d8D2.npy
NvYSbN6zkfr5vJtDCXB4,give,give,64,test,1596.0,asllex,sole gloss,NvYSbN6zkfr5vJtDCXB4.npy
PLYdcX7eNgfFjzQTZqdJ,give,give,49,train,1666.0,asllex,sole gloss,PLYdcX7eNgfFjzQTZqdJ.npy
QbDyUeAgO6vdKcdgToR3,give,give,39,train,2753.0,asllex,sole gloss,QbDyUeAgO6vdKcdgToR3.npy
QfF83xOdfJ9tGhDpyDdV,give,give,30,train,1609.0,freetext,sole gloss,QfF83xOdfJ9tGhDpyDdV.npy
RwCkXBY2KYtltAyxOJO9,give,give,17,val,1808.0,asllex,sole gloss,RwCkXBY2KYtltAyxOJO9.npy
RyzXD2lfHE9gWwBwyGer,give,give,46,train,2588.0,asllex,sole gloss,RyzXD2lfHE9gWwBwyGer.npy
TsSUFkyHxuUgVMUiEUGv,give,give,62,train,975.0,asllex,sole gloss,TsSUFkyHxuUgVMUiEUGv.npy
XNhIWbR0DI89YGolUDXJ,give,give,30,val,1811.0,freetext,sole gloss,XNhIWbR0DI89YGolUDXJ.npy
aE1WZgMDwIoTS6FVFOFf,give,give,39,train,2874.0,asllex,sole gloss,aE1WZgMDwIoTS6FVFOFf.npy
hDJOxAXu7hV2VpMskcGg,give,give,49,train,1383.0,asllex,sole gloss,hDJOxAXu7hV2VpMskcGg.npy
i2gRQwzfMtadqCNXPUBS,give,give,35,val,1822.0,asllex,sole gloss,i2gRQwzfMtadqCNXPUBS.npy
iKL5SxyqHVBu9GSr9UGh,give,give,8,val,1909.0,asllex,asllex beats ['freetext'],iKL5SxyqHVBu9GSr9UGh.npy
indhpmSZbo1S8X4Kmwhw,give,give,39,train,3688.0,asllex,sole gloss,indhpmSZbo1S8X4Kmwhw.npy
jXVrPWJaDutAgDiW5nRR,give,give,33,test,4668.0,asllex,sole gloss,jXVrPWJaDutAgDiW5nRR.npy
jrNq4qWvxzXGA26OHX17,give,give,49,train,1485.0,freetext,sole gloss,jrNq4qWvxzXGA26OHX17.npy
lBuZHsBM6Aqs14BgzkFP,give,give,30,train,2608.0,asllex,sole gloss,lBuZHsBM6Aqs14BgzkFP.npy
mxdYR30IhmvcYPsVK0s2,give,give,7,train,2151.0,asllex,sole gloss,mxdYR30IhmvcYPsVK0s2.npy
n5ArGvrS9Kshc8Szl3eJ,give,give,42,train,1649.0,freetext,sole gloss,n5ArGvrS9Kshc8Szl3eJ.npy
nuVBDy60436OqacanXrv,give,give,49,val,1052.0,asllex,sole gloss,nuVBDy60436OqacanXrv.npy
oGQvXYhsbcBjsATbIjFR,give,give,52,train,4988.0,asllex,sole gloss,oGQvXYhsbcBjsATbIjFR.npy
pSuSiNPwDT5FdowgUrSU,give,give,57,test,2432.0,asllex,sole gloss,pSuSiNPwDT5FdowgUrSU.npy
qaP4W0XKH5XgMp4AY43C,give,give,30,train,2573.0,asllex,sole gloss,qaP4W0XKH5XgMp4AY43C.npy
rJICgsZmy5TeUuY8L589,give,give,39,train,2772.0,asllex,sole gloss,rJICgsZmy5TeUuY8L589.npy
sgPvYVLnSskHBLWPfFYd,give,give,49,train,1900.0,freetext,sole gloss,sgPvYVLnSskHBLWPfFYd.npy
uSdEAlEC3yelNqcT1tI9,give,give,46,val,3902.0,asllex,sole gloss,uSdEAlEC3yelNqcT1tI9.npy
ucmWtu5JP82lZ96zgiOv,give,give,17,val,1638.0,asllex,sole gloss,ucmWtu5JP82lZ96zgiOv.npy
uzNx4dvLvxKECpE089jJ,give,give,84,train,1825.0,asllex,sole gloss,uzNx4dvLvxKECpE089jJ.npy
vwNvvHEmgVlvmJ64iVnz,give,give,49,train,1818.0,freetext,sole gloss,vwNvvHEmgVlvmJ64iVnz.npy
w0f6LBDglG8K9P5ibWsO,give,give,30,val,1735.0,asllex,sole gloss,w0f6LBDglG8K9P5ibWsO.npy
w8NiXOx5zcKISi9BA2l3,give,give,46,train,2340.0,freetext,sole gloss,w8NiXOx5zcKISi9BA2l3.npy
wfjTVoyYrAykOiEWXl6C,give,give,11,val,1920.0,asllex,sole gloss,wfjTVoyYrAykOiEWXl6C.npy
xtxFIr8Tx3OoejK8Wjsp,give,give,57,test,2474.0,freetext,sole gloss,xtxFIr8Tx3OoejK8Wjsp.npy
yHcVWs5ecfmSmjgKhPhl,give,give,52,val,2553.0,asllex,sole gloss,yHcVWs5ecfmSmjgKhPhl.npy
yfm0yvjod61E6OIzTfOf,give,give,30,train,1622.0,asllex,sole gloss,yfm0yvjod61E6OIzTfOf.npy
yss30aTpwSUS2nGEllzS,give,give,62,train,921.0,asllex,sole gloss,yss30aTpwSUS2nGEllzS.npy
zXHgZ4NGKDC4ctBD1Btb,give,give,84,train,2087.0,asllex,sole gloss,zXHgZ4NGKDC4ctBD1Btb.npy
2VCLDucv3uE16GfcmZtP,glasses,glasses,80,val,1726.0,asllex,sole gloss,2VCLDucv3uE16GfcmZtP.npy
4viDVe4mXJDP6u2l1gNr,glasses,glasses,49,train,1483.0,asllex,sole gloss,4viDVe4mXJDP6u2l1gNr.npy
6ywWZQEQJh8seILO6xVC,glasses,glasses,61,test,1567.0,freetext,sole gloss,6ywWZQEQJh8seILO6xVC.npy
7B2xeLJupP4dU0wE1O8o,glasses,glasses,8,val,1886.0,freetext,sole gloss,7B2xeLJupP4dU0wE1O8o.npy
B2Ga1dG3I7GHUfnD12yK,glasses,glasses,49,train,1123.0,asllex,sole gloss,B2Ga1dG3I7GHUfnD12yK.npy
BdKEIGtJElq7bKH8vuUH,glasses,glasses,88,val,2818.0,asllex,sole gloss,BdKEIGtJElq7bKH8vuUH.npy
CeEaH39CQLO7vJ1GLUVM,glasses,glasses,57,test,1997.0,freetext,sole gloss,CeEaH39CQLO7vJ1GLUVM.npy
GSPgpO5Y7NHvAmzoUGmJ,glasses,glasses,80,train,2604.0,asllex,sole gloss,GSPgpO5Y7NHvAmzoUGmJ.npy
IexSKqPqG6j2he5ze26e,glasses,glasses,30,train,1944.0,asllex,sole gloss,IexSKqPqG6j2he5ze26e.npy
LnfLotRWAXMDLEbBvjUJ,glasses,glasses,42,train,1861.0,freetext,sole gloss,LnfLotRWAXMDLEbBvjUJ.npy
LnhpAJKMXMlIAm4khhhv,glasses,glasses,38,train,2639.0,freetext,sole gloss,LnhpAJKMXMlIAm4khhhv.npy
OkXG1PtonbPVQZqM1nXV,glasses,glasses,54,train,2355.0,asllex,sole gloss,OkXG1PtonbPVQZqM1nXV.npy
U1HJSMOKCRs59P9nNNx9,glasses,glasses,80,train,1764.0,asllex,sole gloss,U1HJSMOKCRs59P9nNNx9.npy
Ur1LanwnqQEUNOL6rCUL,glasses,glasses,50,test,2865.0,asllex,sole gloss,Ur1LanwnqQEUNOL6rCUL.npy
a64gU7Wg0bpKNKDLaSRU,glasses,glasses,7,train,2172.0,asllex,sole gloss,a64gU7Wg0bpKNKDLaSRU.npy
cPozyL1TsVP0faTYgUNh,glasses,glasses,49,train,1893.0,asllex,sole gloss,cPozyL1TsVP0faTYgUNh.npy
hyR7O2KuZ9LXIgvN6fsa,glasses,glasses,49,val,1628.0,asllex,sole gloss,hyR7O2KuZ9LXIgvN6fsa.npy
mh2LgjbV7QCy9dbM6TCg,glasses,glasses,54,train,4449.0,asllex,sole gloss,mh2LgjbV7QCy9dbM6TCg.npy
ovee0U6ZCpiCDx5amalW,glasses,glasses,38,train,2516.0,freetext,sole gloss,ovee0U6ZCpiCDx5amalW.npy
p2BmV2S33JJqYzkBayIp,glasses,glasses,49,train,1670.0,asllex,sole gloss,p2BmV2S33JJqYzkBayIp.npy
ptNcO8xB3yPebjv3O6ax,glasses,glasses,7,train,2352.0,asllex,sole gloss,ptNcO8xB3yPebjv3O6ax.npy
qRGxeMQYEsuArPZ369aA,glasses,glasses,31,val,1302.0,asllex,sole gloss,qRGxeMQYEsuArPZ369aA.npy
suDTXYPlKJBkxiE3fB3y,glasses,glasses,62,train,1543.0,freetext,sole gloss,suDTXYPlKJBkxiE3fB3y.npy
1pT7ySGca8hKkDTlsKXp,go,go,88,val,3411.0,freetext,sole gloss,1pT7ySGca8hKkDTlsKXp.npy
2LV0VejneFHUdwshvK4u,go,go,38,val,3200.0,freetext,sole gloss,2LV0VejneFHUdwshvK4u.npy
312V7Bb6QJSGRnoGmp9x,go,go,62,train,1201.0,asllex,sole gloss,312V7Bb6QJSGRnoGmp9x.npy
32KWVCUgzZbogig58bER,go,go,7,train,2183.0,asllex,sole gloss,32KWVCUgzZbogig58bER.npy
3egUlj6MUPiXymlGoNgV,go,go,84,val,1210.0,freetext,sole gloss,3egUlj6MUPiXymlGoNgV.npy
41SMrZhayxC1GeBrM0qT,go,go,57,test,941.0,asllex,sole gloss,41SMrZhayxC1GeBrM0qT.npy
4AyRbwISVLwyjyC5THtt,go,go,62,train,1131.0,asllex,sole gloss,4AyRbwISVLwyjyC5THtt.npy
4Bh9R2FJJ2ipBesD0aNW,go,go,49,train,1218.0,freetext,sole gloss,4Bh9R2FJJ2ipBesD0aNW.npy
4x5IYx81JupfA62QP4qg,go,go,84,train,1873.0,freetext,sole gloss,4x5IYx81JupfA62QP4qg.npy
5urUE7Gazdyb7Qbxl6fm,go,go,88,train,1316.0,freetext,sole gloss,5urUE7Gazdyb7Qbxl6fm.npy
66rD7s0HgIMBqcnxhm8n,go,go,52,train,2333.0,freetext,sole gloss,66rD7s0HgIMBqcnxhm8n.npy
6OVrhvKvesuEMukMfHmI,go,go,49,train,1752.0,freetext,sole gloss,6OVrhvKvesuEMukMfHmI.npy
6Z62DNWObGRSC1yQF9fx,go,go,17,train,911.0,freetext,sole gloss,6Z62DNWObGRSC1yQF9fx.npy
6nqVp8g7rxdnNPDSnQrU,go,go,49,train,1277.0,freetext,sole gloss,6nqVp8g7rxdnNPDSnQrU.npy
76MQDNYXyelFNV9STnMN,go,go,17,train,982.0,asllex,sole gloss,76MQDNYXyelFNV9STnMN.npy
7t0Zu53mdXlA6l2DRwIe,go,go,88,train,1979.0,asllex,sole gloss,7t0Zu53mdXlA6l2DRwIe.npy
BzvlMVhOzCnLoMnuAa8a,go,go,39,train,2647.0,freetext,sole gloss,BzvlMVhOzCnLoMnuAa8a.npy
Cml9ZTP2cDO8xYrWMTiS,go,go,49,train,1051.0,asllex,sole gloss,Cml9ZTP2cDO8xYrWMTiS.npy
Czq5avynuD3bSOvhIvTC,go,go,88,train,2309.0,freetext,sole gloss,Czq5avynuD3bSOvhIvTC.npy
DJyOjUFWada3cmxksgmf,go,go,54,val,1881.0,freetext,sole gloss,DJyOjUFWada3cmxksgmf.npy
EuP6ZeR78kgQPtJ2skSD,go,go,84,train,2014.0,asllex,sole gloss,EuP6ZeR78kgQPtJ2skSD.npy
Fk81GoelCHNHr4AeD5Fa,go,go,84,train,899.0,freetext,sole gloss,Fk81GoelCHNHr4AeD5Fa.npy
GCL5VV1jcEWA5rbJhC16,go,go,49,train,1233.0,asllex,sole gloss,GCL5VV1jcEWA5rbJhC16.npy
GCgogvP8XAGL4QYUwW1T,go,go,57,test,1618.0,freetext,sole gloss,GCgogvP8XAGL4QYUwW1T.npy
Kqx5K42Y0YGd2mZKkxkR,go,go,62,train,1347.0,asllex,sole gloss,Kqx5K42Y0YGd2mZKkxkR.npy
Las3T7mpDnUTwdPZVSgt,go,go,57,test,1387.0,asllex,sole gloss,Las3T7mpDnUTwdPZVSgt.npy
MMFqkKdVoK9PJuUKPKoq,go,go,8,train,1218.0,freetext,sole gloss,MMFqkKdVoK9PJuUKPKoq.npy
MnhyKvIUXC5jg6ngZwm8,go,go,84,train,1072.0,freetext,sole gloss,MnhyKvIUXC5jg6ngZwm8.npy
N0dvF54yZKzgY8r1Wb3s,go,go,39,val,2497.0,asllex,sole gloss,N0dvF54yZKzgY8r1Wb3s.npy
OTdRmDCNMsCd0w12BEuM,go,go,49,train,1383.0,freetext,sole gloss,OTdRmDCNMsCd0w12BEuM.npy
PA3Mx83ZxIsQGCJZLQ4T,go,go,38,train,3484.0,asllex,sole gloss,PA3Mx83ZxIsQGCJZLQ4T.npy
QidVd44rr7mPudQvPQAz,go,go,62,train,1411.0,asllex,asllex beats ['freetext'],QidVd44rr7mPudQvPQAz.npy
STNg3ChtvTSGipNIiHZh,go,go,62,train,1170.0,asllex,sole gloss,STNg3ChtvTSGipNIiHZh.npy
TdvWvOOmwQuZ8QSriTbY,go,go,49,val,1084.0,asllex,sole gloss,TdvWvOOmwQuZ8QSriTbY.npy
UtiB8y716GJM0jMD36By,go,go,49,train,1943.0,asllex,sole gloss,UtiB8y716GJM0jMD36By.npy
VDJV76JCDWuxZ6WxU7PO,go,go,50,test,2580.0,asllex,sole gloss,VDJV76JCDWuxZ6WxU7PO.npy
Vdr5Xiy6aqer5CXkEuDx,go,go,39,train,2548.0,freetext,sole gloss,Vdr5Xiy6aqer5CXkEuDx.npy
YH7TbezDf4LqHCYz8u28,go,go,49,train,1233.0,asllex,sole gloss,YH7TbezDf4LqHCYz8u28.npy
YQwcjDW8CHHqZci4U6j6,go,go,38,train,2976.0,asllex,sole gloss,YQwcjDW8CHHqZci4U6j6.npy
YQwxyMxPXBzfIu3szzen,go,go,88,train,2817.0,freetext,sole gloss,YQwxyMxPXBzfIu3szzen.npy
ZmIsW93mviYR5TKLr5Q4,go,go,49,train,1272.0,asllex,sole gloss,ZmIsW93mviYR5TKLr5Q4.npy
ZweMkfZIKGGKWR2lqNzV,go,go,49,val,1227.0,asllex,sole gloss,ZweMkfZIKGGKWR2lqNzV.npy
apTSuU0wVQqQF7Eh3vTf,go,go,57,test,1285.0,asllex,sole gloss,apTSuU0wVQqQF7Eh3vTf.npy
bXTBoSqBpS0jlwufHF3f,go,go,49,train,1747.0,asllex,sole gloss,bXTBoSqBpS0jlwufHF3f.npy
cOSJNzwYhF2Y90oYNOAh,go,go,84,train,1637.0,asllex,sole gloss,cOSJNzwYhF2Y90oYNOAh.npy
dptluE1Ds9OVAvwcz6IX,go,go,17,train,1655.0,asllex,sole gloss,dptluE1Ds9OVAvwcz6IX.npy
eaoAd6VjbxvTtzVNj5Qc,go,go,17,val,1249.0,asllex,sole gloss,eaoAd6VjbxvTtzVNj5Qc.npy
eneqlyEumqiRsSLLDZ4O,go,go,43,train,2297.0,freetext,sole gloss,eneqlyEumqiRsSLLDZ4O.npy
fMxlsEloCFeaFLeOhXgY,go,go,30,val,1599.0,asllex,sole gloss,fMxlsEloCFeaFLeOhXgY.npy
fViQx2GKgLDayiz5FWUV,go,go,49,val,1167.0,asllex,sole gloss,fViQx2GKgLDayiz5FWUV.npy
gN3ubS3ma0NWgHkeEvl3,go,go,31,val,1517.0,freetext,sole gloss,gN3ubS3ma0NWgHkeEvl3.npy
gVsq91Klb83v6xHsQTij,go,go,30,val,1581.0,asllex,sole gloss,gVsq91Klb83v6xHsQTij.npy
gpA3tM6uP4ts5RcGb6GP,go,go,46,train,2467.0,asllex,sole gloss,gpA3tM6uP4ts5RcGb6GP.npy
kFH1i2y6NT8PEcktO0LZ,go,go,38,train,2716.0,asllex,sole gloss,kFH1i2y6NT8PEcktO0LZ.npy
ldjVP7HVZfYkuUc4mYuB,go,go,46,val,2836.0,asllex,sole gloss,ldjVP7HVZfYkuUc4mYuB.npy
lgkdbTI4kwabnoyt8nwE,go,go,39,train,3632.0,asllex,sole gloss,lgkdbTI4kwabnoyt8nwE.npy
nEEOhTUYBjxJ0MkWyyxB,go,go,46,val,2431.0,asllex,sole gloss,nEEOhTUYBjxJ0MkWyyxB.npy
nG3klxAN9sjgkWyMNV1v,go,go,42,train,1915.0,asllex,sole gloss,nG3klxAN9sjgkWyMNV1v.npy
pgy0paYLZyBJfDlOurYc,go,go,62,train,1070.0,asllex,sole gloss,pgy0paYLZyBJfDlOurYc.npy
pnlLAQYxWfPCW47ki0Mo,go,go,62,val,950.0,freetext,sole gloss,pnlLAQYxWfPCW47ki0Mo.npy
q2dbjamc0aNfyrmTqLCe,go,go,42,train,2194.0,freetext,sole gloss,q2dbjamc0aNfyrmTqLCe.npy
qv0KuCiti8YQUCzIYpR2,go,go,42,train,3514.0,freetext,sole gloss,qv0KuCiti8YQUCzIYpR2.npy
rWlw0B0DlALyRyaCNipp,go,go,43,train,1899.0,freetext,sole gloss,rWlw0B0DlALyRyaCNipp.npy
sAS31ARJCGbGSQTSaPnM,go,go,63,val,1169.0,freetext,sole gloss,sAS31ARJCGbGSQTSaPnM.npy
vMrMGr3oNsxZ5cnrcxnv,go,go,39,train,2170.0,asllex,sole gloss,vMrMGr3oNsxZ5cnrcxnv.npy
vg20ssIvS12PENfyRRnL,go,go,49,train,1035.0,freetext,sole gloss,vg20ssIvS12PENfyRRnL.npy
vwMHIZlyUevS1hFC2Vv8,go,go,62,val,1058.0,asllex,sole gloss,vwMHIZlyUevS1hFC2Vv8.npy
wSurThLJNcoTx3GSVmtP,go,go,49,train,1000.0,asllex,sole gloss,wSurThLJNcoTx3GSVmtP.npy
xHJTjyEFwC3EnzzjWBfq,go,go,7,train,2195.0,asllex,sole gloss,xHJTjyEFwC3EnzzjWBfq.npy
xKwwB9VeRaf0Ow2HuVzZ,go,go,49,train,1302.0,asllex,sole gloss,xKwwB9VeRaf0Ow2HuVzZ.npy
0b6nFkzIqgJC6Zk56akI,hands,hand,49,train,1578.0,asllex,sole gloss,0b6nFkzIqgJC6Zk56akI.npy
1imFO2l1wUQ33NUfReA0,hands,hand,7,train,2538.0,asllex,sole gloss,1imFO2l1wUQ33NUfReA0.npy
36QpyGz6L0RCO5bvNMVa,hands,hand,57,test,1857.0,asllex,sole gloss,36QpyGz6L0RCO5bvNMVa.npy
68yxyazzfpmSW1jorHIv,hands,hand,84,val,1275.0,asllex,sole gloss,68yxyazzfpmSW1jorHIv.npy
6Yw9nhKNooO0DBVKxxWD,hands,hand,49,train,1674.0,asllex,sole gloss,6Yw9nhKNooO0DBVKxxWD.npy
7Z6pfTmxp6n4j0NmFrKL,hands,hand,17,val,1108.0,asllex,sole gloss,7Z6pfTmxp6n4j0NmFrKL.npy
9jUHGUJRh2HK4DzC7dSl,hands,hand,84,train,1512.0,asllex,sole gloss,9jUHGUJRh2HK4DzC7dSl.npy
BHiBusnIVWf709bLMUGE,hands,hand,38,train,3579.0,asllex,sole gloss,BHiBusnIVWf709bLMUGE.npy
DErMeN8hTniVBIdp4iUu,hands,hand,30,val,1961.0,asllex,sole gloss,DErMeN8hTniVBIdp4iUu.npy
FoTmsXwW1O6IyuTqLfe0,hands,hand,46,val,3234.0,asllex,sole gloss,FoTmsXwW1O6IyuTqLfe0.npy
GLvYFiZRbBL31qJt9mLL,hands,hand,49,train,1403.0,asllex,sole gloss,GLvYFiZRbBL31qJt9mLL.npy
GTQHfVUaXhr5wZZ1oLRk,hands,hand,84,train,2260.0,asllex,sole gloss,GTQHfVUaXhr5wZZ1oLRk.npy
JF1c1uQsi6LQmN95wVas,hands,hand,84,val,3395.0,asllex,sole gloss,JF1c1uQsi6LQmN95wVas.npy
JRSugxZxMWrxdf8iDc1E,hands,hand,31,train,1236.0,asllex,sole gloss,JRSugxZxMWrxdf8iDc1E.npy
Jxcbl09EcLR7aKzuHwOl,hands,hand,85,train,3524.0,asllex,sole gloss,Jxcbl09EcLR7aKzuHwOl.npy
Kz4oNMV2APESN5zZdZ8o,hands,hand,8,train,1339.0,asllex,sole gloss,Kz4oNMV2APESN5zZdZ8o.npy
MXzEf0UDOWXO1drEPEoC,hands,hand,84,train,1378.0,asllex,sole gloss,MXzEf0UDOWXO1drEPEoC.npy
NzTZdMhvf05BDhpCCUoH,hands,hand,17,train,1585.0,asllex,sole gloss,NzTZdMhvf05BDhpCCUoH.npy
O3HourEurI5vF6x3rYGm,hands,hand,24,val,5088.0,asllex,sole gloss,O3HourEurI5vF6x3rYGm.npy
OhXDuCEi6vEvFqIbWi2S,hands,hand,48,test,1519.0,asllex,sole gloss,OhXDuCEi6vEvFqIbWi2S.npy
Ou3qka97vMZkMt8DEAHS,hands,hand,84,train,1382.0,asllex,sole gloss,Ou3qka97vMZkMt8DEAHS.npy
PAkx5SPzD2Zx1N8xzo9n,hands,hand,7,train,2329.0,asllex,sole gloss,PAkx5SPzD2Zx1N8xzo9n.npy
PIT4q5KrMlaJGHJh9doH,hands,hand,84,train,1324.0,asllex,sole gloss,PIT4q5KrMlaJGHJh9doH.npy
Q0IGMmiKqo3pKCux0VJY,hands,hand,57,test,1777.0,asllex,sole gloss,Q0IGMmiKqo3pKCux0VJY.npy
S7uAwuMCuhUTzVDyqre9,hands,hand,8,val,1964.0,asllex,sole gloss,S7uAwuMCuhUTzVDyqre9.npy
T5OggED1G0KcvvVP99HV,hands,hand,88,val,2183.0,asllex,sole gloss,T5OggED1G0KcvvVP99HV.npy
Uo3q6V6NznjHhCeG9NiD,hands,hand,57,test,1547.0,asllex,sole gloss,Uo3q6V6NznjHhCeG9NiD.npy
Va1Jvea8oqC8D7UZThlr,hands,hand,39,train,3784.0,asllex,sole gloss,Va1Jvea8oqC8D7UZThlr.npy
VacEMNba25lhGe4KMJ3H,hands,hand,84,train,1396.0,asllex,sole gloss,VacEMNba25lhGe4KMJ3H.npy
VwOR5kRfaQEusNtAZIJY,hands,hand,7,train,2544.0,asllex,sole gloss,VwOR5kRfaQEusNtAZIJY.npy
Ww96uZvDB02dddqXhT4j,hands,hand,62,train,2064.0,asllex,sole gloss,Ww96uZvDB02dddqXhT4j.npy
XoNfrWK8sWtTdvmXu8BO,hands,hand,30,train,2197.0,asllex,sole gloss,XoNfrWK8sWtTdvmXu8BO.npy
ZB6e6dvzn5aixV5i8AG1,hands,hand,80,train,1948.0,freetext,sole gloss,ZB6e6dvzn5aixV5i8AG1.npy
expOhaZAszM6iNj62VIM,hands,hand,17,train,1257.0,asllex,sole gloss,expOhaZAszM6iNj62VIM.npy
f5MUayWUc6vzNk1ZQOX6,hands,hand,8,train,1571.0,asllex,sole gloss,f5MUayWUc6vzNk1ZQOX6.npy
fnW6QzX6LSujN9CC6Dis,hands,hand,88,train,1935.0,asllex,sole gloss,fnW6QzX6LSujN9CC6Dis.npy
fxTLuUSTGyFvLSd9EGyf,hands,hand,43,train,3747.0,asllex,sole gloss,fxTLuUSTGyFvLSd9EGyf.npy
hlJxA2TdcsivJomtwzqW,hands,hand,35,train,1190.0,asllex,sole gloss,hlJxA2TdcsivJomtwzqW.npy
l96XMKOIllXQdWSNcW9h,hands,hand,84,train,2206.0,asllex,sole gloss,l96XMKOIllXQdWSNcW9h.npy
nBA0flh9i8evXnV1sKKp,hands,hand,84,val,1997.0,asllex,sole gloss,nBA0flh9i8evXnV1sKKp.npy
nvVBMUi6KPlKOqajA7qU,hands,hand,8,train,1432.0,asllex,sole gloss,nvVBMUi6KPlKOqajA7qU.npy
oxX7Emc4cpfIRdhihPbi,hands,hand,61,test,1653.0,asllex,sole gloss,oxX7Emc4cpfIRdhihPbi.npy
qCiy8mCkgW0L7bJIZ6oy,hands,hand,48,test,1001.0,asllex,sole gloss,qCiy8mCkgW0L7bJIZ6oy.npy
rE4ppoGdCsuHcvfxiTAu,hands,hand,30,train,1709.0,asllex,sole gloss,rE4ppoGdCsuHcvfxiTAu.npy
rMwqMwSbweKd0dEBbUC4,hands,hand,50,test,2679.0,asllex,sole gloss,rMwqMwSbweKd0dEBbUC4.npy
rRYdASxWP1QNy4fHlRyW,hands,hand,84,val,2288.0,asllex,sole gloss,rRYdASxWP1QNy4fHlRyW.npy
sHEhXebNrZ5JtI3OBBrB,hands,hand,80,train,2066.0,freetext,sole gloss,sHEhXebNrZ5JtI3OBBrB.npy
u1QvEEKp4r277KBZvpst,hands,hand,61,test,2024.0,asllex,sole gloss,u1QvEEKp4r277KBZvpst.npy
vUMhlFHONTfKOUVKjLua,hands,hand,39,val,2999.0,freetext,sole gloss,vUMhlFHONTfKOUVKjLua.npy
vXj3FHp8hWuLFI6UN2gk,hands,hand,84,train,1265.0,asllex,sole gloss,vXj3FHp8hWuLFI6UN2gk.npy
wOVGdROoLo8VM1hEWnQ4,hands,hand,7,train,2498.0,asllex,sole gloss,wOVGdROoLo8VM1hEWnQ4.npy
wl7X2BVDgkO7h2umukSV,hands,hand,52,train,2482.0,asllex,sole gloss,wl7X2BVDgkO7h2umukSV.npy
1PDhgjjndyiNE5QzZZum,head,head,46,train,3471.0,asllex,sole gloss,1PDhgjjndyiNE5QzZZum.npy
1tB0MuQjmSl7FlvkSsLA,head,head,57,test,1459.0,asllex,sole gloss,1tB0MuQjmSl7FlvkSsLA.npy
2PNLB5hZfbbvhGRtTVzE,head,head,7,train,2755.0,asllex,sole gloss,2PNLB5hZfbbvhGRtTVzE.npy
2Uy0y4l84qxC9CgquhSr,head,head,64,test,2178.0,asllex,sole gloss,2Uy0y4l84qxC9CgquhSr.npy
3HNlt2LOzZdijnWP8gUA,head,head,49,train,1108.0,asllex,sole gloss,3HNlt2LOzZdijnWP8gUA.npy
6IPe5LFuT0EwkzQNlCZu,head,head,46,val,3541.0,asllex,sole gloss,6IPe5LFuT0EwkzQNlCZu.npy
77ot61qDlgHP6YBnJEQB,head,head,84,train,1902.0,asllex,sole gloss,77ot61qDlgHP6YBnJEQB.npy
8zf5DFIBbk6Dm0uAyZ6H,head,head,49,train,1172.0,asllex,sole gloss,8zf5DFIBbk6Dm0uAyZ6H.npy
9xFcgk8lm9TDSY9jHMFA,head,head,84,train,1566.0,asllex,sole gloss,9xFcgk8lm9TDSY9jHMFA.npy
BwEOXGcC3WFFwsfSFKbH,head,head,7,train,2313.0,asllex,sole gloss,BwEOXGcC3WFFwsfSFKbH.npy
G2FF0HNJomsvjOSbiUdi,head,head,63,val,1567.0,asllex,sole gloss,G2FF0HNJomsvjOSbiUdi.npy
G70FW2GFzOtAtkrVS3ZS,head,head,84,val,1404.0,asllex,sole gloss,G70FW2GFzOtAtkrVS3ZS.npy
IHTPKJHZfMutpCQtseM8,head,head,57,test,1172.0,asllex,sole gloss,IHTPKJHZfMutpCQtseM8.npy
Lri2E8O2JflsDVcOVuzz,head,head,61,test,2181.0,asllex,sole gloss,Lri2E8O2JflsDVcOVuzz.npy
NoblnJ8yXHSb4VQ8dBbQ,head,head,46,val,3833.0,asllex,sole gloss,NoblnJ8yXHSb4VQ8dBbQ.npy
O52flPJOBhDERnOERJjo,head,head,88,train,2083.0,asllex,sole gloss,O52flPJOBhDERnOERJjo.npy
PTq9twwfUNt5Js2UCNQU,head,head,7,train,2184.0,asllex,sole gloss,PTq9twwfUNt5Js2UCNQU.npy
SNGKKgBPCXvCCtjgPvbP,head,head,17,train,1510.0,asllex,sole gloss,SNGKKgBPCXvCCtjgPvbP.npy
TB10DjLEuyQKC9mega7e,head,head,7,train,2330.0,asllex,sole gloss,TB10DjLEuyQKC9mega7e.npy
TBmHJ0xoycLfUEJywAVb,head,head,30,train,1655.0,asllex,sole gloss,TBmHJ0xoycLfUEJywAVb.npy
agSZLUHeqioYx1phpupm,head,head,8,train,1425.0,asllex,sole gloss,agSZLUHeqioYx1phpupm.npy
ajZmhfpSNkHvJw1CXFZX,head,head,62,val,982.0,asllex,sole gloss,ajZmhfpSNkHvJw1CXFZX.npy
aoBzyJphB9l4TOIvgKTm,head,head,84,train,1540.0,asllex,sole gloss,aoBzyJphB9l4TOIvgKTm.npy
eY8s9IDlfRCKy6YitU2g,head,head,64,test,2675.0,asllex,sole gloss,eY8s9IDlfRCKy6YitU2g.npy
fxmweFJkvUpFd8AIvUos,head,head,7,train,2106.0,asllex,sole gloss,fxmweFJkvUpFd8AIvUos.npy
gQuZ8ZFgt0DriD2lvrm1,head,head,88,val,2978.0,asllex,sole gloss,gQuZ8ZFgt0DriD2lvrm1.npy
ganIADw9exFuuo1vhASe,head,head,27,train,3963.0,asllex,sole gloss,ganIADw9exFuuo1vhASe.npy
hDXMTDWHFqDY3eAjTeZk,head,head,57,test,1252.0,asllex,sole gloss,hDXMTDWHFqDY3eAjTeZk.npy
kjGhxbfraVmPKeqLkS9i,head,head,7,val,2228.0,asllex,sole gloss,kjGhxbfraVmPKeqLkS9i.npy
mhKwzBluIzLNeDYDIfAR,head,head,49,train,1337.0,asllex,sole gloss,mhKwzBluIzLNeDYDIfAR.npy
nM1qV8NIiFEd5Ybme4pv,head,head,84,val,1765.0,asllex,sole gloss,nM1qV8NIiFEd5Ybme4pv.npy
pLs9odgKrIB6fqie1QyQ,head,head,17,train,1723.0,asllex,sole gloss,pLs9odgKrIB6fqie1QyQ.npy
pMeL6NfA6jvn8ZMw2hV5,head,head,62,train,1582.0,asllex,sole gloss,pMeL6NfA6jvn8ZMw2hV5.npy
r5nQhdD7Wh6eJKspBrX2,head,head,63,train,1679.0,asllex,sole gloss,r5nQhdD7Wh6eJKspBrX2.npy
rjd7DJa3Z8mmHWx7N8Ta,head,head,53,test,1849.0,asllex,sole gloss,rjd7DJa3Z8mmHWx7N8Ta.npy
sbha8DO7S8hRrj9CulM9,head,head,7,val,1913.0,asllex,sole gloss,sbha8DO7S8hRrj9CulM9.npy
sipmWgdfCjGubNQgEooM,head,head,63,train,1545.0,asllex,sole gloss,sipmWgdfCjGubNQgEooM.npy
uQ1RAzzjZK9i0vJ375J3,head,head,8,train,1496.0,asllex,sole gloss,uQ1RAzzjZK9i0vJ375J3.npy
zW81WsOFebc95YKmKhv4,head,head,7,train,1859.0,asllex,sole gloss,zW81WsOFebc95YKmKhv4.npy
zYAh0LwNK1iP9QF5Uh7G,head,head,50,test,2658.0,asllex,sole gloss,zYAh0LwNK1iP9QF5Uh7G.npy
zywm8NG64hABAXb8v2Js,head,head,57,test,1520.0,asllex,sole gloss,zywm8NG64hABAXb8v2Js.npy
0LUh0znMGoQ994thECzJ,headache,headache,80,train,3396.0,freetext,sole gloss,0LUh0znMGoQ994thECzJ.npy
JsjQN9N49ArHgeXitt1v,headache,headache,38,train,2910.0,asllex,sole gloss,JsjQN9N49ArHgeXitt1v.npy
T4BMllrMqE2Sorw40x5B,headache,headache,31,train,1743.0,freetext,sole gloss,T4BMllrMqE2Sorw40x5B.npy
UvsSGjh7Amo3NrQPscyJ,headache,headache,31,train,2164.0,asllex,sole gloss,UvsSGjh7Amo3NrQPscyJ.npy
ZmrY9EDxukZ34Pj26ldN,headache,headache,46,train,3014.0,asllex,sole gloss,ZmrY9EDxukZ34Pj26ldN.npy
b0exWO13RzNdl2AfV98b,headache,headache,80,val,3532.0,freetext,sole gloss,b0exWO13RzNdl2AfV98b.npy
hMp3Py3gWoZL1dJUnJ5k,headache,headache,49,train,1706.0,asllex,sole gloss,hMp3Py3gWoZL1dJUnJ5k.npy
i8oS6G63z6VKxZUerSjc,headache,headache,39,train,3772.0,asllex,sole gloss,i8oS6G63z6VKxZUerSjc.npy
nJPba4XQuYWzsERcorY3,headache,headache,78,train,2272.0,asllex,sole gloss,nJPba4XQuYWzsERcorY3.npy
oDACJbbWiSHMtsicvClZ,headache,headache,76,val,3005.0,asllex,sole gloss,oDACJbbWiSHMtsicvClZ.npy
uMec6dIY8b0Cr08v4VpO,headache,headache,49,val,1675.0,asllex,sole gloss,uMec6dIY8b0Cr08v4VpO.npy
0dbVaeoj1qVxBvELOzc4,heart,heart,38,train,2413.0,asllex,sole gloss,0dbVaeoj1qVxBvELOzc4.npy
2wDO1obc0UNrVeWZVAVM,heart,heart,49,train,1750.0,freetext,sole gloss,2wDO1obc0UNrVeWZVAVM.npy
8cs0bV8SdLkATwMaJZZ0,heart,heart,38,val,3236.0,freetext,sole gloss,8cs0bV8SdLkATwMaJZZ0.npy
8zwEulgOpAi4HsnMOzTs,heart,heart,49,train,1283.0,asllex,sole gloss,8zwEulgOpAi4HsnMOzTs.npy
BcSGSSJniTAMT59BGlpP,heart,heart,88,train,2162.0,freetext,sole gloss,BcSGSSJniTAMT59BGlpP.npy
FShuB4IWx5frztYyuWRb,heart,heart,31,train,1467.0,asllex,sole gloss,FShuB4IWx5frztYyuWRb.npy
FYHJ4jMm164IE3V2IjPa,heart,heart,23,train,1820.0,asllex,sole gloss,FYHJ4jMm164IE3V2IjPa.npy
I0S0GXr6tx6WdUp7ydrc,heart,heart,54,train,2121.0,asllex,sole gloss,I0S0GXr6tx6WdUp7ydrc.npy
Itks6X1bjdmbsEQt8o81,heart,heart,7,val,3066.0,asllex,sole gloss,Itks6X1bjdmbsEQt8o81.npy
JYuOOqPiXEH79kKljdRq,heart,heart,49,train,1031.0,freetext,sole gloss,JYuOOqPiXEH79kKljdRq.npy
QK3ueF6sFZ9fVERnQSEf,heart,heart,62,val,1364.0,asllex,sole gloss,QK3ueF6sFZ9fVERnQSEf.npy
XLqzUbmK23RQR3zXgDWX,heart,heart,11,train,1958.0,asllex,sole gloss,XLqzUbmK23RQR3zXgDWX.npy
XUo0jCNj0dWuZyjwUGtj,heart,heart,42,val,1676.0,freetext,sole gloss,XUo0jCNj0dWuZyjwUGtj.npy
Z0wkbWpdhr6b3g6BuD9q,heart,heart,78,train,2405.0,asllex,sole gloss,Z0wkbWpdhr6b3g6BuD9q.npy
bJy66k0FNETEzAN8tsEo,heart,heart,30,train,1928.0,asllex,sole gloss,bJy66k0FNETEzAN8tsEo.npy
bbmSAAk22k6SIR9tXLR6,heart,heart,43,val,2657.0,asllex,sole gloss,bbmSAAk22k6SIR9tXLR6.npy
dpTQDfZeWtZKFacePIkv,heart,heart,39,train,3146.0,asllex,sole gloss,dpTQDfZeWtZKFacePIkv.npy
e5fzHzSwzmeJaJRAkxhi,heart,heart,49,train,1674.0,asllex,sole gloss,e5fzHzSwzmeJaJRAkxhi.npy
mNkSXMtGJoofsv5smswV,heart,heart,59,val,1673.0,asllex,sole gloss,mNkSXMtGJoofsv5smswV.npy
mXpWQNUBpnAJ5bUsEWhR,heart,heart,57,test,2146.0,asllex,sole gloss,mXpWQNUBpnAJ5bUsEWhR.npy
uxHsjd10vw49g4eZU8tV,heart,heart,49,train,1469.0,asllex,sole gloss,uxHsjd10vw49g4eZU8tV.npy
yuFPuKPYFt81cZksicsV,heart,heart,53,test,2421.0,asllex,sole gloss,yuFPuKPYFt81cZksicsV.npy
0Iyl4MZavGOGojoKXQSi,help,help,39,train,4181.0,asllex,sole gloss,0Iyl4MZavGOGojoKXQSi.npy
0lS3G2hqKN8zsqhUbT95,help,help,49,val,1269.0,asllex,sole gloss,0lS3G2hqKN8zsqhUbT95.npy
15hpccVTlAG8t8QecG06,help,help,7,val,2352.0,asllex,sole gloss,15hpccVTlAG8t8QecG06.npy
2KuqleABva2S6UDjrJG5,help,help,62,train,1328.0,asllex,sole gloss,2KuqleABva2S6UDjrJG5.npy
36dlZzMDDcjKAWO2ONtf,help,help,52,train,4363.0,asllex,sole gloss,36dlZzMDDcjKAWO2ONtf.npy
4VWOlBLxc8USFjXVmcmO,help,help,46,train,2113.0,asllex,sole gloss,4VWOlBLxc8USFjXVmcmO.npy
5sKRw7YXAmkdd7v0MoJ3,help,help,39,train,2425.0,asllex,sole gloss,5sKRw7YXAmkdd7v0MoJ3.npy
6HpDqym0SpjrCCWGf3mL,help,help,85,train,2868.0,asllex,sole gloss,6HpDqym0SpjrCCWGf3mL.npy
6T5UMdycwdcnO2WSsbjW,help,help,14,train,1944.0,asllex,sole gloss,6T5UMdycwdcnO2WSsbjW.npy
6o5K5iz6FTXvlvp5W76O,help,help,88,train,2150.0,asllex,sole gloss,6o5K5iz6FTXvlvp5W76O.npy
6sRx9fieDZoKQaMGi2Eo,help,help,49,train,1203.0,asllex,sole gloss,6sRx9fieDZoKQaMGi2Eo.npy
6urt2l4jZ1Kx3W8mXNJk,help,help,17,val,1422.0,asllex,sole gloss,6urt2l4jZ1Kx3W8mXNJk.npy
8Iw3a7ZGyvCMpXj8bEIL,help,help,62,train,1022.0,asllex,sole gloss,8Iw3a7ZGyvCMpXj8bEIL.npy
AK6CJeWI9UURTtq3KDmF,help,help,85,train,2714.0,asllex,sole gloss,AK6CJeWI9UURTtq3KDmF.npy
AXcBS36iButwMRhHGbeY,help,help,33,test,4534.0,asllex,sole gloss,AXcBS36iButwMRhHGbeY.npy
B0xOUcNiW1l2voGydVBi,help,help,57,test,1874.0,asllex,sole gloss,B0xOUcNiW1l2voGydVBi.npy
Be7VSHxOzPtWDY5QyE6j,help,help,49,train,969.0,asllex,sole gloss,Be7VSHxOzPtWDY5QyE6j.npy
BmLffrOLixl555JzoCos,help,help,33,test,2853.0,asllex,sole gloss,BmLffrOLixl555JzoCos.npy
BojptChHvDSf2VyBTQHW,help,help,84,train,2263.0,asllex,sole gloss,BojptChHvDSf2VyBTQHW.npy
CIYWGva1hM5liWsWRF9D,help,help,57,test,1222.0,asllex,sole gloss,CIYWGva1hM5liWsWRF9D.npy
CyjamJVspF1LoL4THdWY,help,help,39,train,5223.0,asllex,sole gloss,CyjamJVspF1LoL4THdWY.npy
DDlHJv7PEKzbv6ZlJH1n,help,help,17,train,1790.0,asllex,sole gloss,DDlHJv7PEKzbv6ZlJH1n.npy
DbcqZ5aCHWq07ETNXYOU,help,help,8,train,1462.0,asllex,sole gloss,DbcqZ5aCHWq07ETNXYOU.npy
DexPa0EBIwY9WDwJg7zh,help,help,57,test,1357.0,asllex,sole gloss,DexPa0EBIwY9WDwJg7zh.npy
DyfIV8PYfDaprAr7l7Pn,help,help,57,test,2021.0,asllex,sole gloss,DyfIV8PYfDaprAr7l7Pn.npy
EGc1MC6V7aOYFe3PJsK2,help,help,39,val,3289.0,freetext,sole gloss,EGc1MC6V7aOYFe3PJsK2.npy
EgS24nbXDilx5rH42gTb,help,help,57,test,1554.0,asllex,sole gloss,EgS24nbXDilx5rH42gTb.npy
EnFV01sr7B2FHqJXidnv,help,help,57,test,1536.0,asllex,sole gloss,EnFV01sr7B2FHqJXidnv.npy
FDgaK926m2uMYlxJCN7a,help,help,39,val,2659.0,asllex,sole gloss,FDgaK926m2uMYlxJCN7a.npy
FTr8zM0HyK55uOIgHViz,help,help,48,test,1484.0,asllex,sole gloss,FTr8zM0HyK55uOIgHViz.npy
GRFVOgIkYmcgWxkh8auz,help,help,39,train,4112.0,asllex,sole gloss,GRFVOgIkYmcgWxkh8auz.npy
GvTduIpD75qkSAbkoi9V,help,help,17,train,1039.0,asllex,sole gloss,GvTduIpD75qkSAbkoi9V.npy
HJpdKl4eOXIb9TVpvvZ6,help,help,62,train,1007.0,asllex,sole gloss,HJpdKl4eOXIb9TVpvvZ6.npy
HQqbIh2JBbmm9jCEBEo7,help,help,39,train,2679.0,asllex,sole gloss,HQqbIh2JBbmm9jCEBEo7.npy
HlMSPRHqvtH7h4RuUYyj,help,help,17,val,2099.0,asllex,sole gloss,HlMSPRHqvtH7h4RuUYyj.npy
IJBWfwqrKW7IQXykgjJ9,help,help,49,train,2735.0,asllex,sole gloss,IJBWfwqrKW7IQXykgjJ9.npy
IPD8YspwlOb28g1XQtZj,help,help,48,test,2949.0,asllex,sole gloss,IPD8YspwlOb28g1XQtZj.npy
Iu83aL1II86OjLLtIeNc,help,help,85,train,2853.0,asllex,sole gloss,Iu83aL1II86OjLLtIeNc.npy
J9ftBAIigk56YoJS5Ld5,help,help,49,train,2218.0,asllex,sole gloss,J9ftBAIigk56YoJS5Ld5.npy
JIaXpfJ0wcom16kFwuvf,help,help,49,train,1246.0,asllex,sole gloss,JIaXpfJ0wcom16kFwuvf.npy
JagZGETTEvGjbBFwMatB,help,help,35,train,1670.0,asllex,sole gloss,JagZGETTEvGjbBFwMatB.npy
LErZgk17ElWSUEcH1hxq,help,help,17,train,1250.0,freetext,sole gloss,LErZgk17ElWSUEcH1hxq.npy
LOfxyG78SEKgFbPZsbHS,help,help,17,train,945.0,asllex,sole gloss,LOfxyG78SEKgFbPZsbHS.npy
Ll6NtWmmPMb5YeSKxuWR,help,help,39,train,2382.0,asllex,sole gloss,Ll6NtWmmPMb5YeSKxuWR.npy
McZ5QscnVnz3gQB8O4fr,help,help,57,test,1887.0,asllex,sole gloss,McZ5QscnVnz3gQB8O4fr.npy
MfSyqfx3Xqvo5KwArnNK,help,help,42,val,1927.0,asllex,sole gloss,MfSyqfx3Xqvo5KwArnNK.npy
MmyVM07txZCOBpf9OGin,help,help,30,train,1797.0,asllex,sole gloss,MmyVM07txZCOBpf9OGin.npy
O5wC1XLQ8sYypDIugRuD,help,help,78,train,2480.0,asllex,sole gloss,O5wC1XLQ8sYypDIugRuD.npy
O7oHmXYZssmkDbwlvICa,help,help,62,train,1550.0,asllex,sole gloss,O7oHmXYZssmkDbwlvICa.npy
Oqav5aSS4yGUpbuXpdmQ,help,help,62,val,1006.0,asllex,sole gloss,Oqav5aSS4yGUpbuXpdmQ.npy
PCGHZ0QRRk6fTROHspTI,help,help,49,train,1135.0,asllex,sole gloss,PCGHZ0QRRk6fTROHspTI.npy
PVWesBrizgvW4rfX43qP,help,help,46,train,2709.0,asllex,sole gloss,PVWesBrizgvW4rfX43qP.npy
Pn03OSePBP0at7wY3E9T,help,help,35,val,1494.0,asllex,sole gloss,Pn03OSePBP0at7wY3E9T.npy
QI75ORgUMAXB3lcbkkD0,help,help,46,train,2776.0,asllex,sole gloss,QI75ORgUMAXB3lcbkkD0.npy
RVkpNeace6Yk3G7qzurq,help,help,15,train,1209.0,asllex,sole gloss,RVkpNeace6Yk3G7qzurq.npy
SDZLQgzQJOOQT0pAl0Ir,help,help,35,val,1411.0,asllex,sole gloss,SDZLQgzQJOOQT0pAl0Ir.npy
SafcJrLiGY3g4NzhB3V9,help,help,35,train,1588.0,asllex,sole gloss,SafcJrLiGY3g4NzhB3V9.npy
ShhVRgGToTHUuzjsLQtz,help,help,35,val,1372.0,asllex,sole gloss,ShhVRgGToTHUuzjsLQtz.npy
StPK0DSbQMkVdu16doiV,help,help,17,train,1895.0,asllex,sole gloss,StPK0DSbQMkVdu16doiV.npy
TGd3NmlOPedtoAXG03WR,help,help,85,train,1706.0,asllex,sole gloss,TGd3NmlOPedtoAXG03WR.npy
THLEtwmOwO4TCxHPbqo1,help,help,85,train,3098.0,asllex,sole gloss,THLEtwmOwO4TCxHPbqo1.npy
TxTToWpxtxIYgx5wr0Sg,help,help,46,train,3200.0,asllex,sole gloss,TxTToWpxtxIYgx5wr0Sg.npy
UXg9ovmUESjhjr2iSoXu,help,help,61,test,2535.0,asllex,sole gloss,UXg9ovmUESjhjr2iSoXu.npy
UgMDoCVrQUhUYjPNQ2PV,help,help,31,train,1652.0,freetext,sole gloss,UgMDoCVrQUhUYjPNQ2PV.npy
V55Vj0H9T6TBAS73d9OG,help,help,17,train,1026.0,asllex,sole gloss,V55Vj0H9T6TBAS73d9OG.npy
VAKYwiL8lC3uJFzvj90O,help,help,39,train,2874.0,asllex,sole gloss,VAKYwiL8lC3uJFzvj90O.npy
VKvqTtjIHpouMAlvs2Kg,help,help,62,train,868.0,asllex,sole gloss,VKvqTtjIHpouMAlvs2Kg.npy
ZUlKQXcrZy8Bd7utRWOY,help,help,39,train,2746.0,asllex,sole gloss,ZUlKQXcrZy8Bd7utRWOY.npy
Zs6pVySCc2zRzvUCe8mO,help,help,84,val,1929.0,asllex,sole gloss,Zs6pVySCc2zRzvUCe8mO.npy
aGagIusXMm2RRb1JFPey,help,help,17,val,1031.0,asllex,sole gloss,aGagIusXMm2RRb1JFPey.npy
aPINYor1ML9xB9YLS074,help,help,12,train,3089.0,asllex,sole gloss,aPINYor1ML9xB9YLS074.npy
aZWiC1op0cUtI9Txlnbe,help,help,88,val,2083.0,asllex,sole gloss,aZWiC1op0cUtI9Txlnbe.npy
agIO3YWadt2OpytFbmoD,help,help,46,train,2686.0,asllex,sole gloss,agIO3YWadt2OpytFbmoD.npy
bkZ1q6q8c8TVEea2myXG,help,help,49,train,1036.0,asllex,sole gloss,bkZ1q6q8c8TVEea2myXG.npy
cPrBz43oidIBFPF6j1lf,help,help,84,train,2244.0,asllex,sole gloss,cPrBz43oidIBFPF6j1lf.npy
cUwgTVWenAFGOoFnP6HM,help,help,31,train,1840.0,asllex,sole gloss,cUwgTVWenAFGOoFnP6HM.npy
cjDgMVcCFHDfvpePhnC8,help,help,84,train,1343.0,asllex,sole gloss,cjDgMVcCFHDfvpePhnC8.npy
cvW4YWLhOFSlBXydE7Kd,help,help,49,train,1134.0,asllex,sole gloss,cvW4YWLhOFSlBXydE7Kd.npy
cx3nFpbqFeL2tnHBkVzk,help,help,39,train,3490.0,asllex,sole gloss,cx3nFpbqFeL2tnHBkVzk.npy
d1GeOWkqtXhyb7mZN6K5,help,help,57,test,1724.0,asllex,sole gloss,d1GeOWkqtXhyb7mZN6K5.npy
dHxQIvYe20IlLOuwDcM0,help,help,53,test,2814.0,asllex,sole gloss,dHxQIvYe20IlLOuwDcM0.npy
dQIzkbvMj8Jo6cjZQuxe,help,help,61,test,1333.0,asllex,sole gloss,dQIzkbvMj8Jo6cjZQuxe.npy
dhtaTGK8u0TiEImzu3NP,help,help,84,val,1702.0,asllex,sole gloss,dhtaTGK8u0TiEImzu3NP.npy
eKNZXoxfpivRQhO3lN7U,help,help,62,val,1209.0,asllex,sole gloss,eKNZXoxfpivRQhO3lN7U.npy
eo3cVu4TncdwBqkgaQs3,help,help,46,train,1886.0,asllex,sole gloss,eo3cVu4TncdwBqkgaQs3.npy
g9qxWssWiMpv0GYP8iAX,help,help,42,train,2161.0,asllex,sole gloss,g9qxWssWiMpv0GYP8iAX.npy
gUQNlN5MBy114dkH70j2,help,help,39,train,3028.0,asllex,sole gloss,gUQNlN5MBy114dkH70j2.npy
h6xwrGmmJf2MuPbg4AOb,help,help,35,val,1614.0,asllex,sole gloss,h6xwrGmmJf2MuPbg4AOb.npy
he8l99RQWf6Ge4Nebzz7,help,help,46,val,3271.0,asllex,sole gloss,he8l99RQWf6Ge4Nebzz7.npy
iDhNsBkDO6obqecxq2Mm,help,help,7,train,2060.0,asllex,sole gloss,iDhNsBkDO6obqecxq2Mm.npy
iTI5pKxWTrasKDzNYXJS,help,help,17,train,1131.0,asllex,sole gloss,iTI5pKxWTrasKDzNYXJS.npy
ikmJma9a6CAUGCEgQaZL,help,help,42,val,2230.0,asllex,sole gloss,ikmJma9a6CAUGCEgQaZL.npy
it209ovUQpsItbsZJMgF,help,help,35,train,1208.0,asllex,sole gloss,it209ovUQpsItbsZJMgF.npy
ivdofYa8BgU9MozXuEoU,help,help,17,val,2173.0,asllex,sole gloss,ivdofYa8BgU9MozXuEoU.npy
jDoU6glpxznVJrKvxg0r,help,help,17,val,1015.0,asllex,sole gloss,jDoU6glpxznVJrKvxg0r.npy
jIPvg8xTgOEqaYakj69P,help,help,8,train,1413.0,asllex,sole gloss,jIPvg8xTgOEqaYakj69P.npy
jQhC8ugyEFHKtGpCQA9K,help,help,48,test,1248.0,asllex,sole gloss,jQhC8ugyEFHKtGpCQA9K.npy
jtulaWmFyJfZaeVE0f3Q,help,help,49,train,1052.0,asllex,sole gloss,jtulaWmFyJfZaeVE0f3Q.npy
k2vcrOyyyYmPTIPNkwSM,help,help,48,test,1031.0,asllex,sole gloss,k2vcrOyyyYmPTIPNkwSM.npy
luuIeMz0z142FlunaWua,help,help,42,train,2281.0,asllex,sole gloss,luuIeMz0z142FlunaWua.npy
n4kNoWOEXHeU2SBRHNMe,help,help,60,train,1984.0,asllex,sole gloss,n4kNoWOEXHeU2SBRHNMe.npy
oEkpREEX6TAJ7KYTfj0r,help,help,88,val,3124.0,asllex,sole gloss,oEkpREEX6TAJ7KYTfj0r.npy
olQ1jPKw7j59lt7LtjAW,help,help,17,train,1454.0,asllex,sole gloss,olQ1jPKw7j59lt7LtjAW.npy
pL4HiTc4U4xqFZ6PVu3Y,help,help,85,train,3876.0,asllex,sole gloss,pL4HiTc4U4xqFZ6PVu3Y.npy
pSrZj5XEfFWepqOIFV0i,help,help,17,train,1294.0,asllex,sole gloss,pSrZj5XEfFWepqOIFV0i.npy
pfvttaUcDOdro1rFlQ4G,help,help,15,val,1583.0,asllex,sole gloss,pfvttaUcDOdro1rFlQ4G.npy
pgpQVYmTqCn8R7CvB4tk,help,help,74,train,5757.0,asllex,sole gloss,pgpQVYmTqCn8R7CvB4tk.npy
pjxlnXnrVDbGyVRLOwOf,help,help,52,train,2632.0,asllex,sole gloss,pjxlnXnrVDbGyVRLOwOf.npy
pkI9RblQw54ajhnZdX9a,help,help,46,train,2293.0,asllex,sole gloss,pkI9RblQw54ajhnZdX9a.npy
qXKAr7fs4NK3qDyJV7x0,help,help,57,test,2074.0,freetext,sole gloss,qXKAr7fs4NK3qDyJV7x0.npy
qgUdH6W5x1rNTKjUeXxg,help,help,7,train,2229.0,asllex,sole gloss,qgUdH6W5x1rNTKjUeXxg.npy
r3YVSk8GN9Ot0W56yWPX,help,help,49,train,1319.0,asllex,sole gloss,r3YVSk8GN9Ot0W56yWPX.npy
r6DbZJRxl7ELKVMcRoGe,help,help,17,train,1148.0,asllex,sole gloss,r6DbZJRxl7ELKVMcRoGe.npy
sShLqwf70sHQ2aJBKWPf,help,help,50,test,2279.0,asllex,sole gloss,sShLqwf70sHQ2aJBKWPf.npy
sahjetzOXLCi8AYhM251,help,help,57,test,1540.0,asllex,sole gloss,sahjetzOXLCi8AYhM251.npy
sio6A30Wn1TnsjBsAj6B,help,help,49,train,1255.0,asllex,sole gloss,sio6A30Wn1TnsjBsAj6B.npy
tCdOyEif4nqaYc4GKHpj,help,help,59,train,1310.0,asllex,sole gloss,tCdOyEif4nqaYc4GKHpj.npy
tTBRrKkkWdVepGFvX4Qo,help,help,46,train,2610.0,asllex,sole gloss,tTBRrKkkWdVepGFvX4Qo.npy
tpQPKCTDtyeJoGPZJBEO,help,help,39,train,3687.0,asllex,sole gloss,tpQPKCTDtyeJoGPZJBEO.npy
u2Rcxb5Y12rHbtlmlfKz,help,help,84,train,2853.0,asllex,sole gloss,u2Rcxb5Y12rHbtlmlfKz.npy
uQyhdnfHHWk2nZoMQm6J,help,help,50,test,2466.0,asllex,sole gloss,uQyhdnfHHWk2nZoMQm6J.npy
ucFIXGhNpNBUYkN4p2q9,help,help,57,test,1978.0,asllex,sole gloss,ucFIXGhNpNBUYkN4p2q9.npy
vBWjF6VbkI0rESQV4Khc,help,help,17,val,1178.0,asllex,sole gloss,vBWjF6VbkI0rESQV4Khc.npy
w3aKP4d9Qzwh5s9W2MF4,help,help,17,train,1401.0,asllex,sole gloss,w3aKP4d9Qzwh5s9W2MF4.npy
wdhg54ui5hzPTNRyBsPU,help,help,53,test,2907.0,asllex,sole gloss,wdhg54ui5hzPTNRyBsPU.npy
woXuRstZ8DHNgL5oX0fU,help,help,46,train,2584.0,asllex,sole gloss,woXuRstZ8DHNgL5oX0fU.npy
wqfzJXpfuJr7IedwwTVQ,help,help,57,test,1984.0,asllex,sole gloss,wqfzJXpfuJr7IedwwTVQ.npy
wuwmcN9NzDLfN8LxsgrU,help,help,59,val,2237.0,asllex,sole gloss,wuwmcN9NzDLfN8LxsgrU.npy
wvIavh7clAMUXbGU0mJE,help,help,17,train,1031.0,asllex,sole gloss,wvIavh7clAMUXbGU0mJE.npy
wvgmCUBxYJjSUXQwq4br,help,help,85,train,2803.0,asllex,sole gloss,wvgmCUBxYJjSUXQwq4br.npy
xTukJaIlutTz0aX93pdH,help,help,88,train,3807.0,asllex,sole gloss,xTukJaIlutTz0aX93pdH.npy
zdZIXBVZzMVps5Irzs9Y,help,help,17,train,1222.0,asllex,sole gloss,zdZIXBVZzMVps5Irzs9Y.npy
zfgfaJuGjRfNSLZJEOKl,help,help,84,train,1508.0,asllex,sole gloss,zfgfaJuGjRfNSLZJEOKl.npy
zjZhvGes13K1DK3TlHkf,help,help,35,val,1704.0,asllex,sole gloss,zjZhvGes13K1DK3TlHkf.npy
zvdr8JbrkF24cUWAdUwv,help,help,84,val,1843.0,asllex,sole gloss,zvdr8JbrkF24cUWAdUwv.npy
3EpYOiRsQLj8WzEnQBmV,hospital,hospital,48,test,2485.0,asllex,sole gloss,3EpYOiRsQLj8WzEnQBmV.npy
4GBNyqYCuwQm6eYvDHYt,hospital,hospital,30,train,1531.0,asllex,sole gloss,4GBNyqYCuwQm6eYvDHYt.npy
4urJd4ax9q9B92Iilsbe,hospital,hospital,48,test,1369.0,asllex,sole gloss,4urJd4ax9q9B92Iilsbe.npy
6gfNDD5zsSWRmuZ8j7Ej,hospital,hospital,35,train,1830.0,asllex,sole gloss,6gfNDD5zsSWRmuZ8j7Ej.npy
72Hk1Z7pkbAZTgje4P6h,hospital,hospital,49,val,1289.0,asllex,sole gloss,72Hk1Z7pkbAZTgje4P6h.npy
7O9IY2xcIXbuhibeoMfH,hospital,hospital,46,train,2366.0,asllex,sole gloss,7O9IY2xcIXbuhibeoMfH.npy
ALhFhkKXUv5zOzgT34Qo,hospital,hospital,36,test,2037.0,asllex,sole gloss,ALhFhkKXUv5zOzgT34Qo.npy
BQWxQlPAkXmhsgxtfGr3,hospital,hospital,61,test,1814.0,asllex,sole gloss,BQWxQlPAkXmhsgxtfGr3.npy
BvZ7pO60RgZ9b9frw2n0,hospital,hospital,49,train,1202.0,asllex,sole gloss,BvZ7pO60RgZ9b9frw2n0.npy
DQJZDg99Um1b4FGD0FpU,hospital,hospital,49,train,1360.0,asllex,sole gloss,DQJZDg99Um1b4FGD0FpU.npy
DbecdLem6r1Lhziq8Do3,hospital,hospital,17,train,2093.0,asllex,sole gloss,DbecdLem6r1Lhziq8Do3.npy
DrTBTFi80M3R4tLrGIWK,hospital,hospital,49,train,1443.0,asllex,sole gloss,DrTBTFi80M3R4tLrGIWK.npy
EMDUGd29VLCryKssGok3,hospital,hospital,35,train,1611.0,asllex,sole gloss,EMDUGd29VLCryKssGok3.npy
HEK559vwPXLwu0TfHRM5,hospital,hospital,62,train,1406.0,asllex,sole gloss,HEK559vwPXLwu0TfHRM5.npy
HYXhLa8vJSgfmzpbtBh6,hospital,hospital,57,test,1101.0,asllex,sole gloss,HYXhLa8vJSgfmzpbtBh6.npy
I0VxlC7YuYaHBXFnfSvt,hospital,hospital,62,val,1054.0,asllex,sole gloss,I0VxlC7YuYaHBXFnfSvt.npy
I0rqFWHVpTJhoEl9EV33,hospital,hospital,49,train,932.0,asllex,sole gloss,I0rqFWHVpTJhoEl9EV33.npy
IundrNQ13MadI9OagSlX,hospital,hospital,49,train,1866.0,asllex,sole gloss,IundrNQ13MadI9OagSlX.npy
IvKaW3WTye6WBIwidzOZ,hospital,hospital,59,train,2469.0,asllex,sole gloss,IvKaW3WTye6WBIwidzOZ.npy
KM5D8Df5b0nY2QfabSZQ,hospital,hospital,61,test,1535.0,asllex,sole gloss,KM5D8Df5b0nY2QfabSZQ.npy
KQdK3UZqZkm92qxNxzoT,hospital,hospital,49,train,1444.0,asllex,sole gloss,KQdK3UZqZkm92qxNxzoT.npy
KYBI27p316knDVTvRLwU,hospital,hospital,76,val,3046.0,asllex,sole gloss,KYBI27p316knDVTvRLwU.npy
P2ztVsGi4EIr6KpLahb7,hospital,hospital,49,train,1061.0,asllex,sole gloss,P2ztVsGi4EIr6KpLahb7.npy
PfWc3i5lRAvJyznwGaMk,hospital,hospital,39,val,5435.0,asllex,sole gloss,PfWc3i5lRAvJyznwGaMk.npy
QH5KhKt5IxnNC50h8Jbc,hospital,hospital,7,train,2600.0,asllex,sole gloss,QH5KhKt5IxnNC50h8Jbc.npy
QXksiO6MbCIhoOZuZobY,hospital,hospital,46,train,4386.0,asllex,sole gloss,QXksiO6MbCIhoOZuZobY.npy
TylbIHMHAPm0cBeuAhZK,hospital,hospital,59,train,1575.0,asllex,sole gloss,TylbIHMHAPm0cBeuAhZK.npy
VLRxTfHqKZyrSXDgpSq6,hospital,hospital,48,test,1894.0,asllex,sole gloss,VLRxTfHqKZyrSXDgpSq6.npy
VVZNv4HFkv4EAoYYuC6n,hospital,hospital,23,train,1756.0,asllex,sole gloss,VVZNv4HFkv4EAoYYuC6n.npy
WqTByPTasJg0wFL0RJxw,hospital,hospital,88,val,3345.0,asllex,sole gloss,WqTByPTasJg0wFL0RJxw.npy
X459DKueu2SUWGLB0Znv,hospital,hospital,35,train,1477.0,asllex,sole gloss,X459DKueu2SUWGLB0Znv.npy
XCUXb4WyFwUkn5a7TVn7,hospital,hospital,39,val,2984.0,asllex,sole gloss,XCUXb4WyFwUkn5a7TVn7.npy
YtEoVBpcxvRYm7SipoFt,hospital,hospital,53,test,2179.0,asllex,sole gloss,YtEoVBpcxvRYm7SipoFt.npy
ZrAh4cX1DYTGQHTxchwf,hospital,hospital,62,train,1126.0,asllex,sole gloss,ZrAh4cX1DYTGQHTxchwf.npy
c2O3iFdnh7QDZ3GTNBfn,hospital,hospital,46,train,2370.0,asllex,sole gloss,c2O3iFdnh7QDZ3GTNBfn.npy
cl6qdEUCphMbTCb9Tj9m,hospital,hospital,88,train,1735.0,asllex,sole gloss,cl6qdEUCphMbTCb9Tj9m.npy
eVCpUyfJkMqC5F8HuxnA,hospital,hospital,39,train,2151.0,asllex,sole gloss,eVCpUyfJkMqC5F8HuxnA.npy
eZjupT9Dh9DgYmkupS32,hospital,hospital,62,train,1286.0,asllex,sole gloss,eZjupT9Dh9DgYmkupS32.npy
fP1tab0tFlgware1dbIb,hospital,hospital,50,test,2461.0,asllex,sole gloss,fP1tab0tFlgware1dbIb.npy
gGaPTkH0lWFcyXosKlXy,hospital,hospital,88,val,2585.0,asllex,sole gloss,gGaPTkH0lWFcyXosKlXy.npy
gGku9LFswMGhup2uOUSO,hospital,hospital,48,test,2040.0,asllex,sole gloss,gGku9LFswMGhup2uOUSO.npy
gU2jaeDBrvVyCB0NH1QJ,hospital,hospital,8,train,1763.0,asllex,sole gloss,gU2jaeDBrvVyCB0NH1QJ.npy
gX0f9vEUFG50I0tdAc2B,hospital,hospital,49,train,1001.0,asllex,sole gloss,gX0f9vEUFG50I0tdAc2B.npy
glTq0tDsquHqvkwLOJmx,hospital,hospital,38,train,2945.0,asllex,sole gloss,glTq0tDsquHqvkwLOJmx.npy
jJUrPtXLjZx1MNjSiXCE,hospital,hospital,38,train,3026.0,asllex,sole gloss,jJUrPtXLjZx1MNjSiXCE.npy
lbETaVlqGBLYG4ADfBtB,hospital,hospital,30,val,1765.0,asllex,sole gloss,lbETaVlqGBLYG4ADfBtB.npy
lscd95NEQ2WarFCxaBX7,hospital,hospital,62,val,1256.0,asllex,sole gloss,lscd95NEQ2WarFCxaBX7.npy
mGadffdoz48oFujyX6tx,hospital,hospital,64,test,1821.0,asllex,sole gloss,mGadffdoz48oFujyX6tx.npy
mx1Ecv8dSBpnE2p6Myp7,hospital,hospital,63,train,1749.0,asllex,sole gloss,mx1Ecv8dSBpnE2p6Myp7.npy
pDdmjVemgsVCXujLXzlt,hospital,hospital,62,val,1426.0,asllex,sole gloss,pDdmjVemgsVCXujLXzlt.npy
qeagQzZxDdwfg9JxL7d8,hospital,hospital,62,val,1428.0,asllex,sole gloss,qeagQzZxDdwfg9JxL7d8.npy
rGz9uSVYkL3WkE5oLm7J,hospital,hospital,50,test,2581.0,asllex,sole gloss,rGz9uSVYkL3WkE5oLm7J.npy
rUWA0lT5wnTvso1leOBg,hospital,hospital,88,train,2589.0,asllex,sole gloss,rUWA0lT5wnTvso1leOBg.npy
tBztd8lvKTkbW0QJ4FK2,hospital,hospital,7,train,2588.0,asllex,sole gloss,tBztd8lvKTkbW0QJ4FK2.npy
tJzResVsbQUybBGiyklN,hospital,hospital,62,train,1208.0,asllex,sole gloss,tJzResVsbQUybBGiyklN.npy
twpF2rQzzo3AZf1o50fc,hospital,hospital,35,train,1657.0,asllex,sole gloss,twpF2rQzzo3AZf1o50fc.npy
ueUPdutJVoIdy2rArDjC,hospital,hospital,49,train,1103.0,asllex,sole gloss,ueUPdutJVoIdy2rArDjC.npy
vGN8x9PkyZCIDYN3Yhq4,hospital,hospital,38,train,2897.0,asllex,sole gloss,vGN8x9PkyZCIDYN3Yhq4.npy
ygPmWA0VzhwlT41kN4uy,hospital,hospital,61,test,1351.0,asllex,sole gloss,ygPmWA0VzhwlT41kN4uy.npy
zsN1SVx5mahoCYYiwnm8,hospital,hospital,49,val,2461.0,asllex,sole gloss,zsN1SVx5mahoCYYiwnm8.npy
0IWJyoAeO8kVRMZyBATn,hot,hot,17,train,2106.0,asllex,sole gloss,0IWJyoAeO8kVRMZyBATn.npy
0X72oNEc5tRGjfl1QSCj,hot,hot,80,train,1819.0,asllex,sole gloss,0X72oNEc5tRGjfl1QSCj.npy
0h7Wp4jZvkoniNVIus7J,hot,hot,84,train,1347.0,asllex,sole gloss,0h7Wp4jZvkoniNVIus7J.npy
0nhE2RTOD4IWsR6QmODN,hot,hot,17,train,1013.0,asllex,sole gloss,0nhE2RTOD4IWsR6QmODN.npy
105Enb2wEapo73N7q5BT,hot,hot,46,train,1767.0,asllex,sole gloss,105Enb2wEapo73N7q5BT.npy
17WVLOTsBycKdHCfZN6w,hot,hot,85,val,2219.0,asllex,sole gloss,17WVLOTsBycKdHCfZN6w.npy
1S7a12Vy3J2v0Yjrz1h3,hot,hot,39,train,2276.0,asllex,sole gloss,1S7a12Vy3J2v0Yjrz1h3.npy
2Me8T611gxMElEUNz8AR,hot,hot,8,val,2051.0,asllex,sole gloss,2Me8T611gxMElEUNz8AR.npy
2aViX8Qp6xSTjRZeGcEG,hot,hot,7,train,2106.0,asllex,sole gloss,2aViX8Qp6xSTjRZeGcEG.npy
2tacoaNksWOzcCg2ktKL,hot,hot,8,train,1415.0,asllex,sole gloss,2tacoaNksWOzcCg2ktKL.npy
3stnRgYoEaFm7wQyXrZi,hot,hot,17,train,881.0,asllex,sole gloss,3stnRgYoEaFm7wQyXrZi.npy
4a9P4bwUnXze0W1lbTPP,hot,hot,11,train,2072.0,asllex,sole gloss,4a9P4bwUnXze0W1lbTPP.npy
4sjAwE4ES93ArqWo1JBP,hot,hot,61,test,1361.0,asllex,sole gloss,4sjAwE4ES93ArqWo1JBP.npy
4ymHttphfMV4fcQUaklt,hot,hot,84,train,1722.0,asllex,sole gloss,4ymHttphfMV4fcQUaklt.npy
57YL2UASmlwtQCJLwITL,hot,hot,88,val,3834.0,asllex,sole gloss,57YL2UASmlwtQCJLwITL.npy
5DJngSdjYQRQKiE0EPIg,hot,hot,11,val,1442.0,asllex,sole gloss,5DJngSdjYQRQKiE0EPIg.npy
5FbYKmnkbXSVzYm2ib13,hot,hot,48,test,1433.0,asllex,sole gloss,5FbYKmnkbXSVzYm2ib13.npy
5JpEOH213b942ffVWeNo,hot,hot,12,train,1738.0,asllex,sole gloss,5JpEOH213b942ffVWeNo.npy
63w1KPauJIxlmzhQE18f,hot,hot,84,train,1468.0,asllex,sole gloss,63w1KPauJIxlmzhQE18f.npy
64SCGmR8yWYfv6gV9Zms,hot,hot,31,train,1152.0,asllex,sole gloss,64SCGmR8yWYfv6gV9Zms.npy
6NrrwTyx6mQDRBPFrpF0,hot,hot,88,train,2729.0,asllex,sole gloss,6NrrwTyx6mQDRBPFrpF0.npy
7EOOwpvLXItxVqpKPOFQ,hot,hot,80,val,1618.0,asllex,sole gloss,7EOOwpvLXItxVqpKPOFQ.npy
7XlxmNuEZMB9dxjIZP0I,hot,hot,84,train,1293.0,asllex,sole gloss,7XlxmNuEZMB9dxjIZP0I.npy
7fSADSsgWxmleEJ93KnW,hot,hot,8,train,1949.0,asllex,sole gloss,7fSADSsgWxmleEJ93KnW.npy
7srUg3NlwoOfQKQctYEx,hot,hot,78,train,1737.0,asllex,sole gloss,7srUg3NlwoOfQKQctYEx.npy
84ndYl1Uu26cQia0Orom,hot,hot,84,val,1420.0,asllex,sole gloss,84ndYl1Uu26cQia0Orom.npy
8NCkR3RzeoTink83BNyv,hot,hot,57,test,767.0,asllex,sole gloss,8NCkR3RzeoTink83BNyv.npy
8YD5bye8yWP1QckPHnRX,hot,hot,53,test,1426.0,freetext,sole gloss,8YD5bye8yWP1QckPHnRX.npy
8anz3iWXWBKIf0PYJwid,hot,hot,84,train,1925.0,asllex,sole gloss,8anz3iWXWBKIf0PYJwid.npy
8mvMeGQTWP7EZxkIKXOf,hot,hot,84,train,2807.0,asllex,sole gloss,8mvMeGQTWP7EZxkIKXOf.npy
8nh7ogFL6g0k5y0aHYmE,hot,hot,84,val,1252.0,asllex,sole gloss,8nh7ogFL6g0k5y0aHYmE.npy
8wZ0femrx1pvgk9fnnsf,hot,hot,17,train,1052.0,asllex,sole gloss,8wZ0femrx1pvgk9fnnsf.npy
9BoEzr1obd5LtUnO3E1F,hot,hot,17,train,2000.0,asllex,sole gloss,9BoEzr1obd5LtUnO3E1F.npy
9IVO3uujVF6ggaPxVAYG,hot,hot,63,train,1207.0,asllex,sole gloss,9IVO3uujVF6ggaPxVAYG.npy
APE87dfIrK1CJx3gCFz4,hot,hot,50,test,3284.0,asllex,sole gloss,APE87dfIrK1CJx3gCFz4.npy
AVsOFyydPI7e1rX4Xwtm,hot,hot,38,train,2731.0,asllex,sole gloss,AVsOFyydPI7e1rX4Xwtm.npy
AfUNqIuAURvUCAy3m9ku,hot,hot,84,train,2435.0,asllex,sole gloss,AfUNqIuAURvUCAy3m9ku.npy
AkZbFlmekp2H4sT8DljV,hot,hot,17,train,1665.0,asllex,sole gloss,AkZbFlmekp2H4sT8DljV.npy
AmseHQTGKhWfH7wGvARE,hot,hot,17,train,1851.0,asllex,sole gloss,AmseHQTGKhWfH7wGvARE.npy
DE97WSlrIL4eiWQTbE8j,hot,hot,57,test,1766.0,asllex,sole gloss,DE97WSlrIL4eiWQTbE8j.npy
DGV7eEEOMcOlgAEoFrkF,hot,hot,62,train,1060.0,asllex,sole gloss,DGV7eEEOMcOlgAEoFrkF.npy
DRZPHfZIrAcRTgUGPKoo,hot,hot,39,train,2870.0,asllex,sole gloss,DRZPHfZIrAcRTgUGPKoo.npy
DfkgTiXiKndilspoTy1S,hot,hot,49,train,1081.0,asllex,sole gloss,DfkgTiXiKndilspoTy1S.npy
E75eAoCZ6tZSKWijXCqR,hot,hot,61,test,1187.0,asllex,sole gloss,E75eAoCZ6tZSKWijXCqR.npy
E9uelLPECKLNZsYN169x,hot,hot,60,train,959.0,asllex,sole gloss,E9uelLPECKLNZsYN169x.npy
EcufBUVUMe3ldQXxA3De,hot,hot,85,train,2172.0,asllex,sole gloss,EcufBUVUMe3ldQXxA3De.npy
FBVcQ4O3Ww8o7XPT8Mx6,hot,hot,31,train,1581.0,asllex,sole gloss,FBVcQ4O3Ww8o7XPT8Mx6.npy
FrfVhxLOQKlyFZuapCz1,hot,hot,23,val,1377.0,asllex,sole gloss,FrfVhxLOQKlyFZuapCz1.npy
G1G1hZ052Y1Um0dcoDiG,hot,hot,62,train,1307.0,asllex,sole gloss,G1G1hZ052Y1Um0dcoDiG.npy
G5jizBrWRA8OCIPgUzH0,hot,hot,12,val,2324.0,asllex,sole gloss,G5jizBrWRA8OCIPgUzH0.npy
GE4MQi4VlAs6ukUKNicv,hot,hot,60,train,910.0,asllex,sole gloss,GE4MQi4VlAs6ukUKNicv.npy
GKtPVCgT2hJCmaYtA3pM,hot,hot,49,train,1069.0,asllex,sole gloss,GKtPVCgT2hJCmaYtA3pM.npy
GaJy7w3RxwSm1szD0RBP,hot,hot,59,train,1923.0,asllex,sole gloss,GaJy7w3RxwSm1szD0RBP.npy
GtEY58jo2XOexfJAUbM5,hot,hot,57,test,1181.0,asllex,sole gloss,GtEY58jo2XOexfJAUbM5.npy
GtGvkjB3rib4gqmxREkM,hot,hot,63,train,1204.0,asllex,sole gloss,GtGvkjB3rib4gqmxREkM.npy
HDMflBiAjvZxWGXLS5kJ,hot,hot,30,val,1433.0,asllex,sole gloss,HDMflBiAjvZxWGXLS5kJ.npy
HH1eZuYbU60sima2yAyp,hot,hot,39,train,3113.0,asllex,sole gloss,HH1eZuYbU60sima2yAyp.npy
HMyMYZEJAS5Z12Kujigt,hot,hot,53,test,2681.0,asllex,sole gloss,HMyMYZEJAS5Z12Kujigt.npy
Hoxd1Uyqv6AoOgcfM3mI,hot,hot,7,val,2027.0,asllex,sole gloss,Hoxd1Uyqv6AoOgcfM3mI.npy
IHhKOrvoThTTAn0638gj,hot,hot,31,train,1201.0,asllex,sole gloss,IHhKOrvoThTTAn0638gj.npy
IlfgNUodXO8UYZZuYgER,hot,hot,11,val,1503.0,asllex,sole gloss,IlfgNUodXO8UYZZuYgER.npy
Ix8BbcOHhrojU0VWPBne,hot,hot,38,val,2451.0,asllex,sole gloss,Ix8BbcOHhrojU0VWPBne.npy
J05qyYFyXCnds7KqlcHZ,hot,hot,63,val,1459.0,asllex,sole gloss,J05qyYFyXCnds7KqlcHZ.npy
JDyiA7y1UnR96Gf6e5vl,hot,hot,57,test,659.0,asllex,sole gloss,JDyiA7y1UnR96Gf6e5vl.npy
JVHXFMV38a5eUq8rhyLO,hot,hot,78,val,1979.0,asllex,sole gloss,JVHXFMV38a5eUq8rhyLO.npy
JYp7XJ95VvnqtOrOIuZT,hot,hot,49,train,1214.0,asllex,sole gloss,JYp7XJ95VvnqtOrOIuZT.npy
Jx759xIDVUe7wrdndACn,hot,hot,88,val,1634.0,asllex,sole gloss,Jx759xIDVUe7wrdndACn.npy
K0reUXSk8RmAwGyx5oLx,hot,hot,17,train,1128.0,asllex,sole gloss,K0reUXSk8RmAwGyx5oLx.npy
KdHn4LrBrxnWNlNgtgP4,hot,hot,54,train,1920.0,asllex,sole gloss,KdHn4LrBrxnWNlNgtgP4.npy
KjjAEXYvUGJs3BaWIdrb,hot,hot,78,val,3060.0,asllex,sole gloss,KjjAEXYvUGJs3BaWIdrb.npy
KmbiLnqM8y0jr9CVo4M9,hot,hot,8,val,1181.0,asllex,sole gloss,KmbiLnqM8y0jr9CVo4M9.npy
KoTGZfSN04kI7fdt2PJK,hot,hot,17,train,2123.0,asllex,sole gloss,KoTGZfSN04kI7fdt2PJK.npy
LOeu5HkBLXlKWMRi5dSr,hot,hot,57,test,1522.0,asllex,sole gloss,LOeu5HkBLXlKWMRi5dSr.npy
M1Mhxayt8Mg6ARrkmQjs,hot,hot,64,test,2449.0,asllex,sole gloss,M1Mhxayt8Mg6ARrkmQjs.npy
NhrHVcXQ01grM8aXN9uL,hot,hot,38,train,2734.0,asllex,sole gloss,NhrHVcXQ01grM8aXN9uL.npy
OBgXrzkWU8hLcrJTdtJQ,hot,hot,49,train,1068.0,asllex,sole gloss,OBgXrzkWU8hLcrJTdtJQ.npy
OBjLB3j3YrXSxdKHiIPC,hot,hot,54,train,1929.0,asllex,sole gloss,OBjLB3j3YrXSxdKHiIPC.npy
OPq0QDB3X42ZnViYgmjO,hot,hot,49,train,1179.0,asllex,sole gloss,OPq0QDB3X42ZnViYgmjO.npy
P4UB626AuoYFBDYNudZz,hot,hot,78,train,1814.0,asllex,sole gloss,P4UB626AuoYFBDYNudZz.npy
P8nEhKR2panajbU30wxZ,hot,hot,8,val,1336.0,asllex,sole gloss,P8nEhKR2panajbU30wxZ.npy
QcPHQj9uHBaUTo7WbbHG,hot,hot,57,test,1406.0,asllex,sole gloss,QcPHQj9uHBaUTo7WbbHG.npy
Qj2qAYf4kpFDVmcpUuvq,hot,hot,46,train,2964.0,asllex,sole gloss,Qj2qAYf4kpFDVmcpUuvq.npy
QtkcVtL46YqSiofz75sT,hot,hot,54,val,1495.0,asllex,sole gloss,QtkcVtL46YqSiofz75sT.npy
R3EFIj4Gf288IPJphqRt,hot,hot,84,train,1508.0,asllex,sole gloss,R3EFIj4Gf288IPJphqRt.npy
RC2NMNoPtIAZW0Vnmz6h,hot,hot,57,test,1683.0,asllex,sole gloss,RC2NMNoPtIAZW0Vnmz6h.npy
RM0BBObRbpj2x3nLMHLB,hot,hot,8,train,1560.0,asllex,sole gloss,RM0BBObRbpj2x3nLMHLB.npy
S9nOF1ksIM5Ub1w5EbjR,hot,hot,62,train,1202.0,asllex,sole gloss,S9nOF1ksIM5Ub1w5EbjR.npy
SURzgDjij55gto84LFr4,hot,hot,54,train,1816.0,asllex,sole gloss,SURzgDjij55gto84LFr4.npy
SgAryDFEQ2LGvsGjO2YR,hot,hot,57,test,1078.0,asllex,sole gloss,SgAryDFEQ2LGvsGjO2YR.npy
THhfiJQ5NmbLO0HXdftq,hot,hot,63,val,1479.0,asllex,sole gloss,THhfiJQ5NmbLO0HXdftq.npy
Tj2Q0KMQhTJ80qrW2Jte,hot,hot,85,val,2481.0,asllex,sole gloss,Tj2Q0KMQhTJ80qrW2Jte.npy
UTpZWuyvHHOLIFQM93pe,hot,hot,7,val,2133.0,asllex,sole gloss,UTpZWuyvHHOLIFQM93pe.npy
UcIHqITz8JLYy0TXmH89,hot,hot,53,test,2273.0,asllex,sole gloss,UcIHqITz8JLYy0TXmH89.npy
UqFWJ5TRuuZrKfFiRZ5t,hot,hot,57,test,958.0,asllex,sole gloss,UqFWJ5TRuuZrKfFiRZ5t.npy
VMCpEyZ0js0aIccTeLoY,hot,hot,64,test,1471.0,asllex,sole gloss,VMCpEyZ0js0aIccTeLoY.npy
VPfawybNqifljozysUVJ,hot,hot,35,train,1319.0,asllex,sole gloss,VPfawybNqifljozysUVJ.npy
VV0nsHM0Y5j2ku1se930,hot,hot,24,train,3552.0,asllex,sole gloss,VV0nsHM0Y5j2ku1se930.npy
VWv6JziYzahiPFdfJJQQ,hot,hot,39,train,3984.0,asllex,sole gloss,VWv6JziYzahiPFdfJJQQ.npy
VYt4u0XtM99832kbtaoi,hot,hot,63,train,1619.0,asllex,sole gloss,VYt4u0XtM99832kbtaoi.npy
VgJn46FGbrbnRdUVA33Z,hot,hot,31,train,1391.0,asllex,sole gloss,VgJn46FGbrbnRdUVA33Z.npy
VoDHPoV4t8zOUxkc4jOk,hot,hot,84,train,1489.0,asllex,sole gloss,VoDHPoV4t8zOUxkc4jOk.npy
W0JHeAtrz1AW6TTIG0yW,hot,hot,61,test,1972.0,asllex,sole gloss,W0JHeAtrz1AW6TTIG0yW.npy
WPOhdK7spkMBhVJtoY2I,hot,hot,80,val,1530.0,asllex,sole gloss,WPOhdK7spkMBhVJtoY2I.npy
WnMdwMebduVRXmIERTmE,hot,hot,84,train,1986.0,asllex,sole gloss,WnMdwMebduVRXmIERTmE.npy
WoMVQgKklOY2yigfzgg2,hot,hot,14,train,2901.0,asllex,sole gloss,WoMVQgKklOY2yigfzgg2.npy
WwRe2IXugex8rJzxEjqh,hot,hot,39,train,2819.0,asllex,sole gloss,WwRe2IXugex8rJzxEjqh.npy
WxQQHhWtbXPUtFBqU3rX,hot,hot,30,train,1610.0,asllex,sole gloss,WxQQHhWtbXPUtFBqU3rX.npy
X8vg6DAARm2LkZrMtnh2,hot,hot,61,test,2052.0,asllex,sole gloss,X8vg6DAARm2LkZrMtnh2.npy
XAGRSUtGBC8bXLmMYu6Z,hot,hot,49,train,1130.0,asllex,sole gloss,XAGRSUtGBC8bXLmMYu6Z.npy
XM0HiCJjPv8y2aVKVteJ,hot,hot,39,train,2118.0,asllex,sole gloss,XM0HiCJjPv8y2aVKVteJ.npy
XPSNeGIPIUHwEgj4FuZT,hot,hot,23,train,1396.0,asllex,sole gloss,XPSNeGIPIUHwEgj4FuZT.npy
Xbq8d8d187oXIxxS70o9,hot,hot,8,train,1634.0,asllex,sole gloss,Xbq8d8d187oXIxxS70o9.npy
Xekdp23XkbLNRR8j3mPP,hot,hot,61,test,1296.0,asllex,sole gloss,Xekdp23XkbLNRR8j3mPP.npy
YT7do4csJp2s8ewVHKe5,hot,hot,84,train,1561.0,asllex,sole gloss,YT7do4csJp2s8ewVHKe5.npy
YZc0JUoI9DLTY218xtpb,hot,hot,88,val,1655.0,asllex,sole gloss,YZc0JUoI9DLTY218xtpb.npy
YdnwbORQhzk4YVGezkZH,hot,hot,57,test,1244.0,asllex,sole gloss,YdnwbORQhzk4YVGezkZH.npy
Z8tt7VyR6HrQmU4dtNOp,hot,hot,30,train,1866.0,asllex,sole gloss,Z8tt7VyR6HrQmU4dtNOp.npy
ZbttWvjhyrpI8guedAe8,hot,hot,46,train,4084.0,asllex,sole gloss,ZbttWvjhyrpI8guedAe8.npy
ZjqRdVwicAoOl1vRxwKV,hot,hot,8,val,1487.0,asllex,sole gloss,ZjqRdVwicAoOl1vRxwKV.npy
ZjqseUukKDuPIxvZ5ap1,hot,hot,88,train,3274.0,asllex,sole gloss,ZjqseUukKDuPIxvZ5ap1.npy
aEtBRKsgTUDcQYu7QgYD,hot,hot,88,train,3185.0,asllex,sole gloss,aEtBRKsgTUDcQYu7QgYD.npy
aUHTv8IrK0ibAqhjADvF,hot,hot,48,test,1757.0,asllex,sole gloss,aUHTv8IrK0ibAqhjADvF.npy
avmplXcWB3ZnkmTSuzZR,hot,hot,48,test,1812.0,asllex,sole gloss,avmplXcWB3ZnkmTSuzZR.npy
axFWtIyr3o0ST3ACigZA,hot,hot,61,test,1073.0,asllex,sole gloss,axFWtIyr3o0ST3ACigZA.npy
bDxChxkQu4m7SyhlaEib,hot,hot,30,train,2411.0,asllex,sole gloss,bDxChxkQu4m7SyhlaEib.npy
bt41H8BsktkklTbfKkbu,hot,hot,84,val,2059.0,asllex,sole gloss,bt41H8BsktkklTbfKkbu.npy
c9kM0lsuQ7ECid9audcf,hot,hot,57,test,952.0,asllex,sole gloss,c9kM0lsuQ7ECid9audcf.npy
cAdFuanNY4XaRLG25jWO,hot,hot,57,test,1025.0,asllex,sole gloss,cAdFuanNY4XaRLG25jWO.npy
cUtFhTpIvgUSpmWmsmls,hot,hot,49,train,970.0,asllex,sole gloss,cUtFhTpIvgUSpmWmsmls.npy
duBeCUPC8VWzBDjJTnGA,hot,hot,57,test,729.0,asllex,sole gloss,duBeCUPC8VWzBDjJTnGA.npy
eNmTGqYif5K5N60JLQyD,hot,hot,49,val,732.0,asllex,sole gloss,eNmTGqYif5K5N60JLQyD.npy
ebtGUmJLawFJjnVMfFs3,hot,hot,85,train,3201.0,asllex,sole gloss,ebtGUmJLawFJjnVMfFs3.npy
f0ETpOnTypC4gFWfkuGH,hot,hot,35,train,1276.0,asllex,sole gloss,f0ETpOnTypC4gFWfkuGH.npy
f9IpLMwVyl3YnMN0FBK4,hot,hot,39,val,2965.0,asllex,sole gloss,f9IpLMwVyl3YnMN0FBK4.npy
fGVLnterBELMdAMTapH4,hot,hot,8,train,1217.0,asllex,sole gloss,fGVLnterBELMdAMTapH4.npy
fbgRoUOt3psvf2VMfHBj,hot,hot,48,test,1029.0,asllex,sole gloss,fbgRoUOt3psvf2VMfHBj.npy
flmEUd0tPIZCMiln5iTe,hot,hot,54,train,1232.0,asllex,sole gloss,flmEUd0tPIZCMiln5iTe.npy
gKF22eukindhFc9bQVo5,hot,hot,54,train,1622.0,asllex,sole gloss,gKF22eukindhFc9bQVo5.npy
gTtThFmN34PgMzAMNQ7u,hot,hot,49,train,1327.0,asllex,sole gloss,gTtThFmN34PgMzAMNQ7u.npy
gqhwl22bpsezjKcV2Xmt,hot,hot,48,test,1362.0,asllex,sole gloss,gqhwl22bpsezjKcV2Xmt.npy
gu5cxuvCpCPiXpOSMNPo,hot,hot,50,test,3298.0,asllex,sole gloss,gu5cxuvCpCPiXpOSMNPo.npy
gusRfafvLqeYjkthwQMh,hot,hot,52,train,2150.0,asllex,sole gloss,gusRfafvLqeYjkthwQMh.npy
gwRjcu0QD8tB0LHZpqtZ,hot,hot,84,train,2027.0,asllex,sole gloss,gwRjcu0QD8tB0LHZpqtZ.npy
hLAZjaMU5P1FzRa5eacm,hot,hot,38,train,2456.0,asllex,sole gloss,hLAZjaMU5P1FzRa5eacm.npy
hagQieCXlCBWIgRfGnf6,hot,hot,62,val,754.0,asllex,sole gloss,hagQieCXlCBWIgRfGnf6.npy
iWH9lVwD6QsDZk2mvFfr,hot,hot,49,train,1233.0,asllex,sole gloss,iWH9lVwD6QsDZk2mvFfr.npy
iWHQ0DWJGQVJ0hHz7ghl,hot,hot,62,val,1421.0,asllex,sole gloss,iWHQ0DWJGQVJ0hHz7ghl.npy
it5HF70KON32q4xnWXXo,hot,hot,50,test,3004.0,asllex,sole gloss,it5HF70KON32q4xnWXXo.npy
itSdPZrQFMmnK2yw9Dxm,hot,hot,17,train,1307.0,asllex,sole gloss,itSdPZrQFMmnK2yw9Dxm.npy
ix5QCcyqxT2fiiOJltQo,hot,hot,85,train,3235.0,asllex,sole gloss,ix5QCcyqxT2fiiOJltQo.npy
ix7MOp3GlWRX75NlDUfd,hot,hot,84,train,1432.0,asllex,sole gloss,ix7MOp3GlWRX75NlDUfd.npy
izgbmTlrUYlsXqv39raI,hot,hot,57,test,1863.0,asllex,sole gloss,izgbmTlrUYlsXqv39raI.npy
jQ4eaAH6jhJkfZAIKRnL,hot,hot,84,train,1208.0,asllex,sole gloss,jQ4eaAH6jhJkfZAIKRnL.npy
jzZP7XTTEWwqlZsogKyK,hot,hot,14,val,2280.0,asllex,sole gloss,jzZP7XTTEWwqlZsogKyK.npy
k9XpzA2l2QfNquLkUFXg,hot,hot,84,train,2429.0,asllex,sole gloss,k9XpzA2l2QfNquLkUFXg.npy
kEnLzf4yOoNHgVcxS1aQ,hot,hot,8,train,1706.0,asllex,sole gloss,kEnLzf4yOoNHgVcxS1aQ.npy
kcnEarB5LamW4Qr0wkhu,hot,hot,49,train,1035.0,asllex,sole gloss,kcnEarB5LamW4Qr0wkhu.npy
lkCK47Kuq7F2xU1lsxPk,hot,hot,54,train,2248.0,freetext,sole gloss,lkCK47Kuq7F2xU1lsxPk.npy
mNNGblQDsqXrPE1qByQx,hot,hot,52,train,5344.0,asllex,sole gloss,mNNGblQDsqXrPE1qByQx.npy
mw7l1DfBXoTYG2yaBZUt,hot,hot,60,train,1119.0,asllex,sole gloss,mw7l1DfBXoTYG2yaBZUt.npy
n5frmVcFVVn1XrHSwLUc,hot,hot,48,test,960.0,asllex,sole gloss,n5frmVcFVVn1XrHSwLUc.npy
n7eE4f9rZDCBNTiS5IV6,hot,hot,52,train,1801.0,asllex,sole gloss,n7eE4f9rZDCBNTiS5IV6.npy
nYA74THHIYRNualnwpAo,hot,hot,49,train,1274.0,asllex,sole gloss,nYA74THHIYRNualnwpAo.npy
naycWEg5Q59UG67DHoBa,hot,hot,80,train,2375.0,asllex,sole gloss,naycWEg5Q59UG67DHoBa.npy
nuAbomLExy6J37xJd5it,hot,hot,63,train,1569.0,asllex,sole gloss,nuAbomLExy6J37xJd5it.npy
oB0TyT4qFOJGIeVtKRJ5,hot,hot,49,train,1055.0,asllex,sole gloss,oB0TyT4qFOJGIeVtKRJ5.npy
oQDM4900xDfQ66EJb7yf,hot,hot,88,train,3106.0,asllex,sole gloss,oQDM4900xDfQ66EJb7yf.npy
og79pHxppAvV4gI0pbJN,hot,hot,30,train,1678.0,asllex,sole gloss,og79pHxppAvV4gI0pbJN.npy
otbHYk3lcsE6QKyjlQVm,hot,hot,38,train,2203.0,asllex,sole gloss,otbHYk3lcsE6QKyjlQVm.npy
p2HuinZTT4VGp8XzmdRi,hot,hot,57,test,815.0,asllex,sole gloss,p2HuinZTT4VGp8XzmdRi.npy
pe6oOcbCNOcbRV58tTU9,hot,hot,39,train,2268.0,asllex,sole gloss,pe6oOcbCNOcbRV58tTU9.npy
phOhbCYnTRyIUcWgou7m,hot,hot,39,train,2482.0,asllex,sole gloss,phOhbCYnTRyIUcWgou7m.npy
px2Fqu24lk20Kp1PQzWP,hot,hot,49,val,1849.0,asllex,sole gloss,px2Fqu24lk20Kp1PQzWP.npy
q7Y2DgOeiUYWvkbh4RzJ,hot,hot,38,train,2217.0,asllex,sole gloss,q7Y2DgOeiUYWvkbh4RzJ.npy
qDQdogpO4djxEY4qmVum,hot,hot,84,val,2777.0,asllex,sole gloss,qDQdogpO4djxEY4qmVum.npy
qEDfqg1lN7oLMwR8AFne,hot,hot,8,train,1526.0,asllex,sole gloss,qEDfqg1lN7oLMwR8AFne.npy
qGVO5Y7IKEBmven3ElG7,hot,hot,14,train,2515.0,asllex,sole gloss,qGVO5Y7IKEBmven3ElG7.npy
qXoZH5fvjwD81Wm6pKuz,hot,hot,84,train,1934.0,asllex,sole gloss,qXoZH5fvjwD81Wm6pKuz.npy
r4LRljncI8AlWeSbTZGg,hot,hot,84,train,1096.0,asllex,sole gloss,r4LRljncI8AlWeSbTZGg.npy
s5E5lnAT56GmhpVljkGa,hot,hot,63,val,1421.0,asllex,sole gloss,s5E5lnAT56GmhpVljkGa.npy
sDKDOgOkS6S6XnJt8Dtq,hot,hot,63,val,1805.0,asllex,sole gloss,sDKDOgOkS6S6XnJt8Dtq.npy
tGgkq2pjuADR28TQywnV,hot,hot,59,train,1565.0,asllex,sole gloss,tGgkq2pjuADR28TQywnV.npy
top8g1LOhNCprlnshuvj,hot,hot,17,train,1374.0,asllex,sole gloss,top8g1LOhNCprlnshuvj.npy
uxeVl2RcxlhgvnXpz57l,hot,hot,62,train,976.0,asllex,sole gloss,uxeVl2RcxlhgvnXpz57l.npy
vOIRFganh2m8kixush4Y,hot,hot,59,train,1236.0,asllex,sole gloss,vOIRFganh2m8kixush4Y.npy
vPe87pHaitzHmy5kU7ZU,hot,hot,49,val,1615.0,asllex,sole gloss,vPe87pHaitzHmy5kU7ZU.npy
vPw6ljH41C6wm2T0sK8A,hot,hot,84,train,1760.0,asllex,sole gloss,vPw6ljH41C6wm2T0sK8A.npy
vU7w4JbvxeXOtSE7XKes,hot,hot,12,train,2986.0,asllex,sole gloss,vU7w4JbvxeXOtSE7XKes.npy
vYvL3olAAmwhJ3dYqtRr,hot,hot,48,test,1666.0,asllex,sole gloss,vYvL3olAAmwhJ3dYqtRr.npy
w45ICVoZAuQa0irKvT2e,hot,hot,46,val,2866.0,asllex,sole gloss,w45ICVoZAuQa0irKvT2e.npy
wTFoDRvexwJkE0Pw1BDl,hot,hot,61,test,1780.0,asllex,sole gloss,wTFoDRvexwJkE0Pw1BDl.npy
wXrruQAu3jS8Ert5cJ6X,hot,hot,84,train,2386.0,asllex,sole gloss,wXrruQAu3jS8Ert5cJ6X.npy
wk1U3Rg2vvM44nxa4YyU,hot,hot,8,train,1341.0,asllex,sole gloss,wk1U3Rg2vvM44nxa4YyU.npy
wsY9bMv8qVC8YdvqOJsb,hot,hot,48,test,1820.0,asllex,sole gloss,wsY9bMv8qVC8YdvqOJsb.npy
xvqfmTlk6w1uTT2vr0E0,hot,hot,84,train,1300.0,asllex,sole gloss,xvqfmTlk6w1uTT2vr0E0.npy
yStxIY29tTOBqYQKzKbA,hot,hot,17,train,1645.0,asllex,sole gloss,yStxIY29tTOBqYQKzKbA.npy
yoIqgboul75EJqzxUiLh,hot,hot,49,val,1051.0,asllex,sole gloss,yoIqgboul75EJqzxUiLh.npy
zXoYsxDiBs0V8M1A5WVx,hot,hot,46,train,2052.0,asllex,sole gloss,zXoYsxDiBs0V8M1A5WVx.npy
zrClQxaFX8RB1oc6JVMm,hot,hot,35,train,1270.0,asllex,sole gloss,zrClQxaFX8RB1oc6JVMm.npy
zs96csoet9ocSEWytML5,hot,hot,36,test,2147.0,asllex,sole gloss,zs96csoet9ocSEWytML5.npy
0vI5CQwLW2lyJvwMvEnt,hour,hour,30,train,2171.0,asllex,sole gloss,0vI5CQwLW2lyJvwMvEnt.npy
4dj8WSUjSosPStNqohDA,hour,hour,17,train,1735.0,asllex,sole gloss,4dj8WSUjSosPStNqohDA.npy
EtYIlRSph00OIdxfpkdj,hour,hour,49,train,2291.0,asllex,sole gloss,EtYIlRSph00OIdxfpkdj.npy
FBOlVMaNE4AGx4vrgUk6,hour,hour,57,test,1874.0,asllex,sole gloss,FBOlVMaNE4AGx4vrgUk6.npy
JPT2PjrDpFIbq8axz8bL,hour,hour,36,test,1984.0,asllex,sole gloss,JPT2PjrDpFIbq8axz8bL.npy
KqYJ5OAHdplYQgqD0Pwh,hour,hour,7,val,2352.0,asllex,sole gloss,KqYJ5OAHdplYQgqD0Pwh.npy
RDN4dMqj6EJdSGasGcq6,hour,hour,54,train,1767.0,freetext,sole gloss,RDN4dMqj6EJdSGasGcq6.npy
V9b7x6RgckhSXOuG0E2V,hour,hour,7,val,2910.0,asllex,sole gloss,V9b7x6RgckhSXOuG0E2V.npy
VMivGh6egrwRo9llQUlD,hour,hour,11,train,2403.0,asllex,sole gloss,VMivGh6egrwRo9llQUlD.npy
WUgXGr1GImMWVYNi23V6,hour,hour,49,train,1400.0,asllex,sole gloss,WUgXGr1GImMWVYNi23V6.npy
YPPEqCcAIUpBgO0KDTOB,hour,hour,88,train,3073.0,asllex,sole gloss,YPPEqCcAIUpBgO0KDTOB.npy
ZsmSP0MxvwdaPCTGOMEB,hour,hour,84,train,2271.0,asllex,sole gloss,ZsmSP0MxvwdaPCTGOMEB.npy
lbbQpQiW4AAy8zVuNGZx,hour,hour,49,train,1836.0,asllex,sole gloss,lbbQpQiW4AAy8zVuNGZx.npy
rfT8a8fmu2xoSANta0XU,hour,hour,80,train,3024.0,asllex,sole gloss,rfT8a8fmu2xoSANta0XU.npy
tACv3wxNrwsHBjqe7k7F,hour,hour,62,train,1140.0,asllex,sole gloss,tACv3wxNrwsHBjqe7k7F.npy
w4vVmSSFu8M4i62K2IvZ,hour,hour,11,val,2113.0,asllex,sole gloss,w4vVmSSFu8M4i62K2IvZ.npy
4ecMqLKXfcHTsc5Ewl83,how,how,17,train,1025.0,asllex,sole gloss,4ecMqLKXfcHTsc5Ewl83.npy
9UhfrwQOtXMR898kUNfw,how,how,39,train,2857.0,freetext,sole gloss,9UhfrwQOtXMR898kUNfw.npy
GZsc2W0BFfxRe4LQ4HNg,how,how,80,train,1966.0,freetext,sole gloss,GZsc2W0BFfxRe4LQ4HNg.npy
O9TRiGBbwTkLSW4lUAeI,how,how,62,train,1111.0,asllex,sole gloss,O9TRiGBbwTkLSW4lUAeI.npy
SRZgwW6jdNxW1omGAbU0,how,how,48,test,1099.0,asllex,sole gloss,SRZgwW6jdNxW1omGAbU0.npy
bf3cY7IKRpsS6TWTqeNN,how,how,88,train,1801.0,asllex,sole gloss,bf3cY7IKRpsS6TWTqeNN.npy
bxD7TjeLYIeXrkb7uAEh,how,how,54,train,3093.0,freetext,sole gloss,bxD7TjeLYIeXrkb7uAEh.npy
gEmCwtFedyiIpnWlIvD6,how,how,31,val,1562.0,freetext,sole gloss,gEmCwtFedyiIpnWlIvD6.npy
hGN8aKbmZPbIgLYznX0g,how,how,17,val,1031.0,asllex,sole gloss,hGN8aKbmZPbIgLYznX0g.npy
j4FyUwqO8OBObqupjJjO,how,how,46,train,4540.0,asllex,sole gloss,j4FyUwqO8OBObqupjJjO.npy
jG3utycNrc5PAJAWiovF,how,how,48,test,1898.0,asllex,sole gloss,jG3utycNrc5PAJAWiovF.npy
qKKNxwj6mC7QmUIYbv4e,how,how,17,train,960.0,asllex,sole gloss,qKKNxwj6mC7QmUIYbv4e.npy
sD3xFrx2bfVEzi5o61ei,how,how,7,val,2218.0,asllex,sole gloss,sD3xFrx2bfVEzi5o61ei.npy
xzHxddeflfzqyNB08fBg,how,how,46,train,3533.0,asllex,sole gloss,xzHxddeflfzqyNB08fBg.npy
4PcFkvhyybD6ZNnRbn0K,infection,infection,50,test,3568.0,asllex,sole gloss,4PcFkvhyybD6ZNnRbn0K.npy
6k3Ma6e8PdZmAMIWQo5L,infection,infection,30,val,1821.0,asllex,sole gloss,6k3Ma6e8PdZmAMIWQo5L.npy
LwsBnBeXL04c1yER7vZ9,infection,infection,39,train,3160.0,asllex,sole gloss,LwsBnBeXL04c1yER7vZ9.npy
PyiPNQY7aBIsneajdZcb,infection,infection,61,test,1885.0,asllex,sole gloss,PyiPNQY7aBIsneajdZcb.npy
ho2D8unXzEbjZDcbIM82,infection,infection,50,test,2266.0,asllex,sole gloss,ho2D8unXzEbjZDcbIM82.npy
1rA9kHnSNwXBikmi6Nze,interpreter,interpreter,23,train,2101.0,asllex,sole gloss,1rA9kHnSNwXBikmi6Nze.npy
54lHOTb0nKE5ucxBMabj,interpreter,interpreter,11,train,1316.0,asllex,sole gloss,54lHOTb0nKE5ucxBMabj.npy
6enfK5oySsMaWOsuBr67,interpreter,interpreter,61,test,1069.0,asllex,sole gloss,6enfK5oySsMaWOsuBr67.npy
FfxxsQUpfKh17poDSQeO,interpreter,interpreter,50,test,2157.0,asllex,sole gloss,FfxxsQUpfKh17poDSQeO.npy
M3a80YIs4MVwsmgCD3LH,interpreter,interpreter,39,val,2984.0,asllex,sole gloss,M3a80YIs4MVwsmgCD3LH.npy
UllMOwWhtHEexuFvNykz,interpreter,interpreter,7,train,2373.0,asllex,sole gloss,UllMOwWhtHEexuFvNykz.npy
fg5VaQ4Tq8I1gmDUlk73,interpreter,interpreter,14,train,1908.0,asllex,sole gloss,fg5VaQ4Tq8I1gmDUlk73.npy
kjXxIkmRGu1ZALM5rRUl,interpreter,interpreter,30,train,1492.0,asllex,sole gloss,kjXxIkmRGu1ZALM5rRUl.npy
miuznhWts0gRC749tRib,interpreter,interpreter,54,train,2248.0,asllex,sole gloss,miuznhWts0gRC749tRib.npy
oAe0MgZPI3rmF4HjDxKq,interpreter,interpreter,31,val,1418.0,asllex,sole gloss,oAe0MgZPI3rmF4HjDxKq.npy
tWMxRO8bHznrjD796uqK,interpreter,interpreter,50,test,2063.0,asllex,sole gloss,tWMxRO8bHznrjD796uqK.npy
uQHWLXyb6REm3RO0V7Il,interpreter,interpreter,36,test,2230.0,asllex,sole gloss,uQHWLXyb6REm3RO0V7Il.npy
x8TZNP1gjM6OA4NTQgaX,interpreter,interpreter,38,val,2574.0,asllex,sole gloss,x8TZNP1gjM6OA4NTQgaX.npy
xsdv2p7Ni6YDFv5t3dS2,interpreter,interpreter,11,train,2528.0,asllex,sole gloss,xsdv2p7Ni6YDFv5t3dS2.npy
47FlF4JIMFy2xYbupfI7,itch,itch,31,train,2234.0,asllex,sole gloss,47FlF4JIMFy2xYbupfI7.npy
5bBXkfjnRnTKuaGo9GKn,itch,itch,49,val,1368.0,freetext,sole gloss,5bBXkfjnRnTKuaGo9GKn.npy
CCEysk1YyGfAHnRGvlE4,itch,itch,61,test,1803.0,freetext,sole gloss,CCEysk1YyGfAHnRGvlE4.npy
ILorw8xzGj1AqjkBwlnW,itch,itch,42,val,1843.0,freetext,sole gloss,ILorw8xzGj1AqjkBwlnW.npy
KKkXxEetnxIbB2C8HJTk,itch,itch,76,train,4218.0,asllex,sole gloss,KKkXxEetnxIbB2C8HJTk.npy
RfK8i66jfJUeIJNbZ3fO,itch,itch,76,train,4357.0,freetext,sole gloss,RfK8i66jfJUeIJNbZ3fO.npy
fCpo6555o1CS0rHkrWPT,itch,itch,60,train,1462.0,freetext,sole gloss,fCpo6555o1CS0rHkrWPT.npy
lZVkD1GWYgf0MJTF6KUt,itch,itch,17,train,1970.0,freetext,sole gloss,lZVkD1GWYgf0MJTF6KUt.npy
nrVuZBqy9WbLZFp0doqO,itch,itch,7,train,2050.0,freetext,sole gloss,nrVuZBqy9WbLZFp0doqO.npy
zDIpIOLdEkPnSwZKcoYY,itch,itch,15,val,1334.0,asllex,sole gloss,zDIpIOLdEkPnSwZKcoYY.npy
K4aBbJwm3890e8m1JE4c,knee,knee,35,train,1363.0,freetext,sole gloss,K4aBbJwm3890e8m1JE4c.npy
Ra06pshoomhzzbUA4tcR,knee,knee,23,val,3605.0,freetext,sole gloss,Ra06pshoomhzzbUA4tcR.npy
aRhPwbLaGUnuirpJO6qG,knee,knee,63,train,1285.0,freetext,sole gloss,aRhPwbLaGUnuirpJO6qG.npy
jNuPnTprQXUUd0EsGY0d,knees,knee,84,train,1447.0,freetext,sole gloss,jNuPnTprQXUUd0EsGY0d.npy
pLs7xTTAyzctpPiDYRcU,knee,knee,63,val,1877.0,freetext,sole gloss,pLs7xTTAyzctpPiDYRcU.npy
qr5Cb5KF1iCxDMhmgUIk,knee,knee,35,train,2007.0,freetext,sole gloss,qr5Cb5KF1iCxDMhmgUIk.npy
sp98u9EpF79CObe6rveH,knee,knee,88,train,3051.0,freetext,sole gloss,sp98u9EpF79CObe6rveH.npy
JRCQ3QgIcPgjwmfZeLmA,leg,leg,39,train,3943.0,freetext,sole gloss,JRCQ3QgIcPgjwmfZeLmA.npy
R3DX2KGEMW1Pz1j7AiSs,leg,leg,85,train,2385.0,freetext,sole gloss,R3DX2KGEMW1Pz1j7AiSs.npy
aKm26Abv5gTXeiu1L2nz,leg,leg,7,val,2457.0,freetext,sole gloss,aKm26Abv5gTXeiu1L2nz.npy
dliT1pCsRhvLFTRQY479,leg,leg,39,val,2952.0,freetext,sole gloss,dliT1pCsRhvLFTRQY479.npy
iwxiUg1Uy2mEXTFAQLnn,leg,leg,88,train,1772.0,freetext,sole gloss,iwxiUg1Uy2mEXTFAQLnn.npy
qt4NnaMHcFYY10ckByzK,leg,leg,88,train,1947.0,freetext,sole gloss,qt4NnaMHcFYY10ckByzK.npy
tIAiRJ0nwpneAYfhUBvq,leg,leg,61,test,1774.0,freetext,sole gloss,tIAiRJ0nwpneAYfhUBvq.npy
xjyOEqR9obP8Al3wWpTd,leg,leg,63,train,1766.0,freetext,sole gloss,xjyOEqR9obP8Al3wWpTd.npy
19m1fKXrEA8A1xy5yo5K,light,light,57,test,761.0,freetext,sole gloss,19m1fKXrEA8A1xy5yo5K.npy
6Gvjl3CoS72tvMgU0iDZ,light,light,31,val,1397.0,freetext,sole gloss,6Gvjl3CoS72tvMgU0iDZ.npy
6cou3SOPBZaK62l1ovpb,light,light,63,val,2141.0,freetext,sole gloss,6cou3SOPBZaK62l1ovpb.npy
6vaDDxuIjqI6VxnDFlsi,light,light,7,train,2598.0,freetext,sole gloss,6vaDDxuIjqI6VxnDFlsi.npy
8WZZ9JiYSkCeESBXHJrF,light,light,48,test,1021.0,freetext,sole gloss,8WZZ9JiYSkCeESBXHJrF.npy
ApLR7Zdops2hYBI594MG,light,light,38,train,4354.0,freetext,sole gloss,ApLR7Zdops2hYBI594MG.npy
M08abKmAngxYJSlKhAor,light,light,46,train,2521.0,freetext,sole gloss,M08abKmAngxYJSlKhAor.npy
QKXdYZG3Q86BctBAjXUI,light,light,30,train,2286.0,freetext,sole gloss,QKXdYZG3Q86BctBAjXUI.npy
UT2FZLh74N99mPqkAA9l,light,light,42,train,1602.0,freetext,sole gloss,UT2FZLh74N99mPqkAA9l.npy
VVR9yqJ8oV0iRZngm2HR,light,light,60,train,1727.0,freetext,sole gloss,VVR9yqJ8oV0iRZngm2HR.npy
XhYHU3DfxXb7rDVO2Vt2,light,light,84,train,2108.0,freetext,sole gloss,XhYHU3DfxXb7rDVO2Vt2.npy
YuK8c8fB4E7kddbMNtod,light,light,57,test,3210.0,freetext,sole gloss,YuK8c8fB4E7kddbMNtod.npy
a4gRHX1SzAZjxHt8ILSI,light,light,39,train,4575.0,freetext,sole gloss,a4gRHX1SzAZjxHt8ILSI.npy
qb9TsVAp8ttKu9z6ujY7,light,light,50,test,3000.0,freetext,sole gloss,qb9TsVAp8ttKu9z6ujY7.npy
tAQYJ7RlhDVXUMDlLNH9,light,light,17,val,1252.0,freetext,sole gloss,tAQYJ7RlhDVXUMDlLNH9.npy
xuJoQQhvqFRvsGsM2p6M,light,light,54,train,1656.0,freetext,sole gloss,xuJoQQhvqFRvsGsM2p6M.npy
03w4svNdO0hNcWiveV1C,long,long,57,test,2010.0,asllex,sole gloss,03w4svNdO0hNcWiveV1C.npy
0PP0xO2ovx1Jhgodhxa7,long,long,17,train,1459.0,asllex,sole gloss,0PP0xO2ovx1Jhgodhxa7.npy
0Vh64zXkkhyyQurTjDJt,long,long,38,val,2819.0,asllex,sole gloss,0Vh64zXkkhyyQurTjDJt.npy
13AkK3JriXsWWAAS90bX,long,long,39,train,4700.0,asllex,sole gloss,13AkK3JriXsWWAAS90bX.npy
1O6XCeVHT7PC0wtgB5Qq,long,long,39,train,3409.0,asllex,sole gloss,1O6XCeVHT7PC0wtgB5Qq.npy
3Lea2fPMW105M0NMiLsI,long,long,7,train,2454.0,asllex,sole gloss,3Lea2fPMW105M0NMiLsI.npy
3nDlJVGld4qgQesh94xg,long,long,63,train,1409.0,asllex,sole gloss,3nDlJVGld4qgQesh94xg.npy
3xlZ181EyB8KBDLArtZh,long,long,35,val,1571.0,asllex,sole gloss,3xlZ181EyB8KBDLArtZh.npy
4BGzenTn7Zr8hWw9zr3c,long,long,84,train,1850.0,asllex,sole gloss,4BGzenTn7Zr8hWw9zr3c.npy
4ygKX142vdK38sKkKzeY,long,long,46,train,1599.0,asllex,sole gloss,4ygKX142vdK38sKkKzeY.npy
5Jz79WbHev7gzAxk7nJf,long,long,84,train,2315.0,asllex,sole gloss,5Jz79WbHev7gzAxk7nJf.npy
5i6idY63eXVqkEsGpQbS,long,long,46,val,2710.0,asllex,sole gloss,5i6idY63eXVqkEsGpQbS.npy
6NwY8DR1jm3h3G8E3Ps7,long,long,39,train,4118.0,asllex,sole gloss,6NwY8DR1jm3h3G8E3Ps7.npy
6hgRt1EiJ5WgZy7SSvA3,long,long,8,train,1669.0,asllex,sole gloss,6hgRt1EiJ5WgZy7SSvA3.npy
6v7ebm2iCeE4cFGMd158,long,long,7,train,2712.0,freetext,sole gloss,6v7ebm2iCeE4cFGMd158.npy
7Z8j8t43xGj8Hjlgd8pI,long,long,84,val,2172.0,asllex,sole gloss,7Z8j8t43xGj8Hjlgd8pI.npy
7lxIBrgtEe4sQh5kfjiE,long,long,57,test,1627.0,asllex,sole gloss,7lxIBrgtEe4sQh5kfjiE.npy
8n4N744iHvjeRuO0AJAe,long,long,39,train,4940.0,asllex,sole gloss,8n4N744iHvjeRuO0AJAe.npy
8o2MfM0QdpUzCz8RAsoO,long,long,84,train,1579.0,asllex,sole gloss,8o2MfM0QdpUzCz8RAsoO.npy
9FBdP6TX1582HN0rzEfk,long,long,62,train,1592.0,asllex,sole gloss,9FBdP6TX1582HN0rzEfk.npy
9PVtakcwlew962IRzN0W,long,long,7,train,2612.0,asllex,sole gloss,9PVtakcwlew962IRzN0W.npy
9m5cVpeWspvHIzBjmKaJ,long,long,38,val,2720.0,asllex,sole gloss,9m5cVpeWspvHIzBjmKaJ.npy
AZjMGxUJbwT2x7Dy4GpH,long,long,17,train,1431.0,asllex,sole gloss,AZjMGxUJbwT2x7Dy4GpH.npy
BICYqj06ZQ8hWfx91sOw,long,long,49,train,1418.0,asllex,sole gloss,BICYqj06ZQ8hWfx91sOw.npy
BldH34k34PWDWfYhPHQ1,long,long,60,train,1411.0,asllex,sole gloss,BldH34k34PWDWfYhPHQ1.npy
Cx9XxTz7zx7PRq6UTJQR,long,long,48,test,2445.0,asllex,sole gloss,Cx9XxTz7zx7PRq6UTJQR.npy
Dxr4T4GzGlJnrezhojPw,long,long,48,test,1169.0,asllex,sole gloss,Dxr4T4GzGlJnrezhojPw.npy
EBUPDPCbhRrU33iBea57,long,long,84,train,2092.0,asllex,sole gloss,EBUPDPCbhRrU33iBea57.npy
EoqVnx5j0H1HK5xXelhQ,long,long,88,train,3827.0,asllex,sole gloss,EoqVnx5j0H1HK5xXelhQ.npy
EzaMoQA2ChRIKMMhjE2A,long,long,17,train,1982.0,asllex,sole gloss,EzaMoQA2ChRIKMMhjE2A.npy
FKYQwXFG1iWIF0mlu017,long,long,12,train,4233.0,asllex,sole gloss,FKYQwXFG1iWIF0mlu017.npy
GFdRagQ9CR6liBtNO4on,long,long,38,train,2748.0,asllex,sole gloss,GFdRagQ9CR6liBtNO4on.npy
GJlj8V0Roa7k7MM4JWcR,long,long,48,test,2436.0,asllex,sole gloss,GJlj8V0Roa7k7MM4JWcR.npy
GhSrptaJfX1iQN85UOGx,long,long,46,train,1995.0,asllex,sole gloss,GhSrptaJfX1iQN85UOGx.npy
HVmxv6IWZXPsAfyG0J2j,long,long,84,train,1712.0,asllex,sole gloss,HVmxv6IWZXPsAfyG0J2j.npy
JER3S1IlrC7Dxw0lPIco,long,long,39,train,2460.0,asllex,sole gloss,JER3S1IlrC7Dxw0lPIco.npy
JvFVOrXt4ldyAXHQQcjn,long,long,84,val,1846.0,asllex,sole gloss,JvFVOrXt4ldyAXHQQcjn.npy
KLfF2XWx0ncEdytiZJmX,long,long,84,train,2607.0,asllex,sole gloss,KLfF2XWx0ncEdytiZJmX.npy
KOR8jNh1hw3nYxXqDyd8,long,long,39,val,2547.0,asllex,sole gloss,KOR8jNh1hw3nYxXqDyd8.npy
KcCZrlfqc92kNYARnP7z,long,long,57,test,2755.0,asllex,sole gloss,KcCZrlfqc92kNYARnP7z.npy
KirTHJrZsPJSB4uUsWZZ,long,long,31,val,1995.0,freetext,sole gloss,KirTHJrZsPJSB4uUsWZZ.npy
LpO9Qw4pI4LFaauTR2HB,long,long,84,train,2065.0,asllex,sole gloss,LpO9Qw4pI4LFaauTR2HB.npy
MMht5pNFGmQWoA6c9OGW,long,long,61,test,2067.0,asllex,sole gloss,MMht5pNFGmQWoA6c9OGW.npy
MXOQdc6ARcwuEejOi2Ws,long,long,43,val,3917.0,asllex,sole gloss,MXOQdc6ARcwuEejOi2Ws.npy
MoC2ds2lZwMj5Nzdd4yD,long,long,38,train,2258.0,asllex,sole gloss,MoC2ds2lZwMj5Nzdd4yD.npy
MpOFca77LqpibOzKxlSQ,long,long,84,val,1915.0,asllex,sole gloss,MpOFca77LqpibOzKxlSQ.npy
N8jrkxpWDO5PJKzA6kSL,long,long,61,test,1568.0,asllex,sole gloss,N8jrkxpWDO5PJKzA6kSL.npy
OLYzlSqGY86DnYhn1Afz,long,long,12,val,4002.0,asllex,sole gloss,OLYzlSqGY86DnYhn1Afz.npy
OObTAayoFw5T338Y8O5i,long,long,54,train,1751.0,asllex,sole gloss,OObTAayoFw5T338Y8O5i.npy
OjPZkgGuWMYnUzSpc8nT,long,long,62,train,1376.0,asllex,sole gloss,OjPZkgGuWMYnUzSpc8nT.npy
OoSsacQM6Hyg6A1J5Vhi,long,long,64,test,1955.0,asllex,sole gloss,OoSsacQM6Hyg6A1J5Vhi.npy
PeZWQQnufKGW2gIIe1Q0,long,long,39,train,2873.0,asllex,sole gloss,PeZWQQnufKGW2gIIe1Q0.npy
PqOpdGYXRzxQNrJTGwHw,long,long,57,test,1368.0,asllex,sole gloss,PqOpdGYXRzxQNrJTGwHw.npy
QMCRTPnrTZB4uoSWDKRK,long,long,46,train,4316.0,asllex,sole gloss,QMCRTPnrTZB4uoSWDKRK.npy
RDh3WQaS6QAc48QeDYdk,long,long,59,val,2511.0,asllex,sole gloss,RDh3WQaS6QAc48QeDYdk.npy
RHWNlOnxQDD8OIX4896i,long,long,12,train,2185.0,asllex,sole gloss,RHWNlOnxQDD8OIX4896i.npy
RZ9tVSJ3AIG2GzSzmfYW,long,long,35,train,1630.0,asllex,sole gloss,RZ9tVSJ3AIG2GzSzmfYW.npy
RyioFijvUBqKsj4gGKQI,long,long,76,train,5866.0,freetext,sole gloss,RyioFijvUBqKsj4gGKQI.npy
SPBSEBQ3dMVDzCOwtSSz,long,long,38,train,3048.0,asllex,sole gloss,SPBSEBQ3dMVDzCOwtSSz.npy
SUxGlUPtu4W9mdicTLAV,long,long,38,val,2301.0,asllex,sole gloss,SUxGlUPtu4W9mdicTLAV.npy
SphnXpSONjD3zVyD6h4g,long,long,57,test,1544.0,asllex,sole gloss,SphnXpSONjD3zVyD6h4g.npy
TMXKwmtKJihcSe97LMKB,long,long,57,test,4749.0,asllex,sole gloss,TMXKwmtKJihcSe97LMKB.npy
TwbWPRLfZnqAYTWdDO32,long,long,84,train,1241.0,asllex,sole gloss,TwbWPRLfZnqAYTWdDO32.npy
U7uBPvM2FuWsYSq1kfhh,long,long,85,train,2998.0,asllex,sole gloss,U7uBPvM2FuWsYSq1kfhh.npy
UbiMnCOrMVqmX5XnmK0m,long,long,84,val,2010.0,asllex,sole gloss,UbiMnCOrMVqmX5XnmK0m.npy
UmPPTtTceu6ueDO1GtUG,long,long,46,train,2836.0,asllex,sole gloss,UmPPTtTceu6ueDO1GtUG.npy
V86ZdDH5m0f5kLl5R8Ni,long,long,61,test,2257.0,asllex,sole gloss,V86ZdDH5m0f5kLl5R8Ni.npy
VZdBAxzUhREd4vd51B5r,long,long,48,test,1182.0,freetext,sole gloss,VZdBAxzUhREd4vd51B5r.npy
WBLH1EiJU6eHx0tTfZzX,long,long,61,test,3770.0,asllex,sole gloss,WBLH1EiJU6eHx0tTfZzX.npy
WFClPX5miEJJNmAhTVN7,long,long,84,train,1575.0,asllex,sole gloss,WFClPX5miEJJNmAhTVN7.npy
WRpB51e5SxdefPXGX9S0,long,long,17,train,2054.0,asllex,sole gloss,WRpB51e5SxdefPXGX9S0.npy
WZ7DBTMDCvHofcXQr34d,long,long,76,train,3125.0,asllex,sole gloss,WZ7DBTMDCvHofcXQr34d.npy
XAnLE7L1SpYPz0ufNDVf,long,long,84,train,1644.0,asllex,sole gloss,XAnLE7L1SpYPz0ufNDVf.npy
Z3Z75NV8LF5jBwyG0FJ9,long,long,57,test,1998.0,asllex,sole gloss,Z3Z75NV8LF5jBwyG0FJ9.npy
Z5CpVez2ujunp3Qy3DRp,long,long,84,train,1510.0,asllex,sole gloss,Z5CpVez2ujunp3Qy3DRp.npy
ZRdWVV0zyj5c9YZzDYeH,long,long,61,test,1127.0,asllex,sole gloss,ZRdWVV0zyj5c9YZzDYeH.npy
ZYxg4QS8aTHObIXoeOH6,long,long,61,test,2908.0,asllex,sole gloss,ZYxg4QS8aTHObIXoeOH6.npy
ZrAgwvvhI3QShMyowmTV,long,long,39,train,3921.0,freetext,sole gloss,ZrAgwvvhI3QShMyowmTV.npy
bRfXe6rTiPVPvNcf1ODF,long,long,59,val,2405.0,asllex,sole gloss,bRfXe6rTiPVPvNcf1ODF.npy
bgWcxTvhQ56EzoeZzaEU,long,long,43,train,4342.0,freetext,sole gloss,bgWcxTvhQ56EzoeZzaEU.npy
c9ompZ5MfqlG2aTEtCwv,long,long,17,train,1264.0,asllex,sole gloss,c9ompZ5MfqlG2aTEtCwv.npy
d4jUUPUqdElHDqUOcc11,long,long,17,val,1902.0,asllex,sole gloss,d4jUUPUqdElHDqUOcc11.npy
dNiva3LAtRLj89DN8o0Q,long,long,39,train,3217.0,asllex,sole gloss,dNiva3LAtRLj89DN8o0Q.npy
eXE16kZIcuhX7N6zaDSu,long,long,84,train,2065.0,asllex,sole gloss,eXE16kZIcuhX7N6zaDSu.npy
fmz0LjwLp8PeEVpIkmbw,long,long,84,train,1278.0,asllex,sole gloss,fmz0LjwLp8PeEVpIkmbw.npy
gc3uBLw26gLhTgbLmqip,long,long,57,test,1041.0,asllex,sole gloss,gc3uBLw26gLhTgbLmqip.npy
gsJueN5id5KJaKrq3ygC,long,long,48,test,1413.0,asllex,sole gloss,gsJueN5id5KJaKrq3ygC.npy
iytLZmAMlnYcDkVviRWg,long,long,48,test,1367.0,asllex,sole gloss,iytLZmAMlnYcDkVviRWg.npy
kBRVRSWrr3SikqekKOZp,long,long,49,train,1086.0,asllex,sole gloss,kBRVRSWrr3SikqekKOZp.npy
khI2NSAvfuZ1zg6rkMIM,long,long,52,train,4557.0,asllex,sole gloss,khI2NSAvfuZ1zg6rkMIM.npy
lDvrd5GIXS1QyUVPRzIH,long,long,48,test,1367.0,asllex,sole gloss,lDvrd5GIXS1QyUVPRzIH.npy
lgJWRkEJ4cx53HqvpBaE,long,long,49,train,1502.0,asllex,sole gloss,lgJWRkEJ4cx53HqvpBaE.npy
lpgp7bdq6OYNfYJ3kft1,long,long,48,test,2422.0,asllex,sole gloss,lpgp7bdq6OYNfYJ3kft1.npy
mo2Gm7NsgCVfSXsEgmJe,long,long,39,train,3603.0,asllex,sole gloss,mo2Gm7NsgCVfSXsEgmJe.npy
nMLOORVf9Rt1vGjnF6eV,long,long,46,train,2979.0,asllex,sole gloss,nMLOORVf9Rt1vGjnF6eV.npy
ngTlweea0Sido2hb81Zk,long,long,84,train,2282.0,asllex,sole gloss,ngTlweea0Sido2hb81Zk.npy
oP7hL337arIwGI6vJPou,long,long,63,train,1436.0,asllex,sole gloss,oP7hL337arIwGI6vJPou.npy
oqTGEjtH93CvpxgUUnGm,long,long,57,test,1360.0,asllex,sole gloss,oqTGEjtH93CvpxgUUnGm.npy
oxdla9ome68XqwjijwKA,long,long,84,val,1474.0,asllex,sole gloss,oxdla9ome68XqwjijwKA.npy
qINLYyoB5qh1VbHGFh8C,long,long,84,val,1913.0,asllex,sole gloss,qINLYyoB5qh1VbHGFh8C.npy
qZ4wkg97QPmiQOJ0J2Wm,long,long,84,train,1696.0,asllex,sole gloss,qZ4wkg97QPmiQOJ0J2Wm.npy
sXbEUOqWjIaqnipY6hpz,long,long,14,train,4933.0,asllex,sole gloss,sXbEUOqWjIaqnipY6hpz.npy
syvpdoPhStUPovuzTPPZ,long,long,52,val,4438.0,asllex,sole gloss,syvpdoPhStUPovuzTPPZ.npy
tNDlMTa6pCGgd5IgmrKx,long,long,39,val,4010.0,asllex,sole gloss,tNDlMTa6pCGgd5IgmrKx.npy
v9MGjVDgEAyj2xcMRauQ,long,long,17,train,1453.0,asllex,sole gloss,v9MGjVDgEAyj2xcMRauQ.npy
xXEWLfN9Oa4ITxiuitps,long,long,46,train,3312.0,asllex,sole gloss,xXEWLfN9Oa4ITxiuitps.npy
zUAM16Q8qnKpizjQGRXb,long,long,49,val,1333.0,asllex,sole gloss,zUAM16Q8qnKpizjQGRXb.npy
0j9BJyvdUhacBaiczjQv,look,look,60,train,1950.0,freetext,sole gloss,0j9BJyvdUhacBaiczjQv.npy
3KokwVmNoCC0FJg9R6Dq,look,look,62,val,1555.0,freetext,sole gloss,3KokwVmNoCC0FJg9R6Dq.npy
3df80iL4fK8GuQRfZXHA,look,look,80,train,2265.0,freetext,sole gloss,3df80iL4fK8GuQRfZXHA.npy
4QQPrKJWEa6ZAkcprJgC,look,look,46,train,4860.0,freetext,sole gloss,4QQPrKJWEa6ZAkcprJgC.npy
6RzvHlLJdASjw7rqadQz,look,look,84,val,1602.0,freetext,sole gloss,6RzvHlLJdASjw7rqadQz.npy
GKEoFTgd90sGVOo7KhUo,look,look,57,test,2365.0,freetext,sole gloss,GKEoFTgd90sGVOo7KhUo.npy
Go1SuBga7sdttrwQWhoR,look,look,42,train,2262.0,freetext,sole gloss,Go1SuBga7sdttrwQWhoR.npy
IZGSAyMXDE3wEvdAPuTo,look,look,49,train,1453.0,freetext,sole gloss,IZGSAyMXDE3wEvdAPuTo.npy
J8Eu1I2cj4fAAq7XnV7D,look,look,57,test,1814.0,freetext,sole gloss,J8Eu1I2cj4fAAq7XnV7D.npy
JyuURR2jWYRwlSZmHBwW,look,look,35,train,1470.0,freetext,sole gloss,JyuURR2jWYRwlSZmHBwW.npy
NGbg5JFapWVfm7HzaTRo,look,look,48,test,2259.0,freetext,sole gloss,NGbg5JFapWVfm7HzaTRo.npy
OGeXlQ0p1KIBQKvLeq8U,look,look,78,train,1835.0,freetext,sole gloss,OGeXlQ0p1KIBQKvLeq8U.npy
RfJq6ClDnZy8ZuAz4Xlq,look,look,42,train,1794.0,freetext,sole gloss,RfJq6ClDnZy8ZuAz4Xlq.npy
Tm6wyyN37iA0VJhHDcES,look,look,80,train,1869.0,freetext,sole gloss,Tm6wyyN37iA0VJhHDcES.npy
WXqCv0Ea1RA4945Rg9DG,look,look,57,test,1410.0,freetext,sole gloss,WXqCv0Ea1RA4945Rg9DG.npy
arcXNgKILC8BIBvMQgmA,look,look,64,test,2330.0,freetext,sole gloss,arcXNgKILC8BIBvMQgmA.npy
eHtY7iyR0OJLuoVgEdQS,look,look,57,test,1780.0,freetext,sole gloss,eHtY7iyR0OJLuoVgEdQS.npy
fhbu2TNghchh3EwPGIC8,look,look,36,test,2648.0,freetext,sole gloss,fhbu2TNghchh3EwPGIC8.npy
gIpiFEMcmJwkBJFMo70X,look,look,78,val,2170.0,freetext,sole gloss,gIpiFEMcmJwkBJFMo70X.npy
tH1QdauUH0JYzbqQhgpQ,look,look,57,test,1448.0,freetext,sole gloss,tH1QdauUH0JYzbqQhgpQ.npy
u88XoknQJ0kzfOIAKaaW,look,look,64,test,1979.0,freetext,sole gloss,u88XoknQJ0kzfOIAKaaW.npy
v3ta40NDB7fYnTNZ6zc7,look,look,31,val,2019.0,freetext,sole gloss,v3ta40NDB7fYnTNZ6zc7.npy
zhSmbN9lBkQO4zxpLRsH,look,look,42,train,2249.0,freetext,sole gloss,zhSmbN9lBkQO4zxpLRsH.npy
3qRnGJGixho2ZriMx0p8,lungs,lungs,84,val,1568.0,asllex,sole gloss,3qRnGJGixho2ZriMx0p8.npy
7fyk56KT2bRu628DuKcX,lungs,lungs,53,test,1605.0,asllex,sole gloss,7fyk56KT2bRu628DuKcX.npy
Rh59KYC3jiWvSdtmdsNT,lungs,lungs,49,train,2574.0,asllex,sole gloss,Rh59KYC3jiWvSdtmdsNT.npy
S55nUtKsYvMHRjgzxJ0d,lungs,lungs,64,test,2100.0,asllex,sole gloss,S55nUtKsYvMHRjgzxJ0d.npy
bNXYjJW37hYTWK4NG7Cl,lungs,lungs,49,train,1617.0,freetext,sole gloss,bNXYjJW37hYTWK4NG7Cl.npy
duzDIUx8c8j6XY9IrSaE,lungs,lungs,49,train,1878.0,asllex,sole gloss,duzDIUx8c8j6XY9IrSaE.npy
ePWJwcjc8aKUZNDvzr1W,lungs,lungs,11,train,2123.0,asllex,sole gloss,ePWJwcjc8aKUZNDvzr1W.npy
eUk56jZuikVEowmeTC3p,lungs,lungs,31,val,1636.0,asllex,sole gloss,eUk56jZuikVEowmeTC3p.npy
i3k9M0OfX2d2WsvFPObM,lungs,lungs,39,train,2366.0,asllex,sole gloss,i3k9M0OfX2d2WsvFPObM.npy
nGtQOW9dUnD1ZM1MlynI,lungs,lungs,80,val,2735.0,freetext,sole gloss,nGtQOW9dUnD1ZM1MlynI.npy
rQ6ZhSfIAYu6I6SgLbPV,lungs,lungs,11,train,2210.0,asllex,sole gloss,rQ6ZhSfIAYu6I6SgLbPV.npy
ynmuJX3s9c4lkrjDlgIA,lungs,lungs,17,train,2626.0,asllex,sole gloss,ynmuJX3s9c4lkrjDlgIA.npy
zBTeAoAeOhukYqQ6HLgp,lungs,lungs,30,train,1803.0,asllex,sole gloss,zBTeAoAeOhukYqQ6HLgp.npy
0L7rIAfrg2drPXHeSgUC,man,man,7,train,2611.0,asllex,sole gloss,0L7rIAfrg2drPXHeSgUC.npy
0hBxvxko6WRLyXC787pE,man,man,61,test,991.0,asllex,sole gloss,0hBxvxko6WRLyXC787pE.npy
0lAiNKXKmgGeSJ8pjLtt,man,man,7,train,2287.0,asllex,sole gloss,0lAiNKXKmgGeSJ8pjLtt.npy
19dZGigDdAwT5NNmBBjH,man,man,14,val,2087.0,asllex,sole gloss,19dZGigDdAwT5NNmBBjH.npy
3VyHWVazAHnxspuph1yZ,man,man,48,test,1170.0,asllex,sole gloss,3VyHWVazAHnxspuph1yZ.npy
4G3UhSJ8CukDEIxP7PGK,man,man,43,train,2442.0,asllex,sole gloss,4G3UhSJ8CukDEIxP7PGK.npy
4ooqvCpej4IYakaawsuE,man,man,49,val,2245.0,asllex,sole gloss,4ooqvCpej4IYakaawsuE.npy
8p815wsys8BULhZ7JuOQ,man,man,61,test,1232.0,asllex,sole gloss,8p815wsys8BULhZ7JuOQ.npy
9r7dtvnl8pCR712R0jwT,man,man,17,val,1549.0,asllex,sole gloss,9r7dtvnl8pCR712R0jwT.npy
9uaZ45TIkZEWNqSI5JvJ,man,man,23,train,1775.0,asllex,sole gloss,9uaZ45TIkZEWNqSI5JvJ.npy
9xzGybclmqtYp6EfT20K,man,man,35,train,2158.0,asllex,sole gloss,9xzGybclmqtYp6EfT20K.npy
Af5jpjhHqZ7cSCj7w1hq,man,man,48,test,1393.0,asllex,sole gloss,Af5jpjhHqZ7cSCj7w1hq.npy
BpphEZ22D6M67KweohQk,man,man,49,val,1409.0,asllex,sole gloss,BpphEZ22D6M67KweohQk.npy
DHIarwcVu1bAnH6Xltz6,man,man,14,val,2201.0,asllex,sole gloss,DHIarwcVu1bAnH6Xltz6.npy
DiGFCMJs2JfzP33RhUL8,man,man,46,train,2776.0,asllex,sole gloss,DiGFCMJs2JfzP33RhUL8.npy
E1gNmmR9Q2CckdQMIizb,man,man,7,train,2207.0,asllex,sole gloss,E1gNmmR9Q2CckdQMIizb.npy
E8vMdopffNu7DwLJdUx3,man,man,11,val,2368.0,asllex,sole gloss,E8vMdopffNu7DwLJdUx3.npy
EWyA1AVzKY1A7M3vcrmg,man,man,49,train,961.0,asllex,sole gloss,EWyA1AVzKY1A7M3vcrmg.npy
EuiiT40GbAfRU4nf03Cl,man,man,57,test,1391.0,asllex,sole gloss,EuiiT40GbAfRU4nf03Cl.npy
FgzAViCds93T3xQo6L7V,man,man,17,train,1804.0,asllex,sole gloss,FgzAViCds93T3xQo6L7V.npy
FzwMVba4xMgFiaHXzgXD,man,man,50,test,1945.0,asllex,sole gloss,FzwMVba4xMgFiaHXzgXD.npy
HjGe3KkPr86InLKkEnNE,man,man,17,train,1796.0,asllex,sole gloss,HjGe3KkPr86InLKkEnNE.npy
I0Sk9pVfRhxLQ2rqgFzF,man,man,49,train,1744.0,asllex,sole gloss,I0Sk9pVfRhxLQ2rqgFzF.npy
I3YET5V7YmjCU2EzS9ft,man,man,42,train,1561.0,freetext,sole gloss,I3YET5V7YmjCU2EzS9ft.npy
IyuV1PPv8d0mzVxwwBl3,man,man,50,test,3108.0,asllex,sole gloss,IyuV1PPv8d0mzVxwwBl3.npy
KEyayWYeYu9Iugd65lx2,man,man,49,val,1139.0,asllex,sole gloss,KEyayWYeYu9Iugd65lx2.npy
KgUswhOUecf3xqLHYpcl,man,man,49,train,1764.0,asllex,sole gloss,KgUswhOUecf3xqLHYpcl.npy
LRQqlGmsPt2q8KLAA3xI,man,man,46,train,2823.0,asllex,sole gloss,LRQqlGmsPt2q8KLAA3xI.npy
LnQgiHX3U6AZwNUtZOjt,man,man,7,val,2459.0,asllex,sole gloss,LnQgiHX3U6AZwNUtZOjt.npy
LvAhnyNee4fcMqSnB0yQ,man,man,17,train,1252.0,asllex,sole gloss,LvAhnyNee4fcMqSnB0yQ.npy
N913XnfFMyshdz1Ndg8D,man,man,7,train,2701.0,asllex,sole gloss,N913XnfFMyshdz1Ndg8D.npy
O9zJ5aTVlYLQ6BKGLFfX,man,man,30,val,1678.0,asllex,sole gloss,O9zJ5aTVlYLQ6BKGLFfX.npy
QUejO2HLgdobYereudiR,man,man,17,train,980.0,asllex,sole gloss,QUejO2HLgdobYereudiR.npy
Rc4SaJBtcapXLmmUwPg7,man,man,48,test,1383.0,asllex,sole gloss,Rc4SaJBtcapXLmmUwPg7.npy
SUzElwqRsg2WtmGupfvV,man,man,62,val,1268.0,asllex,sole gloss,SUzElwqRsg2WtmGupfvV.npy
T7hUYJokdLj1AsuzgJXO,man,man,23,train,1614.0,asllex,sole gloss,T7hUYJokdLj1AsuzgJXO.npy
TEG4Ac0huk6INsotopbj,man,man,42,train,1870.0,asllex,sole gloss,TEG4Ac0huk6INsotopbj.npy
TOIXEA8KNihU8J2CUyai,man,man,31,train,2357.0,asllex,sole gloss,TOIXEA8KNihU8J2CUyai.npy
TSChElD897xKDQeLcnxc,man,man,42,train,2109.0,asllex,sole gloss,TSChElD897xKDQeLcnxc.npy
USgIMl5eaJkLxwR6tJcc,man,man,50,test,2036.0,asllex,sole gloss,USgIMl5eaJkLxwR6tJcc.npy
VoAnF9mqEx97bkesmonL,man,man,42,train,1449.0,asllex,sole gloss,VoAnF9mqEx97bkesmonL.npy
WSjhfNivrIz5jQQUSLIi,man,man,84,train,1094.0,asllex,sole gloss,WSjhfNivrIz5jQQUSLIi.npy
WfY2RLl2P6mxnab0ya1M,man,man,84,train,2043.0,asllex,sole gloss,WfY2RLl2P6mxnab0ya1M.npy
ZERZMPn4zXJwP9UoGBkR,man,man,7,train,1983.0,asllex,sole gloss,ZERZMPn4zXJwP9UoGBkR.npy
anmp5uuQLKdWDxkEhhqW,man,man,7,val,3274.0,asllex,sole gloss,anmp5uuQLKdWDxkEhhqW.npy
awrZqp1edfjm847EukRY,man,man,85,train,2219.0,asllex,sole gloss,awrZqp1edfjm847EukRY.npy
bPszC8GVsUFe6SOujxKa,man,man,60,val,1258.0,asllex,sole gloss,bPszC8GVsUFe6SOujxKa.npy
cFgZ3EIdBsjFcbfqGGlK,man,man,7,train,2363.0,asllex,sole gloss,cFgZ3EIdBsjFcbfqGGlK.npy
cNgtWpsZF6jJSKGlrPHg,man,man,36,test,2528.0,asllex,sole gloss,cNgtWpsZF6jJSKGlrPHg.npy
cmy1z0YRJtfihdQCy5wk,man,man,31,train,1863.0,asllex,sole gloss,cmy1z0YRJtfihdQCy5wk.npy
d7s0mZmwixzRdeOAU32w,man,man,64,test,1663.0,asllex,sole gloss,d7s0mZmwixzRdeOAU32w.npy
f9TvSZrmJBGbzsEgUbOq,man,man,49,train,1101.0,asllex,sole gloss,f9TvSZrmJBGbzsEgUbOq.npy
gTelZrEmvCcrYZLfGDeU,man,man,61,test,1359.0,asllex,sole gloss,gTelZrEmvCcrYZLfGDeU.npy
gbJf5I8d9M9LZAbyF1ls,man,man,61,test,1107.0,asllex,sole gloss,gbJf5I8d9M9LZAbyF1ls.npy
hAHVoYGiuj1K0KSaoyQc,man,man,59,train,2356.0,asllex,sole gloss,hAHVoYGiuj1K0KSaoyQc.npy
hwHUSrWLAoLEL7Gdjy9g,man,man,38,train,2615.0,asllex,sole gloss,hwHUSrWLAoLEL7Gdjy9g.npy
iArElxNaJmMwhuBDnNuQ,man,man,42,val,2784.0,asllex,sole gloss,iArElxNaJmMwhuBDnNuQ.npy
iv8cm094e6f0A9uodzIz,man,man,7,train,2511.0,asllex,sole gloss,iv8cm094e6f0A9uodzIz.npy
ixGe9nK3eLXF8o8YqMzw,man,man,11,train,1523.0,asllex,sole gloss,ixGe9nK3eLXF8o8YqMzw.npy
jl7137hxK4k7Kx4WnHcx,man,man,62,train,1642.0,asllex,sole gloss,jl7137hxK4k7Kx4WnHcx.npy
jlb5yFe1g9M3gG8SXbnV,man,man,85,train,2715.0,asllex,sole gloss,jlb5yFe1g9M3gG8SXbnV.npy
js90KVhiNmiRItUTyEXC,man,man,84,train,1233.0,asllex,sole gloss,js90KVhiNmiRItUTyEXC.npy
l1FPwnkKxAFKzIG4gL6G,man,man,88,val,3132.0,asllex,sole gloss,l1FPwnkKxAFKzIG4gL6G.npy
lElzocWlovx4CERt28BZ,man,man,62,train,1505.0,asllex,sole gloss,lElzocWlovx4CERt28BZ.npy
lIlVUpNxIfLbXwJegzHW,man,man,49,train,917.0,asllex,sole gloss,lIlVUpNxIfLbXwJegzHW.npy
llkgdRGj4YM4tiI8BjyI,man,man,14,train,3251.0,asllex,sole gloss,llkgdRGj4YM4tiI8BjyI.npy
m1TsuFLwA3vS16HGXtpE,man,man,50,test,2439.0,asllex,sole gloss,m1TsuFLwA3vS16HGXtpE.npy
m6ONyqzkc0GYewNZNknv,man,man,62,train,1256.0,asllex,sole gloss,m6ONyqzkc0GYewNZNknv.npy
ngOe5kE0Mp1EisNUEFzy,man,man,39,val,2914.0,freetext,sole gloss,ngOe5kE0Mp1EisNUEFzy.npy
nwQpulxjp3Ui3BTURJdY,man,man,84,val,1234.0,asllex,sole gloss,nwQpulxjp3Ui3BTURJdY.npy
nxMxIcEYLVa9AT0lPI5w,man,man,7,train,2176.0,asllex,sole gloss,nxMxIcEYLVa9AT0lPI5w.npy
pY0FfKhUdEoMkWP4KuA8,man,man,7,train,2229.0,asllex,sole gloss,pY0FfKhUdEoMkWP4KuA8.npy
q5dVnkExVwOrNskyodVW,man,man,49,val,1416.0,asllex,sole gloss,q5dVnkExVwOrNskyodVW.npy
qJzjjHnKKph4jefPANxJ,man,man,42,train,1267.0,asllex,sole gloss,qJzjjHnKKph4jefPANxJ.npy
qvhd6CCGwoRNLJaIB2kv,man,man,53,test,2160.0,asllex,sole gloss,qvhd6CCGwoRNLJaIB2kv.npy
rFTrapvdlxlH2soE94op,man,man,84,train,1130.0,asllex,sole gloss,rFTrapvdlxlH2soE94op.npy
s9NQAk3gt2MNDEZGTb1W,man,man,88,train,4323.0,asllex,sole gloss,s9NQAk3gt2MNDEZGTb1W.npy
sLrskqZecPRnWTbjbySi,man,man,7,train,2218.0,asllex,sole gloss,sLrskqZecPRnWTbjbySi.npy
sR8hYIYkvfWwDg0c6CUU,man,man,57,test,2619.0,asllex,sole gloss,sR8hYIYkvfWwDg0c6CUU.npy
sUKKc4MXHsxo5vbWvO59,man,man,49,train,985.0,asllex,sole gloss,sUKKc4MXHsxo5vbWvO59.npy
sjK5RVyM7fASnhI4Chsz,man,man,7,val,2409.0,asllex,sole gloss,sjK5RVyM7fASnhI4Chsz.npy
tQmRsz4BNWsRIKikqGN6,man,man,84,val,1255.0,asllex,sole gloss,tQmRsz4BNWsRIKikqGN6.npy
utDDLqOng0P5ZCGwDxxA,man,man,35,train,1336.0,asllex,sole gloss,utDDLqOng0P5ZCGwDxxA.npy
uvfomhPSIkIGQQlVZRCX,man,man,61,test,1802.0,asllex,sole gloss,uvfomhPSIkIGQQlVZRCX.npy
vEqE05oGUtcVDoOk3qVW,man,man,76,val,5137.0,asllex,sole gloss,vEqE05oGUtcVDoOk3qVW.npy
vJ8J1a3U1rRKzp0lXXV6,man,man,17,train,1171.0,asllex,sole gloss,vJ8J1a3U1rRKzp0lXXV6.npy
vPuL7N9infEtTFVpu2wF,man,man,48,test,1650.0,asllex,sole gloss,vPuL7N9infEtTFVpu2wF.npy
w4hoZh1o3A70Qx5kGiT3,man,man,12,train,2008.0,asllex,sole gloss,w4hoZh1o3A70Qx5kGiT3.npy
wfdkd9K9jcWxzbRy8fS2,man,man,7,train,2486.0,asllex,sole gloss,wfdkd9K9jcWxzbRy8fS2.npy
wiWdfNXxQduNYjcxJ8R3,man,man,7,train,2330.0,asllex,sole gloss,wiWdfNXxQduNYjcxJ8R3.npy
y4dNJDlaQbcZK73FMU7z,man,man,84,train,1797.0,asllex,sole gloss,y4dNJDlaQbcZK73FMU7z.npy
yyT4rwleQH6S2fwCWULV,man,man,62,train,1132.0,asllex,sole gloss,yyT4rwleQH6S2fwCWULV.npy
zeqMZNx7LSlpoQlDytjT,man,man,49,train,1374.0,asllex,sole gloss,zeqMZNx7LSlpoQlDytjT.npy
zpQpMGPO53iuVHrtxBgd,man,man,62,train,1347.0,asllex,sole gloss,zpQpMGPO53iuVHrtxBgd.npy
3MC8YOtMExrLNPdckmQm,maybe,maybe,42,train,1578.0,freetext,sole gloss,3MC8YOtMExrLNPdckmQm.npy
4W3o6xA8WuBlWBrRSEeW,maybe,maybe,84,train,1785.0,asllex,sole gloss,4W3o6xA8WuBlWBrRSEeW.npy
6n4b8wzZeITiH9V5NMRp,maybe,maybe,35,train,1503.0,asllex,sole gloss,6n4b8wzZeITiH9V5NMRp.npy
7khLmEnLiCyc2RusY7jh,maybe,maybe,64,test,1618.0,asllex,sole gloss,7khLmEnLiCyc2RusY7jh.npy
7mYDREgC97I0bT5GMdAk,maybe,maybe,7,train,2792.0,asllex,sole gloss,7mYDREgC97I0bT5GMdAk.npy
8pCNFpt0ReaGKwpxDAIp,maybe,maybe,7,train,2638.0,asllex,sole gloss,8pCNFpt0ReaGKwpxDAIp.npy
A76DeRWdE4sWzxTZCFux,maybe,maybe,35,val,2340.0,asllex,sole gloss,A76DeRWdE4sWzxTZCFux.npy
A7TTdVfyKvAQJ7Gka1o2,maybe,maybe,7,train,2977.0,asllex,sole gloss,A7TTdVfyKvAQJ7Gka1o2.npy
BF5gUsl7Km3vldDlrQrC,maybe,maybe,39,train,2537.0,asllex,sole gloss,BF5gUsl7Km3vldDlrQrC.npy
CYIMzU64s3apQVNuQy4a,maybe,maybe,49,train,1477.0,asllex,sole gloss,CYIMzU64s3apQVNuQy4a.npy
EajobYUc3CefYBYbLpQD,maybe,maybe,57,test,1893.0,asllex,sole gloss,EajobYUc3CefYBYbLpQD.npy
GAayJ6F5nGy83uKmo4gT,maybe,maybe,80,train,3363.0,asllex,sole gloss,GAayJ6F5nGy83uKmo4gT.npy
GkqElkrywKiceYgvTOy4,maybe,maybe,84,val,2363.0,asllex,sole gloss,GkqElkrywKiceYgvTOy4.npy
KfDKHi8Y3AVni2HEF8CB,maybe,maybe,8,val,1422.0,asllex,sole gloss,KfDKHi8Y3AVni2HEF8CB.npy
LsFNzaxYTNoLdqaaIc6W,maybe,maybe,57,test,1421.0,asllex,sole gloss,LsFNzaxYTNoLdqaaIc6W.npy
SNwgbwNAbv3tlWrcSVPc,maybe,maybe,84,train,1794.0,asllex,sole gloss,SNwgbwNAbv3tlWrcSVPc.npy
TCF0hzjFmpNMmVjljivT,maybe,maybe,52,train,5623.0,asllex,sole gloss,TCF0hzjFmpNMmVjljivT.npy
VKytXXB1F0NQ4dDLRtXU,maybe,maybe,38,train,2872.0,asllex,sole gloss,VKytXXB1F0NQ4dDLRtXU.npy
XeQs0girlGP902jzRqPz,maybe,maybe,42,val,1505.0,freetext,sole gloss,XeQs0girlGP902jzRqPz.npy
XlkKc6GujmAfVbsqTB7s,maybe,maybe,36,test,2536.0,asllex,sole gloss,XlkKc6GujmAfVbsqTB7s.npy
aQq8GJkm5sL6fL3kBdzv,maybe,maybe,39,train,2985.0,asllex,sole gloss,aQq8GJkm5sL6fL3kBdzv.npy
bhUuSVqYDS41JtWth5l3,maybe,maybe,84,train,1925.0,asllex,sole gloss,bhUuSVqYDS41JtWth5l3.npy
dPSLyX7ObokHOKI8q6Uq,maybe,maybe,7,train,2533.0,asllex,sole gloss,dPSLyX7ObokHOKI8q6Uq.npy
eFvHa8j2yo4p83rAZSLM,maybe,maybe,11,train,1624.0,asllex,sole gloss,eFvHa8j2yo4p83rAZSLM.npy
emPCFXn5KjvHa92Z6lUI,maybe,maybe,85,val,2938.0,asllex,sole gloss,emPCFXn5KjvHa92Z6lUI.npy
gL1fGRFsEfam007oFhNy,maybe,maybe,38,train,3585.0,asllex,sole gloss,gL1fGRFsEfam007oFhNy.npy
hvU6CUaPEdRzP1C9eHzq,maybe,maybe,85,train,3702.0,asllex,sole gloss,hvU6CUaPEdRzP1C9eHzq.npy
itKw51GnUSzfucwTVvkS,maybe,maybe,88,train,3857.0,asllex,sole gloss,itKw51GnUSzfucwTVvkS.npy
mJ7Gkd8AyMhsnTZV9s1R,maybe,maybe,49,train,1534.0,asllex,sole gloss,mJ7Gkd8AyMhsnTZV9s1R.npy
mfylaElGo9CnYUQ8LP1S,maybe,maybe,49,val,1253.0,asllex,sole gloss,mfylaElGo9CnYUQ8LP1S.npy
n15UyvMarUrXiVp57QFz,maybe,maybe,49,train,2119.0,freetext,sole gloss,n15UyvMarUrXiVp57QFz.npy
nOKw3PgBfrUPcPDwwhPK,maybe,maybe,57,test,1779.0,asllex,sole gloss,nOKw3PgBfrUPcPDwwhPK.npy
o96dZ39wP4XevrTOroFJ,maybe,maybe,52,train,5785.0,asllex,sole gloss,o96dZ39wP4XevrTOroFJ.npy
qMcehrJsyJnGHjqeeti7,maybe,maybe,49,train,1252.0,asllex,sole gloss,qMcehrJsyJnGHjqeeti7.npy
rVWvcV2iQYojBwuTXwa1,maybe,maybe,7,train,2649.0,asllex,sole gloss,rVWvcV2iQYojBwuTXwa1.npy
sRfqUXqbxYWfs967Nzvk,maybe,maybe,85,train,2334.0,freetext,sole gloss,sRfqUXqbxYWfs967Nzvk.npy
sX672XOTzsl1yB0wX4nR,maybe,maybe,49,val,995.0,asllex,sole gloss,sX672XOTzsl1yB0wX4nR.npy
tu3ghdkAjMNx4NECI72v,maybe,maybe,49,train,1043.0,asllex,sole gloss,tu3ghdkAjMNx4NECI72v.npy
uJtZkW2LBNK4RFSPftW9,maybe,maybe,7,train,2249.0,asllex,sole gloss,uJtZkW2LBNK4RFSPftW9.npy
vn4Qr7KkTVQJudAEJhdS,maybe,maybe,49,val,933.0,asllex,sole gloss,vn4Qr7KkTVQJudAEJhdS.npy
x1X0I8SwWmcKwa0UCmgZ,maybe,maybe,59,val,2502.0,asllex,sole gloss,x1X0I8SwWmcKwa0UCmgZ.npy
0BshUCqql93Yv5GLv1DO,medicine,medicine,14,val,1697.0,asllex,sole gloss,0BshUCqql93Yv5GLv1DO.npy
0KixGPUX5IkiQxhtmGDa,medicine,medicine,7,train,2206.0,asllex,sole gloss,0KixGPUX5IkiQxhtmGDa.npy
0NzpSWuyF6MeN4Ilzm54,medicine,medicine,85,train,3477.0,asllex,sole gloss,0NzpSWuyF6MeN4Ilzm54.npy
0oE1LSajcHWFY1k5jRJl,medicine,medicine,39,train,4533.0,asllex,sole gloss,0oE1LSajcHWFY1k5jRJl.npy
0seHN5Gs9l50UJvcJaUi,medicine,medicine,7,val,2618.0,asllex,sole gloss,0seHN5Gs9l50UJvcJaUi.npy
1Fr3CV2oUfjb4w5jcOoj,medicine,medicine,84,train,1778.0,asllex,sole gloss,1Fr3CV2oUfjb4w5jcOoj.npy
37LbDv78Mwy9k2RRuGPy,medicine,medicine,49,train,1300.0,asllex,sole gloss,37LbDv78Mwy9k2RRuGPy.npy
4OxS1VkT7YNwWByh8Swh,medicine,medicine,49,train,1408.0,asllex,sole gloss,4OxS1VkT7YNwWByh8Swh.npy
4i9Xsb6fkeWjNKB74K7J,medicine,medicine,62,train,961.0,asllex,sole gloss,4i9Xsb6fkeWjNKB74K7J.npy
51sAKyn3ND0NAV4jJqzx,medicine,medicine,49,train,2323.0,asllex,sole gloss,51sAKyn3ND0NAV4jJqzx.npy
5DSuN0x19LEL7xuDftOC,medicine,medicine,49,val,1397.0,asllex,sole gloss,5DSuN0x19LEL7xuDftOC.npy
5JFsWlzPm4Kshs3dXVae,medicine,medicine,61,test,1423.0,asllex,sole gloss,5JFsWlzPm4Kshs3dXVae.npy
6BqchABpaq7NOTUDhvpT,medicine,medicine,30,train,1564.0,asllex,sole gloss,6BqchABpaq7NOTUDhvpT.npy
6JHWCnRREFZtpOtJmbdY,medicine,medicine,12,train,1467.0,asllex,sole gloss,6JHWCnRREFZtpOtJmbdY.npy
7W2Yzq8RMl6BPha1rTR2,medicine,medicine,7,train,2961.0,asllex,sole gloss,7W2Yzq8RMl6BPha1rTR2.npy
90DrVLZGyQJcWRQ2IhVH,medicine,medicine,17,train,2436.0,asllex,sole gloss,90DrVLZGyQJcWRQ2IhVH.npy
9jjNtjiwPibP99FlN7Gm,medicine,medicine,49,train,1384.0,asllex,sole gloss,9jjNtjiwPibP99FlN7Gm.npy
CHD1Gk0XU6XY0EvO13GY,medicine,medicine,46,train,3363.0,asllex,sole gloss,CHD1Gk0XU6XY0EvO13GY.npy
CgnNvFQXaEWDecgKXH8v,medicine,medicine,54,train,2377.0,asllex,sole gloss,CgnNvFQXaEWDecgKXH8v.npy
Da0ug4dtEQ6vQNDCVIlY,medicine,medicine,84,train,2134.0,asllex,sole gloss,Da0ug4dtEQ6vQNDCVIlY.npy
DetGcYUTmufPbdIFDGhW,medicine,medicine,48,test,1349.0,asllex,sole gloss,DetGcYUTmufPbdIFDGhW.npy
DoQKqktYdLVd7uKVS6om,medicine,medicine,84,train,1330.0,asllex,sole gloss,DoQKqktYdLVd7uKVS6om.npy
DqpvsYHX6EXtIWHbo74D,medicine,medicine,57,test,1573.0,asllex,sole gloss,DqpvsYHX6EXtIWHbo74D.npy
F41n75uBX3Pym43VY1qu,medicine,medicine,61,test,1682.0,asllex,sole gloss,F41n75uBX3Pym43VY1qu.npy
Gc8b7GL9QaA5abyawXPY,medicine,medicine,49,val,1319.0,asllex,sole gloss,Gc8b7GL9QaA5abyawXPY.npy
GfXBYvubh1IOkPjSgCq3,medicine,medicine,39,val,3489.0,asllex,sole gloss,GfXBYvubh1IOkPjSgCq3.npy
Gu3rf9ly1kEdvfUwvTd2,medicine,medicine,49,val,1169.0,asllex,sole gloss,Gu3rf9ly1kEdvfUwvTd2.npy
ILnvJowqJ0I88DHe3lJg,medicine,medicine,64,test,2100.0,asllex,sole gloss,ILnvJowqJ0I88DHe3lJg.npy
JC4gY5Ybkr9tN83nnQdI,medicine,medicine,42,val,1563.0,asllex,sole gloss,JC4gY5Ybkr9tN83nnQdI.npy
JrupmkIjbePN9jnH33Ui,medicine,medicine,88,val,2667.0,asllex,sole gloss,JrupmkIjbePN9jnH33Ui.npy
JvTjzbfiHYGPveyd4SAs,medicine,medicine,39,train,1794.0,asllex,sole gloss,JvTjzbfiHYGPveyd4SAs.npy
K5sfd3qTJHeUhXeX1N1P,medicine,medicine,11,train,1901.0,asllex,sole gloss,K5sfd3qTJHeUhXeX1N1P.npy
KJwApTCl0McAKxK8RlgT,medicine,medicine,84,train,1959.0,asllex,sole gloss,KJwApTCl0McAKxK8RlgT.npy
Lz0BUpPS5YLNfeASx8aw,medicine,medicine,31,train,1597.0,asllex,sole gloss,Lz0BUpPS5YLNfeASx8aw.npy
MNoivQqlXAsYEWT44N6h,medicine,medicine,49,train,1252.0,asllex,sole gloss,MNoivQqlXAsYEWT44N6h.npy
N74Xm2XiOlmN5DG4zX92,medicine,medicine,48,test,1223.0,asllex,sole gloss,N74Xm2XiOlmN5DG4zX92.npy
NeDfR8tngZe4fTozyARq,medicine,medicine,36,test,2051.0,asllex,sole gloss,NeDfR8tngZe4fTozyARq.npy
OLLFeMhEpevHRmVt7gDV,medicine,medicine,57,test,2066.0,asllex,sole gloss,OLLFeMhEpevHRmVt7gDV.npy
ORTC8rI83S4zuKfQ1ldL,medicine,medicine,76,val,5615.0,asllex,sole gloss,ORTC8rI83S4zuKfQ1ldL.npy
OfRR7SKjiibqAMEgad57,medicine,medicine,46,train,2086.0,asllex,sole gloss,OfRR7SKjiibqAMEgad57.npy
OjvuotBAtgP5Ct0jJwJz,medicine,medicine,39,train,3207.0,asllex,sole gloss,OjvuotBAtgP5Ct0jJwJz.npy
OyeGS21AQgXM7r8PTSlC,medicine,medicine,48,test,1366.0,asllex,sole gloss,OyeGS21AQgXM7r8PTSlC.npy
P0D14XaFdFQSLgPxPLZn,medicine,medicine,35,train,1456.0,asllex,sole gloss,P0D14XaFdFQSLgPxPLZn.npy
P97S3wmIz5SmFtmim4Aj,medicine,medicine,78,train,2599.0,asllex,sole gloss,P97S3wmIz5SmFtmim4Aj.npy
RfcQb1FCH1UcHsTl32Cb,medicine,medicine,52,val,4700.0,asllex,sole gloss,RfcQb1FCH1UcHsTl32Cb.npy
RrSfWdulDpYR3PTrNIci,medicine,medicine,46,val,3096.0,asllex,sole gloss,RrSfWdulDpYR3PTrNIci.npy
S2KZW6xGkEUUIBRiG1rS,medicine,medicine,80,train,3057.0,asllex,sole gloss,S2KZW6xGkEUUIBRiG1rS.npy
TNi0LmfNHI5j3wIuBO6M,medicine,medicine,30,train,1343.0,asllex,sole gloss,TNi0LmfNHI5j3wIuBO6M.npy
TXsB2gIMGoIg89jkFtZh,medicine,medicine,36,test,2189.0,asllex,sole gloss,TXsB2gIMGoIg89jkFtZh.npy
U0uPaDYOjBryUXdZiPUZ,medicine,medicine,27,val,3821.0,asllex,sole gloss,U0uPaDYOjBryUXdZiPUZ.npy
U6BPRnIYQClaAgqzZHJI,medicine,medicine,52,val,2065.0,asllex,sole gloss,U6BPRnIYQClaAgqzZHJI.npy
W0gn9IQOQ4dyErh9euuh,medicine,medicine,35,train,1444.0,asllex,sole gloss,W0gn9IQOQ4dyErh9euuh.npy
WrO5VQ065Rwm9YWENUnf,medicine,medicine,11,train,1619.0,asllex,sole gloss,WrO5VQ065Rwm9YWENUnf.npy
YRqkKNouIYYxpJts7CT1,medicine,medicine,7,train,2658.0,asllex,sole gloss,YRqkKNouIYYxpJts7CT1.npy
ZI2zqVzaL0HccoagR5aL,medicine,medicine,39,train,2258.0,asllex,sole gloss,ZI2zqVzaL0HccoagR5aL.npy
ZKh3cmoo3T6DwilSmZ79,medicine,medicine,7,train,2586.0,asllex,sole gloss,ZKh3cmoo3T6DwilSmZ79.npy
ZMMK4iMTAFzmPR3KdGHr,medicine,medicine,62,train,1004.0,asllex,sole gloss,ZMMK4iMTAFzmPR3KdGHr.npy
ZZdw6raZVYTVVWg0YJh8,medicine,medicine,17,train,1641.0,asllex,sole gloss,ZZdw6raZVYTVVWg0YJh8.npy
a97AA7sNujAx7duTs6UO,medicine,medicine,46,train,2354.0,asllex,sole gloss,a97AA7sNujAx7duTs6UO.npy
b8GZj9m2XYV6L6yeTXwn,medicine,medicine,88,train,3129.0,asllex,sole gloss,b8GZj9m2XYV6L6yeTXwn.npy
cBzy0WAbo5c4pgdqT8Pa,medicine,medicine,80,train,3069.0,asllex,sole gloss,cBzy0WAbo5c4pgdqT8Pa.npy
evuecSRt9JBEJ1Wzt8Up,medicine,medicine,80,train,2517.0,asllex,sole gloss,evuecSRt9JBEJ1Wzt8Up.npy
f8VOIcZWxpaq32ChgTGV,medicine,medicine,78,train,2328.0,asllex,sole gloss,f8VOIcZWxpaq32ChgTGV.npy
fVsgyz4oy1Ao35jOHhhb,medicine,medicine,14,train,2839.0,asllex,sole gloss,fVsgyz4oy1Ao35jOHhhb.npy
flXKDVjfiBV1Lv8UkI95,medicine,medicine,8,train,1548.0,asllex,sole gloss,flXKDVjfiBV1Lv8UkI95.npy
fv8d5RW3mgni6i5viM2t,medicine,medicine,57,test,1608.0,asllex,sole gloss,fv8d5RW3mgni6i5viM2t.npy
g4M16AJVLiUfCKwKSYkv,medicine,medicine,31,train,1100.0,asllex,sole gloss,g4M16AJVLiUfCKwKSYkv.npy
gi6XPvCNFzISPE5VNmXY,medicine,medicine,39,train,2994.0,asllex,sole gloss,gi6XPvCNFzISPE5VNmXY.npy
h1i2R5Qx3gShpzPsLArO,medicine,medicine,76,train,4725.0,asllex,sole gloss,h1i2R5Qx3gShpzPsLArO.npy
hBDDPADRupQ8WohaqsiO,medicine,medicine,60,train,1715.0,asllex,sole gloss,hBDDPADRupQ8WohaqsiO.npy
i8iXTVxtjEZgF6gneGw0,medicine,medicine,35,train,2066.0,asllex,sole gloss,i8iXTVxtjEZgF6gneGw0.npy
iM9OFO5mKi1TlS69dony,medicine,medicine,17,val,1331.0,asllex,sole gloss,iM9OFO5mKi1TlS69dony.npy
jF7vuaRlixJkTmkxaFyn,medicine,medicine,48,test,1344.0,asllex,sole gloss,jF7vuaRlixJkTmkxaFyn.npy
ju8Mr1OHb1QjDHyKPYuJ,medicine,medicine,48,test,1781.0,asllex,sole gloss,ju8Mr1OHb1QjDHyKPYuJ.npy
k2Ia1czHG130SX9rPhiY,medicine,medicine,49,train,1572.0,asllex,sole gloss,k2Ia1czHG130SX9rPhiY.npy
mJucHiC9RvP6Tg9QjIfo,medicine,medicine,49,train,1475.0,asllex,sole gloss,mJucHiC9RvP6Tg9QjIfo.npy
mLLb8h1P7Dp337Y6tcrO,medicine,medicine,78,val,2659.0,asllex,sole gloss,mLLb8h1P7Dp337Y6tcrO.npy
mMfq8bHUACwHw49ENksU,medicine,medicine,48,test,1047.0,asllex,sole gloss,mMfq8bHUACwHw49ENksU.npy
n5dLFwKtEz63uhCvuMdi,medicine,medicine,80,train,2125.0,asllex,sole gloss,n5dLFwKtEz63uhCvuMdi.npy
nVYyDmjLdvxotOCQgoqD,medicine,medicine,61,test,1106.0,asllex,sole gloss,nVYyDmjLdvxotOCQgoqD.npy
of5BKIEC4g8IU7UDJ7oc,medicine,medicine,39,train,3244.0,asllex,sole gloss,of5BKIEC4g8IU7UDJ7oc.npy
pjDIJNtypGpoAZas01oD,medicine,medicine,88,val,1836.0,asllex,sole gloss,pjDIJNtypGpoAZas01oD.npy
q4TSyQ87iGHsNiqvjGFF,medicine,medicine,61,test,2387.0,asllex,sole gloss,q4TSyQ87iGHsNiqvjGFF.npy
qhp7V9XEyJaAyWuxk4Qj,medicine,medicine,39,val,2308.0,asllex,sole gloss,qhp7V9XEyJaAyWuxk4Qj.npy
rlSKFT94LKI9aEtUoKyp,medicine,medicine,39,train,3082.0,asllex,sole gloss,rlSKFT94LKI9aEtUoKyp.npy
vJCxX3E7oLDGvp6KAYnC,medicine,medicine,57,test,1395.0,asllex,sole gloss,vJCxX3E7oLDGvp6KAYnC.npy
vVW4DTQqhPwptX3MUdMF,medicine,medicine,57,test,1762.0,asllex,sole gloss,vVW4DTQqhPwptX3MUdMF.npy
vbd7bk4YVhBGvfgpOXoE,medicine,medicine,85,train,2580.0,asllex,sole gloss,vbd7bk4YVhBGvfgpOXoE.npy
vov0mKO0qJ3UpmwJ5CLh,medicine,medicine,46,train,4580.0,asllex,sole gloss,vov0mKO0qJ3UpmwJ5CLh.npy
xplG2DKiAxG8uy2905pg,medicine,medicine,30,train,1955.0,asllex,sole gloss,xplG2DKiAxG8uy2905pg.npy
xs0yg04TFNogxWLy4tiM,medicine,medicine,84,train,2406.0,asllex,sole gloss,xs0yg04TFNogxWLy4tiM.npy
yPeT6ZeiVVSxYVTbM8aI,medicine,medicine,14,val,3197.0,asllex,sole gloss,yPeT6ZeiVVSxYVTbM8aI.npy
3u2yVSmd256r1EGbcfte,minute,minute,78,train,3059.0,asllex,sole gloss,3u2yVSmd256r1EGbcfte.npy
59xYkoWiEwUpU9vABCuk,minute,minute,7,train,2082.0,asllex,sole gloss,59xYkoWiEwUpU9vABCuk.npy
6KRiqyHbWevn9gq3yjxe,minute,minute,31,train,1822.0,asllex,sole gloss,6KRiqyHbWevn9gq3yjxe.npy
DwzfEHN7R0Bx69J4Q0ZS,minute,minute,17,train,1481.0,asllex,sole gloss,DwzfEHN7R0Bx69J4Q0ZS.npy
JcD0SARJxygnybPc2t56,minute,minute,7,train,2353.0,freetext,sole gloss,JcD0SARJxygnybPc2t56.npy
K7diq36resiKv5qQzbu8,minute,minute,7,val,2183.0,asllex,sole gloss,K7diq36resiKv5qQzbu8.npy
UwPEselqLhQNh0QL0F5e,minute,minute,49,train,1184.0,asllex,sole gloss,UwPEselqLhQNh0QL0F5e.npy
VjFPSVfUlJHB7PeddVqg,minute,minute,88,train,2127.0,asllex,sole gloss,VjFPSVfUlJHB7PeddVqg.npy
W9h5jI4OBiLqw0S38lU9,minute,minute,50,test,2333.0,asllex,sole gloss,W9h5jI4OBiLqw0S38lU9.npy
YYMwZiWhPjw0rVV5nQux,minute,minute,49,train,1835.0,asllex,sole gloss,YYMwZiWhPjw0rVV5nQux.npy
Z2nojBtTmo0SJRHeBoPA,minute,minute,38,val,2571.0,asllex,sole gloss,Z2nojBtTmo0SJRHeBoPA.npy
lhsQPReeYoyUbzHZ8732,minute,minute,46,train,2441.0,asllex,sole gloss,lhsQPReeYoyUbzHZ8732.npy
mRauceiI5c8p7cbRGhQ6,minute,minute,39,train,2775.0,asllex,sole gloss,mRauceiI5c8p7cbRGhQ6.npy
o7WD3dJXwmNXMncPLVWg,minute,minute,85,train,2977.0,asllex,sole gloss,o7WD3dJXwmNXMncPLVWg.npy
ovedRqILexqirfoXHx9E,minute,minute,43,val,2367.0,asllex,sole gloss,ovedRqILexqirfoXHx9E.npy
rH83YbjwGp6fjTMvNBd7,minute,minute,39,train,3253.0,asllex,sole gloss,rH83YbjwGp6fjTMvNBd7.npy
vjUnbwJzvugCHHbt2UC7,minute,minute,11,val,1776.0,asllex,sole gloss,vjUnbwJzvugCHHbt2UC7.npy
0Fp81qXJHQUWxeyeRZXm,month,month,57,test,1802.0,asllex,sole gloss,0Fp81qXJHQUWxeyeRZXm.npy
2n7GMogSxdeaBKAXbjt1,month,month,7,val,2897.0,asllex,sole gloss,2n7GMogSxdeaBKAXbjt1.npy
4LV8It81HePOAC457b9M,month,month,59,train,1638.0,asllex,sole gloss,4LV8It81HePOAC457b9M.npy
4ha4nE8hdUcM9RXWskAP,month,month,62,train,2182.0,asllex,sole gloss,4ha4nE8hdUcM9RXWskAP.npy
4rTVx9oYuGV7WsJV5wsq,month,month,62,train,1021.0,asllex,sole gloss,4rTVx9oYuGV7WsJV5wsq.npy
52qmkV1ovTe9tW7qn284,month,month,46,val,2279.0,asllex,sole gloss,52qmkV1ovTe9tW7qn284.npy
5Gt5kOsnXTo4VJxOOlAF,month,month,39,train,2473.0,asllex,sole gloss,5Gt5kOsnXTo4VJxOOlAF.npy
6PwWenOqEkLCWm9uGVLE,month,month,52,train,2571.0,asllex,sole gloss,6PwWenOqEkLCWm9uGVLE.npy
7ogNWOumyrEctZesCfpm,month,month,39,train,2748.0,asllex,sole gloss,7ogNWOumyrEctZesCfpm.npy
8Wu3Gsp2WbivqCiVyxZ8,month,month,49,val,1515.0,asllex,sole gloss,8Wu3Gsp2WbivqCiVyxZ8.npy
9wfintrwK5LN4oBrjEY5,month,month,88,train,2441.0,asllex,sole gloss,9wfintrwK5LN4oBrjEY5.npy
ACnQML3y42pLjXzaUDCq,month,month,11,train,1784.0,asllex,sole gloss,ACnQML3y42pLjXzaUDCq.npy
C6Pw5D3y9LT6iELMETiv,month,month,63,val,1720.0,asllex,sole gloss,C6Pw5D3y9LT6iELMETiv.npy
CuCR21XuEtP3wNQ9fT8o,month,month,62,train,1492.0,asllex,sole gloss,CuCR21XuEtP3wNQ9fT8o.npy
Dg6wZFoh3V7ZQLeyhyev,month,month,78,train,3078.0,asllex,sole gloss,Dg6wZFoh3V7ZQLeyhyev.npy
FaQTm9dDVYjp5HJevN6u,month,month,43,train,3672.0,asllex,sole gloss,FaQTm9dDVYjp5HJevN6u.npy
IFYMvWCj2QITCsKsbjID,month,month,49,train,919.0,asllex,sole gloss,IFYMvWCj2QITCsKsbjID.npy
IIncwAesrUsUtGNlfiXN,month,month,42,train,1291.0,asllex,sole gloss,IIncwAesrUsUtGNlfiXN.npy
K4rkLnM15lBTxEzZpba9,month,month,54,train,2223.0,asllex,sole gloss,K4rkLnM15lBTxEzZpba9.npy
MsHQtdgspBTBsxfJmyav,month,month,88,val,1701.0,asllex,sole gloss,MsHQtdgspBTBsxfJmyav.npy
P8XzcXlzqx7BAtnJdzX0,month,month,62,val,1299.0,asllex,sole gloss,P8XzcXlzqx7BAtnJdzX0.npy
RfCwDlbhiNk1bhN2HW6L,month,month,42,train,2077.0,asllex,sole gloss,RfCwDlbhiNk1bhN2HW6L.npy
UhgbH98FQmFocmk4EkUR,month,month,62,val,1137.0,asllex,sole gloss,UhgbH98FQmFocmk4EkUR.npy
X2fiMdqhun3Sxo820Rp0,month,month,7,train,2442.0,asllex,sole gloss,X2fiMdqhun3Sxo820Rp0.npy
XkF3m92QXlFbuK6o89GJ,month,month,30,train,1703.0,asllex,sole gloss,XkF3m92QXlFbuK6o89GJ.npy
YRMXvMR2G8cy5amoZUdO,month,month,48,test,1253.0,asllex,sole gloss,YRMXvMR2G8cy5amoZUdO.npy
YVY8skUMokf249jfMnac,month,month,57,test,1975.0,asllex,sole gloss,YVY8skUMokf249jfMnac.npy
bDT4QFaTObDjTrMLFf0B,month,month,15,train,1321.0,asllex,sole gloss,bDT4QFaTObDjTrMLFf0B.npy
bnUm83rTs73NsJcqqIDD,month,month,88,train,1698.0,asllex,sole gloss,bnUm83rTs73NsJcqqIDD.npy
dAELfYIlGgYlCjaz8hlF,month,month,62,train,954.0,asllex,sole gloss,dAELfYIlGgYlCjaz8hlF.npy
fJGoo89LMBVZYclYx6Er,month,month,43,train,3611.0,asllex,sole gloss,fJGoo89LMBVZYclYx6Er.npy
fpXTh1KlQHJTLKJuvfsO,month,month,49,val,1905.0,asllex,sole gloss,fpXTh1KlQHJTLKJuvfsO.npy
hFrcG45NbvFeT6hrImzD,month,month,84,train,1956.0,asllex,sole gloss,hFrcG45NbvFeT6hrImzD.npy
j5qnqjkKJrxSx9xMn5eX,month,month,84,train,1891.0,asllex,sole gloss,j5qnqjkKJrxSx9xMn5eX.npy
nuXvq6FaR1fILpInfM5q,month,month,7,train,2117.0,asllex,sole gloss,nuXvq6FaR1fILpInfM5q.npy
qp9TFh4C9g1zDEqcxV7N,month,month,8,train,1415.0,asllex,sole gloss,qp9TFh4C9g1zDEqcxV7N.npy
toUFYQuOmmEOKqAuiZlH,month,month,7,val,2249.0,asllex,sole gloss,toUFYQuOmmEOKqAuiZlH.npy
wRQ73YyMF5DursocckB3,month,month,31,train,1613.0,asllex,sole gloss,wRQ73YyMF5DursocckB3.npy
wU5a9yZWN0Co3Eyl980s,month,month,36,test,2328.0,asllex,sole gloss,wU5a9yZWN0Co3Eyl980s.npy
xktPxAGMQDZdtQGqCuNS,month,month,31,val,1453.0,asllex,sole gloss,xktPxAGMQDZdtQGqCuNS.npy
xzLPeERyn1mJbXyumyZk,month,month,49,train,1134.0,asllex,sole gloss,xzLPeERyn1mJbXyumyZk.npy
4FeWoVEB6tc5mhgNF60G,more,more,50,test,3191.0,asllex,sole gloss,4FeWoVEB6tc5mhgNF60G.npy
6lWxGM9OZFJsXisIju9K,more,more,17,val,1022.0,asllex,sole gloss,6lWxGM9OZFJsXisIju9K.npy
7VcdZIn7LTtEyBHk8HNd,more,more,17,val,1071.0,asllex,sole gloss,7VcdZIn7LTtEyBHk8HNd.npy
8aOUGrIAg0KDS9EZSS3O,more,more,7,train,2561.0,asllex,sole gloss,8aOUGrIAg0KDS9EZSS3O.npy
AlnnMyLwi1azv1qkaldL,more,more,59,train,2326.0,asllex,sole gloss,AlnnMyLwi1azv1qkaldL.npy
DGpCx87dOimV9rmK2Ke0,more,more,39,train,3112.0,asllex,sole gloss,DGpCx87dOimV9rmK2Ke0.npy
E4N1Bu7k6PevK9z7GESC,more,more,59,val,2083.0,asllex,sole gloss,E4N1Bu7k6PevK9z7GESC.npy
GJ3PnERHD8E1tthOO1wp,more,more,62,train,867.0,asllex,sole gloss,GJ3PnERHD8E1tthOO1wp.npy
GeVLuqiP2vy9alSqvVvW,more,more,61,test,1628.0,asllex,sole gloss,GeVLuqiP2vy9alSqvVvW.npy
J8qWpKprpH1GMz0JDzm3,more,more,17,train,2253.0,freetext,sole gloss,J8qWpKprpH1GMz0JDzm3.npy
MW0L4MPaTI8FOCbhXbV2,more,more,49,val,917.0,asllex,sole gloss,MW0L4MPaTI8FOCbhXbV2.npy
OW5k6EcvBCiyJuZTuyKW,more,more,17,train,961.0,asllex,sole gloss,OW5k6EcvBCiyJuZTuyKW.npy
Pftb5ZApew3rzS5Wl1L0,more,more,88,train,2777.0,asllex,sole gloss,Pftb5ZApew3rzS5Wl1L0.npy
PlP87yzBeFOYHBZUkLpx,more,more,59,train,3350.0,asllex,sole gloss,PlP87yzBeFOYHBZUkLpx.npy
QIajzeRIUDXvgNYs87yE,more,more,62,train,987.0,asllex,sole gloss,QIajzeRIUDXvgNYs87yE.npy
SERnwOlSR7fPEFxcd8dz,more,more,84,train,1499.0,asllex,sole gloss,SERnwOlSR7fPEFxcd8dz.npy
STOzDAMPry5yJx3sYo4f,more,more,43,train,2529.0,asllex,sole gloss,STOzDAMPry5yJx3sYo4f.npy
TZupKRu2PMjUKUKRGGYM,more,more,85,train,2492.0,asllex,sole gloss,TZupKRu2PMjUKUKRGGYM.npy
TenayrdQsmV45IgS2NRk,more,more,15,train,1216.0,asllex,sole gloss,TenayrdQsmV45IgS2NRk.npy
UFYezPkvy3qmSGJp8VTB,more,more,62,train,983.0,asllex,sole gloss,UFYezPkvy3qmSGJp8VTB.npy
VEwZ30mBUtYcH9TNVDRm,more,more,61,test,1279.0,asllex,sole gloss,VEwZ30mBUtYcH9TNVDRm.npy
XkiYeEruhFX6Pe1DUA2p,more,more,62,train,1088.0,freetext,sole gloss,XkiYeEruhFX6Pe1DUA2p.npy
ZcD5spxJXxuxxqkXzOi8,more,more,7,train,2083.0,asllex,sole gloss,ZcD5spxJXxuxxqkXzOi8.npy
bl60bdcWFHo5JAxVTDQM,more,more,48,test,1004.0,asllex,sole gloss,bl60bdcWFHo5JAxVTDQM.npy
bmon8YtbPb42twYKARk5,more,more,84,train,1645.0,asllex,sole gloss,bmon8YtbPb42twYKARk5.npy
cnQfKzdOeccmC937rJmF,more,more,59,val,1843.0,asllex,sole gloss,cnQfKzdOeccmC937rJmF.npy
cwNj5du2UlA25mLHTs9j,more,more,7,train,2061.0,asllex,sole gloss,cwNj5du2UlA25mLHTs9j.npy
fJDsYnTH3A4GEiMH3cpp,more,more,7,val,2207.0,asllex,sole gloss,fJDsYnTH3A4GEiMH3cpp.npy
fzjbQtc4vrt6Ijh1GZwC,more,more,42,val,1453.0,freetext,sole gloss,fzjbQtc4vrt6Ijh1GZwC.npy
ilvJ09gc4ZXoti36yVLG,more,more,84,train,1393.0,asllex,sole gloss,ilvJ09gc4ZXoti36yVLG.npy
jKJDng7E37u6oS6N5suV,more,more,59,train,2088.0,asllex,sole gloss,jKJDng7E37u6oS6N5suV.npy
jpeug1xfsBXJRA2gSmtk,more,more,84,train,914.0,asllex,sole gloss,jpeug1xfsBXJRA2gSmtk.npy
ljUGjKMAKzxVQF8e56Va,more,more,35,val,1565.0,asllex,sole gloss,ljUGjKMAKzxVQF8e56Va.npy
piUdIBKHMHPGb7xTwHYt,more,more,61,test,1495.0,asllex,sole gloss,piUdIBKHMHPGb7xTwHYt.npy
qO7vCKLYt6AbSfsvnIE6,more,more,85,train,2953.0,asllex,sole gloss,qO7vCKLYt6AbSfsvnIE6.npy
vDlUITQhrZJjNfyoEVzL,more,more,35,val,1454.0,asllex,sole gloss,vDlUITQhrZJjNfyoEVzL.npy
vHYKu9Q3AkhucrLX2OJL,more,more,61,test,1751.0,asllex,sole gloss,vHYKu9Q3AkhucrLX2OJL.npy
zGQ0pWvT4fuuM3f5o3k2,more,more,35,train,1714.0,asllex,sole gloss,zGQ0pWvT4fuuM3f5o3k2.npy
0O32h007nL7QYpRdMy4V,morning,morning,49,train,1766.0,asllex,sole gloss,0O32h007nL7QYpRdMy4V.npy
0S1caZJ7JoyZtYI2Oce0,morning,morning,35,train,1448.0,asllex,sole gloss,0S1caZJ7JoyZtYI2Oce0.npy
16yWF4i23FoZNT4OH9fE,morning,morning,30,train,1746.0,asllex,sole gloss,16yWF4i23FoZNT4OH9fE.npy
1JgLD3e9jnq9lwbB8xty,morning,morning,62,train,1243.0,asllex,sole gloss,1JgLD3e9jnq9lwbB8xty.npy
4GAlOVPnTc32GtN323wI,morning,morning,61,test,1556.0,asllex,sole gloss,4GAlOVPnTc32GtN323wI.npy
4K2aqHNmt2T6FBguBusY,morning,morning,50,test,2103.0,asllex,sole gloss,4K2aqHNmt2T6FBguBusY.npy
4LDYBt7TGitxyN45oNhO,morning,morning,85,train,3452.0,asllex,sole gloss,4LDYBt7TGitxyN45oNhO.npy
64TzNy5WCmDSOmjl2mF8,morning,morning,48,test,1549.0,asllex,sole gloss,64TzNy5WCmDSOmjl2mF8.npy
8xRA3PbkBcXjuRP5ZRVD,morning,morning,84,train,1210.0,asllex,sole gloss,8xRA3PbkBcXjuRP5ZRVD.npy
95TxXtPbOWmMRCfR9Izl,morning,morning,17,val,1924.0,asllex,sole gloss,95TxXtPbOWmMRCfR9Izl.npy
9EISEecUzjmFasyOCSYJ,morning,morning,57,test,1924.0,asllex,sole gloss,9EISEecUzjmFasyOCSYJ.npy
9kdgkDYgB3ID4cvmusCY,morning,morning,46,train,2920.0,asllex,sole gloss,9kdgkDYgB3ID4cvmusCY.npy
9xf2tl35xkHAPOxHsr2w,morning,morning,62,train,1282.0,asllex,sole gloss,9xf2tl35xkHAPOxHsr2w.npy
9yHaks7Z4yZt1wnKOIoR,morning,morning,7,train,2319.0,asllex,sole gloss,9yHaks7Z4yZt1wnKOIoR.npy
Bw7L3Fy7TI1TdblT9plZ,morning,morning,49,val,1177.0,asllex,sole gloss,Bw7L3Fy7TI1TdblT9plZ.npy
C3UInZgVXb8nloKTGPmW,morning,morning,39,val,2652.0,asllex,sole gloss,C3UInZgVXb8nloKTGPmW.npy
DN9fipWvd86Wga3aOWWQ,morning,morning,88,train,4170.0,asllex,sole gloss,DN9fipWvd86Wga3aOWWQ.npy
DYgwhJQAncNojVNYqlWw,morning,morning,61,test,2463.0,asllex,sole gloss,DYgwhJQAncNojVNYqlWw.npy
EWBao8ZOxchrlqSET4h7,morning,morning,31,train,1241.0,asllex,sole gloss,EWBao8ZOxchrlqSET4h7.npy
F0CxQcRTVugBDD3CYVbl,morning,morning,39,train,2497.0,asllex,sole gloss,F0CxQcRTVugBDD3CYVbl.npy
FavpCgUbSxtvnaMfelOe,morning,morning,85,train,1973.0,asllex,sole gloss,FavpCgUbSxtvnaMfelOe.npy
H2K3LdgPemFC33boZLDt,morning,morning,36,test,2409.0,asllex,sole gloss,H2K3LdgPemFC33boZLDt.npy
HaJYZfWv96UL8VSEPp6W,morning,morning,39,train,4301.0,asllex,sole gloss,HaJYZfWv96UL8VSEPp6W.npy
JJoNJjFavfbZvjUW1S2l,morning,morning,43,val,4219.0,asllex,sole gloss,JJoNJjFavfbZvjUW1S2l.npy
JdAXGlnAtzCRLN8TpEht,morning,morning,15,train,1275.0,asllex,sole gloss,JdAXGlnAtzCRLN8TpEht.npy
LbzGByXZvTOwsuidev2U,morning,morning,61,test,1105.0,asllex,sole gloss,LbzGByXZvTOwsuidev2U.npy
Lq3kDgUC9ON0hHG0tlpg,morning,morning,84,train,1489.0,asllex,sole gloss,Lq3kDgUC9ON0hHG0tlpg.npy
MMqctOohaD1Yk1lYZNzU,morning,morning,17,train,1965.0,asllex,sole gloss,MMqctOohaD1Yk1lYZNzU.npy
MxkuQgXuRUoxwk7mSNQJ,morning,morning,49,train,1607.0,asllex,sole gloss,MxkuQgXuRUoxwk7mSNQJ.npy
NskxTgubzIdoK3JCG3nZ,morning,morning,62,val,933.0,asllex,sole gloss,NskxTgubzIdoK3JCG3nZ.npy
O49304Rcg8OkjkuNyaE7,morning,morning,31,train,1153.0,asllex,sole gloss,O49304Rcg8OkjkuNyaE7.npy
ORDKnA1d8rwsEs0Dv42h,morning,morning,84,train,2146.0,asllex,sole gloss,ORDKnA1d8rwsEs0Dv42h.npy
OoVKQ4It1Kd4WJfkzSrR,morning,morning,48,test,1324.0,asllex,sole gloss,OoVKQ4It1Kd4WJfkzSrR.npy
QBpsXzIS9yP0r7A7hd84,morning,morning,57,test,1095.0,asllex,sole gloss,QBpsXzIS9yP0r7A7hd84.npy
RZQ0h1wMZdV1jqSxsxH6,morning,morning,15,train,1392.0,asllex,sole gloss,RZQ0h1wMZdV1jqSxsxH6.npy
RhhE2CM0JzmzwXG726E9,morning,morning,84,train,2253.0,asllex,sole gloss,RhhE2CM0JzmzwXG726E9.npy
RzbZocgqaUrz711UTecU,morning,morning,46,train,3672.0,asllex,sole gloss,RzbZocgqaUrz711UTecU.npy
SbmWJYBJW7VNhJIDSvp2,morning,morning,84,train,1630.0,asllex,sole gloss,SbmWJYBJW7VNhJIDSvp2.npy
UDivFp5TffikLWZRKdp4,morning,morning,42,train,1539.0,asllex,sole gloss,UDivFp5TffikLWZRKdp4.npy
V2WqtDUQnDL3ITrk0IDF,morning,morning,48,test,1613.0,asllex,sole gloss,V2WqtDUQnDL3ITrk0IDF.npy
VIiMi7IuyMJgioAx8Ia1,morning,morning,57,test,1121.0,asllex,sole gloss,VIiMi7IuyMJgioAx8Ia1.npy
Wgr5FTH7EFMokq6IgCvX,morning,morning,39,val,3160.0,asllex,sole gloss,Wgr5FTH7EFMokq6IgCvX.npy
XE7lSIv6fcVPrR2yfQUo,morning,morning,30,train,2174.0,asllex,sole gloss,XE7lSIv6fcVPrR2yfQUo.npy
Xc23B11afJ7wAGYmpE3F,morning,morning,57,test,1350.0,asllex,sole gloss,Xc23B11afJ7wAGYmpE3F.npy
Xj7QehhqlN3igHChSafN,morning,morning,48,test,1586.0,asllex,sole gloss,Xj7QehhqlN3igHChSafN.npy
XzZ0jYqQAYqPnnXAtMkN,morning,morning,61,test,1401.0,asllex,sole gloss,XzZ0jYqQAYqPnnXAtMkN.npy
Y9gje36m1mG8wGFJajlu,morning,morning,74,train,2883.0,asllex,sole gloss,Y9gje36m1mG8wGFJajlu.npy
YSwG2O30pJn8ieIvfQPF,morning,morning,30,train,1618.0,asllex,sole gloss,YSwG2O30pJn8ieIvfQPF.npy
ZJmlLxhB22TdsBtJ6g8p,morning,morning,61,test,1790.0,asllex,sole gloss,ZJmlLxhB22TdsBtJ6g8p.npy
Zq2t2GemkevDEjeu6DKm,morning,morning,84,train,2223.0,asllex,sole gloss,Zq2t2GemkevDEjeu6DKm.npy
ZtdgJtlgTE1br1VzZGKn,morning,morning,85,val,2798.0,asllex,sole gloss,ZtdgJtlgTE1br1VzZGKn.npy
aG0W5i2UduyM4Fm9RA5m,morning,morning,42,train,1222.0,freetext,sole gloss,aG0W5i2UduyM4Fm9RA5m.npy
cm17iq0Th3Z9hPKVa0YH,morning,morning,84,train,1917.0,asllex,sole gloss,cm17iq0Th3Z9hPKVa0YH.npy
dKt4uIFe0sG2ke8gPz3h,morning,morning,35,val,1511.0,asllex,sole gloss,dKt4uIFe0sG2ke8gPz3h.npy
fJeHq9UF5xAIZ5Hv1xAk,morning,morning,46,val,2428.0,asllex,sole gloss,fJeHq9UF5xAIZ5Hv1xAk.npy
fiCxeuDg6Ux8JiqpWFla,morning,morning,62,val,1125.0,asllex,sole gloss,fiCxeuDg6Ux8JiqpWFla.npy
fqAdmsTB8QkgdlCavox6,morning,morning,60,train,1157.0,asllex,sole gloss,fqAdmsTB8QkgdlCavox6.npy
g1wilaqPaHBMFFRzmqoO,morning,morning,85,train,2505.0,asllex,sole gloss,g1wilaqPaHBMFFRzmqoO.npy
hyz0cFydkVmsMTI2Fjpm,morning,morning,42,val,1791.0,freetext,sole gloss,hyz0cFydkVmsMTI2Fjpm.npy
ii9CpiPxeQnlMjDh9d0P,morning,morning,7,val,2811.0,asllex,sole gloss,ii9CpiPxeQnlMjDh9d0P.npy
kLqtCN8DoobKe4keLYp3,morning,morning,39,val,2118.0,asllex,sole gloss,kLqtCN8DoobKe4keLYp3.npy
kjttqZgpwB33y1dFSff3,morning,morning,49,train,1636.0,asllex,sole gloss,kjttqZgpwB33y1dFSff3.npy
lWCsNwJhGIRTaBZzzthI,morning,morning,84,train,1893.0,asllex,sole gloss,lWCsNwJhGIRTaBZzzthI.npy
mZ9Gyui1uvotYSA6KDiO,morning,morning,57,test,1360.0,asllex,sole gloss,mZ9Gyui1uvotYSA6KDiO.npy
otM5bAeEJBr2vXcZb4AU,morning,morning,35,train,1566.0,asllex,sole gloss,otM5bAeEJBr2vXcZb4AU.npy
pmhkm0zEaDYJbqaOLSz7,morning,morning,39,train,2392.0,asllex,sole gloss,pmhkm0zEaDYJbqaOLSz7.npy
psMWol69AspvtTAX1hLB,morning,morning,43,train,3283.0,asllex,sole gloss,psMWol69AspvtTAX1hLB.npy
qN3f0sLaQhzWcPWQ6eKC,morning,morning,39,val,3251.0,asllex,sole gloss,qN3f0sLaQhzWcPWQ6eKC.npy
qPdYZMa0cAurI0juL7xe,morning,morning,8,train,1440.0,asllex,sole gloss,qPdYZMa0cAurI0juL7xe.npy
rhl7F1Ovm5OC8zlCU0yO,morning,morning,57,test,2498.0,asllex,sole gloss,rhl7F1Ovm5OC8zlCU0yO.npy
saFi2IZe2pyfPlwnudaw,morning,morning,30,train,1872.0,asllex,sole gloss,saFi2IZe2pyfPlwnudaw.npy
tR1ZTifrw5nxscktwxfF,morning,morning,46,train,2032.0,asllex,sole gloss,tR1ZTifrw5nxscktwxfF.npy
tyCyxIgFCfWw0SUFqhFN,morning,morning,62,train,876.0,asllex,sole gloss,tyCyxIgFCfWw0SUFqhFN.npy
uCh2E2U9ZD4vbGdFJocP,morning,morning,57,test,2695.0,asllex,sole gloss,uCh2E2U9ZD4vbGdFJocP.npy
vIhx5HUAjgIdQkFJpUec,morning,morning,63,train,2028.0,asllex,sole gloss,vIhx5HUAjgIdQkFJpUec.npy
vmGsz0KHuU7Vi3vULxMf,morning,morning,61,test,2015.0,asllex,sole gloss,vmGsz0KHuU7Vi3vULxMf.npy
x3dJWILxVGIANjvwaglF,morning,morning,15,train,1142.0,asllex,sole gloss,x3dJWILxVGIANjvwaglF.npy
xJJznUWVmbQVjHv3bgdZ,morning,morning,17,train,2297.0,asllex,sole gloss,xJJznUWVmbQVjHv3bgdZ.npy
xsmTOc593h6SIZvUfEYL,morning,morning,88,train,2860.0,asllex,sole gloss,xsmTOc593h6SIZvUfEYL.npy
yphKSm2hxDr2ihkqREjl,morning,morning,49,val,1970.0,asllex,sole gloss,yphKSm2hxDr2ihkqREjl.npy
zr5RnerSSzAFqV2xWVZO,morning,morning,7,val,2536.0,asllex,sole gloss,zr5RnerSSzAFqV2xWVZO.npy
0V9VBlfz6GReICWB8xNy,mother,mother,36,test,3042.0,asllex,sole gloss,0V9VBlfz6GReICWB8xNy.npy
13aOdaASLOxLkcujbPTj,mother,mother,14,val,4203.0,asllex,sole gloss,13aOdaASLOxLkcujbPTj.npy
3BO01xTikO8AL6K7eCI2,mother,mother,46,train,2098.0,asllex,sole gloss,3BO01xTikO8AL6K7eCI2.npy
5Wt2uEMotIP20YxF21TW,mother,mother,11,train,1783.0,asllex,sole gloss,5Wt2uEMotIP20YxF21TW.npy
66jzoyIV0Ds9ruNNKFGD,mother,mother,88,train,1986.0,asllex,sole gloss,66jzoyIV0Ds9ruNNKFGD.npy
6n5xIki3fuZZLz882Z7i,mother,mother,59,train,1903.0,asllex,sole gloss,6n5xIki3fuZZLz882Z7i.npy
72b9dWMIPXpEiPRHDiRk,mother,mother,30,train,1352.0,asllex,sole gloss,72b9dWMIPXpEiPRHDiRk.npy
7dVHbb8n3F3pKzf9UDpN,mother,mother,49,val,817.0,asllex,sole gloss,7dVHbb8n3F3pKzf9UDpN.npy
9bd5dmtOiXAyOQ3axtFr,mother,mother,38,val,2119.0,asllex,sole gloss,9bd5dmtOiXAyOQ3axtFr.npy
A7DogtQVTjaJlbNkhKAI,mother,mother,85,train,3242.0,asllex,sole gloss,A7DogtQVTjaJlbNkhKAI.npy
BRqSzJZE0DVzmGnKVN3X,mother,mother,30,train,1658.0,asllex,sole gloss,BRqSzJZE0DVzmGnKVN3X.npy
C4xmKbQxU7WpWPk1Zgbv,mother,mother,50,test,2165.0,asllex,sole gloss,C4xmKbQxU7WpWPk1Zgbv.npy
FsypNHCkfRPwDE2x9mYA,mother,mother,30,train,1588.0,asllex,sole gloss,FsypNHCkfRPwDE2x9mYA.npy
K0wfDqFHEj0L1GlOagQB,mother,mother,49,train,961.0,asllex,sole gloss,K0wfDqFHEj0L1GlOagQB.npy
KxxTuX0k1tOwkaAmC9Cq,mother,mother,78,val,2304.0,asllex,sole gloss,KxxTuX0k1tOwkaAmC9Cq.npy
O6W47nobVthWs00ZlpRL,mother,mother,7,val,2071.0,asllex,sole gloss,O6W47nobVthWs00ZlpRL.npy
OIKMHWLVsI2j7WNco0Bj,mother,mother,49,train,1704.0,asllex,sole gloss,OIKMHWLVsI2j7WNco0Bj.npy
OUbCr8MqWssbl8l9dki3,mother,mother,42,train,1165.0,asllex,sole gloss,OUbCr8MqWssbl8l9dki3.npy
P7vKJ2vvFz2LCvdSbSpC,mother,mother,38,val,2864.0,asllex,sole gloss,P7vKJ2vvFz2LCvdSbSpC.npy
QEf7mDZZwYei8WrZmS02,mother,mother,49,train,1303.0,asllex,sole gloss,QEf7mDZZwYei8WrZmS02.npy
Rbyz00RtrDeFqUDTYB8R,mother,mother,38,train,3373.0,asllex,sole gloss,Rbyz00RtrDeFqUDTYB8R.npy
TSEiKFF94HbydgtEvAPk,mother,mother,63,train,1169.0,asllex,sole gloss,TSEiKFF94HbydgtEvAPk.npy
Uh1vvJmn9q4GPY8riyQ6,mother,mother,35,train,1503.0,asllex,sole gloss,Uh1vvJmn9q4GPY8riyQ6.npy
Vann4xBZ7g4l4OUwJicZ,mother,mother,52,train,2632.0,asllex,sole gloss,Vann4xBZ7g4l4OUwJicZ.npy
XbyiMiDXRuAjfvjQOXBp,mother,mother,88,train,2330.0,asllex,sole gloss,XbyiMiDXRuAjfvjQOXBp.npy
Xg3LEkDClLDg56rwBvjp,mother,mother,11,train,1577.0,asllex,sole gloss,Xg3LEkDClLDg56rwBvjp.npy
ZLVpU61TxYHnpRQtsIQr,mother,mother,49,train,3695.0,asllex,sole gloss,ZLVpU61TxYHnpRQtsIQr.npy
b8HqaNXkAXuTBAiJZNlG,mother,mother,62,train,1157.0,asllex,sole gloss,b8HqaNXkAXuTBAiJZNlG.npy
f6GWaTr28p1nGFykdtL7,mother,mother,78,val,1965.0,asllex,sole gloss,f6GWaTr28p1nGFykdtL7.npy
fiAWuzeIs13BfvZoZSj8,mother,mother,85,train,2606.0,asllex,sole gloss,fiAWuzeIs13BfvZoZSj8.npy
gERc2MmjieJ6G4L1lObD,mother,mother,63,train,2322.0,asllex,sole gloss,gERc2MmjieJ6G4L1lObD.npy
lcpEpnjGK4JLUMMiYbnL,mother,mother,8,train,1264.0,asllex,sole gloss,lcpEpnjGK4JLUMMiYbnL.npy
nIwLGGBnrt4XiKfDUwh4,mother,mother,42,train,1476.0,freetext,sole gloss,nIwLGGBnrt4XiKfDUwh4.npy
oBhhNKj5JE63Td4Gnnns,mother,mother,36,test,2306.0,asllex,sole gloss,oBhhNKj5JE63Td4Gnnns.npy
qs7R4I9IhIFI6FvIAqBk,mother,mother,88,train,4217.0,asllex,sole gloss,qs7R4I9IhIFI6FvIAqBk.npy
r5Q1dzF2iwiFg4hIPzbA,mother,mother,88,val,3658.0,asllex,sole gloss,r5Q1dzF2iwiFg4hIPzbA.npy
sCjExRGsPm9HYUxiHjLk,mother,mother,11,train,2876.0,asllex,sole gloss,sCjExRGsPm9HYUxiHjLk.npy
sfCcAmF18amB3nI94mMW,mother,mother,57,test,1621.0,asllex,sole gloss,sfCcAmF18amB3nI94mMW.npy
vZegL36jS6qwedkil3aZ,mother,mother,31,train,1504.0,asllex,sole gloss,vZegL36jS6qwedkil3aZ.npy
wXDFTgXIpnuztFuqBvM2,mother,mother,7,val,1780.0,asllex,sole gloss,wXDFTgXIpnuztFuqBvM2.npy
3BNl9SysXqfcbWVRiSPK,mouth,mouth,7,train,2431.0,asllex,sole gloss,3BNl9SysXqfcbWVRiSPK.npy
5yLodyFXfCnYpMkQnU3L,mouth,mouth,88,train,4105.0,asllex,sole gloss,5yLodyFXfCnYpMkQnU3L.npy
6QvXWNIiFcOrDykdV73i,mouth,mouth,11,train,1916.0,asllex,sole gloss,6QvXWNIiFcOrDykdV73i.npy
6tMre1gICW0TZmTppZnx,mouth,mouth,7,train,2418.0,asllex,sole gloss,6tMre1gICW0TZmTppZnx.npy
A2yxLm02uyQa5eXzBhc7,mouth,mouth,84,train,1344.0,asllex,sole gloss,A2yxLm02uyQa5eXzBhc7.npy
BAjGDeK7C204Xdit0Y57,mouth,mouth,85,val,3801.0,asllex,sole gloss,BAjGDeK7C204Xdit0Y57.npy
CTYbbBiBzOdV6hmdMUgA,mouth,mouth,62,train,945.0,asllex,sole gloss,CTYbbBiBzOdV6hmdMUgA.npy
CrfbejpWSvjP9fv0ckgD,mouth,mouth,42,train,2514.0,asllex,sole gloss,CrfbejpWSvjP9fv0ckgD.npy
FCCX03DhDKdvFDxDXBbO,mouth,mouth,46,val,2256.0,asllex,sole gloss,FCCX03DhDKdvFDxDXBbO.npy
GkQf5gOQCqbKz8WRoAnF,mouth,mouth,84,train,1405.0,asllex,sole gloss,GkQf5gOQCqbKz8WRoAnF.npy
KMug2Pj3hp9sUAu92Y3z,mouth,mouth,62,train,1224.0,asllex,sole gloss,KMug2Pj3hp9sUAu92Y3z.npy
LWKbdkTFM8uvDQIZojhR,mouth,mouth,7,val,2128.0,asllex,sole gloss,LWKbdkTFM8uvDQIZojhR.npy
Sz2u52G0MwekD4tafNmo,mouth,mouth,84,train,1161.0,asllex,sole gloss,Sz2u52G0MwekD4tafNmo.npy
T7sPRS1bw9EDbSF7xyQl,mouth,mouth,7,train,2153.0,asllex,sole gloss,T7sPRS1bw9EDbSF7xyQl.npy
V5fFUP02oZ0cZiht1Vh3,mouth,mouth,84,train,1752.0,asllex,sole gloss,V5fFUP02oZ0cZiht1Vh3.npy
ZLe6kEPNebNwpvCUkUkv,mouth,mouth,39,train,4642.0,asllex,sole gloss,ZLe6kEPNebNwpvCUkUkv.npy
Zk8nhLcu4WVEKHy1qH0l,mouth,mouth,88,train,1945.0,asllex,sole gloss,Zk8nhLcu4WVEKHy1qH0l.npy
ff4mNGbegmNUJIFbZHPT,mouth,mouth,84,train,1447.0,asllex,sole gloss,ff4mNGbegmNUJIFbZHPT.npy
kjT8HwmzYCefYolKLa5H,mouth,mouth,46,val,2469.0,asllex,sole gloss,kjT8HwmzYCefYolKLa5H.npy
opKwAiHTRkxJ0VQwq6of,mouth,mouth,8,train,1450.0,asllex,sole gloss,opKwAiHTRkxJ0VQwq6of.npy
u66acWTV1kUQri8CwDNM,mouth,mouth,14,val,2167.0,asllex,sole gloss,u66acWTV1kUQri8CwDNM.npy
uyWvebgKnBMRBZXm6cdp,mouth,mouth,48,test,2359.0,asllex,sole gloss,uyWvebgKnBMRBZXm6cdp.npy
whCf5wWyxdpuvZp4psbp,mouth,mouth,8,train,1447.0,asllex,sole gloss,whCf5wWyxdpuvZp4psbp.npy
wwq0TrqjcibuFgfwVYit,mouth,mouth,52,train,3681.0,asllex,sole gloss,wwq0TrqjcibuFgfwVYit.npy
0otehzUK7yZIR3DzHHwv,move,move,84,train,1875.0,asllex,sole gloss,0otehzUK7yZIR3DzHHwv.npy
1OCxnd091zyx7PdlTDpz,move,move,39,train,4265.0,freetext,sole gloss,1OCxnd091zyx7PdlTDpz.npy
1Uh835Q59GEFRyW0FvM7,move,move,50,test,2571.0,asllex,sole gloss,1Uh835Q59GEFRyW0FvM7.npy
1Xt4HXRJEW2oz7zTzbBO,move,move,57,test,1136.0,asllex,sole gloss,1Xt4HXRJEW2oz7zTzbBO.npy
3qNHFdSfGDPAW9nqgV6x,move,move,30,val,2269.0,asllex,sole gloss,3qNHFdSfGDPAW9nqgV6x.npy
5QdVM24rg6oG12wr94wQ,move,move,39,val,3457.0,freetext,sole gloss,5QdVM24rg6oG12wr94wQ.npy
6jlaqKhRGiK1HXwQtA9q,move,move,46,train,2898.0,asllex,sole gloss,6jlaqKhRGiK1HXwQtA9q.npy
6w0kWQas4dqHzEvvxQd2,move,move,57,test,1328.0,asllex,sole gloss,6w0kWQas4dqHzEvvxQd2.npy
7wxjoYOzv8XwLpqoasYO,move,move,61,test,1708.0,asllex,sole gloss,7wxjoYOzv8XwLpqoasYO.npy
81mFKnwiCNWIwAWn71Ln,move,move,31,val,1494.0,asllex,sole gloss,81mFKnwiCNWIwAWn71Ln.npy
9yNmE1yL4vAsa0xuyHWc,move,move,84,train,2230.0,asllex,sole gloss,9yNmE1yL4vAsa0xuyHWc.npy
BGvTfmVkSMCklGLzvfoI,move,move,23,val,1875.0,asllex,sole gloss,BGvTfmVkSMCklGLzvfoI.npy
BZ6vUKpdAO0ExTDAPREY,move,move,49,val,1751.0,asllex,sole gloss,BZ6vUKpdAO0ExTDAPREY.npy
F3EkfEaucUVX7V30KYJ4,move,move,39,train,3373.0,asllex,sole gloss,F3EkfEaucUVX7V30KYJ4.npy
F7qgh7K2Lq7eYNE8EdIM,move,move,84,train,2608.0,asllex,sole gloss,F7qgh7K2Lq7eYNE8EdIM.npy
FFNr8roxQVfN4icclF5C,move,move,48,test,1665.0,asllex,sole gloss,FFNr8roxQVfN4icclF5C.npy
GTUlpunUKBQ75jFG7ymR,move,move,85,train,2799.0,asllex,sole gloss,GTUlpunUKBQ75jFG7ymR.npy
GbBrIKcaBoEhYwYg1i3w,move,move,84,train,1742.0,asllex,sole gloss,GbBrIKcaBoEhYwYg1i3w.npy
HPQoS49YtMM3VaUZafX3,move,move,84,train,2112.0,asllex,sole gloss,HPQoS49YtMM3VaUZafX3.npy
I9iIeJqC1mFIXkYx5vfX,move,move,17,train,1767.0,asllex,sole gloss,I9iIeJqC1mFIXkYx5vfX.npy
J3uQw25gZ6svnMevTe8X,move,move,48,test,1024.0,freetext,sole gloss,J3uQw25gZ6svnMevTe8X.npy
JldqGoTRJ7SYQFAyKdDq,move,move,46,val,2825.0,freetext,sole gloss,JldqGoTRJ7SYQFAyKdDq.npy
KG2u1z7B7kerF905u4EJ,move,move,46,train,2799.0,freetext,sole gloss,KG2u1z7B7kerF905u4EJ.npy
L9ObL348W8L5Vpwt7DhL,move,move,52,val,3597.0,asllex,sole gloss,L9ObL348W8L5Vpwt7DhL.npy
LVI0AOjGZJQI6AsEgSTn,move,move,84,val,1542.0,asllex,sole gloss,LVI0AOjGZJQI6AsEgSTn.npy
MKlvh5i8mQfxhTSTR8Vm,move,move,42,train,1689.0,freetext,sole gloss,MKlvh5i8mQfxhTSTR8Vm.npy
MgTZhbdeGceL0p2KueUW,move,move,61,test,1838.0,asllex,sole gloss,MgTZhbdeGceL0p2KueUW.npy
N2QVEVjGkS5iz8aETXDQ,move,move,84,train,2098.0,asllex,sole gloss,N2QVEVjGkS5iz8aETXDQ.npy
OMJ9NtqftqaIpGo4XfsG,move,move,42,train,2717.0,asllex,sole gloss,OMJ9NtqftqaIpGo4XfsG.npy
OcdzxrSrt4FusjwWQAZD,move,move,39,train,2984.0,freetext,sole gloss,OcdzxrSrt4FusjwWQAZD.npy
P9HaxeCVH97IBHFvBY2R,move,move,84,train,2986.0,asllex,sole gloss,P9HaxeCVH97IBHFvBY2R.npy
PKJTmobOho0gOC32J7aB,move,move,11,train,2414.0,asllex,sole gloss,PKJTmobOho0gOC32J7aB.npy
PPqpTcdSRmVGaSntrAfN,move,move,31,val,1543.0,freetext,sole gloss,PPqpTcdSRmVGaSntrAfN.npy
PcdQljI8QgBI0AIDxQ7m,move,move,84,val,1684.0,asllex,sole gloss,PcdQljI8QgBI0AIDxQ7m.npy
PvymDViIukjXK94Zi3xe,move,move,53,test,2540.0,asllex,sole gloss,PvymDViIukjXK94Zi3xe.npy
QAOcISlQqP793jHEurdb,move,move,62,val,1323.0,asllex,sole gloss,QAOcISlQqP793jHEurdb.npy
QL3n8rS4kfdC7hXvbrTy,move,move,61,test,1578.0,freetext,sole gloss,QL3n8rS4kfdC7hXvbrTy.npy
Qeqzqhki5o3lJUlK3Csc,move,move,84,train,2138.0,asllex,sole gloss,Qeqzqhki5o3lJUlK3Csc.npy
Qtv4yp0OHiOzv2c2nykW,move,move,57,test,1580.0,asllex,sole gloss,Qtv4yp0OHiOzv2c2nykW.npy
RPeGYn6y8OD1whek9NUL,move,move,48,test,1078.0,asllex,sole gloss,RPeGYn6y8OD1whek9NUL.npy
SETr4pmuhmGRCBK2Tzjn,move,move,61,test,1470.0,asllex,sole gloss,SETr4pmuhmGRCBK2Tzjn.npy
SYqepUJXGaO3nJ4izlRG,move,move,85,train,2069.0,asllex,sole gloss,SYqepUJXGaO3nJ4izlRG.npy
Toww0gfV8Wo0UK0voSkb,move,move,57,test,2007.0,freetext,sole gloss,Toww0gfV8Wo0UK0voSkb.npy
V8uglRsoiXmYD4lIUPGX,move,move,84,train,3331.0,asllex,sole gloss,V8uglRsoiXmYD4lIUPGX.npy
Vz00kSZynNxRkXzHmiLA,move,move,49,val,1268.0,asllex,sole gloss,Vz00kSZynNxRkXzHmiLA.npy
WzjlkOvLwxAemjtJY09h,move,move,53,test,1575.0,asllex,sole gloss,WzjlkOvLwxAemjtJY09h.npy
XQYfOnul94YhI1w17b0u,move,move,52,train,5006.0,asllex,sole gloss,XQYfOnul94YhI1w17b0u.npy
XSnY1QRtBFlwaoxEhxlf,move,move,84,train,2634.0,asllex,sole gloss,XSnY1QRtBFlwaoxEhxlf.npy
Y9wkAX7Kh8ox8plluHz0,move,move,53,test,2193.0,freetext,sole gloss,Y9wkAX7Kh8ox8plluHz0.npy
Yb8ysltIH11dN0OtI70r,move,move,27,train,3188.0,asllex,sole gloss,Yb8ysltIH11dN0OtI70r.npy
ZDJ0r9V0DYkklzdmKJo7,move,move,53,test,2116.0,asllex,sole gloss,ZDJ0r9V0DYkklzdmKJo7.npy
aAOFcg88Din7LJGohVSJ,move,move,62,train,1055.0,asllex,sole gloss,aAOFcg88Din7LJGohVSJ.npy
aHcQ2dER56L5AYY3g8ek,move,move,33,test,2780.0,asllex,sole gloss,aHcQ2dER56L5AYY3g8ek.npy
b2QtzTKYu7KaGaFxSML2,move,move,84,val,1840.0,asllex,sole gloss,b2QtzTKYu7KaGaFxSML2.npy
bFbPMEdp2HRN7rBDrSy5,move,move,57,test,1395.0,asllex,sole gloss,bFbPMEdp2HRN7rBDrSy5.npy
bZUuIoEemDQjyLC6AZ7U,move,move,84,train,1845.0,asllex,sole gloss,bZUuIoEemDQjyLC6AZ7U.npy
bjLsJ57DDVpQPNLz3AFG,move,move,64,test,1495.0,asllex,sole gloss,bjLsJ57DDVpQPNLz3AFG.npy
dhVIdufQ1HBWUjyacOfH,move,move,85,train,2787.0,asllex,sole gloss,dhVIdufQ1HBWUjyacOfH.npy
e1f2s34QIPAXVikxmfxg,move,move,8,train,1730.0,asllex,sole gloss,e1f2s34QIPAXVikxmfxg.npy
eXVE1RauDb6M9Fd9u2Fj,move,move,62,train,1217.0,asllex,sole gloss,eXVE1RauDb6M9Fd9u2Fj.npy
ed9fBEFlcX1mJSKDV7VY,move,move,38,train,2991.0,asllex,sole gloss,ed9fBEFlcX1mJSKDV7VY.npy
fNMBct6Rdkq314Ob38Ks,move,move,17,train,1412.0,freetext,sole gloss,fNMBct6Rdkq314Ob38Ks.npy
fxplC2ZjPxWx69Nd8tFw,move,move,49,train,2274.0,asllex,sole gloss,fxplC2ZjPxWx69Nd8tFw.npy
g1jA2MweTgp5EkvvSeRB,move,move,7,val,2352.0,asllex,sole gloss,g1jA2MweTgp5EkvvSeRB.npy
gVRa4QQtWv7IdUjJFnCS,move,move,33,test,2999.0,asllex,sole gloss,gVRa4QQtWv7IdUjJFnCS.npy
h61dEWWLvZB3iqCKCwRd,move,move,11,train,1729.0,asllex,sole gloss,h61dEWWLvZB3iqCKCwRd.npy
hYL0HRPJuOShtbir2bsT,move,move,64,test,2075.0,asllex,sole gloss,hYL0HRPJuOShtbir2bsT.npy
hloLNZ2NuBnTnrHetGEt,move,move,33,test,3182.0,asllex,sole gloss,hloLNZ2NuBnTnrHetGEt.npy
iQcmPSMKuw9bdm9cs09s,move,move,84,train,2028.0,asllex,sole gloss,iQcmPSMKuw9bdm9cs09s.npy
ibeD66oLvyzTY6GA9HB3,move,move,62,train,1189.0,asllex,sole gloss,ibeD66oLvyzTY6GA9HB3.npy
im5inW6nSY0S3UNE2lYC,move,move,64,test,1989.0,asllex,sole gloss,im5inW6nSY0S3UNE2lYC.npy
j2Sv3aUARzpukEdWv1NF,move,move,63,train,1618.0,freetext,sole gloss,j2Sv3aUARzpukEdWv1NF.npy
jAFb3ZLOui6zLCoA8Dhe,move,move,61,test,917.0,asllex,sole gloss,jAFb3ZLOui6zLCoA8Dhe.npy
jrutHi685hYkgMluoIvR,move,move,46,val,2753.0,freetext,sole gloss,jrutHi685hYkgMluoIvR.npy
jzZrtTAGFkhaS9TYix37,move,move,84,val,1356.0,asllex,sole gloss,jzZrtTAGFkhaS9TYix37.npy
kx4tHf5FRsxhGpnLxKTc,move,move,84,train,1680.0,asllex,sole gloss,kx4tHf5FRsxhGpnLxKTc.npy
l6BjlhztWBRQylGZYjNC,move,move,49,val,1236.0,asllex,sole gloss,l6BjlhztWBRQylGZYjNC.npy
lASmfSBSHBnGwGUaCqEH,move,move,62,train,1387.0,asllex,sole gloss,lASmfSBSHBnGwGUaCqEH.npy
mXDiCei5nc357XHy7vpC,move,move,84,train,1646.0,asllex,sole gloss,mXDiCei5nc357XHy7vpC.npy
mw0hR0x8MmHYVebxR7J3,move,move,57,test,1467.0,asllex,sole gloss,mw0hR0x8MmHYVebxR7J3.npy
n2Gw5rS2OeCQWN5IHWNq,move,move,84,train,1946.0,asllex,sole gloss,n2Gw5rS2OeCQWN5IHWNq.npy
nanxRjKmPQMyM9cV1xTP,move,move,64,test,2267.0,asllex,sole gloss,nanxRjKmPQMyM9cV1xTP.npy
nbp4VRHDplFyD4URtnq8,move,move,39,train,2864.0,asllex,sole gloss,nbp4VRHDplFyD4URtnq8.npy
owBJ14NUdiJJaZl74tc7,move,move,46,train,2704.0,freetext,sole gloss,owBJ14NUdiJJaZl74tc7.npy
pP3TCgFzZEM2hzoqqVUH,move,move,84,val,1912.0,asllex,sole gloss,pP3TCgFzZEM2hzoqqVUH.npy
prLf3VXcjvVa48SqVIQG,move,move,62,train,1430.0,asllex,sole gloss,prLf3VXcjvVa48SqVIQG.npy
pxcQDPof5Jd5p3CVNUNb,move,move,39,train,3714.0,asllex,sole gloss,pxcQDPof5Jd5p3CVNUNb.npy
q6btIsmBpQePZ0KMD1dw,move,move,35,train,2132.0,freetext,sole gloss,q6btIsmBpQePZ0KMD1dw.npy
rOJa3f9yCDF9RHGTylD2,move,move,84,train,2271.0,freetext,sole gloss,rOJa3f9yCDF9RHGTylD2.npy
ruugqNHzxHh03Dk3O2zB,move,move,8,train,1473.0,asllex,sole gloss,ruugqNHzxHh03Dk3O2zB.npy
sTrti0kodIhp0aRYu1EK,move,move,39,train,3651.0,asllex,sole gloss,sTrti0kodIhp0aRYu1EK.npy
sWRyXr3bIcGnUgA2TDbk,move,move,17,train,1861.0,asllex,sole gloss,sWRyXr3bIcGnUgA2TDbk.npy
slbBnGB6c4wj7aMhTOIM,move,move,61,test,1553.0,asllex,sole gloss,slbBnGB6c4wj7aMhTOIM.npy
su5JoHOnDeGRMICHicAh,move,move,42,train,1898.0,asllex,sole gloss,su5JoHOnDeGRMICHicAh.npy
u8Kddf2MTjFbpxp1PkTd,move,move,63,train,2495.0,asllex,sole gloss,u8Kddf2MTjFbpxp1PkTd.npy
uA3e7RtbLk1Z7vpKy4SU,move,move,64,test,1902.0,asllex,sole gloss,uA3e7RtbLk1Z7vpKy4SU.npy
uH8tZGjmTEWyKSzepcvs,move,move,57,test,1086.0,asllex,sole gloss,uH8tZGjmTEWyKSzepcvs.npy
uwM8Fl6vNGtjXt8nMvAp,move,move,53,test,2156.0,freetext,sole gloss,uwM8Fl6vNGtjXt8nMvAp.npy
vQO65i9em33lKo4DwImG,move,move,48,test,1298.0,asllex,sole gloss,vQO65i9em33lKo4DwImG.npy
vYpCXmyIqH6SWwGw4cJ8,move,move,49,train,1751.0,freetext,sole gloss,vYpCXmyIqH6SWwGw4cJ8.npy
w5wUDkojwDgZVQgPlDHo,move,move,38,train,4347.0,asllex,sole gloss,w5wUDkojwDgZVQgPlDHo.npy
wlepM38ARC2k2qkljrOk,move,move,57,test,1523.0,asllex,sole gloss,wlepM38ARC2k2qkljrOk.npy
xIXvG4iIl1bMDU83ctok,move,move,84,val,1457.0,asllex,sole gloss,xIXvG4iIl1bMDU83ctok.npy
yILZRDsz0ZiEdZooOPgc,move,move,57,test,1357.0,asllex,sole gloss,yILZRDsz0ZiEdZooOPgc.npy
yIs1GdTc64kIA8dUzTvB,move,move,57,test,1272.0,asllex,sole gloss,yIs1GdTc64kIA8dUzTvB.npy
yJf0ip2AV1dFh7CkUyU5,move,move,85,train,3284.0,asllex,sole gloss,yJf0ip2AV1dFh7CkUyU5.npy
yPPaxhCZ2QahSTJXjqpx,move,move,39,train,2863.0,freetext,sole gloss,yPPaxhCZ2QahSTJXjqpx.npy
zRUvlS2xaEORTdBj2k4k,move,move,11,train,1706.0,asllex,sole gloss,zRUvlS2xaEORTdBj2k4k.npy
zj0wXLb5QeqZVuTRIZtS,move,move,57,test,2335.0,freetext,sole gloss,zj0wXLb5QeqZVuTRIZtS.npy
0DZkq9WInTUHixIr1z0v,much,much,88,train,2657.0,asllex,sole gloss,0DZkq9WInTUHixIr1z0v.npy
0rVzCsfgntDaoQhPq8we,much,much,35,train,2053.0,asllex,sole gloss,0rVzCsfgntDaoQhPq8we.npy
1nFblJDj3oq5bvDOWAOG,much,much,88,val,3204.0,asllex,sole gloss,1nFblJDj3oq5bvDOWAOG.npy
1q5PmEBDh3Llv4uSV6Xu,much,much,60,train,1124.0,asllex,sole gloss,1q5PmEBDh3Llv4uSV6Xu.npy
2zESlw0sJsc8ex9VxHX9,much,much,48,test,1751.0,asllex,sole gloss,2zESlw0sJsc8ex9VxHX9.npy
7ePEzxpDMDrd0xDNMxK8,much,much,50,test,2869.0,asllex,sole gloss,7ePEzxpDMDrd0xDNMxK8.npy
90OS2bEasdmnOaGCYben,much,much,33,test,3138.0,asllex,sole gloss,90OS2bEasdmnOaGCYben.npy
FwOudON8LDNqd0Zbjwye,much,much,57,test,2247.0,asllex,sole gloss,FwOudON8LDNqd0Zbjwye.npy
IYHnZggvzlPSECgqmI80,much,much,88,train,2011.0,asllex,sole gloss,IYHnZggvzlPSECgqmI80.npy
MKi5cTpjLYJ1N93NZhpN,much,much,39,train,5145.0,freetext,sole gloss,MKi5cTpjLYJ1N93NZhpN.npy
N1KeL0n5veV9TAhUbbv6,much,much,76,val,2724.0,asllex,sole gloss,N1KeL0n5veV9TAhUbbv6.npy
QZlxIsJUff6VgYgmBFFI,much,much,36,test,2110.0,asllex,sole gloss,QZlxIsJUff6VgYgmBFFI.npy
QyIy9DGTyGBH7Q0reSXi,much,much,88,train,2010.0,asllex,sole gloss,QyIy9DGTyGBH7Q0reSXi.npy
THs4WmlVKi9FPKh7He3a,much,much,85,train,3145.0,asllex,sole gloss,THs4WmlVKi9FPKh7He3a.npy
WSJSD3brDvwb75NXiBWP,much,much,46,train,2743.0,asllex,sole gloss,WSJSD3brDvwb75NXiBWP.npy
ZoGApH85WYX1Sq9LygmC,much,much,39,val,2743.0,asllex,sole gloss,ZoGApH85WYX1Sq9LygmC.npy
b57WH0AmP7kRnzQ0mCjq,much,much,7,train,2264.0,asllex,sole gloss,b57WH0AmP7kRnzQ0mCjq.npy
dRrdRCQlheaxZ2p98jpl,much,much,7,train,2308.0,asllex,sole gloss,dRrdRCQlheaxZ2p98jpl.npy
e9bJi2oDdiIZXimsvvTH,much,much,7,val,2398.0,asllex,sole gloss,e9bJi2oDdiIZXimsvvTH.npy
gpAVoed4JmwzXjLz4q1g,much,much,61,test,1982.0,asllex,sole gloss,gpAVoed4JmwzXjLz4q1g.npy
hmpdbQF893BcK5EZa0G7,much,much,62,train,2175.0,asllex,sole gloss,hmpdbQF893BcK5EZa0G7.npy
loWsZh1WWTy8ek3oy4FZ,much,much,88,train,1899.0,asllex,sole gloss,loWsZh1WWTy8ek3oy4FZ.npy
mUTom5PMDA5nkqeVezDu,much,much,46,train,2880.0,asllex,sole gloss,mUTom5PMDA5nkqeVezDu.npy
mo49z7ElPMlc3JwR97Ml,much,much,85,train,2351.0,asllex,sole gloss,mo49z7ElPMlc3JwR97Ml.npy
oClKujlmJauFbNbFGixP,much,much,76,train,3338.0,asllex,sole gloss,oClKujlmJauFbNbFGixP.npy
qyukEKzRveXB9t0pGAVt,much,much,7,train,2423.0,asllex,sole gloss,qyukEKzRveXB9t0pGAVt.npy
sieBn7YTash6EKmZ44cg,much,much,62,train,1251.0,asllex,sole gloss,sieBn7YTash6EKmZ44cg.npy
v7MVd7mMia9Ow4V6S7g5,much,much,49,val,1829.0,freetext,sole gloss,v7MVd7mMia9Ow4V6S7g5.npy
w151iORMDeGRJItn8xtt,much,much,61,test,1200.0,asllex,sole gloss,w151iORMDeGRJItn8xtt.npy
yYF08LUc3et9IiQX24Ms,much,much,64,test,1987.0,asllex,sole gloss,yYF08LUc3et9IiQX24Ms.npy
ykpCybEtNSkYiVjZQG7P,much,much,42,train,1663.0,asllex,sole gloss,ykpCybEtNSkYiVjZQG7P.npy
ymDqQO1mm6UV8E06ZPaC,much,much,62,val,1305.0,asllex,sole gloss,ymDqQO1mm6UV8E06ZPaC.npy
znM5qe9kye1oAVDHZlGJ,much,much,8,train,1623.0,asllex,sole gloss,znM5qe9kye1oAVDHZlGJ.npy
11tvNKMwKoCKO0oe7CZO,muscle,muscle,85,train,2438.0,asllex,sole gloss,11tvNKMwKoCKO0oe7CZO.npy
2jLkqrLmIbXeuPagjhtg,muscle,muscle,88,train,4195.0,asllex,sole gloss,2jLkqrLmIbXeuPagjhtg.npy
38VjwsDcNQ6INgt7seIM,muscle,muscle,42,train,1526.0,freetext,sole gloss,38VjwsDcNQ6INgt7seIM.npy
4GAql4uv2onZdzGacMhO,muscle,muscle,46,val,3217.0,asllex,sole gloss,4GAql4uv2onZdzGacMhO.npy
4JKqWNa7nsWjEveYGLZt,muscle,muscle,7,train,2702.0,asllex,sole gloss,4JKqWNa7nsWjEveYGLZt.npy
5tZmTPq7frTtviO42ddp,muscle,muscle,50,test,2606.0,asllex,sole gloss,5tZmTPq7frTtviO42ddp.npy
92ZM9upWYJchrY4kGp74,muscle,muscle,48,test,1466.0,asllex,sole gloss,92ZM9upWYJchrY4kGp74.npy
9pwmzDD8W9Kvx7vtBzAE,muscle,muscle,39,train,3741.0,asllex,sole gloss,9pwmzDD8W9Kvx7vtBzAE.npy
E5U1nfTOWXwivN7Ir9Mw,muscle,muscle,46,train,2299.0,asllex,sole gloss,E5U1nfTOWXwivN7Ir9Mw.npy
FL2agRwdNHSxBL2dhpuX,muscle,muscle,85,train,3769.0,asllex,sole gloss,FL2agRwdNHSxBL2dhpuX.npy
GWQRKrkG8F5n0dd234un,muscle,muscle,46,train,3320.0,asllex,sole gloss,GWQRKrkG8F5n0dd234un.npy
Ht5L5W9tjrMBRegcyNX2,muscle,muscle,39,train,1998.0,asllex,sole gloss,Ht5L5W9tjrMBRegcyNX2.npy
JCYjIXaK1M1JWIldAu18,muscle,muscle,61,test,1248.0,asllex,sole gloss,JCYjIXaK1M1JWIldAu18.npy
NlEX4altvJvZYLR1DM5i,muscle,muscle,57,test,2108.0,asllex,sole gloss,NlEX4altvJvZYLR1DM5i.npy
QiY4x7Z4xB4ciKQgLhAX,muscle,muscle,62,train,1143.0,asllex,sole gloss,QiY4x7Z4xB4ciKQgLhAX.npy
QuDHuSIQzedDvMoCiMix,muscle,muscle,61,test,1482.0,asllex,sole gloss,QuDHuSIQzedDvMoCiMix.npy
RfncrLNnlg8uW60PdTRo,muscle,muscle,35,val,1646.0,asllex,sole gloss,RfncrLNnlg8uW60PdTRo.npy
UMksOMgtfSyg95KT8Vxx,muscle,muscle,52,train,2314.0,asllex,sole gloss,UMksOMgtfSyg95KT8Vxx.npy
UgXKbLf2dXo5t3aVQXwV,muscle,muscle,84,train,2604.0,asllex,sole gloss,UgXKbLf2dXo5t3aVQXwV.npy
V64VrFPRQ4f9IeLQEelr,muscle,muscle,39,train,2896.0,asllex,sole gloss,V64VrFPRQ4f9IeLQEelr.npy
ZOzkIysXU3n7RDUB0mvq,muscle,muscle,31,train,1434.0,asllex,sole gloss,ZOzkIysXU3n7RDUB0mvq.npy
cM1uL8NOVO2mUjzKO5qe,muscle,muscle,84,val,1868.0,asllex,sole gloss,cM1uL8NOVO2mUjzKO5qe.npy
mgwHsfZ7OBHImbhsEuSi,muscle,muscle,57,test,926.0,asllex,sole gloss,mgwHsfZ7OBHImbhsEuSi.npy
myQBBX4u7VfYJTohrgMs,muscle,muscle,39,val,3337.0,asllex,sole gloss,myQBBX4u7VfYJTohrgMs.npy
nCiGFx6ohhuUot8uCRLo,muscle,muscle,84,val,2183.0,asllex,sole gloss,nCiGFx6ohhuUot8uCRLo.npy
pX53iwjgIprZiHw5Pq9M,muscle,muscle,8,train,1249.0,asllex,sole gloss,pX53iwjgIprZiHw5Pq9M.npy
tKIv2MEAvR34oJaMFHEu,muscle,muscle,46,val,3301.0,freetext,sole gloss,tKIv2MEAvR34oJaMFHEu.npy
vjUyEVvzwCXBDD7oEXLH,muscle,muscle,61,test,3287.0,asllex,sole gloss,vjUyEVvzwCXBDD7oEXLH.npy
yLYH74OCQhQNHK8x08Sp,muscle,muscle,35,train,1483.0,asllex,sole gloss,yLYH74OCQhQNHK8x08Sp.npy
yT9cqeeGPVRfXwzuGHYy,muscle,muscle,84,train,1784.0,asllex,sole gloss,yT9cqeeGPVRfXwzuGHYy.npy
ISs157ddBbG96jHlB18f,nausea,nausea,62,val,1104.0,freetext,sole gloss,ISs157ddBbG96jHlB18f.npy
xPynxPWcBsZN8QSyDDtn,nausea,nausea,49,train,1502.0,freetext,sole gloss,xPynxPWcBsZN8QSyDDtn.npy
3EiX3ZCkpVqsYAKy3PHQ,neck,neck,30,val,2013.0,asllex,sole gloss,3EiX3ZCkpVqsYAKy3PHQ.npy
7MS2aL2fV6Ki5fA9cgy2,neck,neck,57,test,1640.0,freetext,sole gloss,7MS2aL2fV6Ki5fA9cgy2.npy
BgfXZWdMvUYni8jeUJNu,neck,neck,23,train,1724.0,freetext,sole gloss,BgfXZWdMvUYni8jeUJNu.npy
KSMoDkO8acBzLYWa4yH1,neck,neck,54,train,1695.0,asllex,sole gloss,KSMoDkO8acBzLYWa4yH1.npy
Z9XNQAPPfCsh2ckbUYwC,neck,neck,61,test,1567.0,asllex,sole gloss,Z9XNQAPPfCsh2ckbUYwC.npy
ok8sU6lAuJMrtuOMCWOT,neck,neck,62,val,930.0,freetext,sole gloss,ok8sU6lAuJMrtuOMCWOT.npy
w0QtXjCjPKblAILeuKzN,neck,neck,39,train,2181.0,asllex,sole gloss,w0QtXjCjPKblAILeuKzN.npy
1pHswbVjexsrSA1eQZE7,need,need,62,train,1436.0,asllex,sole gloss,1pHswbVjexsrSA1eQZE7.npy
1tGhLKitclCmOEywcUVY,need,need,43,train,1976.0,asllex,sole gloss,1tGhLKitclCmOEywcUVY.npy
33BN6h5Xo35S86Neb57H,need,need,17,train,875.0,asllex,sole gloss,33BN6h5Xo35S86Neb57H.npy
3EFh4dUszDLAu5VKw7f5,need,need,85,train,3052.0,asllex,sole gloss,3EFh4dUszDLAu5VKw7f5.npy
3NGyh9vd4D4W5Oqt8lhF,need,need,39,train,2692.0,asllex,sole gloss,3NGyh9vd4D4W5Oqt8lhF.npy
4c0GXArZ8c9Shs2pcEZm,need,need,7,train,3088.0,asllex,sole gloss,4c0GXArZ8c9Shs2pcEZm.npy
5N6WIwU1fcDcLU6qDUsJ,need,need,17,train,1199.0,asllex,sole gloss,5N6WIwU1fcDcLU6qDUsJ.npy
5ecpszTmyuNCAaMhNLXE,need,need,17,train,1131.0,asllex,sole gloss,5ecpszTmyuNCAaMhNLXE.npy
5xQPyaBzRtjiFLBSPYqq,need,need,84,val,1844.0,asllex,sole gloss,5xQPyaBzRtjiFLBSPYqq.npy
7h8xY29LSbArDIVG7OmY,need,need,49,train,800.0,asllex,sole gloss,7h8xY29LSbArDIVG7OmY.npy
85vGfIqTEf5HwWpf0T9J,need,need,39,train,2939.0,asllex,sole gloss,85vGfIqTEf5HwWpf0T9J.npy
AAHGpFQCVB7YLD9Yc7KL,need,need,8,train,1882.0,asllex,sole gloss,AAHGpFQCVB7YLD9Yc7KL.npy
AN8ibceYVPzCqRoDAg8z,need,need,61,test,1125.0,asllex,sole gloss,AN8ibceYVPzCqRoDAg8z.npy
Al9BZwaOoKlVvpb5mupK,need,need,17,train,1303.0,asllex,sole gloss,Al9BZwaOoKlVvpb5mupK.npy
B8urwVhbvtf0eoOfeuFI,need,need,17,train,942.0,asllex,sole gloss,B8urwVhbvtf0eoOfeuFI.npy
BHFADRCN87MweSY58Orm,need,need,35,train,1630.0,asllex,sole gloss,BHFADRCN87MweSY58Orm.npy
BbzPO6QjsXzjiHrkDrxH,need,need,17,train,954.0,asllex,sole gloss,BbzPO6QjsXzjiHrkDrxH.npy
BhUHk936OUAw5EB3TLhv,need,need,7,train,2081.0,asllex,sole gloss,BhUHk936OUAw5EB3TLhv.npy
D47bswGr3rECeQ28KISf,need,need,61,test,1343.0,asllex,sole gloss,D47bswGr3rECeQ28KISf.npy
DOV1a8Y3QNRvivjNEK3B,need,need,57,test,1253.0,asllex,sole gloss,DOV1a8Y3QNRvivjNEK3B.npy
DvvXsJHXbdrbe09dbJF4,need,need,48,test,1224.0,asllex,sole gloss,DvvXsJHXbdrbe09dbJF4.npy
Efxxk5aXGc55MLF9RtpM,need,need,17,train,1056.0,asllex,sole gloss,Efxxk5aXGc55MLF9RtpM.npy
F5uPE5SX3exmC1iBBpJ2,need,need,46,train,2124.0,asllex,sole gloss,F5uPE5SX3exmC1iBBpJ2.npy
GjVzcfS1D9MxvAVo6RJk,need,need,62,train,989.0,asllex,sole gloss,GjVzcfS1D9MxvAVo6RJk.npy
Gp60l5taayiIq4jDbXip,need,need,17,val,1430.0,asllex,sole gloss,Gp60l5taayiIq4jDbXip.npy
GpxPTrb0pL3WVUKYkMb5,need,need,62,val,1119.0,asllex,sole gloss,GpxPTrb0pL3WVUKYkMb5.npy
GxvghT9He2OrVVpwv8qw,need,need,14,val,3704.0,asllex,sole gloss,GxvghT9He2OrVVpwv8qw.npy
Ho1ThFocb5H5RoFdHlMc,need,need,17,train,1432.0,asllex,sole gloss,Ho1ThFocb5H5RoFdHlMc.npy
IGCTeQNPCJ44czKhuskb,need,need,27,train,4919.0,asllex,sole gloss,IGCTeQNPCJ44czKhuskb.npy
JpujyRLQhBanu68YC8pG,need,need,84,train,1205.0,asllex,sole gloss,JpujyRLQhBanu68YC8pG.npy
JsPN4c7KJ4fEszRHwsbv,need,need,46,train,3047.0,asllex,sole gloss,JsPN4c7KJ4fEszRHwsbv.npy
K1Ovdp9mRfA1PTML0hu4,need,need,54,val,2632.0,asllex,sole gloss,K1Ovdp9mRfA1PTML0hu4.npy
KZIj9Czh2IrYnPO5YkbH,need,need,57,test,1378.0,asllex,sole gloss,KZIj9Czh2IrYnPO5YkbH.npy
LjZxh1MFGlkambuiyt3X,need,need,42,val,1549.0,asllex,sole gloss,LjZxh1MFGlkambuiyt3X.npy
MMcaFsD2zA62LnkEYmm5,need,need,35,train,1220.0,asllex,sole gloss,MMcaFsD2zA62LnkEYmm5.npy
Mx4eNgT10hP9Gq9IjJm4,need,need,17,train,1033.0,asllex,sole gloss,Mx4eNgT10hP9Gq9IjJm4.npy
NyugNTRgtMq698yT0vux,need,need,31,train,1427.0,asllex,sole gloss,NyugNTRgtMq698yT0vux.npy
P4sv9ASjs5gzWdo4hZZq,need,need,17,train,1345.0,asllex,sole gloss,P4sv9ASjs5gzWdo4hZZq.npy
Q6IR9qt3bmHm1WkXJV6h,need,need,49,train,854.0,asllex,sole gloss,Q6IR9qt3bmHm1WkXJV6h.npy
QFWZ3ILs2YIuUrquvyxc,need,need,11,val,1307.0,asllex,sole gloss,QFWZ3ILs2YIuUrquvyxc.npy
QbUJoFwJWRnaYVuMADee,need,need,17,val,1382.0,asllex,sole gloss,QbUJoFwJWRnaYVuMADee.npy
R1tTcl6tOawVJZu2bvvt,need,need,17,train,1410.0,asllex,sole gloss,R1tTcl6tOawVJZu2bvvt.npy
RyHixgwiwCNO05YkOZTf,need,need,17,train,912.0,asllex,sole gloss,RyHixgwiwCNO05YkOZTf.npy
SY2aXSk8BlnEoAwYaTF7,need,need,35,train,1442.0,asllex,sole gloss,SY2aXSk8BlnEoAwYaTF7.npy
TDXb0wXzuoii8LZF2knI,need,need,17,train,1752.0,asllex,sole gloss,TDXb0wXzuoii8LZF2knI.npy
TGEWjmdhFX18ji9cvlbO,need,need,49,val,1577.0,asllex,sole gloss,TGEWjmdhFX18ji9cvlbO.npy
UJFkmc1iiMfd02b3YGQh,need,need,62,val,1216.0,asllex,sole gloss,UJFkmc1iiMfd02b3YGQh.npy
VWn1p6MXHC3cq9o24EiH,need,need,17,val,1995.0,asllex,sole gloss,VWn1p6MXHC3cq9o24EiH.npy
W0FZxbuWZNCirc5fFWwk,need,need,35,val,1422.0,asllex,sole gloss,W0FZxbuWZNCirc5fFWwk.npy
W0wBtWiKo0nfmoYehelZ,need,need,50,test,2300.0,asllex,sole gloss,W0wBtWiKo0nfmoYehelZ.npy
WaNrWOXz9ozuU4444l3l,need,need,39,val,3279.0,asllex,sole gloss,WaNrWOXz9ozuU4444l3l.npy
X48SQQ8jg0U5EUUh54qz,need,need,17,val,996.0,asllex,sole gloss,X48SQQ8jg0U5EUUh54qz.npy
YHkNKMKyfpkR31iK2FtX,need,need,57,test,2358.0,asllex,sole gloss,YHkNKMKyfpkR31iK2FtX.npy
ZTQDqCtrX0g5mM5aEDym,need,need,17,train,958.0,asllex,sole gloss,ZTQDqCtrX0g5mM5aEDym.npy
ZYLufEYdMgZ8vnLvz1BQ,need,need,35,val,1398.0,asllex,sole gloss,ZYLufEYdMgZ8vnLvz1BQ.npy
ZcKitmuxJ36gapMXeZeK,need,need,15,train,1486.0,asllex,sole gloss,ZcKitmuxJ36gapMXeZeK.npy
ZoBSW11kCQaRbO9hxR10,need,need,17,train,1048.0,asllex,sole gloss,ZoBSW11kCQaRbO9hxR10.npy
a701gxHQP1bJHWGYM5XH,need,need,17,train,1164.0,asllex,sole gloss,a701gxHQP1bJHWGYM5XH.npy
b8iffIZNAMeSyfhkptas,need,need,17,train,1047.0,asllex,sole gloss,b8iffIZNAMeSyfhkptas.npy
bIoimz5Yp0eBcccZFSJq,need,need,88,train,2865.0,asllex,sole gloss,bIoimz5Yp0eBcccZFSJq.npy
eedcjFHU640n9aWVO25u,need,need,49,train,2654.0,asllex,sole gloss,eedcjFHU640n9aWVO25u.npy
f7WdlRtsMZwz2BPo3nSw,need,need,62,val,1743.0,asllex,sole gloss,f7WdlRtsMZwz2BPo3nSw.npy
gigJvDu2GNCzOqb5zWti,need,need,33,test,2466.0,asllex,sole gloss,gigJvDu2GNCzOqb5zWti.npy
hJr61BdkQwXN35ojNlia,need,need,17,train,842.0,asllex,sole gloss,hJr61BdkQwXN35ojNlia.npy
hMLxOMCxd9OLKOg7G32S,need,need,49,train,1426.0,asllex,sole gloss,hMLxOMCxd9OLKOg7G32S.npy
hPDiUBaKOap5rcMDTeNG,need,need,49,train,884.0,asllex,sole gloss,hPDiUBaKOap5rcMDTeNG.npy
hWzom5PWpygDJTmmoSLT,need,need,62,train,1112.0,asllex,sole gloss,hWzom5PWpygDJTmmoSLT.npy
hjs68gM2TmuDzXGKYyRy,need,need,62,train,1257.0,asllex,sole gloss,hjs68gM2TmuDzXGKYyRy.npy
i9EfKPvquC5m0iEYMMTz,need,need,17,train,1164.0,asllex,sole gloss,i9EfKPvquC5m0iEYMMTz.npy
ifOSx2seahgAAJXU4PIr,need,need,46,train,2926.0,asllex,sole gloss,ifOSx2seahgAAJXU4PIr.npy
ii0lpuvCV4ByLaVcuiSU,need,need,49,train,1969.0,asllex,sole gloss,ii0lpuvCV4ByLaVcuiSU.npy
luDr8xhzD2lJ94wYYFKW,need,need,49,train,1133.0,asllex,sole gloss,luDr8xhzD2lJ94wYYFKW.npy
mzyP7ilQBKlncSmwmBmN,need,need,49,val,759.0,asllex,sole gloss,mzyP7ilQBKlncSmwmBmN.npy
nAmr10AnLrlFXhI9ru3U,need,need,39,train,3031.0,asllex,sole gloss,nAmr10AnLrlFXhI9ru3U.npy
qDkuTbBqoKZLOGEd1qOt,need,need,52,train,4206.0,asllex,sole gloss,qDkuTbBqoKZLOGEd1qOt.npy
s9Kgoh1d723qCcPb1nIY,need,need,49,train,1018.0,asllex,sole gloss,s9Kgoh1d723qCcPb1nIY.npy
sMQe5b206lUF5huh1VmC,need,need,49,val,819.0,asllex,sole gloss,sMQe5b206lUF5huh1VmC.npy
sMY65TKc0zVtdYjfGSH6,need,need,17,train,1053.0,asllex,sole gloss,sMY65TKc0zVtdYjfGSH6.npy
tzqAzEDigqNptlxAcoxS,need,need,17,train,1034.0,asllex,sole gloss,tzqAzEDigqNptlxAcoxS.npy
ueUhEbn4zyrkwU3vpkp0,need,need,42,train,1676.0,freetext,sole gloss,ueUhEbn4zyrkwU3vpkp0.npy
whRHr94g47M5o3TYQ1Nk,need,need,17,train,1030.0,asllex,sole gloss,whRHr94g47M5o3TYQ1Nk.npy
xXlOwQIhTxtqK9on06Ye,need,need,84,val,1394.0,asllex,sole gloss,xXlOwQIhTxtqK9on06Ye.npy
yJ0uaWVaAieL8Q37F4Iz,need,need,31,train,1363.0,asllex,sole gloss,yJ0uaWVaAieL8Q37F4Iz.npy
1z4W0OwcQm31PGKUBT3J,needle,needle,84,train,1722.0,freetext,sole gloss,1z4W0OwcQm31PGKUBT3J.npy
3AQ351glBBDY3tOVGDyL,needle,needle,49,train,2326.0,freetext,sole gloss,3AQ351glBBDY3tOVGDyL.npy
DNpyLxpYla7FC6GjiZwf,needle,needle,59,train,2219.0,asllex,sole gloss,DNpyLxpYla7FC6GjiZwf.npy
DXmtC9Nem0Ts9PrLMcuI,needle,needle,42,val,1564.0,freetext,sole gloss,DXmtC9Nem0Ts9PrLMcuI.npy
es1V2EJ2OcfZtOkzrPjE,needle,needle,88,val,2340.0,asllex,sole gloss,es1V2EJ2OcfZtOkzrPjE.npy
ieESRic4Z0Al6dZnWxyQ,needle,needle,84,train,1547.0,freetext,sole gloss,ieESRic4Z0Al6dZnWxyQ.npy
mqqud1gmtIRmH2AEl4xC,needle,needle,53,test,1863.0,asllex,sole gloss,mqqud1gmtIRmH2AEl4xC.npy
s04EPhNlnNBC9JlU0VQG,needle,needle,61,test,2065.0,freetext,sole gloss,s04EPhNlnNBC9JlU0VQG.npy
AVaXdkwQlnE311i2bpFl,never,never,31,train,1494.0,asllex,sole gloss,AVaXdkwQlnE311i2bpFl.npy
BlSBoKwq1Yot9rd9nbZx,never,never,12,train,1764.0,asllex,sole gloss,BlSBoKwq1Yot9rd9nbZx.npy
Tvj5u0iRjCbOA2tcZjFV,never,never,17,train,1851.0,asllex,sole gloss,Tvj5u0iRjCbOA2tcZjFV.npy
Vs32eY37lxdPXwHHfPyH,never,never,48,test,1481.0,asllex,sole gloss,Vs32eY37lxdPXwHHfPyH.npy
Z7Q4zsIWBeOhPjrJTi4l,never,never,78,val,2343.0,asllex,sole gloss,Z7Q4zsIWBeOhPjrJTi4l.npy
aCHo6AeNx6KaxWx8NZBw,never,never,46,val,2030.0,asllex,sole gloss,aCHo6AeNx6KaxWx8NZBw.npy
mzgqjXbX1GydHJTOQOcZ,never,never,88,train,2074.0,asllex,sole gloss,mzgqjXbX1GydHJTOQOcZ.npy
1QS0hmp9V34u34NwVEtI,night,night,7,train,2415.0,asllex,sole gloss,1QS0hmp9V34u34NwVEtI.npy
2Z7OOJag0pSx53Zc7dBR,night,night,57,test,1402.0,asllex,sole gloss,2Z7OOJag0pSx53Zc7dBR.npy
2c2Pel4lSMIzL3OCFYJo,night,night,30,train,1606.0,asllex,sole gloss,2c2Pel4lSMIzL3OCFYJo.npy
30FaVGbijYvEXYZwhV7b,night,night,49,train,1222.0,asllex,sole gloss,30FaVGbijYvEXYZwhV7b.npy
3Th3iqanX345BTsZYMz3,night,night,59,train,1954.0,asllex,sole gloss,3Th3iqanX345BTsZYMz3.npy
3k6O3Epr0ihfaDQQRS9h,night,night,39,train,3823.0,asllex,sole gloss,3k6O3Epr0ihfaDQQRS9h.npy
4OBQSNVvWBFWpmgmtLrs,night,night,7,train,2375.0,asllex,sole gloss,4OBQSNVvWBFWpmgmtLrs.npy
4SyXrSwSXpG44kThlWt7,night,night,57,test,993.0,asllex,sole gloss,4SyXrSwSXpG44kThlWt7.npy
4rbz8ZqwbsajZKg2jcXh,night,night,36,test,2037.0,asllex,sole gloss,4rbz8ZqwbsajZKg2jcXh.npy
4w3Hn7GfIebRF1CkSfS8,night,night,35,train,1273.0,asllex,sole gloss,4w3Hn7GfIebRF1CkSfS8.npy
4zsejeFJigyqmzrPKiMR,night,night,39,train,2756.0,asllex,sole gloss,4zsejeFJigyqmzrPKiMR.npy
7PNY89YW4BtjBO0MbcZt,night,night,85,train,2911.0,asllex,sole gloss,7PNY89YW4BtjBO0MbcZt.npy
8jbf2xJqB34FgbkxqDEX,night,night,7,train,2093.0,asllex,sole gloss,8jbf2xJqB34FgbkxqDEX.npy
94PVMSoPiADWjL9PYTMm,night,night,52,train,1956.0,asllex,sole gloss,94PVMSoPiADWjL9PYTMm.npy
97ubnfp0J6YyPpZTQlAn,night,night,43,train,2731.0,asllex,sole gloss,97ubnfp0J6YyPpZTQlAn.npy
9CKX6ArgOUt8f8GfNzHC,night,night,23,train,2475.0,asllex,sole gloss,9CKX6ArgOUt8f8GfNzHC.npy
AI49TJax4TmCmROvPPyb,night,night,85,train,3307.0,asllex,sole gloss,AI49TJax4TmCmROvPPyb.npy
ATeveLVdibgTyH5vpQbQ,night,night,14,train,3090.0,asllex,sole gloss,ATeveLVdibgTyH5vpQbQ.npy
ATn5Nh3ZodwKjeIezB4z,night,night,84,train,1955.0,asllex,sole gloss,ATn5Nh3ZodwKjeIezB4z.npy
BEMA75sT91A7WEo1RZUL,night,night,30,train,1522.0,asllex,sole gloss,BEMA75sT91A7WEo1RZUL.npy
ClRx42L0evTpzFPzKkR0,night,night,80,train,1780.0,asllex,sole gloss,ClRx42L0evTpzFPzKkR0.npy
EhtilrFBNUtvhQcVBTC7,night,night,42,train,1695.0,asllex,sole gloss,EhtilrFBNUtvhQcVBTC7.npy
EslbqPk5qq436dNSmVvA,night,night,50,test,2409.0,freetext,sole gloss,EslbqPk5qq436dNSmVvA.npy
Fne8TGxaKAHDZxMSMtnh,night,night,17,train,1027.0,asllex,sole gloss,Fne8TGxaKAHDZxMSMtnh.npy
Fx1cHgxXJZ1eYF9KiSWj,night,night,57,test,2517.0,asllex,sole gloss,Fx1cHgxXJZ1eYF9KiSWj.npy
G9pzfhpFRLsCRw6jvgoS,night,night,57,test,3034.0,asllex,sole gloss,G9pzfhpFRLsCRw6jvgoS.npy
GNPoGBfZbMP1eZ0p0xKf,night,night,62,train,908.0,asllex,sole gloss,GNPoGBfZbMP1eZ0p0xKf.npy
HHBEosFZcwsl1frBXwzf,night,night,62,train,1484.0,asllex,sole gloss,HHBEosFZcwsl1frBXwzf.npy
IlUlYRp3nUBSMoucIIKZ,night,night,52,train,2206.0,asllex,sole gloss,IlUlYRp3nUBSMoucIIKZ.npy
IobkZqFzsEydERwyecv4,night,night,84,train,1723.0,asllex,sole gloss,IobkZqFzsEydERwyecv4.npy
JNRKJIFC3hddzKaQqv28,night,night,42,train,1804.0,freetext,sole gloss,JNRKJIFC3hddzKaQqv28.npy
JiOMi8bhVYUUsbi5OqqU,night,night,46,val,2140.0,asllex,sole gloss,JiOMi8bhVYUUsbi5OqqU.npy
L7IfL9FhXz6pl6aPPt51,night,night,49,val,1118.0,asllex,sole gloss,L7IfL9FhXz6pl6aPPt51.npy
LocnzCGZO2Z7BZwtdXCK,night,night,39,train,2089.0,asllex,sole gloss,LocnzCGZO2Z7BZwtdXCK.npy
MEmaduMXimtyHOHTR9CM,night,night,84,train,2183.0,asllex,sole gloss,MEmaduMXimtyHOHTR9CM.npy
MNI59OuqWPUe81d6aGP1,night,night,62,train,1143.0,asllex,sole gloss,MNI59OuqWPUe81d6aGP1.npy
MpV5cqKfBIT4bcIzyoqs,night,night,52,val,2229.0,asllex,sole gloss,MpV5cqKfBIT4bcIzyoqs.npy
NYIC7Vg4N16HiXognqZC,night,night,57,test,2379.0,asllex,sole gloss,NYIC7Vg4N16HiXognqZC.npy
NfMqQrLtlVojlNdyjIbT,night,night,57,test,1189.0,asllex,sole gloss,NfMqQrLtlVojlNdyjIbT.npy
NwuULpShky0AZhdbp6yV,night,night,61,test,1714.0,asllex,sole gloss,NwuULpShky0AZhdbp6yV.npy
O0QjMFdt8RmqqHPmh40I,night,night,7,train,2775.0,asllex,sole gloss,O0QjMFdt8RmqqHPmh40I.npy
O7EgQcVfLs2I34w5uJRi,night,night,14,val,2465.0,asllex,sole gloss,O7EgQcVfLs2I34w5uJRi.npy
OlQ7NvCPE8dr2LJa1WQF,night,night,61,test,1422.0,asllex,sole gloss,OlQ7NvCPE8dr2LJa1WQF.npy
Pj9iX135ccI3iZqxQX3w,night,night,84,train,1737.0,asllex,sole gloss,Pj9iX135ccI3iZqxQX3w.npy
QEy7v7B4nYZMlsu2HwWe,night,night,46,train,3385.0,asllex,sole gloss,QEy7v7B4nYZMlsu2HwWe.npy
QNZbx36ycfKv3oiFTHCN,night,night,7,train,2569.0,asllex,sole gloss,QNZbx36ycfKv3oiFTHCN.npy
RMDLX37WNVE6sfh3yD2x,night,night,61,test,1307.0,asllex,sole gloss,RMDLX37WNVE6sfh3yD2x.npy
RNYO5DoPp0E86EWjsIb7,night,night,84,train,2146.0,asllex,sole gloss,RNYO5DoPp0E86EWjsIb7.npy
SLAKp2Y8jSNDvXsL0hFQ,night,night,43,train,3538.0,asllex,sole gloss,SLAKp2Y8jSNDvXsL0hFQ.npy
SnFoZQ91t0gR02qakt9K,night,night,57,test,1018.0,asllex,sole gloss,SnFoZQ91t0gR02qakt9K.npy
St41dc4Vc2mmHPirH3DJ,night,night,62,train,1047.0,asllex,sole gloss,St41dc4Vc2mmHPirH3DJ.npy
TMNx32elW22PZWCbRoRB,night,night,88,val,1801.0,asllex,sole gloss,TMNx32elW22PZWCbRoRB.npy
TZfPs04u8fovIM12uh8s,night,night,38,train,3146.0,asllex,sole gloss,TZfPs04u8fovIM12uh8s.npy
ThGUFN1BvG6zy9BlXir0,night,night,39,train,2669.0,asllex,sole gloss,ThGUFN1BvG6zy9BlXir0.npy
V1LssKIJ9N5VP2cN0qQQ,night,night,35,val,1976.0,asllex,sole gloss,V1LssKIJ9N5VP2cN0qQQ.npy
VlXE2Ok79ayVz4GHKA8w,night,night,49,train,1310.0,asllex,sole gloss,VlXE2Ok79ayVz4GHKA8w.npy
WlG3o5GRvVKYHxR9kIWK,night,night,57,test,1642.0,asllex,sole gloss,WlG3o5GRvVKYHxR9kIWK.npy
X1P1a8F12SfxdTJwiuQM,night,night,50,test,3760.0,asllex,sole gloss,X1P1a8F12SfxdTJwiuQM.npy
X7AWnfVUTGKp8D1UWYo6,night,night,39,val,3222.0,asllex,sole gloss,X7AWnfVUTGKp8D1UWYo6.npy
XhHlugKKtglsNQrLCAyK,night,night,60,train,1546.0,asllex,sole gloss,XhHlugKKtglsNQrLCAyK.npy
YA4kz6ryftjGT8IxTLuk,night,night,62,train,1022.0,asllex,sole gloss,YA4kz6ryftjGT8IxTLuk.npy
YHQ1W9o5QMs30okmVwUr,night,night,48,test,1064.0,asllex,sole gloss,YHQ1W9o5QMs30okmVwUr.npy
YXHwJtV1smL1m0WIs5UW,night,night,46,train,2201.0,asllex,sole gloss,YXHwJtV1smL1m0WIs5UW.npy
ZyxYzgMuuIY4cqElc3ot,night,night,61,test,1492.0,asllex,sole gloss,ZyxYzgMuuIY4cqElc3ot.npy
aQkqkRlAZ7qL9JBpLqda,night,night,76,train,4976.0,asllex,sole gloss,aQkqkRlAZ7qL9JBpLqda.npy
b6QLzBpVXJYDlN9AkGBI,night,night,57,test,1007.0,asllex,sole gloss,b6QLzBpVXJYDlN9AkGBI.npy
b7FJRu3RTZAL5I6ZS5cW,night,night,46,val,2613.0,asllex,sole gloss,b7FJRu3RTZAL5I6ZS5cW.npy
bPGjUaTt31AZ7xXdw5lA,night,night,12,val,2650.0,asllex,sole gloss,bPGjUaTt31AZ7xXdw5lA.npy
cDyWO8UE71mVfRtKmpDW,night,night,48,test,1697.0,asllex,sole gloss,cDyWO8UE71mVfRtKmpDW.npy
cHFynvr8KTi8LbglVmTK,night,night,57,test,1327.0,asllex,sole gloss,cHFynvr8KTi8LbglVmTK.npy
cTKKjO5CPx4Mlk5YA3wm,night,night,7,train,2060.0,asllex,sole gloss,cTKKjO5CPx4Mlk5YA3wm.npy
cVpU1I7e9lTp1tCYtRVG,night,night,62,train,991.0,asllex,sole gloss,cVpU1I7e9lTp1tCYtRVG.npy
fD2kXCLF3mKuBV7VA4pt,night,night,61,test,1341.0,asllex,sole gloss,fD2kXCLF3mKuBV7VA4pt.npy
gWvt7xZWxuFcQacFVHdU,night,night,50,test,2539.0,asllex,sole gloss,gWvt7xZWxuFcQacFVHdU.npy
gfZGsKAe0y86WoJDTHB0,night,night,62,train,1225.0,asllex,sole gloss,gfZGsKAe0y86WoJDTHB0.npy
iCngkkMu7hc0qfwpwxg2,night,night,35,train,2078.0,asllex,sole gloss,iCngkkMu7hc0qfwpwxg2.npy
jUkkjmKhJmrXoHEcpxgK,night,night,84,train,3817.0,asllex,sole gloss,jUkkjmKhJmrXoHEcpxgK.npy
jbYLTKhKVjxCt71qa3fK,night,night,62,train,1079.0,asllex,sole gloss,jbYLTKhKVjxCt71qa3fK.npy
k0yJ1xEeJDWRYet1NkxO,night,night,7,train,2484.0,asllex,sole gloss,k0yJ1xEeJDWRYet1NkxO.npy
l7KS9bBrdoiky70S0mnV,night,night,7,train,2391.0,asllex,sole gloss,l7KS9bBrdoiky70S0mnV.npy
lGIZMd1fWjIhmc8C03bd,night,night,17,val,998.0,asllex,sole gloss,lGIZMd1fWjIhmc8C03bd.npy
lXjTldRefE6JtNbfpDfp,night,night,49,val,1375.0,asllex,sole gloss,lXjTldRefE6JtNbfpDfp.npy
lmXHCFRPDFA6aTgB5a9i,night,night,76,train,3667.0,asllex,sole gloss,lmXHCFRPDFA6aTgB5a9i.npy
mv768VYn4sq1ibiYF9dG,night,night,57,test,1296.0,asllex,sole gloss,mv768VYn4sq1ibiYF9dG.npy
nKopv6tWvQdZp15GKC0W,night,night,84,val,2287.0,asllex,sole gloss,nKopv6tWvQdZp15GKC0W.npy
nWlHXnxdqtqrAOgdHGpH,night,night,57,test,1429.0,asllex,sole gloss,nWlHXnxdqtqrAOgdHGpH.npy
oLe6TnT8g717E9lo9jnp,night,night,7,train,2005.0,asllex,sole gloss,oLe6TnT8g717E9lo9jnp.npy
ooxpWsNkoWxfgSFwTDCN,night,night,30,val,1828.0,asllex,sole gloss,ooxpWsNkoWxfgSFwTDCN.npy
piBJdL4uoOywJoI9ih8c,night,night,84,train,1545.0,asllex,sole gloss,piBJdL4uoOywJoI9ih8c.npy
rJsU1S4DRk08svYhHbis,night,night,61,test,2279.0,asllex,sole gloss,rJsU1S4DRk08svYhHbis.npy
s2dzm00H0ZmgMyqBl4qp,night,night,46,val,2500.0,asllex,sole gloss,s2dzm00H0ZmgMyqBl4qp.npy
sgNAu28GUWKlMayTDVvJ,night,night,42,train,1430.0,asllex,sole gloss,sgNAu28GUWKlMayTDVvJ.npy
tQtAmKATMELSP515vlxX,night,night,59,train,2329.0,asllex,sole gloss,tQtAmKATMELSP515vlxX.npy
vp6OnYVFjNOAKKdm2sxK,night,night,84,train,1659.0,asllex,sole gloss,vp6OnYVFjNOAKKdm2sxK.npy
vvb7jQOkT7pZ4JwQEpEL,night,night,46,train,3669.0,asllex,sole gloss,vvb7jQOkT7pZ4JwQEpEL.npy
w0REWkdgKFQBc6x5MQbb,night,night,52,val,1746.0,asllex,sole gloss,w0REWkdgKFQBc6x5MQbb.npy
yoX1c7QVBKX7mQUTsxq5,night,night,57,test,3019.0,asllex,sole gloss,yoX1c7QVBKX7mQUTsxq5.npy
z40udgqyhrvGPjWwXDLq,night,night,39,val,2888.0,asllex,sole gloss,z40udgqyhrvGPjWwXDLq.npy
zKMS9QFbFUqV7OdFEV5w,night,night,84,val,1634.0,asllex,sole gloss,zKMS9QFbFUqV7OdFEV5w.npy
zU3Ia8NAovv1grD3joir,night,night,7,train,2841.0,asllex,sole gloss,zU3Ia8NAovv1grD3joir.npy
zw6ofPlcy0r5uGiONDx4,night,night,48,test,1721.0,asllex,sole gloss,zw6ofPlcy0r5uGiONDx4.npy
00sx5EtkGl63P4IZoXAd,no,no,39,train,3440.0,asllex,sole gloss,00sx5EtkGl63P4IZoXAd.npy
17pa9Lp2HNMGmtVj8kRa,no,no,11,train,1721.0,asllex,sole gloss,17pa9Lp2HNMGmtVj8kRa.npy
1ErMiDUcBav6FScgcm6Y,no,no,31,train,2016.0,asllex,sole gloss,1ErMiDUcBav6FScgcm6Y.npy
23LuaRcBqX6MRK0ExzzH,no,no,88,train,2145.0,asllex,sole gloss,23LuaRcBqX6MRK0ExzzH.npy
4ecKFs38d8160xB8bXo5,no,no,30,train,1506.0,asllex,sole gloss,4ecKFs38d8160xB8bXo5.npy
57jxrLXdQ9nauhVzhoVg,no,no,53,test,1819.0,freetext,sole gloss,57jxrLXdQ9nauhVzhoVg.npy
5EVTs3bkQsTTXPCmMmHN,no,no,39,val,3170.0,asllex,sole gloss,5EVTs3bkQsTTXPCmMmHN.npy
5GGyaTviulHCOWD4gJl4,no,no,49,val,1252.0,asllex,sole gloss,5GGyaTviulHCOWD4gJl4.npy
5lAUTRGWDugmG8z6kc3V,no,no,59,train,5837.0,freetext,sole gloss,5lAUTRGWDugmG8z6kc3V.npy
6XNKtEJxqbNchTm2Lwnk,no,no,57,test,1076.0,asllex,sole gloss,6XNKtEJxqbNchTm2Lwnk.npy
7aQlN72ZdFejldtYcRcG,no,no,88,val,3126.0,freetext,sole gloss,7aQlN72ZdFejldtYcRcG.npy
7oVOszvKDZSTl9hy2vfF,no,no,39,train,2311.0,asllex,sole gloss,7oVOszvKDZSTl9hy2vfF.npy
7yy6lkl8ki6dkTm1RYYN,no,no,49,train,1003.0,freetext,sole gloss,7yy6lkl8ki6dkTm1RYYN.npy
8MYsglbd4GmvobjgozcY,no,no,49,val,1011.0,asllex,sole gloss,8MYsglbd4GmvobjgozcY.npy
8h6sllSuLYt6duGolwvL,no,no,39,val,2677.0,asllex,sole gloss,8h6sllSuLYt6duGolwvL.npy
98mjt3UW4W6szml92XEK,no,no,49,train,1293.0,freetext,sole gloss,98mjt3UW4W6szml92XEK.npy
9TCQsJuADKDYmKOURRPV,no,no,57,test,1241.0,asllex,sole gloss,9TCQsJuADKDYmKOURRPV.npy
9Y9dTEK1NaDpVO2ZSReT,no,no,62,val,774.0,freetext,sole gloss,9Y9dTEK1NaDpVO2ZSReT.npy
Cr44lKZqX9sFntfdR3qZ,no,no,39,train,1816.0,asllex,sole gloss,Cr44lKZqX9sFntfdR3qZ.npy
EQ3ls9yQ0em1SScJR5tI,no,no,76,train,2778.0,asllex,sole gloss,EQ3ls9yQ0em1SScJR5tI.npy
F8QsInYLHZezNdOS9D9z,no,no,17,val,1371.0,asllex,sole gloss,F8QsInYLHZezNdOS9D9z.npy
F8uCmswmha5s1td9JrqJ,no,no,78,train,2720.0,asllex,sole gloss,F8uCmswmha5s1td9JrqJ.npy
FgEVgCMceL7mLkM3wbXA,no,no,57,test,668.0,asllex,sole gloss,FgEVgCMceL7mLkM3wbXA.npy
MK7gaHSxmVhW2zw2Qdqz,no,no,39,train,2137.0,asllex,sole gloss,MK7gaHSxmVhW2zw2Qdqz.npy
Mdf5CcL97SAdCgwcf6xd,no,no,80,train,2016.0,asllex,sole gloss,Mdf5CcL97SAdCgwcf6xd.npy
O6G5Z1F9PQ6Z4zTqk3HU,no,no,42,train,1751.0,freetext,sole gloss,O6G5Z1F9PQ6Z4zTqk3HU.npy
OXkqFUUn40PG7EvWEOEF,no,no,39,train,2224.0,freetext,sole gloss,OXkqFUUn40PG7EvWEOEF.npy
PfFV3tAl9LnzSD32ZjD1,no,no,46,train,2545.0,asllex,sole gloss,PfFV3tAl9LnzSD32ZjD1.npy
RGOvHIrEtAMIYaElJbMM,no,no,88,train,3536.0,asllex,sole gloss,RGOvHIrEtAMIYaElJbMM.npy
Rchlq0CTmerd2PKo4Rgk,no,no,57,test,1389.0,asllex,sole gloss,Rchlq0CTmerd2PKo4Rgk.npy
RgROtSDzYhto4MmqFtN3,no,no,88,train,1615.0,asllex,sole gloss,RgROtSDzYhto4MmqFtN3.npy
UPXI86jnUvGKxpmLZ0S3,no,no,46,train,1652.0,asllex,sole gloss,UPXI86jnUvGKxpmLZ0S3.npy
VhzQYTZfHKh727KcFUlG,no,no,62,val,1140.0,asllex,sole gloss,VhzQYTZfHKh727KcFUlG.npy
W50LejIOJ4TEbqrYZ0u3,no,no,49,train,1568.0,asllex,sole gloss,W50LejIOJ4TEbqrYZ0u3.npy
WJGPnU2LWAxP42zVOn4i,no,no,84,train,1282.0,asllex,sole gloss,WJGPnU2LWAxP42zVOn4i.npy
Wf7TQhWFPnkNG5mTFZ83,no,no,39,train,1969.0,asllex,sole gloss,Wf7TQhWFPnkNG5mTFZ83.npy
XoIQSfnwe9gcOMuDd9zH,no,no,88,train,1586.0,asllex,sole gloss,XoIQSfnwe9gcOMuDd9zH.npy
YXTbsOhiKAb1CmMYQwLJ,no,no,11,train,1825.0,asllex,sole gloss,YXTbsOhiKAb1CmMYQwLJ.npy
a1WJgckfgfgS1cVK6EOG,no,no,49,val,2048.0,asllex,sole gloss,a1WJgckfgfgS1cVK6EOG.npy
b50g5ZogBkvk9IcNNunI,no,no,80,train,2867.0,asllex,sole gloss,b50g5ZogBkvk9IcNNunI.npy
bFPxLbDuluSpxDHxQzoy,no,no,39,train,2667.0,asllex,sole gloss,bFPxLbDuluSpxDHxQzoy.npy
d5Pvrtbgke7G63HGaE4h,no,no,39,val,4324.0,asllex,sole gloss,d5Pvrtbgke7G63HGaE4h.npy
fLZOFl6ETPo9WAh1ttbM,no,no,57,test,1276.0,asllex,sole gloss,fLZOFl6ETPo9WAh1ttbM.npy
fT5EfnwUkoUfhQQ1Zw8V,no,no,88,train,2985.0,asllex,sole gloss,fT5EfnwUkoUfhQQ1Zw8V.npy
hlMqHCIx3YCfvuLZ6Gxh,no,no,57,test,1466.0,freetext,sole gloss,hlMqHCIx3YCfvuLZ6Gxh.npy
iSXoHCbH5iBhgzeqI4Vg,no,no,46,train,3261.0,asllex,sole gloss,iSXoHCbH5iBhgzeqI4Vg.npy
jHcpZP0DTDmdEzYK314W,no,no,35,train,1694.0,asllex,sole gloss,jHcpZP0DTDmdEzYK314W.npy
jJumleK4Sen9VJWBTjPB,no,no,39,train,3446.0,freetext,sole gloss,jJumleK4Sen9VJWBTjPB.npy
kfL5EVt7u9RyjMPvYJUQ,no,no,39,val,2299.0,asllex,sole gloss,kfL5EVt7u9RyjMPvYJUQ.npy
lPvh0Kpvz6hVwt1ZDEvf,no,no,57,test,1660.0,freetext,sole gloss,lPvh0Kpvz6hVwt1ZDEvf.npy
lmtSO3Dyj0J0mDVCPCsO,no,no,46,val,3281.0,asllex,sole gloss,lmtSO3Dyj0J0mDVCPCsO.npy
m8VwvxzcXhyKHi3NrxyP,no,no,57,test,874.0,asllex,sole gloss,m8VwvxzcXhyKHi3NrxyP.npy
maIiKUtBn3XxJoMtusW1,no,no,57,test,1386.0,asllex,sole gloss,maIiKUtBn3XxJoMtusW1.npy
mq47RHHHWHhI3cssdiv7,no,no,62,train,876.0,asllex,sole gloss,mq47RHHHWHhI3cssdiv7.npy
nyKWoxdUygrovgg6lacM,no,no,62,train,873.0,asllex,sole gloss,nyKWoxdUygrovgg6lacM.npy
o1UCi900kQwZTfQxFNba,no,no,11,train,1548.0,asllex,sole gloss,o1UCi900kQwZTfQxFNba.npy
oD9XiN0AcM4V4CDa4265,no,no,57,test,1104.0,asllex,sole gloss,oD9XiN0AcM4V4CDa4265.npy
oogfYVWcB6zQ6sBF67oq,no,no,50,test,2742.0,asllex,sole gloss,oogfYVWcB6zQ6sBF67oq.npy
pv8yXsibpNDiSD0baE1W,no,no,57,test,1418.0,asllex,sole gloss,pv8yXsibpNDiSD0baE1W.npy
qN6HV5ZwxFFF1Yb0fi3Q,no,no,57,test,1149.0,asllex,sole gloss,qN6HV5ZwxFFF1Yb0fi3Q.npy
qsxDbPqSOsyVv64lZKju,no,no,8,train,1190.0,asllex,sole gloss,qsxDbPqSOsyVv64lZKju.npy
r5Zq0idsYTITis2VtVsr,no,no,88,train,2425.0,asllex,sole gloss,r5Zq0idsYTITis2VtVsr.npy
rdi1XSlj2CNPheAe7Vjv,no,no,61,test,1011.0,asllex,sole gloss,rdi1XSlj2CNPheAe7Vjv.npy
sJcsKjVmkwWNNGk1eGF5,no,no,88,train,3274.0,asllex,sole gloss,sJcsKjVmkwWNNGk1eGF5.npy
t5OHITDKAvuan50UPRi7,no,no,57,test,968.0,asllex,sole gloss,t5OHITDKAvuan50UPRi7.npy
tsQUkee8MIjtl3bKukk9,no,no,48,test,1816.0,asllex,sole gloss,tsQUkee8MIjtl3bKukk9.npy
u1u5PIsLA3h0mqdkNnGO,no,no,57,test,1243.0,asllex,sole gloss,u1u5PIsLA3h0mqdkNnGO.npy
uX3lpLwVAKYcNoh0QESt,no,no,57,test,1414.0,asllex,sole gloss,uX3lpLwVAKYcNoh0QESt.npy
y56SOFz4LLIcKGNLszNd,no,no,17,train,1585.0,asllex,sole gloss,y56SOFz4LLIcKGNLszNd.npy
yCjJNujYHlPV9f7uuLEm,no,no,85,train,3625.0,asllex,sole gloss,yCjJNujYHlPV9f7uuLEm.npy
yOOrFyIoC9pCSIIOLl04,no,no,80,val,1707.0,asllex,sole gloss,yOOrFyIoC9pCSIIOLl04.npy
yUELHdLiE1MUbyBrzSI8,no,no,52,val,2430.0,asllex,sole gloss,yUELHdLiE1MUbyBrzSI8.npy
ydUx3cRvNsNw2p6IDft1,no,no,57,test,1443.0,asllex,sole gloss,ydUx3cRvNsNw2p6IDft1.npy
1bHhpcExJmBg15CgJAy0,nose,nose,8,train,1384.0,asllex,sole gloss,1bHhpcExJmBg15CgJAy0.npy
26RCU9utVL2EeNDmqThg,nose,nose,88,val,1813.0,asllex,sole gloss,26RCU9utVL2EeNDmqThg.npy
2sUCpaJBT8IwTzi5jzSM,nose,nose,39,val,2725.0,asllex,sole gloss,2sUCpaJBT8IwTzi5jzSM.npy
5Ji80WS3f2yVs6gQ9nFq,nose,nose,46,train,1494.0,asllex,sole gloss,5Ji80WS3f2yVs6gQ9nFq.npy
5QADnYlUe2gitPwJ199e,nose,nose,31,val,1444.0,asllex,sole gloss,5QADnYlUe2gitPwJ199e.npy
BKauNUdnQ829ATlmh3Ov,nose,nose,78,val,1783.0,asllex,sole gloss,BKauNUdnQ829ATlmh3Ov.npy
FBwXOLzlb1TyIe7ldSyt,nose,nose,88,train,2284.0,asllex,sole gloss,FBwXOLzlb1TyIe7ldSyt.npy
GjKiuEbtMhH1bsPqAt2e,nose,nose,84,train,2457.0,asllex,sole gloss,GjKiuEbtMhH1bsPqAt2e.npy
HCPYxNqUB9LwGMC2hOYD,nose,nose,7,train,2095.0,asllex,sole gloss,HCPYxNqUB9LwGMC2hOYD.npy
KphHLdJEfk8JLvhkhQsN,nose,nose,46,train,1572.0,asllex,sole gloss,KphHLdJEfk8JLvhkhQsN.npy
La4NenyPVvLZQespOEVX,nose,nose,88,val,2058.0,asllex,sole gloss,La4NenyPVvLZQespOEVX.npy
MYDqtpNlo6nsleQoQPtq,nose,nose,39,train,2902.0,asllex,sole gloss,MYDqtpNlo6nsleQoQPtq.npy
OJwcddIPAx3ekjyvk8WO,nose,nose,11,train,1620.0,asllex,sole gloss,OJwcddIPAx3ekjyvk8WO.npy
P8MdFqeI2Tyd59Dv9L9M,nose,nose,62,train,918.0,asllex,sole gloss,P8MdFqeI2Tyd59Dv9L9M.npy
PBY5tYaPrQIcvhWRAJ7m,nose,nose,7,train,2296.0,asllex,sole gloss,PBY5tYaPrQIcvhWRAJ7m.npy
VTghTrZjLTAwLFak3Sol,nose,nose,46,train,2477.0,asllex,sole gloss,VTghTrZjLTAwLFak3Sol.npy
b6dMoHDLzdEQ9cFzXRLi,nose,nose,76,train,3907.0,asllex,sole gloss,b6dMoHDLzdEQ9cFzXRLi.npy
cnP388EcOGHyVn6rqXpA,nose,nose,84,train,1306.0,asllex,sole gloss,cnP388EcOGHyVn6rqXpA.npy
fQGqNYRieoUYsnASRBNB,nose,nose,7,train,2359.0,asllex,sole gloss,fQGqNYRieoUYsnASRBNB.npy
fYyw2xr5t8cN30vWgYzs,nose,nose,49,train,1439.0,asllex,sole gloss,fYyw2xr5t8cN30vWgYzs.npy
gVt3u6hFEH4wXfezSS8O,nose,nose,8,train,1587.0,asllex,sole gloss,gVt3u6hFEH4wXfezSS8O.npy
h7jqGegQCmQE6lvm5tbQ,nose,nose,31,val,1575.0,asllex,sole gloss,h7jqGegQCmQE6lvm5tbQ.npy
hCWTYLlCfKgiqPOzhHIL,nose,nose,88,train,2161.0,asllex,sole gloss,hCWTYLlCfKgiqPOzhHIL.npy
iUuJUzhk1uYI9j07mWtN,nose,nose,88,train,4258.0,asllex,sole gloss,iUuJUzhk1uYI9j07mWtN.npy
lVq0kDed2Y433vwiIgcB,nose,nose,7,train,2049.0,asllex,sole gloss,lVq0kDed2Y433vwiIgcB.npy
nsf8BFUCDZfkT99E8sdK,nose,nose,46,val,2142.0,asllex,sole gloss,nsf8BFUCDZfkT99E8sdK.npy
o7zLjQZZdC525SoDZw4o,nose,nose,59,train,1771.0,asllex,sole gloss,o7zLjQZZdC525SoDZw4o.npy
pqxFYs7Dw7YxT79vggJn,nose,nose,88,val,2858.0,asllex,sole gloss,pqxFYs7Dw7YxT79vggJn.npy
qxmG1Cq0FaTUoowc0DFY,nose,nose,62,train,1326.0,asllex,sole gloss,qxmG1Cq0FaTUoowc0DFY.npy
tMmZGzVwVF9JTgWjvCK2,nose,nose,8,train,1597.0,asllex,sole gloss,tMmZGzVwVF9JTgWjvCK2.npy
tmAcQmun3Hyhz1Om6Ilq,nose,nose,63,train,1631.0,asllex,sole gloss,tmAcQmun3Hyhz1Om6Ilq.npy
vfoDGCjpipbtvcSzUDOd,nose,nose,48,test,1127.0,asllex,sole gloss,vfoDGCjpipbtvcSzUDOd.npy
yEU0mR8VJP8T13JJQGCD,nose,nose,61,test,1016.0,asllex,sole gloss,yEU0mR8VJP8T13JJQGCD.npy
08BdPoDvbHyNQRRecMQn,not,not,46,train,3064.0,asllex,sole gloss,08BdPoDvbHyNQRRecMQn.npy
0nvijmBXCA8HHA5twjQe,not,not,78,val,1890.0,asllex,sole gloss,0nvijmBXCA8HHA5twjQe.npy
1QtKXheU1k606zrzX4D1,not,not,49,train,1038.0,asllex,sole gloss,1QtKXheU1k606zrzX4D1.npy
32RRhrKD3uXUfjRIkdCQ,not,not,23,train,1535.0,asllex,sole gloss,32RRhrKD3uXUfjRIkdCQ.npy
6VRygPh35LQ4ByOZ0EbU,not,not,49,train,952.0,asllex,sole gloss,6VRygPh35LQ4ByOZ0EbU.npy
7DIxjcv5NKbYl8nbZ3u9,not,not,46,val,4208.0,asllex,sole gloss,7DIxjcv5NKbYl8nbZ3u9.npy
7IUJ8tHbb4LCbd1pqcpo,not,not,49,train,936.0,asllex,sole gloss,7IUJ8tHbb4LCbd1pqcpo.npy
7WgiwhnTMA2RjBe5KjEE,not,not,57,test,2210.0,asllex,sole gloss,7WgiwhnTMA2RjBe5KjEE.npy
8BsPSOSdZGSs8cFeBhza,not,not,53,test,1651.0,asllex,sole gloss,8BsPSOSdZGSs8cFeBhza.npy
CvPjWq0IIZOCJAvrKyUM,not,not,62,train,1374.0,asllex,sole gloss,CvPjWq0IIZOCJAvrKyUM.npy
DXxsS8gFxIDCXpD35lJp,not,not,39,train,2085.0,asllex,sole gloss,DXxsS8gFxIDCXpD35lJp.npy
ESpZ1NfP4qMSIUaiPFBa,not,not,38,train,2406.0,asllex,sole gloss,ESpZ1NfP4qMSIUaiPFBa.npy
EdCXTeWOaT7R44MMNTIP,not,not,17,train,1662.0,asllex,sole gloss,EdCXTeWOaT7R44MMNTIP.npy
Fb6iYuPRCpHc2vK4zzdn,not,not,17,train,1585.0,asllex,sole gloss,Fb6iYuPRCpHc2vK4zzdn.npy
HGrMXZOYAQmyOyfDuKNb,not,not,23,train,1237.0,asllex,sole gloss,HGrMXZOYAQmyOyfDuKNb.npy
HV9uMkV0q7NfZTSed45z,not,not,80,val,2827.0,asllex,sole gloss,HV9uMkV0q7NfZTSed45z.npy
HWMJPriRp0eTZdQgaDha,not,not,49,val,866.0,asllex,sole gloss,HWMJPriRp0eTZdQgaDha.npy
HhddRyuew9fDXZTDYrn0,not,not,78,train,1885.0,asllex,sole gloss,HhddRyuew9fDXZTDYrn0.npy
IMWfdrc06uPO0uy3sq2p,not,not,49,train,1357.0,asllex,sole gloss,IMWfdrc06uPO0uy3sq2p.npy
JgdW8py9mVmgxrQzfi6A,not,not,49,train,1087.0,asllex,sole gloss,JgdW8py9mVmgxrQzfi6A.npy
KbW1Pp8l43mvXlSlIoOj,not,not,49,val,1536.0,asllex,sole gloss,KbW1Pp8l43mvXlSlIoOj.npy
LwHD3EsEr5rjICfY68Sc,not,not,49,train,3090.0,asllex,sole gloss,LwHD3EsEr5rjICfY68Sc.npy
P7FcKby2bkVatRC7f0UL,not,not,78,train,2232.0,asllex,sole gloss,P7FcKby2bkVatRC7f0UL.npy
P8vOZEiTWeDcK70lhB7S,not,not,62,train,1460.0,asllex,sole gloss,P8vOZEiTWeDcK70lhB7S.npy
Sclxanqd4Y9ArToJJs0Z,not,not,78,train,2079.0,asllex,sole gloss,Sclxanqd4Y9ArToJJs0Z.npy
T54dYHdQrRm29XuPdRAC,not,not,17,val,1769.0,asllex,sole gloss,T54dYHdQrRm29XuPdRAC.npy
UiL5AI56dL5Z6wlh3mWe,not,not,23,val,1442.0,asllex,sole gloss,UiL5AI56dL5Z6wlh3mWe.npy
UyuRoH2bZ8mOK2kpZ4M7,not,not,17,train,975.0,asllex,sole gloss,UyuRoH2bZ8mOK2kpZ4M7.npy
VfMYAyvvMtTgxoRuSZKf,not,not,78,val,2068.0,asllex,sole gloss,VfMYAyvvMtTgxoRuSZKf.npy
ZXpEpb8rCNck5HjL4EoL,not,not,23,train,1388.0,asllex,sole gloss,ZXpEpb8rCNck5HjL4EoL.npy
a8NfedYu6CccgcT3wLnw,not,not,49,train,1035.0,asllex,sole gloss,a8NfedYu6CccgcT3wLnw.npy
cnie17e6N2vQDzPYFZbB,not,not,49,val,1066.0,asllex,sole gloss,cnie17e6N2vQDzPYFZbB.npy
gYwu7pQRefzalYNcCalZ,not,not,57,test,1868.0,asllex,sole gloss,gYwu7pQRefzalYNcCalZ.npy
gd7lWCPCOVhngGF3ebqw,not,not,49,val,1092.0,asllex,sole gloss,gd7lWCPCOVhngGF3ebqw.npy
iF30rc1sveiGvm28Wv4e,not,not,49,train,998.0,asllex,sole gloss,iF30rc1sveiGvm28Wv4e.npy
icaoUlH6xl7osg9TBFUo,not,not,46,train,3008.0,asllex,sole gloss,icaoUlH6xl7osg9TBFUo.npy
kTUFHGYEYi24ZPLuFTfG,not,not,50,test,1978.0,asllex,sole gloss,kTUFHGYEYi24ZPLuFTfG.npy
kk4cfi2CwiecM627Jadg,not,not,49,train,1252.0,asllex,sole gloss,kk4cfi2CwiecM627Jadg.npy
ohBbCNMDuKnIKlW4J5Rj,not,not,49,train,1297.0,asllex,sole gloss,ohBbCNMDuKnIKlW4J5Rj.npy
p7Il5y0J2mRNXQGLXcEX,not,not,23,train,1836.0,asllex,sole gloss,p7Il5y0J2mRNXQGLXcEX.npy
poSLq222mjxiVSkE66oe,not,not,62,val,1134.0,asllex,sole gloss,poSLq222mjxiVSkE66oe.npy
qtSK25v8YtRoxZxuyNui,not,not,49,train,1851.0,asllex,sole gloss,qtSK25v8YtRoxZxuyNui.npy
rua658hesrpPxnF5u74n,not,not,49,train,1717.0,asllex,sole gloss,rua658hesrpPxnF5u74n.npy
t3pmGzxNwwCNWMay3WWY,not,not,49,train,1196.0,asllex,sole gloss,t3pmGzxNwwCNWMay3WWY.npy
tVgVrnuMZ9f8jUZ1vJHo,not,not,23,val,1840.0,asllex,sole gloss,tVgVrnuMZ9f8jUZ1vJHo.npy
uoUYziiZaTOVq6ScbFY6,not,not,49,train,833.0,asllex,sole gloss,uoUYziiZaTOVq6ScbFY6.npy
w30eXgELoO5d0iHohdAQ,not,not,49,train,1101.0,asllex,sole gloss,w30eXgELoO5d0iHohdAQ.npy
xBG8JM8jsLCcVGN19b0B,not,not,84,train,2487.0,asllex,sole gloss,xBG8JM8jsLCcVGN19b0B.npy
yRLP5XObARtiHM9PvlFq,not,not,46,train,5534.0,asllex,sole gloss,yRLP5XObARtiHM9PvlFq.npy
zObkM9YscDhjv1GTsH19,not,not,17,train,1696.0,asllex,sole gloss,zObkM9YscDhjv1GTsH19.npy
3dXhyBhFW68YmZ21eKTL,now,now,49,train,1358.0,asllex,sole gloss,3dXhyBhFW68YmZ21eKTL.npy
3h0hKJKzGBibGyxaPVVi,now,now,57,test,2269.0,asllex,sole gloss,3h0hKJKzGBibGyxaPVVi.npy
4cdfUuWnvfmMMDZM3toS,now,now,49,train,1599.0,asllex,sole gloss,4cdfUuWnvfmMMDZM3toS.npy
58Jgavwe2TxIs123RPW7,now,now,88,train,3835.0,asllex,sole gloss,58Jgavwe2TxIs123RPW7.npy
76PVE2hTZnonsbrAMP2p,now,now,39,train,2591.0,asllex,sole gloss,76PVE2hTZnonsbrAMP2p.npy
7U11YHIuZcDyCUQVzPd2,now,now,57,test,1919.0,asllex,sole gloss,7U11YHIuZcDyCUQVzPd2.npy
9Qh0FoRYHibr9EmSEsVa,now,now,84,val,1469.0,asllex,sole gloss,9Qh0FoRYHibr9EmSEsVa.npy
AOBBpgmUVZd2Bgt2dG8y,now,now,57,test,3570.0,asllex,sole gloss,AOBBpgmUVZd2Bgt2dG8y.npy
CZTN0vLenrRAKsYUQbM9,now,now,49,train,1395.0,asllex,sole gloss,CZTN0vLenrRAKsYUQbM9.npy
DOA9mKiAPTgobIeHznoE,now,now,62,train,1010.0,asllex,sole gloss,DOA9mKiAPTgobIeHznoE.npy
FU7U8u2YGylgq0K3rUi0,now,now,85,val,2168.0,asllex,sole gloss,FU7U8u2YGylgq0K3rUi0.npy
Gffjat2FYmGS1zCLeeJZ,now,now,39,train,4127.0,asllex,sole gloss,Gffjat2FYmGS1zCLeeJZ.npy
IhGStI3qGYe1qQb78C6j,now,now,52,train,2602.0,asllex,sole gloss,IhGStI3qGYe1qQb78C6j.npy
JW4M8JOGd2XBH2iynGvq,now,now,88,val,2409.0,asllex,sole gloss,JW4M8JOGd2XBH2iynGvq.npy
KKY3tNuXZgIALC23Bfsa,now,now,84,train,1976.0,asllex,sole gloss,KKY3tNuXZgIALC23Bfsa.npy
KuWPUAuviYuVRE94hfaG,now,now,62,val,1144.0,asllex,sole gloss,KuWPUAuviYuVRE94hfaG.npy
LPVOSS0WXIR6JJR8qcNz,now,now,39,train,2899.0,asllex,sole gloss,LPVOSS0WXIR6JJR8qcNz.npy
NKYS5UnYr8FS5PuGdF9h,now,now,17,train,1645.0,asllex,sole gloss,NKYS5UnYr8FS5PuGdF9h.npy
NzCkWOCplf5qKKGGaX7o,now,now,38,train,2867.0,freetext,sole gloss,NzCkWOCplf5qKKGGaX7o.npy
O6XIsAM7fdQ2fqxAiqmX,now,now,62,train,1120.0,asllex,sole gloss,O6XIsAM7fdQ2fqxAiqmX.npy
OXps82VCdL7LErdleZVw,now,now,39,train,2263.0,asllex,sole gloss,OXps82VCdL7LErdleZVw.npy
OxqFdp1ESyAQu3ml4aqa,now,now,7,train,2339.0,asllex,sole gloss,OxqFdp1ESyAQu3ml4aqa.npy
PdTaiFX2TXGTvbZWiD6T,now,now,62,train,1378.0,asllex,sole gloss,PdTaiFX2TXGTvbZWiD6T.npy
RmVMnynYq3EO5azQn2fe,now,now,39,train,3116.0,asllex,sole gloss,RmVMnynYq3EO5azQn2fe.npy
SPomGAmtqeTs3LTDD1D4,now,now,48,test,1284.0,asllex,sole gloss,SPomGAmtqeTs3LTDD1D4.npy
SdQ4UA45dS3R2DmfTCoz,now,now,39,train,3407.0,asllex,sole gloss,SdQ4UA45dS3R2DmfTCoz.npy
T06dNLYfjco1LbqV3dsn,now,now,49,train,1011.0,asllex,sole gloss,T06dNLYfjco1LbqV3dsn.npy
TUafm4AXzWSRyQGxdCaz,now,now,48,test,1993.0,asllex,sole gloss,TUafm4AXzWSRyQGxdCaz.npy
UP34sS9HnEutlVWvTEgI,now,now,39,val,2991.0,asllex,sole gloss,UP34sS9HnEutlVWvTEgI.npy
UcQXSoH8mfdwrrBnpAqc,now,now,61,test,1197.0,asllex,sole gloss,UcQXSoH8mfdwrrBnpAqc.npy
VRwxlR6SDyvmbU5qA6X0,now,now,59,train,3151.0,asllex,sole gloss,VRwxlR6SDyvmbU5qA6X0.npy
VowGhn3nFF8GOJc1awHx,now,now,39,val,2252.0,asllex,sole gloss,VowGhn3nFF8GOJc1awHx.npy
VtBl7sJKEs5i7PXUNyCr,now,now,17,train,1661.0,asllex,sole gloss,VtBl7sJKEs5i7PXUNyCr.npy
WT3Ynk3ONVvNop7fDKe7,now,now,7,train,2330.0,asllex,sole gloss,WT3Ynk3ONVvNop7fDKe7.npy
XEmg59gkGXEFBqNSwZAl,now,now,57,test,1637.0,asllex,sole gloss,XEmg59gkGXEFBqNSwZAl.npy
ZYiy1EH96Nw0rg2rEwal,now,now,31,train,1317.0,asllex,sole gloss,ZYiy1EH96Nw0rg2rEwal.npy
beEqEhGz1hVAB6wRhcE8,now,now,36,test,2496.0,asllex,sole gloss,beEqEhGz1hVAB6wRhcE8.npy
bos02TBtfzrJswpgsXHT,now,now,62,val,1284.0,asllex,sole gloss,bos02TBtfzrJswpgsXHT.npy
cEpKf9L6aSKMlqPFIiGM,now,now,7,train,1856.0,asllex,sole gloss,cEpKf9L6aSKMlqPFIiGM.npy
eDKl6PFGxE3GYXNZ0Vph,now,now,23,val,1609.0,asllex,sole gloss,eDKl6PFGxE3GYXNZ0Vph.npy
ezxP5EIGjj3jZNLOk2oA,now,now,57,test,1838.0,asllex,sole gloss,ezxP5EIGjj3jZNLOk2oA.npy
gfAgnNNQpAymTTRc5Af5,now,now,39,train,2845.0,asllex,sole gloss,gfAgnNNQpAymTTRc5Af5.npy
hFflxB6IOcsjSTGxDDiS,now,now,38,train,3256.0,asllex,sole gloss,hFflxB6IOcsjSTGxDDiS.npy
iPkxVUMxIQFEWSqyWvKv,now,now,39,val,3269.0,asllex,sole gloss,iPkxVUMxIQFEWSqyWvKv.npy
iYHfbcXmiC5iVCptFctA,now,now,62,train,1050.0,asllex,sole gloss,iYHfbcXmiC5iVCptFctA.npy
jhMLCTm4VXtTEYEH5f4D,now,now,30,train,1613.0,asllex,sole gloss,jhMLCTm4VXtTEYEH5f4D.npy
mcpcZUO12BdPxUajUXBx,now,now,11,train,1429.0,asllex,sole gloss,mcpcZUO12BdPxUajUXBx.npy
me5H5yWOueECdwVtDhFh,now,now,59,val,2248.0,asllex,sole gloss,me5H5yWOueECdwVtDhFh.npy
o70S0H1kw2sDqoix8p3j,now,now,63,train,1357.0,asllex,sole gloss,o70S0H1kw2sDqoix8p3j.npy
q9gpJSxmweeZvFdBeLOh,now,now,7,train,2276.0,asllex,sole gloss,q9gpJSxmweeZvFdBeLOh.npy
rZhJvXSKHYlmp1jytOf2,now,now,62,train,1430.0,asllex,sole gloss,rZhJvXSKHYlmp1jytOf2.npy
sh9mCub4iWFvJiMIxCvW,now,now,57,test,1130.0,asllex,sole gloss,sh9mCub4iWFvJiMIxCvW.npy
t1huhEdQEza0SdLTn3Ol,now,now,48,test,1519.0,asllex,sole gloss,t1huhEdQEza0SdLTn3Ol.npy
tkE2iABgpnrfXfqwx4TK,now,now,84,train,1499.0,asllex,sole gloss,tkE2iABgpnrfXfqwx4TK.npy
vhSKUcVueAcoiwzBEGp2,now,now,62,val,947.0,asllex,sole gloss,vhSKUcVueAcoiwzBEGp2.npy
waQ2Gqc9nMjkNDLjOlfg,now,now,52,train,2766.0,asllex,sole gloss,waQ2Gqc9nMjkNDLjOlfg.npy
zFFKmmPRlFfMzBom5WIM,now,now,62,val,1554.0,asllex,sole gloss,zFFKmmPRlFfMzBom5WIM.npy
29JAfnhLZnqUn6WTF43v,nurse,nurse,39,train,2357.0,asllex,sole gloss,29JAfnhLZnqUn6WTF43v.npy
5virXFmOidLPvH6ALOD5,nurse,nurse,78,val,2465.0,asllex,sole gloss,5virXFmOidLPvH6ALOD5.npy
5wjCvHe9jNQLJjJ2N0fs,nurse,nurse,88,val,3498.0,asllex,sole gloss,5wjCvHe9jNQLJjJ2N0fs.npy
6AjSCJL05jJlsEarj5DX,nurse,nurse,7,val,1824.0,asllex,sole gloss,6AjSCJL05jJlsEarj5DX.npy
7WHs7RPalh9foA4bWnqh,nurse,nurse,49,train,3137.0,asllex,sole gloss,7WHs7RPalh9foA4bWnqh.npy
8v82mDNgixYJZ5Kkwkfc,nurse,nurse,7,train,2563.0,asllex,sole gloss,8v82mDNgixYJZ5Kkwkfc.npy
GZGV4Cu60VtodGINlngt,nurse,nurse,80,val,2415.0,asllex,sole gloss,GZGV4Cu60VtodGINlngt.npy
GwdLFF5DTn4hJLIUWggm,nurse,nurse,50,test,2330.0,asllex,sole gloss,GwdLFF5DTn4hJLIUWggm.npy
HLoCHAnyhzYvojnnUC6g,nurse,nurse,84,train,1492.0,asllex,sole gloss,HLoCHAnyhzYvojnnUC6g.npy
KJwv83lxsRvrRRgU8kPC,nurse,nurse,8,train,1745.0,asllex,sole gloss,KJwv83lxsRvrRRgU8kPC.npy
NJOj9QsmrGgm03fhli66,nurse,nurse,54,val,4593.0,asllex,sole gloss,NJOj9QsmrGgm03fhli66.npy
PwCjETi4VypLk6Sz9q3K,nurse,nurse,80,train,1650.0,asllex,sole gloss,PwCjETi4VypLk6Sz9q3K.npy
RypwQrY4Pkqld70vLPDe,nurse,nurse,88,train,1987.0,asllex,sole gloss,RypwQrY4Pkqld70vLPDe.npy
SntvgjzAwhSKTEu6gcvv,nurse,nurse,30,train,1587.0,asllex,sole gloss,SntvgjzAwhSKTEu6gcvv.npy
VcahW3Y3NJCPbev3Lqf3,nurse,nurse,23,val,1419.0,asllex,sole gloss,VcahW3Y3NJCPbev3Lqf3.npy
VgjugXUG6cNDXJMTXIoi,nurse,nurse,62,train,1071.0,asllex,sole gloss,VgjugXUG6cNDXJMTXIoi.npy
WMcPVtusojfrParjKKcv,nurse,nurse,42,train,1401.0,asllex,sole gloss,WMcPVtusojfrParjKKcv.npy
WYZ73x4uaZwh9IZR173h,nurse,nurse,57,test,1610.0,asllex,sole gloss,WYZ73x4uaZwh9IZR173h.npy
XWnVZuRS5axttoEnqwoF,nurse,nurse,31,train,1161.0,asllex,sole gloss,XWnVZuRS5axttoEnqwoF.npy
Y7JdhO7VcglIpeqgIfBs,nurse,nurse,39,train,2008.0,asllex,sole gloss,Y7JdhO7VcglIpeqgIfBs.npy
YU4VsAInb53Z2WZj65cX,nurse,nurse,31,train,1411.0,asllex,sole gloss,YU4VsAInb53Z2WZj65cX.npy
ZNhG5nxfvLdCow6FydD5,nurse,nurse,12,train,1557.0,asllex,sole gloss,ZNhG5nxfvLdCow6FydD5.npy
ctVbUn8e2iQSjFG6tHFK,nurse,nurse,88,train,4106.0,asllex,sole gloss,ctVbUn8e2iQSjFG6tHFK.npy
fQsKlRHt4f0tccY9FkxL,nurse,nurse,30,train,2240.0,asllex,sole gloss,fQsKlRHt4f0tccY9FkxL.npy
jE6CtlmfZdUMmLG67KnO,nurse,nurse,8,val,1455.0,asllex,sole gloss,jE6CtlmfZdUMmLG67KnO.npy
jU6raeIDcvcAgVBWzzPS,nurse,nurse,7,train,2059.0,asllex,sole gloss,jU6raeIDcvcAgVBWzzPS.npy
qmMcEIAzQMM9gOt0RvrP,nurse,nurse,63,train,1489.0,asllex,sole gloss,qmMcEIAzQMM9gOt0RvrP.npy
s2Vu5sgrj2gssFYOuvub,nurse,nurse,50,test,2361.0,asllex,sole gloss,s2Vu5sgrj2gssFYOuvub.npy
sOVc0qaRAEA9tMkYdIu5,nurse,nurse,7,val,2353.0,asllex,sole gloss,sOVc0qaRAEA9tMkYdIu5.npy
vdVoOh5vQQMvSC3ZVmkp,nurse,nurse,17,train,1317.0,asllex,sole gloss,vdVoOh5vQQMvSC3ZVmkp.npy
wJeBOWyQ4r5nV8gKvVx1,nurse,nurse,88,train,2810.0,asllex,sole gloss,wJeBOWyQ4r5nV8gKvVx1.npy
wevtK2lAg3GnDKyQdkQh,nurse,nurse,76,train,2720.0,asllex,sole gloss,wevtK2lAg3GnDKyQdkQh.npy
ywNKEkLhHAzSolH28Odz,nurse,nurse,46,train,2203.0,asllex,sole gloss,ywNKEkLhHAzSolH28Odz.npy
04Ah6oYe2P2EWHQmoLfu,open,open,48,test,1203.0,asllex,sole gloss,04Ah6oYe2P2EWHQmoLfu.npy
1gNVD1pp1jW04Wg9PahJ,open,open,49,train,1578.0,asllex,sole gloss,1gNVD1pp1jW04Wg9PahJ.npy
4Z8kyBEKAUQg0vBotzdg,open,open,30,train,1768.0,freetext,sole gloss,4Z8kyBEKAUQg0vBotzdg.npy
60z3ug2OamLQmZsJkES6,open,open,85,val,3385.0,asllex,sole gloss,60z3ug2OamLQmZsJkES6.npy
6TTcs9ezjfllxCMmsfSM,open,open,46,train,1963.0,asllex,sole gloss,6TTcs9ezjfllxCMmsfSM.npy
7NbbGVaPzBJ5yv7hKQfm,open,open,80,train,3121.0,freetext,sole gloss,7NbbGVaPzBJ5yv7hKQfm.npy
8Qt5vu9AncP74eq6hCtF,open,open,62,train,890.0,asllex,sole gloss,8Qt5vu9AncP74eq6hCtF.npy
8n4ANvRnleASkwVUMfFD,open,open,85,train,3752.0,asllex,sole gloss,8n4ANvRnleASkwVUMfFD.npy
9ET170fXl21ucoDZJDxB,open,open,49,val,1555.0,asllex,sole gloss,9ET170fXl21ucoDZJDxB.npy
9EhOVYMQroGdBFO0AQaJ,open,open,49,train,1336.0,freetext,sole gloss,9EhOVYMQroGdBFO0AQaJ.npy
AVuSg9f4aJDdNwlcbNx7,open,open,52,train,2456.0,asllex,sole gloss,AVuSg9f4aJDdNwlcbNx7.npy
Ad9vbUgKRUaWYhuYKtwR,open,open,84,train,1470.0,freetext,sole gloss,Ad9vbUgKRUaWYhuYKtwR.npy
AiCWq2KHPLuUfmlidZcb,open,open,48,test,1483.0,asllex,sole gloss,AiCWq2KHPLuUfmlidZcb.npy
BHN97K1UOvjO6vtHtNeD,open,open,30,train,1770.0,asllex,sole gloss,BHN97K1UOvjO6vtHtNeD.npy
BtIFXjeiM8BVyweLnHJB,open,open,39,train,2791.0,asllex,sole gloss,BtIFXjeiM8BVyweLnHJB.npy
C7jXfY2rP75SN6WBND5U,open,open,39,train,2195.0,asllex,sole gloss,C7jXfY2rP75SN6WBND5U.npy
CFVPhpeLsXhHBpAIJxxk,open,open,84,val,1609.0,asllex,sole gloss,CFVPhpeLsXhHBpAIJxxk.npy
D3Wiy5dvtjxmy5ZkmwQj,open,open,62,train,1322.0,asllex,sole gloss,D3Wiy5dvtjxmy5ZkmwQj.npy
D4QXZhPfr9b7M1Cgh1uf,open,open,49,val,1425.0,asllex,sole gloss,D4QXZhPfr9b7M1Cgh1uf.npy
E65zZ8fWo7YKywVPk6q2,open,open,62,val,1169.0,asllex,sole gloss,E65zZ8fWo7YKywVPk6q2.npy
EqeLC8XQ1sp9ddyNuJif,open,open,49,train,1232.0,asllex,sole gloss,EqeLC8XQ1sp9ddyNuJif.npy
F6nDOpeCRaCG4ZrgaqKC,open,open,48,test,1604.0,asllex,sole gloss,F6nDOpeCRaCG4ZrgaqKC.npy
FIbsglBMKZLayNznmfOw,open,open,54,train,3144.0,freetext,sole gloss,FIbsglBMKZLayNznmfOw.npy
GBds75ir7rhsnw6cbkZd,open,open,36,test,1641.0,asllex,sole gloss,GBds75ir7rhsnw6cbkZd.npy
GTQR6PTyZEHHH53nboCX,open,open,62,train,1414.0,asllex,sole gloss,GTQR6PTyZEHHH53nboCX.npy
GiJ1AQunhTVscn1XD6li,open,open,7,train,2476.0,asllex,sole gloss,GiJ1AQunhTVscn1XD6li.npy
HNA6zE5cRn7xjbVrfp52,open,open,84,train,1784.0,asllex,sole gloss,HNA6zE5cRn7xjbVrfp52.npy
Is6YtdOfEZsxpXusyo6T,open,open,88,train,2445.0,asllex,sole gloss,Is6YtdOfEZsxpXusyo6T.npy
JMQwQoNsuTgz129LGfkO,open,open,39,train,2610.0,asllex,sole gloss,JMQwQoNsuTgz129LGfkO.npy
K2ZNef5bqWQoHUeqSKmC,open,open,62,train,1883.0,asllex,sole gloss,K2ZNef5bqWQoHUeqSKmC.npy
KKIp4GzusjleZcIKHErC,open,open,46,val,3018.0,asllex,sole gloss,KKIp4GzusjleZcIKHErC.npy
KlM6h98rgv2EanYh6vPx,open,open,31,val,1919.0,freetext,sole gloss,KlM6h98rgv2EanYh6vPx.npy
LFplz1I9X4DkeboArahC,open,open,42,train,2735.0,asllex,sole gloss,LFplz1I9X4DkeboArahC.npy
LGVnebi2Th6LOTvcJcr1,open,open,62,train,1432.0,asllex,sole gloss,LGVnebi2Th6LOTvcJcr1.npy
LdoU6Pft9xGdUlqwIaLS,open,open,49,val,2115.0,freetext,sole gloss,LdoU6Pft9xGdUlqwIaLS.npy
LfaDFE2EJHoNbsIOYA76,open,open,35,train,1288.0,asllex,sole gloss,LfaDFE2EJHoNbsIOYA76.npy
LlC095VCBnf2AsSBvVop,open,open,80,val,2289.0,freetext,sole gloss,LlC095VCBnf2AsSBvVop.npy
LqYyHej0ReR448RxUbO6,open,open,62,train,1185.0,asllex,sole gloss,LqYyHej0ReR448RxUbO6.npy
MDEBCx1oDQKYYNVMvYfV,open,open,49,val,1382.0,asllex,sole gloss,MDEBCx1oDQKYYNVMvYfV.npy
MiVFEuRMW8fnjpn8FRE7,open,open,39,train,2656.0,asllex,sole gloss,MiVFEuRMW8fnjpn8FRE7.npy
N4zzix59OhWQbjwCVA9v,open,open,62,train,1410.0,asllex,sole gloss,N4zzix59OhWQbjwCVA9v.npy
N6rt6XFaB6dLqAdyPBEB,open,open,62,val,1062.0,asllex,sole gloss,N6rt6XFaB6dLqAdyPBEB.npy
PZGiulvDjjjbGOIEdUle,open,open,76,train,2955.0,freetext,sole gloss,PZGiulvDjjjbGOIEdUle.npy
QyIqvlIyafbxItGAAyjk,open,open,61,test,4222.0,asllex,sole gloss,QyIqvlIyafbxItGAAyjk.npy
RHEOScGE9g8gVWERDryw,open,open,84,train,2172.0,asllex,sole gloss,RHEOScGE9g8gVWERDryw.npy
Rl2ntvcxpEP6rmLZwQNw,open,open,62,val,1443.0,asllex,sole gloss,Rl2ntvcxpEP6rmLZwQNw.npy
Rnyf39gKQ05PdgoBS4Oh,open,open,23,train,1737.0,asllex,sole gloss,Rnyf39gKQ05PdgoBS4Oh.npy
SKujFCWAe2DuvXCZcLBJ,open,open,7,train,2514.0,asllex,sole gloss,SKujFCWAe2DuvXCZcLBJ.npy
T51lBy6Oiia5wjTU2UBV,open,open,42,train,1891.0,freetext,sole gloss,T51lBy6Oiia5wjTU2UBV.npy
TilNzPhTRlOsxmaxG83e,open,open,31,train,1864.0,freetext,sole gloss,TilNzPhTRlOsxmaxG83e.npy
UGNMZHOm0L0uN90dIYH1,open,open,31,train,1922.0,freetext,sole gloss,UGNMZHOm0L0uN90dIYH1.npy
UImETGa6ANbSNTF3mUJy,open,open,57,test,1528.0,asllex,sole gloss,UImETGa6ANbSNTF3mUJy.npy
US21QL0009nVTr9pm1yX,open,open,42,train,2017.0,asllex,sole gloss,US21QL0009nVTr9pm1yX.npy
UTEoHBmA04cZKPeGNRAa,open,open,61,test,2714.0,asllex,sole gloss,UTEoHBmA04cZKPeGNRAa.npy
UXhi6K2yzTdIjAPsrs9u,open,open,62,val,965.0,asllex,sole gloss,UXhi6K2yzTdIjAPsrs9u.npy
Uf8lA9hN8baOdrNyP9Yb,open,open,88,train,1858.0,asllex,sole gloss,Uf8lA9hN8baOdrNyP9Yb.npy
VOHSQXHyRomhOch2uxIJ,open,open,63,train,2497.0,asllex,sole gloss,VOHSQXHyRomhOch2uxIJ.npy
VgS4sjskEkds0CA0Mf6B,open,open,59,train,1727.0,freetext,sole gloss,VgS4sjskEkds0CA0Mf6B.npy
WHuPDNghriJcQh9sBqgY,open,open,38,val,4333.0,asllex,sole gloss,WHuPDNghriJcQh9sBqgY.npy
WPluj6mkov3bcNNTMPPH,open,open,61,test,2246.0,asllex,sole gloss,WPluj6mkov3bcNNTMPPH.npy
WTIChPSbfWHKv85dZuK5,open,open,62,train,1006.0,asllex,sole gloss,WTIChPSbfWHKv85dZuK5.npy
WrWGbmKOSyzvQZ4rmuUM,open,open,49,val,1917.0,freetext,sole gloss,WrWGbmKOSyzvQZ4rmuUM.npy
Y8wKWk4wFZA2GOuxWaoL,open,open,57,test,1652.0,asllex,sole gloss,Y8wKWk4wFZA2GOuxWaoL.npy
ZmA7Cr7FV3NRyMaSk2ns,open,open,31,val,2075.0,asllex,sole gloss,ZmA7Cr7FV3NRyMaSk2ns.npy
ZmXXasELPAXugAPj57dn,open,open,57,test,1795.0,asllex,sole gloss,ZmXXasELPAXugAPj57dn.npy
aB4EOBSrUPQ5CBhppglA,open,open,76,train,4896.0,asllex,sole gloss,aB4EOBSrUPQ5CBhppglA.npy
bO9959iztuve2qGAxjOP,open,open,61,test,1163.0,freetext,sole gloss,bO9959iztuve2qGAxjOP.npy
cjeGQLpT7vxenfZWugHG,open,open,57,test,1889.0,asllex,sole gloss,cjeGQLpT7vxenfZWugHG.npy
dpysXtuyNQS2jZ8Cs10A,open,open,84,train,1631.0,asllex,sole gloss,dpysXtuyNQS2jZ8Cs10A.npy
ejDlFZz6rbacoG7ILeF3,open,open,30,train,1636.0,asllex,sole gloss,ejDlFZz6rbacoG7ILeF3.npy
gKrTe9Dnas8u5UZgdJTf,open,open,62,val,1022.0,asllex,sole gloss,gKrTe9Dnas8u5UZgdJTf.npy
gginV5J1wryDYtJ3v2RO,open,open,8,val,1315.0,asllex,sole gloss,gginV5J1wryDYtJ3v2RO.npy
hpCTfK5bSLMEMeBj8xrG,open,open,11,train,2149.0,asllex,sole gloss,hpCTfK5bSLMEMeBj8xrG.npy
i0LO8eb9dSdJvw3xUQqR,open,open,49,train,1834.0,freetext,sole gloss,i0LO8eb9dSdJvw3xUQqR.npy
jGcYiyfOliVK04EthWEK,open,open,49,train,1118.0,asllex,sole gloss,jGcYiyfOliVK04EthWEK.npy
kyt96KG1C3utCl1leOXM,open,open,12,train,1938.0,asllex,sole gloss,kyt96KG1C3utCl1leOXM.npy
l8I6tkpgAeNIc49A7Eg4,open,open,61,test,2224.0,asllex,sole gloss,l8I6tkpgAeNIc49A7Eg4.npy
nEbeC0TGDMi813ElvFZe,open,open,46,train,2586.0,asllex,sole gloss,nEbeC0TGDMi813ElvFZe.npy
nfNCJjayrYCgsaW1kTns,open,open,88,train,2625.0,asllex,sole gloss,nfNCJjayrYCgsaW1kTns.npy
nhZTQQM5cXQvTJfUOidm,open,open,8,train,1601.0,asllex,sole gloss,nhZTQQM5cXQvTJfUOidm.npy
nnKDOSJt7KUayQmvTjdd,open,open,84,train,1384.0,asllex,sole gloss,nnKDOSJt7KUayQmvTjdd.npy
o5zo6oPI8qlsByELsgH2,open,open,49,train,1430.0,asllex,sole gloss,o5zo6oPI8qlsByELsgH2.npy
o8t49D4I1Q1SeINEECrp,open,open,8,val,1411.0,asllex,sole gloss,o8t49D4I1Q1SeINEECrp.npy
oR3WecVTlw7E1zCcsrb8,open,open,39,train,4331.0,asllex,sole gloss,oR3WecVTlw7E1zCcsrb8.npy
oaL4Chnj1w9fv35HzqST,open,open,7,train,2525.0,asllex,sole gloss,oaL4Chnj1w9fv35HzqST.npy
pcvUigeA7H47Ego0YugZ,open,open,76,train,4799.0,asllex,sole gloss,pcvUigeA7H47Ego0YugZ.npy
qOYAP5vEtLD0BV7xqagd,open,open,62,train,1283.0,asllex,sole gloss,qOYAP5vEtLD0BV7xqagd.npy
r47qTnTS6MSM2Vql6Bmc,open,open,64,test,1796.0,asllex,sole gloss,r47qTnTS6MSM2Vql6Bmc.npy
uTEu3ehkCVThG2ufEA04,open,open,38,train,2748.0,asllex,sole gloss,uTEu3ehkCVThG2ufEA04.npy
uzjh7SRNSuh8Ij2ZfBeS,open,open,61,test,1379.0,asllex,sole gloss,uzjh7SRNSuh8Ij2ZfBeS.npy
veBNsq2nSZntNuhrBQyh,open,open,49,train,1903.0,asllex,sole gloss,veBNsq2nSZntNuhrBQyh.npy
x3zj3x4IIjiA8KndjQky,open,open,88,val,4224.0,asllex,sole gloss,x3zj3x4IIjiA8KndjQky.npy
xKQJkqYaTT6Jl6DuqDYR,open,open,64,test,1409.0,asllex,sole gloss,xKQJkqYaTT6Jl6DuqDYR.npy
xQAmXfPGdnx9mqOHHz2Z,open,open,49,val,1051.0,asllex,sole gloss,xQAmXfPGdnx9mqOHHz2Z.npy
xTCUMoVHQBpjRPihppOC,open,open,84,val,1748.0,asllex,sole gloss,xTCUMoVHQBpjRPihppOC.npy
xk6Mob7JQ7Kikwz9XxMz,open,open,33,test,1974.0,asllex,sole gloss,xk6Mob7JQ7Kikwz9XxMz.npy
yKOOob2uarohCDW7KBKK,open,open,62,train,1198.0,asllex,sole gloss,yKOOob2uarohCDW7KBKK.npy
zOxE7cZFK9hJWlAXLB0i,open,open,84,train,1831.0,asllex,sole gloss,zOxE7cZFK9hJWlAXLB0i.npy
06X9TPHPFvVw6rIh1OtR,hurt,pain,31,train,1820.0,asllex,sole gloss,06X9TPHPFvVw6rIh1OtR.npy
0jViCL4daR2mfmwm3vYQ,hurt,pain,84,train,1323.0,asllex,sole gloss,0jViCL4daR2mfmwm3vYQ.npy
0qPYmZPubDJFWGBgfw2v,hurt,pain,76,train,3735.0,asllex,sole gloss,0qPYmZPubDJFWGBgfw2v.npy
1dN9LvJHkyzWgN4lpD5k,hurt,pain,84,val,1422.0,asllex,sole gloss,1dN9LvJHkyzWgN4lpD5k.npy
1qqNceQHMwC4zcwYpjUu,hurt,pain,8,val,1362.0,asllex,sole gloss,1qqNceQHMwC4zcwYpjUu.npy
1rZYQZ2PjMcSeNjgOqME,hurt,pain,15,train,1287.0,asllex,sole gloss,1rZYQZ2PjMcSeNjgOqME.npy
2JgY87WYiGZie12ffWQW,hurt,pain,62,train,1168.0,freetext,sole gloss,2JgY87WYiGZie12ffWQW.npy
2JlCZsAdlGHMBS8ya7yy,pain,pain,61,test,1738.0,asllex,sole gloss,2JlCZsAdlGHMBS8ya7yy.npy
2YNuvrvKJZBpjPRCbLed,hurt,pain,64,test,2437.0,asllex,sole gloss,2YNuvrvKJZBpjPRCbLed.npy
2grI3FYNeFpx0XLytuvr,pain,pain,48,test,1870.0,asllex,sole gloss,2grI3FYNeFpx0XLytuvr.npy
2n91Wr9emHJyjS08ws8Z,pain,pain,57,test,1068.0,asllex,sole gloss,2n91Wr9emHJyjS08ws8Z.npy
2pofzUhBFT38NKVYjQuq,hurt,pain,63,val,1615.0,asllex,sole gloss,2pofzUhBFT38NKVYjQuq.npy
3IadIys0DyNWMsz3XDkE,hurt,pain,84,val,1572.0,asllex,sole gloss,3IadIys0DyNWMsz3XDkE.npy
3XalBaWIkL7r0ex3dHhp,hurt,pain,39,train,2470.0,asllex,sole gloss,3XalBaWIkL7r0ex3dHhp.npy
3f628zp2l21v789tB6z5,pain,pain,39,train,2326.0,asllex,sole gloss,3f628zp2l21v789tB6z5.npy
45jj544qNXeOrNGRhxmf,hurt,pain,17,train,1196.0,asllex,sole gloss,45jj544qNXeOrNGRhxmf.npy
4FgYFZ2xW74wjLdL1FLh,hurt,pain,11,train,1517.0,asllex,sole gloss,4FgYFZ2xW74wjLdL1FLh.npy
4JzqvIHnANQV065F99M1,hurt,pain,17,val,976.0,asllex,sole gloss,4JzqvIHnANQV065F99M1.npy
4NLWrxDiq7sVElquTQow,hurt,pain,64,test,1470.0,asllex,sole gloss,4NLWrxDiq7sVElquTQow.npy
4QTfek7lMtKFw9MsMIJf,pain,pain,49,train,903.0,asllex,sole gloss,4QTfek7lMtKFw9MsMIJf.npy
4YJUFIYCBsRBhyShotr9,hurt,pain,8,train,1203.0,asllex,sole gloss,4YJUFIYCBsRBhyShotr9.npy
4argnxzEvbeA8ohjMeBN,hurt,pain,27,train,3222.0,asllex,sole gloss,4argnxzEvbeA8ohjMeBN.npy
4i1nI1qHVRAvrlrdePh9,hurt,pain,84,train,1340.0,asllex,sole gloss,4i1nI1qHVRAvrlrdePh9.npy
4jqEw1io7O0GgzjHDDAa,hurt,pain,60,train,1400.0,freetext,sole gloss,4jqEw1io7O0GgzjHDDAa.npy
4kwLwe7CVGLB7bbEYx5N,hurt,pain,88,val,3969.0,asllex,sole gloss,4kwLwe7CVGLB7bbEYx5N.npy
4vaEEr2psVLY1Xi9Q0JD,hurt,pain,12,val,2562.0,asllex,sole gloss,4vaEEr2psVLY1Xi9Q0JD.npy
5EG1ctAfan5vw02Z4OYK,hurt,pain,62,train,1170.0,asllex,sole gloss,5EG1ctAfan5vw02Z4OYK.npy
5SVfUa8pxc85oHiwTQAs,hurt,pain,84,train,1231.0,asllex,sole gloss,5SVfUa8pxc85oHiwTQAs.npy
5Y410gruAxXpQWp0S0JM,pain,pain,17,train,1580.0,asllex,sole gloss,5Y410gruAxXpQWp0S0JM.npy
61ggGxHUZY8SOMUvhuq5,hurt,pain,46,train,1722.0,asllex,sole gloss,61ggGxHUZY8SOMUvhuq5.npy
65NylrkCaW2FPnyBukLD,hurt,pain,12,val,1390.0,asllex,sole gloss,65NylrkCaW2FPnyBukLD.npy
6BoJrfwst8aQ2IngCQKN,hurt,pain,59,train,1882.0,asllex,sole gloss,6BoJrfwst8aQ2IngCQKN.npy
6OhXR66xyNUL3KWXU1vf,hurt,pain,17,train,979.0,asllex,sole gloss,6OhXR66xyNUL3KWXU1vf.npy
6j34vhUJavOFcXZiLLp6,pain,pain,52,val,2854.0,asllex,sole gloss,6j34vhUJavOFcXZiLLp6.npy
6me5HbDrU8CiOBYlauGd,hurt,pain,57,test,1806.0,asllex,sole gloss,6me5HbDrU8CiOBYlauGd.npy
6pd6zCdZ8JMIlVOMmz17,hurt,pain,17,train,1576.0,asllex,sole gloss,6pd6zCdZ8JMIlVOMmz17.npy
71NPaV91nvkMtHiiCIjT,hurt,pain,39,val,2860.0,asllex,sole gloss,71NPaV91nvkMtHiiCIjT.npy
72RB8pdIEm5aval885hZ,hurt,pain,57,test,2008.0,freetext,sole gloss,72RB8pdIEm5aval885hZ.npy
7BiXKYhmzIkwG8Y5Gcy1,hurt,pain,84,train,2195.0,asllex,sole gloss,7BiXKYhmzIkwG8Y5Gcy1.npy
7Q7j9DE8zfv6V8vTLdAX,hurt,pain,30,train,1832.0,asllex,sole gloss,7Q7j9DE8zfv6V8vTLdAX.npy
7aj2azNGF6iP0m75mIaa,hurt,pain,52,val,1828.0,asllex,sole gloss,7aj2azNGF6iP0m75mIaa.npy
7vTRHroypQqLb0VSV78b,hurt,pain,46,train,2418.0,asllex,sole gloss,7vTRHroypQqLb0VSV78b.npy
84C2zyf5dsUmeMY6L8Y5,hurt,pain,84,train,1173.0,asllex,sole gloss,84C2zyf5dsUmeMY6L8Y5.npy
8Gf9dh1WvDTnG7ZPgyoy,hurt,pain,39,train,3366.0,asllex,sole gloss,8Gf9dh1WvDTnG7ZPgyoy.npy
8Qql8nBeQ3ltcjcgCJGD,hurt,pain,46,train,2948.0,asllex,sole gloss,8Qql8nBeQ3ltcjcgCJGD.npy
9PEfgJEVqyvJZO1gdOuG,hurt,pain,84,train,2163.0,asllex,sole gloss,9PEfgJEVqyvJZO1gdOuG.npy
9bf1a81j5dQMaCcHHWt4,hurt,pain,84,train,1533.0,asllex,sole gloss,9bf1a81j5dQMaCcHHWt4.npy
9jEwqFXTuKhjqkRfrnNF,hurt,pain,80,train,3076.0,asllex,sole gloss,9jEwqFXTuKhjqkRfrnNF.npy
9yLEy1pgeWv5dNnQG3Ks,hurt,pain,84,train,1439.0,asllex,sole gloss,9yLEy1pgeWv5dNnQG3Ks.npy
A8nKgO97n7kbv7SOdfiw,pain,pain,38,train,2966.0,asllex,sole gloss,A8nKgO97n7kbv7SOdfiw.npy
ANEfslNfApcTnw4SCqeG,hurt,pain,88,train,3760.0,asllex,sole gloss,ANEfslNfApcTnw4SCqeG.npy
Av0bb9aJX5xBi4ZKHBvH,hurt,pain,7,train,2377.0,asllex,sole gloss,Av0bb9aJX5xBi4ZKHBvH.npy
B4mq4fWuqk4R21tTtW18,hurt,pain,35,train,1604.0,asllex,sole gloss,B4mq4fWuqk4R21tTtW18.npy
B8SIWIBGjwvycdxuth6e,hurt,pain,48,test,1200.0,asllex,sole gloss,B8SIWIBGjwvycdxuth6e.npy
BgBi8iqYhETRx25IpBNw,pain,pain,57,test,2629.0,asllex,sole gloss,BgBi8iqYhETRx25IpBNw.npy
BuklFtf4pQRFCqwG1o9y,hurt,pain,62,train,1257.0,asllex,sole gloss,BuklFtf4pQRFCqwG1o9y.npy
C3Hp9IS3S7FtBqaWFhN2,hurt,pain,88,train,3708.0,asllex,sole gloss,C3Hp9IS3S7FtBqaWFhN2.npy
C6ackfvAgtpCefWPyQMy,pain,pain,14,train,2161.0,asllex,sole gloss,C6ackfvAgtpCefWPyQMy.npy
CDCqCyINoYTDLXN6GTf0,hurt,pain,61,test,1300.0,asllex,sole gloss,CDCqCyINoYTDLXN6GTf0.npy
CDjOOUUlsAHIPrsDR9RP,hurt,pain,49,val,1469.0,asllex,sole gloss,CDjOOUUlsAHIPrsDR9RP.npy
CGlxa3UwdI6GKawAuViW,hurt,pain,48,test,2017.0,asllex,sole gloss,CGlxa3UwdI6GKawAuViW.npy
CHloTq8yTN81TlCndhnj,hurt,pain,62,train,1205.0,freetext,sole gloss,CHloTq8yTN81TlCndhnj.npy
CXX2UIjj4eohOL7R6XOf,hurt,pain,52,train,1746.0,asllex,sole gloss,CXX2UIjj4eohOL7R6XOf.npy
CttFIkQ6C8skv1Dk43x5,hurt,pain,60,val,1461.0,freetext,sole gloss,CttFIkQ6C8skv1Dk43x5.npy
DBrrB8Zpd5dE4zj2LgYZ,hurt,pain,17,val,1420.0,asllex,sole gloss,DBrrB8Zpd5dE4zj2LgYZ.npy
DLCjtUYp9ok0VQ8aUxr5,hurt,pain,46,train,2395.0,asllex,sole gloss,DLCjtUYp9ok0VQ8aUxr5.npy
DN4MUczeT5SIBKoNe6KP,hurt,pain,53,test,2633.0,asllex,sole gloss,DN4MUczeT5SIBKoNe6KP.npy
DQasKyWjQJmQ8RsNagtE,hurt,pain,84,train,2326.0,asllex,sole gloss,DQasKyWjQJmQ8RsNagtE.npy
DQcD3fQHhhIZN6vNmtYo,hurt,pain,35,val,1487.0,asllex,sole gloss,DQcD3fQHhhIZN6vNmtYo.npy
DYGRMvJPREWPzA9XcA8s,pain,pain,85,train,2430.0,asllex,sole gloss,DYGRMvJPREWPzA9XcA8s.npy
DYIsDhE1O9IyM2JgZ9Ce,hurt,pain,15,train,1354.0,asllex,sole gloss,DYIsDhE1O9IyM2JgZ9Ce.npy
DeLjN6921pQl0AQe6b42,hurt,pain,88,val,3690.0,asllex,sole gloss,DeLjN6921pQl0AQe6b42.npy
DuEcjXH6fBzIK56dIsS0,hurt,pain,48,test,1047.0,asllex,sole gloss,DuEcjXH6fBzIK56dIsS0.npy
DvWYTs1hwwqId33Y1pk8,hurt,pain,64,test,1763.0,freetext,sole gloss,DvWYTs1hwwqId33Y1pk8.npy
EIOTaRNQzT3jQRMzKO6f,hurt,pain,84,val,2353.0,asllex,sole gloss,EIOTaRNQzT3jQRMzKO6f.npy
EP2xy81TP9kwHgx08Le6,hurt,pain,63,val,1293.0,asllex,sole gloss,EP2xy81TP9kwHgx08Le6.npy
EUNXdRIHokeyyKLOy9X8,hurt,pain,46,train,2450.0,asllex,sole gloss,EUNXdRIHokeyyKLOy9X8.npy
EbiWbFfhh1icyCSQzRDv,pain,pain,14,train,1885.0,asllex,sole gloss,EbiWbFfhh1icyCSQzRDv.npy
F7ht2DhEMpK4XJgXqT17,hurt,pain,84,val,1726.0,asllex,sole gloss,F7ht2DhEMpK4XJgXqT17.npy
FchMkCVV5TJClW7jPHnL,pain,pain,12,val,2328.0,asllex,sole gloss,FchMkCVV5TJClW7jPHnL.npy
GZIEyeHq2aH4aqVbkRVC,hurt,pain,46,train,3270.0,asllex,sole gloss,GZIEyeHq2aH4aqVbkRVC.npy
GsTH2alB9VLz49IDoeRr,pain,pain,31,train,1570.0,asllex,sole gloss,GsTH2alB9VLz49IDoeRr.npy
HSps79HURLUeNFWCUv5n,hurt,pain,35,train,1623.0,asllex,sole gloss,HSps79HURLUeNFWCUv5n.npy
HfH7aqzza08prAFC07iv,hurt,pain,15,val,1239.0,asllex,sole gloss,HfH7aqzza08prAFC07iv.npy
HoIAvXVMxCm2PWiRX5JR,pain,pain,57,test,2102.0,asllex,sole gloss,HoIAvXVMxCm2PWiRX5JR.npy
HryZuupvsscZG4Hr9yav,hurt,pain,8,train,1222.0,asllex,sole gloss,HryZuupvsscZG4Hr9yav.npy
HxMZ3ZOQt3fch0SrqigV,hurt,pain,7,train,2140.0,asllex,sole gloss,HxMZ3ZOQt3fch0SrqigV.npy
IJvAoMf6rWKM1pVG1LzZ,hurt,pain,17,train,2026.0,asllex,sole gloss,IJvAoMf6rWKM1pVG1LzZ.npy
INuGdZGMOhXmrYCJrX8U,hurt,pain,17,val,2699.0,asllex,sole gloss,INuGdZGMOhXmrYCJrX8U.npy
IgSY1t2SlIgmjWkPkUM1,hurt,pain,31,train,5478.0,asllex,sole gloss,IgSY1t2SlIgmjWkPkUM1.npy
ImIIQXnjLUtCIlJtsbsc,hurt,pain,84,train,1247.0,asllex,sole gloss,ImIIQXnjLUtCIlJtsbsc.npy
IzsRIXG7P75HvI5nGfmM,hurt,pain,84,train,1493.0,asllex,sole gloss,IzsRIXG7P75HvI5nGfmM.npy
J2QsVBirrN1vZvbhNcig,hurt,pain,35,train,1822.0,asllex,sole gloss,J2QsVBirrN1vZvbhNcig.npy
J7WXC53DsObGpTbECytT,pain,pain,88,val,3977.0,asllex,sole gloss,J7WXC53DsObGpTbECytT.npy
JVjWLttLoHRkIN3X36gR,hurt,pain,36,test,1496.0,asllex,sole gloss,JVjWLttLoHRkIN3X36gR.npy
JayXI5hqES2l7igkgPMm,pain,pain,49,train,2209.0,asllex,sole gloss,JayXI5hqES2l7igkgPMm.npy
K0wBxFimwCLznefRwAXc,hurt,pain,61,test,2289.0,asllex,sole gloss,K0wBxFimwCLznefRwAXc.npy
KF4jJkVJOq70mOpyqBPq,hurt,pain,59,train,2066.0,asllex,sole gloss,KF4jJkVJOq70mOpyqBPq.npy
KJpNnUbSwEPoFlup2xD1,hurt,pain,52,train,1864.0,asllex,sole gloss,KJpNnUbSwEPoFlup2xD1.npy
KQqMOnOrlogWdQ6bN2Vm,hurt,pain,46,train,2705.0,asllex,sole gloss,KQqMOnOrlogWdQ6bN2Vm.npy
KTOt04tZmM6B5CGZYbD8,hurt,pain,62,train,1442.0,asllex,sole gloss,KTOt04tZmM6B5CGZYbD8.npy
Kcq8sh6YeI6zB2hXW8LL,hurt,pain,88,train,1905.0,asllex,sole gloss,Kcq8sh6YeI6zB2hXW8LL.npy
KmCxD2ZDkbdYxJynHnhs,hurt,pain,8,val,1382.0,asllex,sole gloss,KmCxD2ZDkbdYxJynHnhs.npy
KqnhnymJYUiQhuEProlX,pain,pain,52,train,4834.0,asllex,sole gloss,KqnhnymJYUiQhuEProlX.npy
KwsSSt62JYshs2IrFr5h,hurt,pain,80,train,2366.0,asllex,sole gloss,KwsSSt62JYshs2IrFr5h.npy
L4wIoCBswFFOUGnFkVyB,hurt,pain,52,train,2156.0,asllex,sole gloss,L4wIoCBswFFOUGnFkVyB.npy
LFJLjLyUSWQGjLMa07a7,hurt,pain,52,train,3889.0,freetext,sole gloss,LFJLjLyUSWQGjLMa07a7.npy
LMuvzr6RkmGCi9GEGNEm,hurt,pain,42,train,2039.0,asllex,sole gloss,LMuvzr6RkmGCi9GEGNEm.npy
LTxkuYlkGpNuwkmk05Ye,hurt,pain,57,test,2341.0,freetext,sole gloss,LTxkuYlkGpNuwkmk05Ye.npy
LjfySNUPfy0AXd2BdzJe,hurt,pain,43,train,4275.0,freetext,sole gloss,LjfySNUPfy0AXd2BdzJe.npy
Lzq4CJGEA2SSL6ZscsJf,pain,pain,61,test,1984.0,asllex,sole gloss,Lzq4CJGEA2SSL6ZscsJf.npy
M4E2sI7XCuGYLo8x0Kkw,hurt,pain,17,val,1165.0,asllex,sole gloss,M4E2sI7XCuGYLo8x0Kkw.npy
M9f1T6GnzIz2eL9kjn3A,hurt,pain,48,test,1589.0,asllex,sole gloss,M9f1T6GnzIz2eL9kjn3A.npy
MFvcopceSKvmkAFb6Ui6,pain,pain,61,test,1980.0,asllex,sole gloss,MFvcopceSKvmkAFb6Ui6.npy
MT28beCkunBm6av9uwm2,pain,pain,12,train,1639.0,asllex,sole gloss,MT28beCkunBm6av9uwm2.npy
Mmy33EZDdmZUly5dWfnY,hurt,pain,84,train,1256.0,asllex,sole gloss,Mmy33EZDdmZUly5dWfnY.npy
OP4iOrVWq4iAh4fwemMg,pain,pain,61,test,1987.0,asllex,sole gloss,OP4iOrVWq4iAh4fwemMg.npy
OR8lK9emYvzOpyMm3FWV,hurt,pain,63,train,2017.0,asllex,sole gloss,OR8lK9emYvzOpyMm3FWV.npy
OcGPMrKZerhnqusUy4mH,hurt,pain,46,train,1892.0,asllex,sole gloss,OcGPMrKZerhnqusUy4mH.npy
Ol744TtLTnHZguuVjHLl,hurt,pain,84,train,1745.0,freetext,sole gloss,Ol744TtLTnHZguuVjHLl.npy
PFkFT4LKYfLwy9LI1iZG,hurt,pain,88,train,4665.0,asllex,sole gloss,PFkFT4LKYfLwy9LI1iZG.npy
Pma4PiRlWUYegYmdFcw7,hurt,pain,84,train,1273.0,asllex,sole gloss,Pma4PiRlWUYegYmdFcw7.npy
PovBn5l6FQXPl9NP04xz,pain,pain,36,test,1841.0,asllex,sole gloss,PovBn5l6FQXPl9NP04xz.npy
Pu6kF21wrg1xc1rg90DB,hurt,pain,49,train,1796.0,freetext,sole gloss,Pu6kF21wrg1xc1rg90DB.npy
Q6l0KCJgllYMoMHG7vnU,hurt,pain,84,train,1698.0,asllex,sole gloss,Q6l0KCJgllYMoMHG7vnU.npy
QBoTYMvIiBUfT3VhM3L9,hurt,pain,48,test,1524.0,asllex,sole gloss,QBoTYMvIiBUfT3VhM3L9.npy
QEVHyMBmt19Gt0VEkWHJ,hurt,pain,7,train,2498.0,asllex,sole gloss,QEVHyMBmt19Gt0VEkWHJ.npy
QH6EKzaHcegd7r9DR2of,hurt,pain,8,val,1310.0,asllex,sole gloss,QH6EKzaHcegd7r9DR2of.npy
QwEeVUQSSD2p0ZBRxl5h,hurt,pain,53,test,1668.0,asllex,sole gloss,QwEeVUQSSD2p0ZBRxl5h.npy
RUfjUYXrDwqNzLvUouqz,pain,pain,48,test,1509.0,asllex,sole gloss,RUfjUYXrDwqNzLvUouqz.npy
SIpCgrXO71DOPwWMX5qL,hurt,pain,60,train,1634.0,asllex,sole gloss,SIpCgrXO71DOPwWMX5qL.npy
SS31vB8be8RcZRIEJJg4,hurt,pain,8,train,1337.0,asllex,sole gloss,SS31vB8be8RcZRIEJJg4.npy
SSmFDfHFUIGRsdyXPVwz,hurt,pain,63,train,1195.0,asllex,sole gloss,SSmFDfHFUIGRsdyXPVwz.npy
ScSAZTsBzbWMeCmkknXM,hurt,pain,57,test,2854.0,asllex,sole gloss,ScSAZTsBzbWMeCmkknXM.npy
T4FWOSZ7b9cKv8uLsSFn,hurt,pain,84,val,1358.0,asllex,sole gloss,T4FWOSZ7b9cKv8uLsSFn.npy
TKVDdLjdyy0o9ASN2uzb,pain,pain,12,train,1997.0,asllex,sole gloss,TKVDdLjdyy0o9ASN2uzb.npy
TfdwtrAtKdp6KdPffspk,hurt,pain,39,train,2815.0,asllex,sole gloss,TfdwtrAtKdp6KdPffspk.npy
ThgXKLJ2FJnuOurm8WmG,hurt,pain,39,train,5549.0,asllex,sole gloss,ThgXKLJ2FJnuOurm8WmG.npy
Tm5muDAGle5Vfv13XEU0,pain,pain,61,test,1418.0,asllex,sole gloss,Tm5muDAGle5Vfv13XEU0.npy
TnBH5iKC1DVIOneZiMtI,hurt,pain,38,train,2984.0,asllex,sole gloss,TnBH5iKC1DVIOneZiMtI.npy
U9croDFO0FySGWQq49BL,hurt,pain,84,train,1291.0,asllex,sole gloss,U9croDFO0FySGWQq49BL.npy
UGfslfaAcXYTVp0NsXcM,hurt,pain,36,test,2771.0,asllex,sole gloss,UGfslfaAcXYTVp0NsXcM.npy
UUAOxjKre9v8oY60zN6S,pain,pain,39,train,2228.0,asllex,sole gloss,UUAOxjKre9v8oY60zN6S.npy
UkOF4YJMSCU4b00Nma61,hurt,pain,48,test,1437.0,asllex,sole gloss,UkOF4YJMSCU4b00Nma61.npy
VrclE8jPnles8QgWqAz7,hurt,pain,15,train,2137.0,asllex,sole gloss,VrclE8jPnles8QgWqAz7.npy
VvmhIaWk0gfJOncKYWuc,hurt,pain,38,train,4282.0,asllex,sole gloss,VvmhIaWk0gfJOncKYWuc.npy
W14jEY56iArWvgbH1eJX,hurt,pain,46,val,3039.0,asllex,sole gloss,W14jEY56iArWvgbH1eJX.npy
WHP3HIpUy4bJUz2ooK8w,hurt,pain,60,train,1219.0,asllex,sole gloss,WHP3HIpUy4bJUz2ooK8w.npy
WIGeYVA7PG1YIh9pUMWv,hurt,pain,61,test,2418.0,asllex,sole gloss,WIGeYVA7PG1YIh9pUMWv.npy
WMudSpaht5km45P5h8cL,hurt,pain,46,train,3055.0,asllex,sole gloss,WMudSpaht5km45P5h8cL.npy
WR6Vk8fc9RD8qo0ObLaU,hurt,pain,84,train,1431.0,asllex,sole gloss,WR6Vk8fc9RD8qo0ObLaU.npy
WaKmon97oA5kG2STLUze,hurt,pain,62,val,1566.0,asllex,sole gloss,WaKmon97oA5kG2STLUze.npy
Wavf1gPh7pMs7M4TcOxu,hurt,pain,7,train,3330.0,asllex,sole gloss,Wavf1gPh7pMs7M4TcOxu.npy
WpgQtqpeDdhKsyPU0i1V,hurt,pain,88,train,2207.0,asllex,sole gloss,WpgQtqpeDdhKsyPU0i1V.npy
WwVHQGfJvVKppzlAHpHq,hurt,pain,38,val,3435.0,asllex,sole gloss,WwVHQGfJvVKppzlAHpHq.npy
X7dr1RXvedSofXIrj0MA,pain,pain,42,train,2640.0,asllex,sole gloss,X7dr1RXvedSofXIrj0MA.npy
XIWTV0IV6QFiO00g8vzr,hurt,pain,43,val,4332.0,freetext,sole gloss,XIWTV0IV6QFiO00g8vzr.npy
XXuncePYa9xNPXxsFgbZ,hurt,pain,61,test,1341.0,asllex,sole gloss,XXuncePYa9xNPXxsFgbZ.npy
Xum55NUFUf5YARizewmd,hurt,pain,50,test,2026.0,asllex,sole gloss,Xum55NUFUf5YARizewmd.npy
Y21lb9zCHXmibkRP56BE,hurt,pain,35,train,1518.0,asllex,sole gloss,Y21lb9zCHXmibkRP56BE.npy
YA0ydlXVk9XpiCnXpAQg,hurt,pain,39,train,4354.0,asllex,sole gloss,YA0ydlXVk9XpiCnXpAQg.npy
YFDjHojnQyJQcis3HDMb,hurt,pain,39,train,4020.0,freetext,sole gloss,YFDjHojnQyJQcis3HDMb.npy
YPmg1CaeOlPn0SvE2fgw,pain,pain,57,test,1283.0,asllex,sole gloss,YPmg1CaeOlPn0SvE2fgw.npy
YSJvnvh2GkGGIQGNi6iC,hurt,pain,84,val,1289.0,asllex,sole gloss,YSJvnvh2GkGGIQGNi6iC.npy
YcYSqakVJYQpYFtzSb5f,hurt,pain,54,train,1714.0,freetext,sole gloss,YcYSqakVJYQpYFtzSb5f.npy
Yy9sv1ehejZr8WAZipbV,pain,pain,61,test,1461.0,asllex,sole gloss,Yy9sv1ehejZr8WAZipbV.npy
ZDcWmhqStXJl5QNaggy6,hurt,pain,39,val,2961.0,freetext,sole gloss,ZDcWmhqStXJl5QNaggy6.npy
ZHUE8BFyONQ5FwaZTSEU,hurt,pain,88,val,3597.0,asllex,sole gloss,ZHUE8BFyONQ5FwaZTSEU.npy
ZOXw0w3AcEEiYkMSSRwp,hurt,pain,64,test,1850.0,asllex,sole gloss,ZOXw0w3AcEEiYkMSSRwp.npy
ZamP1wXSLIwjE8uYwsUf,hurt,pain,57,test,1944.0,asllex,sole gloss,ZamP1wXSLIwjE8uYwsUf.npy
aGFeseuim6kCNZFz8RFs,hurt,pain,49,val,835.0,asllex,sole gloss,aGFeseuim6kCNZFz8RFs.npy
acCJMvLCW1k4HDY14qml,pain,pain,48,test,1664.0,asllex,sole gloss,acCJMvLCW1k4HDY14qml.npy
akh2A8qqICJLgGPwOi0T,hurt,pain,48,test,918.0,asllex,sole gloss,akh2A8qqICJLgGPwOi0T.npy
asLi7ByfnbFSHPOxyhSw,hurt,pain,59,val,2895.0,asllex,sole gloss,asLi7ByfnbFSHPOxyhSw.npy
avYjTgyA4lK8HbW62GZB,hurt,pain,39,train,3046.0,asllex,sole gloss,avYjTgyA4lK8HbW62GZB.npy
axIkmVHTqUMfEy7z1bIm,hurt,pain,59,train,1949.0,asllex,sole gloss,axIkmVHTqUMfEy7z1bIm.npy
b2plS9MNhmEP5sw6nynG,hurt,pain,84,val,1522.0,asllex,sole gloss,b2plS9MNhmEP5sw6nynG.npy
bPZiHUDBGirCqrPePhER,hurt,pain,88,val,4569.0,asllex,sole gloss,bPZiHUDBGirCqrPePhER.npy
bprKx3A7Cq7fTanykZWv,pain,pain,17,train,1818.0,asllex,sole gloss,bprKx3A7Cq7fTanykZWv.npy
c3Nt3DFPMTwwXzK0gRdr,hurt,pain,84,train,1325.0,asllex,sole gloss,c3Nt3DFPMTwwXzK0gRdr.npy
c86EK6DOZhOAXd8rh4D0,hurt,pain,63,val,1476.0,asllex,sole gloss,c86EK6DOZhOAXd8rh4D0.npy
cErL2jqMre62P6uL7xH7,hurt,pain,15,val,1289.0,asllex,sole gloss,cErL2jqMre62P6uL7xH7.npy
cUB2Y7JE1geQgfRp8i8g,hurt,pain,38,val,3087.0,asllex,sole gloss,cUB2Y7JE1geQgfRp8i8g.npy
crCQIZdOcZjJhCwOA1iw,pain,pain,57,test,2360.0,asllex,sole gloss,crCQIZdOcZjJhCwOA1iw.npy
dQ5lEvNPuMYhzo9Y2F4v,hurt,pain,50,test,1742.0,asllex,sole gloss,dQ5lEvNPuMYhzo9Y2F4v.npy
dsFOVtOUcI1ntMVOg1uS,hurt,pain,46,train,2029.0,asllex,sole gloss,dsFOVtOUcI1ntMVOg1uS.npy
eFE1o5ky7HhA2aBs65YV,hurt,pain,54,train,1729.0,freetext,sole gloss,eFE1o5ky7HhA2aBs65YV.npy
eJ1uuIeTwlhY7bxu9I8i,hurt,pain,57,test,2155.0,asllex,sole gloss,eJ1uuIeTwlhY7bxu9I8i.npy
eSiEj3O4eXuImfzfKlp2,hurt,pain,46,train,2403.0,asllex,sole gloss,eSiEj3O4eXuImfzfKlp2.npy
eTBqMm7l92frKuPHMsbZ,hurt,pain,11,train,1420.0,asllex,sole gloss,eTBqMm7l92frKuPHMsbZ.npy
ej1a3VbYG3gBNWRsPD91,hurt,pain,61,test,1260.0,asllex,sole gloss,ej1a3VbYG3gBNWRsPD91.npy
ek9lJMKUeWU5UxJy3Tq4,pain,pain,59,train,3722.0,asllex,sole gloss,ek9lJMKUeWU5UxJy3Tq4.npy
f3LNjEsswjnJVKCAvuJV,hurt,pain,57,test,2426.0,asllex,sole gloss,f3LNjEsswjnJVKCAvuJV.npy
fR7RUj9d5HTCysBgYsKs,hurt,pain,7,train,2184.0,asllex,sole gloss,fR7RUj9d5HTCysBgYsKs.npy
fUTEiM9Um9FDT3QCF79t,hurt,pain,61,test,2786.0,asllex,sole gloss,fUTEiM9Um9FDT3QCF79t.npy
fZmKl6gtjHFCfVNGKcOk,hurt,pain,39,train,4295.0,asllex,sole gloss,fZmKl6gtjHFCfVNGKcOk.npy
fo1YdD3TFr1cOxeCVYhr,hurt,pain,39,val,2759.0,asllex,sole gloss,fo1YdD3TFr1cOxeCVYhr.npy
fy3MgDocavHDIi3kiUH3,hurt,pain,43,train,3036.0,asllex,sole gloss,fy3MgDocavHDIi3kiUH3.npy
gwuUU7DIuDj2ggZHYDtp,hurt,pain,17,val,844.0,asllex,sole gloss,gwuUU7DIuDj2ggZHYDtp.npy
hSp1UpODUaTy4aWy1eq6,hurt,pain,8,train,1417.0,asllex,sole gloss,hSp1UpODUaTy4aWy1eq6.npy
hXc3qr2XfsSAgEsOLdRl,hurt,pain,23,train,1838.0,asllex,sole gloss,hXc3qr2XfsSAgEsOLdRl.npy
hab4k7RBoZ58qSNi9CLD,hurt,pain,84,train,1521.0,asllex,sole gloss,hab4k7RBoZ58qSNi9CLD.npy
hcmY8SHM5bvS0bc4xPir,hurt,pain,84,train,1273.0,asllex,sole gloss,hcmY8SHM5bvS0bc4xPir.npy
hwmSW9uhcBpzMVUintAd,pain,pain,17,val,1739.0,asllex,sole gloss,hwmSW9uhcBpzMVUintAd.npy
i1M7xtwqK4w6GJxE3vWE,hurt,pain,39,train,2821.0,asllex,sole gloss,i1M7xtwqK4w6GJxE3vWE.npy
i332a0gASQYjBGnGNz3a,hurt,pain,61,test,2746.0,freetext,sole gloss,i332a0gASQYjBGnGNz3a.npy
jCER6jHMWwfUffPGzNW9,pain,pain,14,val,2429.0,asllex,sole gloss,jCER6jHMWwfUffPGzNW9.npy
jMz7Ppycmp30JxTK53uc,hurt,pain,17,train,1694.0,asllex,sole gloss,jMz7Ppycmp30JxTK53uc.npy
jgQ4hOX2pnHhOrN1iJuJ,pain,pain,17,train,1015.0,asllex,sole gloss,jgQ4hOX2pnHhOrN1iJuJ.npy
k09a4LgSxR1u5r81dV9y,hurt,pain,17,train,1772.0,asllex,sole gloss,k09a4LgSxR1u5r81dV9y.npy
k2kOMVG45UqQy7VZcqRc,hurt,pain,36,test,2537.0,asllex,sole gloss,k2kOMVG45UqQy7VZcqRc.npy
kGv7CYOk7zIYnm92VwOT,hurt,pain,17,train,1750.0,asllex,sole gloss,kGv7CYOk7zIYnm92VwOT.npy
kU2ifxMdrb6KrzXNWwNB,hurt,pain,63,train,1812.0,asllex,sole gloss,kU2ifxMdrb6KrzXNWwNB.npy
kavUgraJWdsPqctSw5Bg,hurt,pain,39,train,3580.0,freetext,sole gloss,kavUgraJWdsPqctSw5Bg.npy
kslrjxCNl6gQottpcOkk,hurt,pain,59,train,3456.0,asllex,sole gloss,kslrjxCNl6gQottpcOkk.npy
l1lYPcUfrft7iHYmI0cg,hurt,pain,57,test,1490.0,asllex,sole gloss,l1lYPcUfrft7iHYmI0cg.npy
lWbzm6xUYSKVwN4oRfve,hurt,pain,30,train,1793.0,freetext,sole gloss,lWbzm6xUYSKVwN4oRfve.npy
llJeuuQgIDFVxc8wuCYc,hurt,pain,61,test,2116.0,asllex,sole gloss,llJeuuQgIDFVxc8wuCYc.npy
lrAFFeOX5OZm0gx3FrWR,hurt,pain,78,train,1800.0,asllex,sole gloss,lrAFFeOX5OZm0gx3FrWR.npy
ltD3FWqUJg0Jz8nOoBQ3,hurt,pain,8,val,1725.0,asllex,sole gloss,ltD3FWqUJg0Jz8nOoBQ3.npy
m0B58xV8NL016aMU09Gu,hurt,pain,46,train,2627.0,asllex,sole gloss,m0B58xV8NL016aMU09Gu.npy
m6Pab27hwzugVimRqXnZ,hurt,pain,84,train,1676.0,asllex,sole gloss,m6Pab27hwzugVimRqXnZ.npy
m8KnyuUsoZSWKAjoQTgm,hurt,pain,52,train,2300.0,asllex,sole gloss,m8KnyuUsoZSWKAjoQTgm.npy
mFtKbquApfYZAfSLwJNZ,hurt,pain,49,train,1351.0,freetext,sole gloss,mFtKbquApfYZAfSLwJNZ.npy
mNIyTD4Ln1uVpsDGp88m,hurt,pain,17,train,2285.0,asllex,sole gloss,mNIyTD4Ln1uVpsDGp88m.npy
mho3sPSTCpq6e1pb9wKM,hurt,pain,63,train,2214.0,asllex,sole gloss,mho3sPSTCpq6e1pb9wKM.npy
nFADeBpOnXV6rB1RpZZK,hurt,pain,11,train,1699.0,asllex,sole gloss,nFADeBpOnXV6rB1RpZZK.npy
nU9G9MyB5jybpM1fbkaV,hurt,pain,7,train,2292.0,asllex,sole gloss,nU9G9MyB5jybpM1fbkaV.npy
nm6b3aqRg2ogk8aO1aTs,pain,pain,17,train,908.0,asllex,sole gloss,nm6b3aqRg2ogk8aO1aTs.npy
o1XYHzq5PImvHVKVf1Ez,hurt,pain,88,train,2170.0,asllex,sole gloss,o1XYHzq5PImvHVKVf1Ez.npy
o3gfONynviuE9kGO41Ij,hurt,pain,35,val,1848.0,asllex,sole gloss,o3gfONynviuE9kGO41Ij.npy
oPI5XFb3fYkkLvSEB7gf,hurt,pain,61,test,1606.0,asllex,sole gloss,oPI5XFb3fYkkLvSEB7gf.npy
oSLsKgi6ealV8fQ5T2rG,hurt,pain,84,train,1373.0,asllex,sole gloss,oSLsKgi6ealV8fQ5T2rG.npy
oieeZa4XT0PPKwQ5onot,hurt,pain,61,test,1911.0,asllex,sole gloss,oieeZa4XT0PPKwQ5onot.npy
ok5X2EvB6x315N1DSsuE,hurt,pain,23,train,1620.0,asllex,sole gloss,ok5X2EvB6x315N1DSsuE.npy
pDvx252mrvQrDRcAAQL0,hurt,pain,43,val,3622.0,asllex,sole gloss,pDvx252mrvQrDRcAAQL0.npy
pLex2mAMgxaclloHEJ2Z,hurt,pain,46,train,3777.0,asllex,sole gloss,pLex2mAMgxaclloHEJ2Z.npy
pVKEE04LvL9HvuDc3D92,hurt,pain,7,train,2310.0,asllex,sole gloss,pVKEE04LvL9HvuDc3D92.npy
q4xQHt4W34BKszticnch,hurt,pain,8,train,1422.0,asllex,sole gloss,q4xQHt4W34BKszticnch.npy
qEbENZ7xImd80X1MfnYL,hurt,pain,61,test,2420.0,asllex,sole gloss,qEbENZ7xImd80X1MfnYL.npy
qKJbo02Ks1KWgn6TZMCC,hurt,pain,84,val,1405.0,asllex,sole gloss,qKJbo02Ks1KWgn6TZMCC.npy
qQEO5JoipxnjL25hVg5k,hurt,pain,49,train,1069.0,asllex,sole gloss,qQEO5JoipxnjL25hVg5k.npy
qZNJGxbuC2TIOGGNoQnP,hurt,pain,84,train,1734.0,asllex,sole gloss,qZNJGxbuC2TIOGGNoQnP.npy
qeOMZDax7pbg5QQwYb8Q,hurt,pain,8,val,1529.0,asllex,sole gloss,qeOMZDax7pbg5QQwYb8Q.npy
qjkNVnYjVhuQfavA1XIJ,pain,pain,23,val,1640.0,asllex,sole gloss,qjkNVnYjVhuQfavA1XIJ.npy
qxIseNQtKVoftHTqh5Zc,pain,pain,85,train,2136.0,asllex,sole gloss,qxIseNQtKVoftHTqh5Zc.npy
qxKFit9QHnLq9MkO01AA,hurt,pain,84,val,1632.0,asllex,sole gloss,qxKFit9QHnLq9MkO01AA.npy
qzKvzxOHn32AYMRwjwRQ,hurt,pain,17,train,934.0,asllex,sole gloss,qzKvzxOHn32AYMRwjwRQ.npy
rKrhnezAKEAv7yqoLk6b,hurt,pain,31,train,1153.0,asllex,sole gloss,rKrhnezAKEAv7yqoLk6b.npy
s2e1EZVWOgw3MNQIAyup,hurt,pain,62,train,1445.0,asllex,sole gloss,s2e1EZVWOgw3MNQIAyup.npy
sUNaPXqNncUIKa7unbkI,hurt,pain,84,train,1833.0,asllex,sole gloss,sUNaPXqNncUIKa7unbkI.npy
seMQpPKbHG8WsraiJKcg,pain,pain,64,test,1832.0,asllex,sole gloss,seMQpPKbHG8WsraiJKcg.npy
sptwLT6hUPDqKa4fNGlx,hurt,pain,49,train,1022.0,asllex,sole gloss,sptwLT6hUPDqKa4fNGlx.npy
stOyto0b9CQAq1ya3LTK,pain,pain,49,val,1440.0,asllex,sole gloss,stOyto0b9CQAq1ya3LTK.npy
tN769sT2anIiyqFGj4hb,hurt,pain,53,test,2225.0,asllex,sole gloss,tN769sT2anIiyqFGj4hb.npy
tVbP8slzNp4zicqLtNfM,pain,pain,46,train,2352.0,asllex,sole gloss,tVbP8slzNp4zicqLtNfM.npy
u5VJx5Tsui7BppOzGL3C,hurt,pain,8,val,1570.0,freetext,sole gloss,u5VJx5Tsui7BppOzGL3C.npy
uB1BJRAt2P6txRfiVjus,hurt,pain,30,train,1670.0,freetext,sole gloss,uB1BJRAt2P6txRfiVjus.npy
uX9NoQcYdNc82lhdxYZ8,pain,pain,59,train,3004.0,asllex,sole gloss,uX9NoQcYdNc82lhdxYZ8.npy
vMFGrctQj4GiJ3aF7YML,pain,pain,59,train,1694.0,asllex,sole gloss,vMFGrctQj4GiJ3aF7YML.npy
vPH9mtDNsxhjlddHC38J,hurt,pain,84,train,1733.0,asllex,sole gloss,vPH9mtDNsxhjlddHC38J.npy
vPsmtydhiiUN8dZAnQbz,hurt,pain,8,train,1280.0,asllex,sole gloss,vPsmtydhiiUN8dZAnQbz.npy
vT6yIy3ejIgAwv4zLMs4,pain,pain,8,train,1102.0,asllex,sole gloss,vT6yIy3ejIgAwv4zLMs4.npy
vdGnhFLSh1n5zU5ofp3T,hurt,pain,35,train,1436.0,asllex,sole gloss,vdGnhFLSh1n5zU5ofp3T.npy
vofYhC0As1fHcIxi2Z2P,hurt,pain,17,train,1835.0,asllex,sole gloss,vofYhC0As1fHcIxi2Z2P.npy
vyFBgeRiOgprK3GCjsYA,hurt,pain,38,train,3040.0,asllex,sole gloss,vyFBgeRiOgprK3GCjsYA.npy
vytbHL1kKe01cLc0Vjns,hurt,pain,17,val,1851.0,asllex,sole gloss,vytbHL1kKe01cLc0Vjns.npy
wZ0awQK1tUlbXQSd3bEt,hurt,pain,52,train,2611.0,asllex,sole gloss,wZ0awQK1tUlbXQSd3bEt.npy
x1oIj9fzULhZOMWW8gWe,pain,pain,39,train,2846.0,asllex,sole gloss,x1oIj9fzULhZOMWW8gWe.npy
x7myBIFOrJ9OSUde3kQ4,hurt,pain,84,train,1231.0,asllex,sole gloss,x7myBIFOrJ9OSUde3kQ4.npy
x9caApNF8ATpnSoK4V9E,hurt,pain,64,test,1933.0,freetext,sole gloss,x9caApNF8ATpnSoK4V9E.npy
xINaSpxmwJdJuFj7wPME,hurt,pain,60,val,1090.0,freetext,sole gloss,xINaSpxmwJdJuFj7wPME.npy
xaF9cPSEKQ6WcU2WyjJP,hurt,pain,14,train,1664.0,asllex,sole gloss,xaF9cPSEKQ6WcU2WyjJP.npy
xdAOKOzhcC0erafYZeTY,pain,pain,61,test,1653.0,asllex,sole gloss,xdAOKOzhcC0erafYZeTY.npy
xxlXJ1Lb0nt7aO66ypj3,hurt,pain,8,train,2142.0,asllex,sole gloss,xxlXJ1Lb0nt7aO66ypj3.npy
xzhPNKvApfu9a4aw4dqa,hurt,pain,46,train,3095.0,asllex,sole gloss,xzhPNKvApfu9a4aw4dqa.npy
y4tjKbpwoA9UnriiIg8y,hurt,pain,39,train,4207.0,asllex,sole gloss,y4tjKbpwoA9UnriiIg8y.npy
yAIrUmkrUo3bEdSolwGY,hurt,pain,46,train,4071.0,asllex,sole gloss,yAIrUmkrUo3bEdSolwGY.npy
yDomK97LGD830RDcJ1U2,hurt,pain,48,test,1112.0,asllex,sole gloss,yDomK97LGD830RDcJ1U2.npy
yUERZEIVaFptzYzi0v5p,pain,pain,64,test,2106.0,asllex,sole gloss,yUERZEIVaFptzYzi0v5p.npy
yf45ICsFu3unCTY7FD5I,pain,pain,53,test,1613.0,asllex,sole gloss,yf45ICsFu3unCTY7FD5I.npy
yfnmqMfFI3oRoqnlNuri,hurt,pain,11,train,1385.0,asllex,sole gloss,yfnmqMfFI3oRoqnlNuri.npy
yk2UyNq7tR8vMtrPfbxo,hurt,pain,62,train,1460.0,asllex,sole gloss,yk2UyNq7tR8vMtrPfbxo.npy
z8Om2evlKuf9OXKpM7QW,hurt,pain,8,train,1659.0,asllex,sole gloss,z8Om2evlKuf9OXKpM7QW.npy
zRpQCXSj0BWERc3vGr4a,hurt,pain,30,train,1468.0,asllex,sole gloss,zRpQCXSj0BWERc3vGr4a.npy
zY91IjnzYBxnNtcVkFv7,pain,pain,23,train,1518.0,freetext,sole gloss,zY91IjnzYBxnNtcVkFv7.npy
zZDepqkrlVsVvHKXHgg9,hurt,pain,84,train,1442.0,asllex,sole gloss,zZDepqkrlVsVvHKXHgg9.npy
zarSZjpna3dLjSqEdpGA,hurt,pain,84,train,1785.0,asllex,sole gloss,zarSZjpna3dLjSqEdpGA.npy
zefKwb2zkhgUWK2f0N0D,hurt,pain,84,train,1500.0,asllex,sole gloss,zefKwb2zkhgUWK2f0N0D.npy
GBvo2nMGzJoReUZwsdQh,patient,patient,80,train,4651.0,freetext,sole gloss,GBvo2nMGzJoReUZwsdQh.npy
e25LTWgj2ehL1F47UiCS,patient,patient,84,val,1299.0,freetext,sole gloss,e25LTWgj2ehL1F47UiCS.npy
2iOS38FAARIAVpcmF0KT,pill,pill,48,test,1483.0,asllex,sole gloss,2iOS38FAARIAVpcmF0KT.npy
3fwadaEgOnpWEE0sfKqM,pill,pill,49,train,1325.0,asllex,sole gloss,3fwadaEgOnpWEE0sfKqM.npy
4RTJv8lpq8DnxkgbkdYm,pill,pill,76,train,3276.0,asllex,sole gloss,4RTJv8lpq8DnxkgbkdYm.npy
60A05ee4VAljGnWwriFx,pill,pill,31,train,1818.0,asllex,sole gloss,60A05ee4VAljGnWwriFx.npy
7NORzGL46HRxDvAG4vDX,pill,pill,49,val,1534.0,asllex,sole gloss,7NORzGL46HRxDvAG4vDX.npy
9NfbI5Es9XTkjaytHM29,pill,pill,88,train,1848.0,asllex,sole gloss,9NfbI5Es9XTkjaytHM29.npy
AEcj3ZosN4IaWuMf7VOE,pill,pill,54,val,1761.0,asllex,sole gloss,AEcj3ZosN4IaWuMf7VOE.npy
AfukyW4d6lRNx41tiIL3,pill,pill,23,train,1694.0,asllex,sole gloss,AfukyW4d6lRNx41tiIL3.npy
BeJTZg2Lgfo0712qH17V,pill,pill,7,train,2976.0,asllex,sole gloss,BeJTZg2Lgfo0712qH17V.npy
ClZpqPjH6mVb3TCQrAHc,pill,pill,7,train,2704.0,asllex,sole gloss,ClZpqPjH6mVb3TCQrAHc.npy
EPGNo6xIoFPKEgKVHPAf,pill,pill,53,test,1804.0,asllex,sole gloss,EPGNo6xIoFPKEgKVHPAf.npy
EhgPBKswKunqwSZXeRl7,pill,pill,88,train,1869.0,asllex,sole gloss,EhgPBKswKunqwSZXeRl7.npy
IMZ1YiUCTVKOZOw33g5d,pill,pill,84,train,2033.0,asllex,sole gloss,IMZ1YiUCTVKOZOw33g5d.npy
O7Rts68niqz1Nmuf9oPf,pill,pill,84,train,1535.0,asllex,sole gloss,O7Rts68niqz1Nmuf9oPf.npy
PZilYBOxVv0yWE8lLGGb,pill,pill,49,train,890.0,freetext,sole gloss,PZilYBOxVv0yWE8lLGGb.npy
Pt59whW8kDF9O9cuferU,pill,pill,88,train,2617.0,asllex,sole gloss,Pt59whW8kDF9O9cuferU.npy
SMfcHy6mLRe4RzQVx9Fe,pill,pill,43,train,3237.0,asllex,sole gloss,SMfcHy6mLRe4RzQVx9Fe.npy
SmJAhTHbKTGlJqGsEq3L,pill,pill,49,val,1197.0,asllex,sole gloss,SmJAhTHbKTGlJqGsEq3L.npy
SudMOWWnxd2i417LlAe1,pill,pill,49,train,1959.0,asllex,sole gloss,SudMOWWnxd2i417LlAe1.npy
VlUnDfFvkQ8nDhwpSS5m,pill,pill,27,train,3400.0,asllex,sole gloss,VlUnDfFvkQ8nDhwpSS5m.npy
W0H8KcxSGuqkzwEXPCix,pill,pill,84,train,1918.0,asllex,sole gloss,W0H8KcxSGuqkzwEXPCix.npy
Yjx8ruN8Yp3jGxiDjfPz,pill,pill,17,train,1829.0,asllex,sole gloss,Yjx8ruN8Yp3jGxiDjfPz.npy
bLsgeLeoctC5BA7DhmIc,pill,pill,7,train,2397.0,asllex,sole gloss,bLsgeLeoctC5BA7DhmIc.npy
gWQ6rC5iTznRcNLqTgZy,pill,pill,57,test,1130.0,asllex,sole gloss,gWQ6rC5iTznRcNLqTgZy.npy
kl7bc62kkGOSQWGHp1bA,pill,pill,17,train,1249.0,asllex,sole gloss,kl7bc62kkGOSQWGHp1bA.npy
lWTjZxYspFq23NCa2cJ0,pill,pill,30,train,2674.0,asllex,sole gloss,lWTjZxYspFq23NCa2cJ0.npy
rXMDoPRIBRy1r3codmUW,pill,pill,30,val,1468.0,asllex,sole gloss,rXMDoPRIBRy1r3codmUW.npy
sb52NoHtevMNqVaWL3EZ,pill,pill,57,test,1576.0,asllex,sole gloss,sb52NoHtevMNqVaWL3EZ.npy
skeM6K9L10BISHlT9ldf,pill,pill,62,train,1023.0,asllex,sole gloss,skeM6K9L10BISHlT9ldf.npy
tOaqMJtSzC6RNJ9502vV,pill,pill,11,train,1666.0,asllex,sole gloss,tOaqMJtSzC6RNJ9502vV.npy
teQMslNixa5yY82MN7RO,pill,pill,49,val,1266.0,asllex,sole gloss,teQMslNixa5yY82MN7RO.npy
xW9XEHOdpjCA33rzjlPY,pill,pill,42,val,1383.0,asllex,sole gloss,xW9XEHOdpjCA33rzjlPY.npy
z6cBuXRWvvTwNAHqwsjX,pill,pill,30,val,1399.0,asllex,sole gloss,z6cBuXRWvvTwNAHqwsjX.npy
2OoOX4WgA1Ucg76Qc8Yf,please,please,42,train,2019.0,freetext,sole gloss,2OoOX4WgA1Ucg76Qc8Yf.npy
56WPDcgZeDT3XHqXbIjc,please,please,42,train,1772.0,freetext,sole gloss,56WPDcgZeDT3XHqXbIjc.npy
5OHeFu6DWA6EWphEUuf7,please,please,61,test,1338.0,asllex,sole gloss,5OHeFu6DWA6EWphEUuf7.npy
7BNAROiJaWdveuYH3nZq,please,please,57,test,1151.0,asllex,sole gloss,7BNAROiJaWdveuYH3nZq.npy
8NUTvCFXvqNFp3MOmCJM,please,please,31,train,1835.0,asllex,sole gloss,8NUTvCFXvqNFp3MOmCJM.npy
9aaQj2Nvak3C0vHNvJOe,please,please,39,train,5006.0,asllex,sole gloss,9aaQj2Nvak3C0vHNvJOe.npy
C92H5qcCPWQpgSYVbYVB,please,please,38,val,4192.0,asllex,sole gloss,C92H5qcCPWQpgSYVbYVB.npy
JYdTH0zs0Qv38ebEXren,please,please,35,val,1634.0,freetext,sole gloss,JYdTH0zs0Qv38ebEXren.npy
UbvLIU8s3KmpV89sDnZ1,please,please,17,train,1267.0,asllex,sole gloss,UbvLIU8s3KmpV89sDnZ1.npy
Vw35Q9xsjRV4cv6ewTLu,please,please,7,val,2697.0,asllex,sole gloss,Vw35Q9xsjRV4cv6ewTLu.npy
WIQgUcl15O7cja1q611t,please,please,36,test,2171.0,asllex,sole gloss,WIQgUcl15O7cja1q611t.npy
a5vIR9qak7zTRhSEwIXh,please,please,11,train,1618.0,asllex,sole gloss,a5vIR9qak7zTRhSEwIXh.npy
cirRIlxIvxJE9pp0QR7v,please,please,80,train,2242.0,asllex,sole gloss,cirRIlxIvxJE9pp0QR7v.npy
eQMN8HqLixpkxw1R6LyC,please,please,54,train,2168.0,asllex,sole gloss,eQMN8HqLixpkxw1R6LyC.npy
fyPTiejzuQTSSr4MiPEa,please,please,57,test,1272.0,asllex,sole gloss,fyPTiejzuQTSSr4MiPEa.npy
gTImJAKjP4bxt8KvI0fB,please,please,49,val,2234.0,asllex,sole gloss,gTImJAKjP4bxt8KvI0fB.npy
giX6UxBEr5Ve5RJ2Ae2o,please,please,88,train,3666.0,asllex,sole gloss,giX6UxBEr5Ve5RJ2Ae2o.npy
inG3XoBGxeeIiwgVY7jc,please,please,84,train,1861.0,asllex,sole gloss,inG3XoBGxeeIiwgVY7jc.npy
nOVsf5fUh6Mt9TGRyA6l,please,please,46,train,2644.0,asllex,sole gloss,nOVsf5fUh6Mt9TGRyA6l.npy
qqAK6tzEViL8tgBcP92c,please,please,17,val,1268.0,asllex,sole gloss,qqAK6tzEViL8tgBcP92c.npy
ru5SKNFkxNHj6qRnnlN3,please,please,84,train,1552.0,asllex,sole gloss,ru5SKNFkxNHj6qRnnlN3.npy
sqqtiSZtOPlr299smwcn,please,please,61,test,1382.0,asllex,sole gloss,sqqtiSZtOPlr299smwcn.npy
t7s6pWEoUoBUZo2drK4w,please,please,46,train,2405.0,asllex,sole gloss,t7s6pWEoUoBUZo2drK4w.npy
w62IjhGAJUjsBWsuMDDV,please,please,46,train,3034.0,asllex,sole gloss,w62IjhGAJUjsBWsuMDDV.npy
wJxYDsgsG92HUSEYzZf3,please,please,15,train,1402.0,asllex,sole gloss,wJxYDsgsG92HUSEYzZf3.npy
xh2eRTZQZcqDXxhOmJaY,please,please,39,val,3070.0,asllex,sole gloss,xh2eRTZQZcqDXxhOmJaY.npy
z2kuijPutfYWsOBRvLzN,please,please,57,test,1228.0,asllex,sole gloss,z2kuijPutfYWsOBRvLzN.npy
f7HxBzrzSa9GYtPxsq9f,rash,rash,7,train,2679.0,freetext,sole gloss,f7HxBzrzSa9GYtPxsq9f.npy
lyrsPU4sG57DdVUGqvCI,rash,rash,88,val,3178.0,freetext,sole gloss,lyrsPU4sG57DdVUGqvCI.npy
1ieulBW3KFwssszfjeWY,sharp,sharp,80,val,2219.0,freetext,sole gloss,1ieulBW3KFwssszfjeWY.npy
1k0fnAYxwMMeDKnnZcjN,sharp,sharp,62,train,1145.0,freetext,sole gloss,1k0fnAYxwMMeDKnnZcjN.npy
3BY9gT4f94Ip6992hAaF,sharp,sharp,80,train,3932.0,freetext,sole gloss,3BY9gT4f94Ip6992hAaF.npy
HHYBaY7qVRUXEZVQyOiI,sharp,sharp,80,train,2873.0,freetext,sole gloss,HHYBaY7qVRUXEZVQyOiI.npy
Mgtu84V6VEXgtuaQh4wI,sharp,sharp,43,val,3673.0,freetext,sole gloss,Mgtu84V6VEXgtuaQh4wI.npy
RzdOLQETQ8IbkHDTK93R,sharp,sharp,7,train,2509.0,freetext,sole gloss,RzdOLQETQ8IbkHDTK93R.npy
Yv8oOSYwJU8t2fGHauEL,sharp,sharp,30,val,1555.0,freetext,sole gloss,Yv8oOSYwJU8t2fGHauEL.npy
ZurBEkD03EBTBUW1vH5z,sharp,sharp,7,train,2409.0,freetext,sole gloss,ZurBEkD03EBTBUW1vH5z.npy
bglSfXB6OiV9w5OPYw4O,sharp,sharp,84,train,1237.0,freetext,sole gloss,bglSfXB6OiV9w5OPYw4O.npy
dnIXmjddNL7P0sQFiPwB,sharp,sharp,30,train,1871.0,freetext,sole gloss,dnIXmjddNL7P0sQFiPwB.npy
BUxHVrgUhTIsmcVFi89Z,shot,shot,39,val,3280.0,freetext,sole gloss,BUxHVrgUhTIsmcVFi89Z.npy
GPSh7mgPRkKqe5Gf1XyX,shot,shot,49,train,1675.0,freetext,sole gloss,GPSh7mgPRkKqe5Gf1XyX.npy
QLRHUt1ycGlsGqE3o5FK,shot,shot,30,train,1573.0,freetext,sole gloss,QLRHUt1ycGlsGqE3o5FK.npy
Vj2H0EkIcazxz2Z5YX2z,shot,shot,63,train,1458.0,freetext,sole gloss,Vj2H0EkIcazxz2Z5YX2z.npy
b48Ae0rEFEwPnotR1GOD,shot,shot,49,train,1051.0,freetext,sole gloss,b48Ae0rEFEwPnotR1GOD.npy
gbQ3Yo83K7LWIRWTCqU6,shot,shot,7,val,2626.0,freetext,sole gloss,gbQ3Yo83K7LWIRWTCqU6.npy
2eVYSFsWLnEPnbI6eGC6,shoulder,shoulder,31,val,1888.0,asllex,sole gloss,2eVYSFsWLnEPnbI6eGC6.npy
5VUOhVGEPqCnoXJ6lktx,shoulder,shoulder,62,val,1510.0,freetext,sole gloss,5VUOhVGEPqCnoXJ6lktx.npy
AuwMIkNgPAB96JRoi5uf,shoulder,shoulder,7,val,2431.0,asllex,sole gloss,AuwMIkNgPAB96JRoi5uf.npy
ETACmyZKBsn8Fc1Gnt22,shoulder,shoulder,30,train,2056.0,asllex,sole gloss,ETACmyZKBsn8Fc1Gnt22.npy
RqUHLvGvyfoLOmeqhyhx,shoulder,shoulder,30,train,1867.0,asllex,sole gloss,RqUHLvGvyfoLOmeqhyhx.npy
ZFSsasR8UgyZYjbTeG5b,shoulder,shoulder,88,train,2544.0,asllex,sole gloss,ZFSsasR8UgyZYjbTeG5b.npy
byRgQZfyNIEfxPR7LiSk,shoulder,shoulder,57,test,1557.0,asllex,sole gloss,byRgQZfyNIEfxPR7LiSk.npy
fn8WvsZjKtdRGl4q2h5I,shoulder,shoulder,30,train,1630.0,asllex,sole gloss,fn8WvsZjKtdRGl4q2h5I.npy
mmITx5g0KsKSKZLLX4ud,shoulder,shoulder,63,train,1974.0,freetext,sole gloss,mmITx5g0KsKSKZLLX4ud.npy
0cx2eegdr4va4BnZ91vG,show,show,61,test,1331.0,asllex,sole gloss,0cx2eegdr4va4BnZ91vG.npy
0obwr2Xc3XmZUxRra32v,show,show,84,val,1756.0,asllex,sole gloss,0obwr2Xc3XmZUxRra32v.npy
0qTm0URI96hUyWdHANTp,show,show,7,train,2773.0,asllex,sole gloss,0qTm0URI96hUyWdHANTp.npy
1e7uoZqFUC2Oe8MtcuAF,show,show,38,val,3902.0,asllex,sole gloss,1e7uoZqFUC2Oe8MtcuAF.npy
4ACouL1DS3tcOKtNVdj7,show,show,64,test,1989.0,asllex,sole gloss,4ACouL1DS3tcOKtNVdj7.npy
7BmUhXYVrkkEVlbXWTY0,show,show,62,train,1793.0,asllex,sole gloss,7BmUhXYVrkkEVlbXWTY0.npy
7TdWW8FkAPon46X9bX04,show,show,62,train,1213.0,asllex,sole gloss,7TdWW8FkAPon46X9bX04.npy
7giMWRjKLIlAA0wxZwbU,show,show,49,val,1185.0,asllex,sole gloss,7giMWRjKLIlAA0wxZwbU.npy
8WvFpxRIQcr05OZ5cZwy,show,show,14,train,3007.0,asllex,sole gloss,8WvFpxRIQcr05OZ5cZwy.npy
9dAaMhyVVhNCfcmBayIq,show,show,50,test,2611.0,asllex,sole gloss,9dAaMhyVVhNCfcmBayIq.npy
AOO4I0P3Js3gdwQRm7JG,show,show,49,train,1510.0,asllex,sole gloss,AOO4I0P3Js3gdwQRm7JG.npy
AWBbNrcCpwWwSlBHDFOB,show,show,49,train,1472.0,asllex,sole gloss,AWBbNrcCpwWwSlBHDFOB.npy
AdlRA8jXGMXEffsb34oH,show,show,15,val,1289.0,asllex,sole gloss,AdlRA8jXGMXEffsb34oH.npy
CBmt3OWRAoGhjZsFGSgt,show,show,88,train,2190.0,asllex,sole gloss,CBmt3OWRAoGhjZsFGSgt.npy
CHZ7rKNHjGUvfqzH4ZY7,show,show,84,val,1798.0,asllex,sole gloss,CHZ7rKNHjGUvfqzH4ZY7.npy
CLOL4aEjaFB6HlHg7Js5,show,show,88,train,3971.0,asllex,sole gloss,CLOL4aEjaFB6HlHg7Js5.npy
CjvOPkYr8gNznkvVrbIS,show,show,15,train,1017.0,asllex,sole gloss,CjvOPkYr8gNznkvVrbIS.npy
DrNn8BA67AtCpyQrJp2I,show,show,49,train,1292.0,asllex,sole gloss,DrNn8BA67AtCpyQrJp2I.npy
ELpW6fyMAbvjr0s6kSN8,show,show,39,train,2206.0,asllex,sole gloss,ELpW6fyMAbvjr0s6kSN8.npy
EivSftxIqhyGLBrmJJEJ,show,show,52,train,2117.0,asllex,sole gloss,EivSftxIqhyGLBrmJJEJ.npy
FdvfO9HLtgZ9zkL2WGcK,show,show,38,val,3252.0,asllex,sole gloss,FdvfO9HLtgZ9zkL2WGcK.npy
HpUzPnAK34Hb1weoiXC9,show,show,52,train,3037.0,asllex,sole gloss,HpUzPnAK34Hb1weoiXC9.npy
HrK4NAzOJDoEhzYg2MnQ,show,show,7,val,2697.0,asllex,sole gloss,HrK4NAzOJDoEhzYg2MnQ.npy
IUxHzrKEUfgcttAVRrC8,show,show,57,test,2011.0,freetext,sole gloss,IUxHzrKEUfgcttAVRrC8.npy
JO2Y9d82oGJYjkIECE1K,show,show,39,val,5813.0,asllex,sole gloss,JO2Y9d82oGJYjkIECE1K.npy
JUyZOrEVRYgVyYJe8z77,show,show,49,train,1615.0,asllex,sole gloss,JUyZOrEVRYgVyYJe8z77.npy
JfYL8xN9RUELk2ictIu0,show,show,39,train,2513.0,asllex,sole gloss,JfYL8xN9RUELk2ictIu0.npy
Jkdh72KmjcQBjuGwK3Vq,show,show,62,train,1323.0,asllex,sole gloss,Jkdh72KmjcQBjuGwK3Vq.npy
Jy8Zikj9Hvj5Fhjmil43,show,show,17,train,998.0,asllex,sole gloss,Jy8Zikj9Hvj5Fhjmil43.npy
KaEZkTCDG7D1SgxKfZuc,show,show,31,train,1559.0,asllex,sole gloss,KaEZkTCDG7D1SgxKfZuc.npy
M0X9Crd0n8bmdB5yBTTU,show,show,49,train,1145.0,asllex,sole gloss,M0X9Crd0n8bmdB5yBTTU.npy
MXSalEoMJ9CwUVW8j30W,show,show,64,test,2034.0,freetext,sole gloss,MXSalEoMJ9CwUVW8j30W.npy
NM3ULSfxJV5Jhe0mRz1x,show,show,57,test,2316.0,asllex,sole gloss,NM3ULSfxJV5Jhe0mRz1x.npy
NiT3xVXp4jZMygXJQHlp,show,show,49,train,1786.0,asllex,sole gloss,NiT3xVXp4jZMygXJQHlp.npy
Nru6SMS5Ijl8V3cd8l7m,show,show,36,test,1737.0,asllex,sole gloss,Nru6SMS5Ijl8V3cd8l7m.npy
O7uNDIdShDSGPhbwAu55,show,show,49,train,1787.0,asllex,sole gloss,O7uNDIdShDSGPhbwAu55.npy
OO4aVkXoE2S4ycxzLSVg,show,show,64,test,1950.0,asllex,sole gloss,OO4aVkXoE2S4ycxzLSVg.npy
OlKSjgXrO3bpLkAJXOZq,show,show,61,test,1583.0,asllex,sole gloss,OlKSjgXrO3bpLkAJXOZq.npy
P6VudZpoCiE85HYrSIsZ,show,show,49,train,1565.0,asllex,sole gloss,P6VudZpoCiE85HYrSIsZ.npy
QHip3Zagkua3LzG3m11N,show,show,36,test,1692.0,asllex,sole gloss,QHip3Zagkua3LzG3m11N.npy
RsrYXgB0steEtvZyt1VM,show,show,39,train,2951.0,asllex,sole gloss,RsrYXgB0steEtvZyt1VM.npy
T3SijRikZUcB2bhxxR1v,show,show,39,train,3338.0,asllex,sole gloss,T3SijRikZUcB2bhxxR1v.npy
TPIwYRY0bbreP6vrKQ8b,show,show,78,train,2182.0,asllex,sole gloss,TPIwYRY0bbreP6vrKQ8b.npy
ThiZhdkHzg5UTRtbMa4S,show,show,36,test,2029.0,asllex,sole gloss,ThiZhdkHzg5UTRtbMa4S.npy
VYPGcFq2TtxRwBWbEvf1,show,show,49,train,1834.0,freetext,sole gloss,VYPGcFq2TtxRwBWbEvf1.npy
VvFdPgtiuTgjzjrEyy53,show,show,39,train,3567.0,freetext,sole gloss,VvFdPgtiuTgjzjrEyy53.npy
YCJIWHKO09aOW6LSyXsB,show,show,84,train,1572.0,asllex,sole gloss,YCJIWHKO09aOW6LSyXsB.npy
ZAxPAgnATQCwn7y2MTLV,show,show,62,train,1514.0,asllex,sole gloss,ZAxPAgnATQCwn7y2MTLV.npy
ZhBuyeJRVF3PkGik5NrE,show,show,39,train,3814.0,asllex,sole gloss,ZhBuyeJRVF3PkGik5NrE.npy
ZhiAUl1TAOyWIXI5WmQd,show,show,39,val,3393.0,freetext,sole gloss,ZhiAUl1TAOyWIXI5WmQd.npy
bzJ7yGkK8vE7zFFFBPeh,show,show,49,train,1601.0,asllex,sole gloss,bzJ7yGkK8vE7zFFFBPeh.npy
cazwFHp8bl1csBd2ojOH,show,show,59,train,2140.0,asllex,sole gloss,cazwFHp8bl1csBd2ojOH.npy
cxlCZprvz8ytiCFe17fF,show,show,50,test,1988.0,asllex,sole gloss,cxlCZprvz8ytiCFe17fF.npy
dJGqea3mnSNX3pTDO7gg,show,show,59,train,1526.0,asllex,sole gloss,dJGqea3mnSNX3pTDO7gg.npy
eAqzLQob0ncL8Itb4Dm7,show,show,84,train,2654.0,asllex,sole gloss,eAqzLQob0ncL8Itb4Dm7.npy
evalfrRU86Ugt4yOUKkP,show,show,62,train,1189.0,asllex,sole gloss,evalfrRU86Ugt4yOUKkP.npy
fFGR43UAP3E4oNiX7y0j,show,show,39,train,3282.0,asllex,sole gloss,fFGR43UAP3E4oNiX7y0j.npy
iEbi1iZxHkqswCIZ0wVF,show,show,46,train,3603.0,asllex,sole gloss,iEbi1iZxHkqswCIZ0wVF.npy
idhFeabrrpM8VKhS6k9S,show,show,42,train,1619.0,freetext,sole gloss,idhFeabrrpM8VKhS6k9S.npy
ioMXtrDHx96Mi4ozCXna,show,show,49,train,2660.0,asllex,sole gloss,ioMXtrDHx96Mi4ozCXna.npy
ioXw4qNhcv68NzbBmqG7,show,show,17,val,941.0,asllex,sole gloss,ioXw4qNhcv68NzbBmqG7.npy
j2H9VdT2DFGPPEPeTJRG,show,show,78,val,1880.0,asllex,sole gloss,j2H9VdT2DFGPPEPeTJRG.npy
j74oJyw5fMFbZLCTg8cJ,show,show,39,val,3691.0,asllex,sole gloss,j74oJyw5fMFbZLCTg8cJ.npy
jKXiA87AiyRfMNzpBUIZ,show,show,61,test,1552.0,asllex,sole gloss,jKXiA87AiyRfMNzpBUIZ.npy
jXDOT4AJB2U63fKJkARb,show,show,42,train,1690.0,freetext,sole gloss,jXDOT4AJB2U63fKJkARb.npy
k0TtSymRpq1nvqvOT1TH,show,show,49,train,1704.0,asllex,sole gloss,k0TtSymRpq1nvqvOT1TH.npy
lxGOCUruEEQe61oE5fLe,show,show,85,train,3939.0,asllex,sole gloss,lxGOCUruEEQe61oE5fLe.npy
oHMufdmrfQb8J5WanWRe,show,show,53,test,1942.0,asllex,sole gloss,oHMufdmrfQb8J5WanWRe.npy
oZuwzKjYg48v9OSHFsmu,show,show,64,test,2002.0,asllex,sole gloss,oZuwzKjYg48v9OSHFsmu.npy
qB0XobYmfsk0wLpDROcw,show,show,17,train,1213.0,asllex,sole gloss,qB0XobYmfsk0wLpDROcw.npy
qMVyt4912dQu55KU06iA,show,show,7,val,2505.0,asllex,sole gloss,qMVyt4912dQu55KU06iA.npy
roqH5X4pGeMH3bOrE1iY,show,show,7,val,2442.0,asllex,sole gloss,roqH5X4pGeMH3bOrE1iY.npy
sStFLtCFRYBar5nbrkel,show,show,76,train,3046.0,asllex,sole gloss,sStFLtCFRYBar5nbrkel.npy
uG1onDbuRGZOELSGe1DE,show,show,31,train,1491.0,asllex,sole gloss,uG1onDbuRGZOELSGe1DE.npy
v65JekGnuyBqeNY2X2AZ,show,show,31,val,1662.0,asllex,sole gloss,v65JekGnuyBqeNY2X2AZ.npy
vUXySxZcN5dgPudbsBsc,show,show,7,train,2251.0,asllex,sole gloss,vUXySxZcN5dgPudbsBsc.npy
w8bbvQkOXGx8PLA2TeRf,show,show,39,val,3597.0,asllex,sole gloss,w8bbvQkOXGx8PLA2TeRf.npy
wIMBJ4fB50KcHY4tNVXv,show,show,31,train,1297.0,asllex,sole gloss,wIMBJ4fB50KcHY4tNVXv.npy
wpPDTiBpYNgURg9powEy,show,show,7,train,2251.0,asllex,sole gloss,wpPDTiBpYNgURg9powEy.npy
wsipxBqA1OXPCz9nWdHE,show,show,31,train,1461.0,asllex,sole gloss,wsipxBqA1OXPCz9nWdHE.npy
wyAbMxRU3YYb9ULj2JKp,show,show,48,test,1200.0,asllex,sole gloss,wyAbMxRU3YYb9ULj2JKp.npy
x4owhYhR8L46qeudWznv,show,show,88,train,2337.0,asllex,sole gloss,x4owhYhR8L46qeudWznv.npy
zauARHPmpauXGaBPg6T7,show,show,62,val,1342.0,asllex,sole gloss,zauARHPmpauXGaBPg6T7.npy
02tyK7GASuUcaI5glmnZ,sick,sick,35,train,1280.0,asllex,sole gloss,02tyK7GASuUcaI5glmnZ.npy
0NrWviasyPNrrokFBY1W,sick,sick,62,train,1320.0,asllex,sole gloss,0NrWviasyPNrrokFBY1W.npy
0iGv5iStkBAso4lKaX1s,sick,sick,85,val,2158.0,asllex,sole gloss,0iGv5iStkBAso4lKaX1s.npy
0tSkWdfde5KkhN05HBHW,sick,sick,62,val,1305.0,asllex,sole gloss,0tSkWdfde5KkhN05HBHW.npy
183Epfpkf2vB39QV78vu,sick,sick,46,train,2866.0,asllex,sole gloss,183Epfpkf2vB39QV78vu.npy
1uLrJL8ST3j1ZO3TK30o,sick,sick,49,val,3248.0,asllex,sole gloss,1uLrJL8ST3j1ZO3TK30o.npy
1w1sAWAVnxYQhI5szj3q,sick,sick,38,train,2804.0,asllex,sole gloss,1w1sAWAVnxYQhI5szj3q.npy
1xcwIRQXio6LQfZnHQ37,sick,sick,8,train,2935.0,asllex,sole gloss,1xcwIRQXio6LQfZnHQ37.npy
21ue6gJDsYfZNFoxLNVn,sick,sick,48,test,1388.0,asllex,sole gloss,21ue6gJDsYfZNFoxLNVn.npy
2IY6DTbsZt5495oTRdH3,sick,sick,84,train,2346.0,freetext,sole gloss,2IY6DTbsZt5495oTRdH3.npy
2JcMxozFoPP14YBxsvm3,sick,sick,50,test,2354.0,asllex,sole gloss,2JcMxozFoPP14YBxsvm3.npy
2TlnUlmkzzmlhRPjl8W5,sick,sick,33,test,1953.0,asllex,sole gloss,2TlnUlmkzzmlhRPjl8W5.npy
46tJJd7jhhXT7Xfg32zI,sick,sick,30,train,1972.0,asllex,sole gloss,46tJJd7jhhXT7Xfg32zI.npy
4ALDZZYLkZsiJWB2dGUr,sick,sick,39,train,2973.0,asllex,sole gloss,4ALDZZYLkZsiJWB2dGUr.npy
4QljxAD43QtRQLe5qInx,sick,sick,57,test,1206.0,asllex,sole gloss,4QljxAD43QtRQLe5qInx.npy
4SnoqxlNlNu5FMPb90uz,sick,sick,43,train,2598.0,asllex,sole gloss,4SnoqxlNlNu5FMPb90uz.npy
4UJ5Bq93wx7cVymumJc2,sick,sick,54,train,3115.0,asllex,sole gloss,4UJ5Bq93wx7cVymumJc2.npy
4VV9zNk3P6hW98e0pIRH,sick,sick,61,test,1040.0,asllex,sole gloss,4VV9zNk3P6hW98e0pIRH.npy
5gq7IVzcpvLJnEMpsbsu,sick,sick,7,train,2274.0,asllex,sole gloss,5gq7IVzcpvLJnEMpsbsu.npy
6CuUQO4mGsaDzho8k89V,sick,sick,7,val,2004.0,asllex,sole gloss,6CuUQO4mGsaDzho8k89V.npy
6Jn7YYwbsnDuy34uC5xS,sick,sick,59,val,2130.0,asllex,sole gloss,6Jn7YYwbsnDuy34uC5xS.npy
6Tw4aEEyfrYebmSV9XyP,sick,sick,31,val,1649.0,asllex,sole gloss,6Tw4aEEyfrYebmSV9XyP.npy
6UsDGBUT5MOz7tcTYfJf,sick,sick,59,val,1307.0,asllex,sole gloss,6UsDGBUT5MOz7tcTYfJf.npy
6qH62VCEQph91hgARHBq,sick,sick,62,train,1301.0,asllex,sole gloss,6qH62VCEQph91hgARHBq.npy
7C2pd3fNCzWH5vLL8EbE,sick,sick,14,train,4320.0,asllex,sole gloss,7C2pd3fNCzWH5vLL8EbE.npy
7D7GEag8APKTyFa6S3Ep,sick,sick,49,val,1357.0,asllex,sole gloss,7D7GEag8APKTyFa6S3Ep.npy
7Hc6jnTSxZ5jrgsxEyXx,sick,sick,39,val,2200.0,asllex,sole gloss,7Hc6jnTSxZ5jrgsxEyXx.npy
7OXH7HYSHue97veVEa2X,sick,sick,17,train,1049.0,asllex,sole gloss,7OXH7HYSHue97veVEa2X.npy
7XjPk13ZaetaqoYnjhj1,sick,sick,57,test,2519.0,asllex,sole gloss,7XjPk13ZaetaqoYnjhj1.npy
85fXmGRuDfzZ3WZ7upfa,sick,sick,7,val,2540.0,asllex,sole gloss,85fXmGRuDfzZ3WZ7upfa.npy
8HGJ1OMM7gTElbEva8VE,sick,sick,38,val,2836.0,asllex,sole gloss,8HGJ1OMM7gTElbEva8VE.npy
9SVDXlwRrPsIjguPQSNw,sick,sick,63,train,2258.0,asllex,sole gloss,9SVDXlwRrPsIjguPQSNw.npy
9y28EisbJtyVfjcFd3OW,sick,sick,88,val,2489.0,asllex,sole gloss,9y28EisbJtyVfjcFd3OW.npy
AShP0A3X0VEiILP8fzT8,sick,sick,17,train,1810.0,asllex,sole gloss,AShP0A3X0VEiILP8fzT8.npy
Afl7as0oKCTsuWtk16d4,sick,sick,38,train,3209.0,asllex,sole gloss,Afl7as0oKCTsuWtk16d4.npy
BOD2LVFCCBOjk4T3zXkz,sick,sick,39,train,2944.0,asllex,sole gloss,BOD2LVFCCBOjk4T3zXkz.npy
CDYXrUfuElPms9uFCes1,sick,sick,62,train,1510.0,freetext,sole gloss,CDYXrUfuElPms9uFCes1.npy
CSmrNkGXe8LFCrRbGXJs,sick,sick,8,val,1661.0,asllex,sole gloss,CSmrNkGXe8LFCrRbGXJs.npy
Cl6wpskjFxw2HttgoRer,sick,sick,57,test,2141.0,asllex,sole gloss,Cl6wpskjFxw2HttgoRer.npy
CvB7gNsHx5f9lkor73o4,sick,sick,14,train,2837.0,asllex,sole gloss,CvB7gNsHx5f9lkor73o4.npy
CzdLMFJfDYoDqpDn1Ilr,sick,sick,57,test,2197.0,asllex,sole gloss,CzdLMFJfDYoDqpDn1Ilr.npy
D4Eus1b6EVokKgTpaOV5,sick,sick,39,train,3101.0,asllex,sole gloss,D4Eus1b6EVokKgTpaOV5.npy
DYq2Id80b7yPf0m6QNgs,sick,sick,7,val,2594.0,asllex,sole gloss,DYq2Id80b7yPf0m6QNgs.npy
Df4gza0X4YFnAaczFPI5,sick,sick,62,train,1029.0,asllex,sole gloss,Df4gza0X4YFnAaczFPI5.npy
Dn0T0zn9Mk15bFzC4nuQ,sick,sick,30,val,1741.0,freetext,sole gloss,Dn0T0zn9Mk15bFzC4nuQ.npy
EBd4cx9T9sP6BnNFmXWp,sick,sick,39,train,2296.0,asllex,sole gloss,EBd4cx9T9sP6BnNFmXWp.npy
EOWTOxNZsJyku2gkML0f,sick,sick,7,train,2184.0,asllex,sole gloss,EOWTOxNZsJyku2gkML0f.npy
ESTvxUNxx2aKUvkGA87j,sick,sick,85,train,3678.0,asllex,sole gloss,ESTvxUNxx2aKUvkGA87j.npy
EWOUOPSL9tn5ZSVXog6r,sick,sick,7,train,2556.0,asllex,sole gloss,EWOUOPSL9tn5ZSVXog6r.npy
Eyd69gl0ILp2Ei3yp3LT,sick,sick,48,test,1645.0,asllex,sole gloss,Eyd69gl0ILp2Ei3yp3LT.npy
FqewERtkufu8WZ3NNBDF,sick,sick,14,train,2449.0,asllex,sole gloss,FqewERtkufu8WZ3NNBDF.npy
GhChSjIWgRkSNFP6ktpG,sick,sick,57,test,1261.0,asllex,sole gloss,GhChSjIWgRkSNFP6ktpG.npy
Gj6fTu2vdEIoQqaoGHyb,sick,sick,8,train,1531.0,asllex,sole gloss,Gj6fTu2vdEIoQqaoGHyb.npy
GlfixN04OzsRGQd6Tcs1,sick,sick,7,train,2117.0,asllex,sole gloss,GlfixN04OzsRGQd6Tcs1.npy
HAaJiftpvlqFSTp5fHJP,sick,sick,7,train,2555.0,asllex,sole gloss,HAaJiftpvlqFSTp5fHJP.npy
HdD5qesIQ1NDsEdOpRKD,sick,sick,50,test,2020.0,freetext,sole gloss,HdD5qesIQ1NDsEdOpRKD.npy
HtCaEWB8T0AoKbzMUbyB,sick,sick,14,train,2111.0,asllex,sole gloss,HtCaEWB8T0AoKbzMUbyB.npy
ILLLWZnQUUDkaGzxpAYu,sick,sick,61,test,1791.0,asllex,sole gloss,ILLLWZnQUUDkaGzxpAYu.npy
IPS6aPKAO0qCK4YE9KM3,sick,sick,38,train,2432.0,asllex,sole gloss,IPS6aPKAO0qCK4YE9KM3.npy
J2V2Mmnf5SAQxZsN6Mdp,sick,sick,57,test,834.0,freetext,sole gloss,J2V2Mmnf5SAQxZsN6Mdp.npy
JexPCmyqwxbpbFO6BLoZ,sick,sick,84,train,2135.0,asllex,sole gloss,JexPCmyqwxbpbFO6BLoZ.npy
KSrXcIKmScuoBDkB9ahZ,sick,sick,30,train,1818.0,asllex,sole gloss,KSrXcIKmScuoBDkB9ahZ.npy
KSw49yyQIB9TL8miIRvG,sick,sick,30,train,2285.0,asllex,sole gloss,KSw49yyQIB9TL8miIRvG.npy
KjXP9ktv0zX1uqxZ4vs5,sick,sick,60,train,1597.0,asllex,sole gloss,KjXP9ktv0zX1uqxZ4vs5.npy
KqyiAyeWY6MRqhuAX3Rq,sick,sick,57,test,1418.0,asllex,sole gloss,KqyiAyeWY6MRqhuAX3Rq.npy
LB0T0JToNdKkZ8YzJf4d,sick,sick,14,train,2101.0,asllex,sole gloss,LB0T0JToNdKkZ8YzJf4d.npy
LCu3U4oMBhjSWW3RZI0I,sick,sick,30,train,2281.0,asllex,sole gloss,LCu3U4oMBhjSWW3RZI0I.npy
LNLiXpkNuoM0e6Y8QV0n,sick,sick,49,train,1594.0,asllex,sole gloss,LNLiXpkNuoM0e6Y8QV0n.npy
LSi5Y7T8sPgY3y3c7Vni,sick,sick,49,val,1268.0,asllex,sole gloss,LSi5Y7T8sPgY3y3c7Vni.npy
LbrL2H72BgfIDZAYhSL4,sick,sick,46,train,2231.0,asllex,sole gloss,LbrL2H72BgfIDZAYhSL4.npy
MAWGkUJnRmDEcH4niaV1,sick,sick,42,train,1436.0,asllex,sole gloss,MAWGkUJnRmDEcH4niaV1.npy
MepIZ2oh6cfDbmjsgTD9,sick,sick,57,test,1662.0,asllex,sole gloss,MepIZ2oh6cfDbmjsgTD9.npy
MsWprGor9vHPdSqT0LsX,sick,sick,7,train,2433.0,asllex,sole gloss,MsWprGor9vHPdSqT0LsX.npy
My3gqjkomViHVXdi2141,sick,sick,50,test,1907.0,asllex,sole gloss,My3gqjkomViHVXdi2141.npy
NBTUtUPy1gT3gf6BBxIf,sick,sick,52,train,1730.0,asllex,sole gloss,NBTUtUPy1gT3gf6BBxIf.npy
NLhY4TpJZbHr4gqVXsXr,sick,sick,88,val,3668.0,asllex,sole gloss,NLhY4TpJZbHr4gqVXsXr.npy
NZAOmSJSXpuakpPNrpNt,sick,sick,38,train,2194.0,freetext,sole gloss,NZAOmSJSXpuakpPNrpNt.npy
O25agpYq4Fsb8FN8MIIG,sick,sick,62,val,1129.0,asllex,sole gloss,O25agpYq4Fsb8FN8MIIG.npy
O3A5oPq0OAkr8iwTzZ4r,sick,sick,49,train,1101.0,asllex,sole gloss,O3A5oPq0OAkr8iwTzZ4r.npy
OcO4HcOAzofJhgqrbP5L,sick,sick,49,val,1935.0,freetext,sole gloss,OcO4HcOAzofJhgqrbP5L.npy
OddlCWNV3IAW9rYe04Pt,sick,sick,85,val,2683.0,asllex,sole gloss,OddlCWNV3IAW9rYe04Pt.npy
On3eKX9Zg3fCI66KVSLR,sick,sick,38,train,3336.0,asllex,sole gloss,On3eKX9Zg3fCI66KVSLR.npy
Oyiij8fv9FF2dwu9sbhx,sick,sick,38,val,2762.0,asllex,sole gloss,Oyiij8fv9FF2dwu9sbhx.npy
P7mS65mcw36DVWIhtz5I,sick,sick,46,train,2003.0,asllex,sole gloss,P7mS65mcw36DVWIhtz5I.npy
PGdgsWO1mNm3kCJQZG6h,sick,sick,35,train,1558.0,asllex,sole gloss,PGdgsWO1mNm3kCJQZG6h.npy
PKVa7NyCcWz0zSlrSRuG,sick,sick,14,train,1999.0,asllex,sole gloss,PKVa7NyCcWz0zSlrSRuG.npy
Pp3jZg6b7PKVn3ULGf5W,sick,sick,46,train,3242.0,asllex,sole gloss,Pp3jZg6b7PKVn3ULGf5W.npy
Pwek61JEfTfjvXQXG3GF,sick,sick,46,val,2681.0,asllex,sole gloss,Pwek61JEfTfjvXQXG3GF.npy
QBdHCEwU37mJjPnhdw9g,sick,sick,88,train,3449.0,asllex,sole gloss,QBdHCEwU37mJjPnhdw9g.npy
QDtrHdZ5SE0gCI3DrjdN,sick,sick,53,test,2173.0,asllex,sole gloss,QDtrHdZ5SE0gCI3DrjdN.npy
QLDdJAsXC8YPIiBf2g31,sick,sick,35,train,1704.0,asllex,sole gloss,QLDdJAsXC8YPIiBf2g31.npy
QM8iJXI3StTw5WYaTvPd,sick,sick,57,test,1206.0,asllex,sole gloss,QM8iJXI3StTw5WYaTvPd.npy
QTgpVTK3p4vCXrcIHdW8,sick,sick,78,train,2670.0,asllex,sole gloss,QTgpVTK3p4vCXrcIHdW8.npy
RMpWxrM9kIrQGkxzy0Ai,sick,sick,57,test,1295.0,freetext,sole gloss,RMpWxrM9kIrQGkxzy0Ai.npy
RW9o62Of4xneN7ZEzz26,sick,sick,62,train,1056.0,asllex,sole gloss,RW9o62Of4xneN7ZEzz26.npy
S8f4oyCAJNcbI0yZ6Ba8,sick,sick,49,train,1452.0,asllex,sole gloss,S8f4oyCAJNcbI0yZ6Ba8.npy
Sb6vzW5PjOcfl7gA7IsU,sick,sick,49,train,1308.0,freetext,sole gloss,Sb6vzW5PjOcfl7gA7IsU.npy
ScQaaSNARI2mCEJffr8F,sick,sick,53,test,1705.0,freetext,sole gloss,ScQaaSNARI2mCEJffr8F.npy
SosxBgm92nUI5W0E1yqT,sick,sick,49,train,1167.0,freetext,sole gloss,SosxBgm92nUI5W0E1yqT.npy
T5CIvRAoHFjq4xGJeTcJ,sick,sick,46,train,1957.0,asllex,sole gloss,T5CIvRAoHFjq4xGJeTcJ.npy
TKiDFjCdXO7HMeJNtvgQ,sick,sick,17,val,2236.0,asllex,sole gloss,TKiDFjCdXO7HMeJNtvgQ.npy
TaM7TndgOpIUuK4C9IOy,sick,sick,7,val,2533.0,asllex,sole gloss,TaM7TndgOpIUuK4C9IOy.npy
TbhSCOoKNiCDT4f8sOcF,sick,sick,23,train,1700.0,asllex,sole gloss,TbhSCOoKNiCDT4f8sOcF.npy
Tg3xGyUJuVaAkgDfWJKv,sick,sick,57,test,1770.0,freetext,sole gloss,Tg3xGyUJuVaAkgDfWJKv.npy
U7Fb95hhABm1NVpzrpyd,sick,sick,49,train,1502.0,asllex,sole gloss,U7Fb95hhABm1NVpzrpyd.npy
UO2ej2wpjNZGsc3jTWFn,sick,sick,52,train,2899.0,asllex,sole gloss,UO2ej2wpjNZGsc3jTWFn.npy
UafsUV7RNpv6BDqzbuNX,sick,sick,31,train,1518.0,freetext,sole gloss,UafsUV7RNpv6BDqzbuNX.npy
UwxdGZTFkywSwwqV874L,sick,sick,84,train,1223.0,asllex,sole gloss,UwxdGZTFkywSwwqV874L.npy
VaK9wIXX8kPy8lBD33vd,sick,sick,57,test,1874.0,asllex,sole gloss,VaK9wIXX8kPy8lBD33vd.npy
W9StyQityUBNT20aNBHI,sick,sick,88,train,3569.0,asllex,sole gloss,W9StyQityUBNT20aNBHI.npy
W9ecuYtmPZgQKb58OPxd,sick,sick,7,val,1936.0,asllex,sole gloss,W9ecuYtmPZgQKb58OPxd.npy
WNkxNPDopCB7cJvXSC15,sick,sick,62,train,1487.0,asllex,sole gloss,WNkxNPDopCB7cJvXSC15.npy
WesxohzooyoOCgV0NUpj,sick,sick,8,train,1674.0,asllex,sole gloss,WesxohzooyoOCgV0NUpj.npy
WhpC0bBCg953jDkuYLZm,sick,sick,38,train,3068.0,freetext,sole gloss,WhpC0bBCg953jDkuYLZm.npy
XW2lMnGixXOD9I57HmOg,sick,sick,14,train,2310.0,asllex,sole gloss,XW2lMnGixXOD9I57HmOg.npy
Xla2OURljxfgoZjPll0O,sick,sick,59,train,1371.0,asllex,sole gloss,Xla2OURljxfgoZjPll0O.npy
Y8RCn0KXTzbPWTXh1bMr,sick,sick,17,val,1583.0,asllex,sole gloss,Y8RCn0KXTzbPWTXh1bMr.npy
YevOBvNtwU37ZlNjBkml,sick,sick,39,train,3594.0,asllex,sole gloss,YevOBvNtwU37ZlNjBkml.npy
YilNAFTl1w2jjiH36NJB,sick,sick,88,train,3745.0,asllex,sole gloss,YilNAFTl1w2jjiH36NJB.npy
YspjoJOXuyRsBgex9DNK,sick,sick,80,train,1936.0,asllex,sole gloss,YspjoJOXuyRsBgex9DNK.npy
YxtjB5FVFguL2tCGNPpz,sick,sick,62,train,1405.0,freetext,sole gloss,YxtjB5FVFguL2tCGNPpz.npy
ZEX1hO6HSxgTerjcMoXN,sick,sick,17,train,1471.0,asllex,sole gloss,ZEX1hO6HSxgTerjcMoXN.npy
ZH4cORalrXfSFrkzIJSz,sick,sick,8,train,1233.0,asllex,sole gloss,ZH4cORalrXfSFrkzIJSz.npy
ZHtPKTaRHmWZQTt7Z3El,sick,sick,62,train,1191.0,asllex,sole gloss,ZHtPKTaRHmWZQTt7Z3El.npy
aBV9q31iUBq52iKtLvUI,sick,sick,46,train,3276.0,freetext,sole gloss,aBV9q31iUBq52iKtLvUI.npy
alk6MtfzRELEAyh1EHiT,sick,sick,62,train,1401.0,asllex,sole gloss,alk6MtfzRELEAyh1EHiT.npy
b9jmcA1PiEhxToBhTTS4,sick,sick,60,val,885.0,freetext,sole gloss,b9jmcA1PiEhxToBhTTS4.npy
bFfDiRY8Mdc51CjeSQNx,sick,sick,49,train,1304.0,asllex,sole gloss,bFfDiRY8Mdc51CjeSQNx.npy
bHYr8sltVwVWEWPjIGso,sick,sick,43,val,3171.0,asllex,sole gloss,bHYr8sltVwVWEWPjIGso.npy
bNjD5XmJzurdluj7gotJ,sick,sick,57,test,1777.0,asllex,sole gloss,bNjD5XmJzurdluj7gotJ.npy
brSx0DKFHiOtLyijoQzY,sick,sick,11,train,1529.0,asllex,sole gloss,brSx0DKFHiOtLyijoQzY.npy
cbW0dJRSbrHNfwG0Jin1,sick,sick,57,test,1024.0,freetext,sole gloss,cbW0dJRSbrHNfwG0Jin1.npy
ckxqAg4bzFJ3TPt86Ype,sick,sick,48,test,1084.0,asllex,sole gloss,ckxqAg4bzFJ3TPt86Ype.npy
cm3bmW1WIkMVPzSrgYXf,sick,sick,11,train,2128.0,asllex,sole gloss,cm3bmW1WIkMVPzSrgYXf.npy
czQhAX1ynbiiKXBPwnBe,sick,sick,57,test,2305.0,asllex,sole gloss,czQhAX1ynbiiKXBPwnBe.npy
dU8xPbAeEiWngsOy5mlt,sick,sick,7,train,2090.0,asllex,sole gloss,dU8xPbAeEiWngsOy5mlt.npy
dkD03DVMsLyfQCb2mSFT,sick,sick,15,train,1136.0,asllex,sole gloss,dkD03DVMsLyfQCb2mSFT.npy
eLyzFAuopFgN5Fj46h0N,sick,sick,31,val,1104.0,asllex,sole gloss,eLyzFAuopFgN5Fj46h0N.npy
ebGQIRsuSdAGH0E1bzKP,sick,sick,84,train,2515.0,asllex,sole gloss,ebGQIRsuSdAGH0E1bzKP.npy
er6Bj2aKNNw8CXPVG8ut,sick,sick,17,val,1146.0,asllex,sole gloss,er6Bj2aKNNw8CXPVG8ut.npy
fcT2nvBxYhpmC8Hb5IIL,sick,sick,84,val,2285.0,asllex,sole gloss,fcT2nvBxYhpmC8Hb5IIL.npy
ft6kCeVAOy5n4kxp0clQ,sick,sick,53,test,1610.0,asllex,sole gloss,ft6kCeVAOy5n4kxp0clQ.npy
gI4ijyie4uo3NsJlxRCy,sick,sick,43,train,4664.0,freetext,sole gloss,gI4ijyie4uo3NsJlxRCy.npy
ggoUVDj48WuOlDL0ZwX0,sick,sick,85,train,3881.0,asllex,sole gloss,ggoUVDj48WuOlDL0ZwX0.npy
gkrRek3nsXm7xpim29sg,sick,sick,59,train,1586.0,asllex,sole gloss,gkrRek3nsXm7xpim29sg.npy
gstjRsZ1nhq0zZpOOmHr,sick,sick,84,train,2180.0,asllex,sole gloss,gstjRsZ1nhq0zZpOOmHr.npy
gxfMWR7uFpup8rms6Pwv,sick,sick,60,val,988.0,asllex,sole gloss,gxfMWR7uFpup8rms6Pwv.npy
hYNJ1aUw3a0Du4ZF6P9h,sick,sick,88,train,3090.0,asllex,sole gloss,hYNJ1aUw3a0Du4ZF6P9h.npy
hZzeBHHqxbtPcpGVsKTI,sick,sick,84,train,2096.0,asllex,sole gloss,hZzeBHHqxbtPcpGVsKTI.npy
i1g7Bh3ekWMzL8qTScQd,sick,sick,57,test,4065.0,asllex,sole gloss,i1g7Bh3ekWMzL8qTScQd.npy
iZyQz95S2SxwQ5021G9L,sick,sick,57,test,2519.0,asllex,sole gloss,iZyQz95S2SxwQ5021G9L.npy
inBzHUjVFszEndDuX08W,sick,sick,23,train,1466.0,asllex,sole gloss,inBzHUjVFszEndDuX08W.npy
ipp5gcKYS7gSEAvykIkn,sick,sick,38,val,3184.0,asllex,sole gloss,ipp5gcKYS7gSEAvykIkn.npy
ivWLElu0gYaq24ewmP6b,sick,sick,64,test,1880.0,asllex,sole gloss,ivWLElu0gYaq24ewmP6b.npy
jTkPR4DOD8UJjTOnkICa,sick,sick,84,val,1834.0,asllex,sole gloss,jTkPR4DOD8UJjTOnkICa.npy
jwHxlvNnCsi5f9qtBIjs,sick,sick,76,train,2916.0,asllex,sole gloss,jwHxlvNnCsi5f9qtBIjs.npy
k3NHNqUFC5KKdSE71TEz,sick,sick,84,train,1853.0,asllex,sole gloss,k3NHNqUFC5KKdSE71TEz.npy
lDD1czgqkpJIUVOcgGkM,sick,sick,38,train,2450.0,asllex,sole gloss,lDD1czgqkpJIUVOcgGkM.npy
luLI3ZB9HfxmFCisJPRV,sick,sick,88,train,3537.0,asllex,sole gloss,luLI3ZB9HfxmFCisJPRV.npy
mHVL68a7tiZBxdYQUNtO,sick,sick,60,train,1565.0,asllex,sole gloss,mHVL68a7tiZBxdYQUNtO.npy
n0D2YI40tFrW4FCEMBoJ,sick,sick,62,train,1208.0,asllex,sole gloss,n0D2YI40tFrW4FCEMBoJ.npy
n1qvqWF4hYdOPAqjhx6D,sick,sick,84,train,1232.0,asllex,sole gloss,n1qvqWF4hYdOPAqjhx6D.npy
nJLk7IaK1pYUcmH5xjDf,sick,sick,7,train,2082.0,asllex,sole gloss,nJLk7IaK1pYUcmH5xjDf.npy
nMruQ6d6LRj7RztgBIL5,sick,sick,17,train,1997.0,freetext,sole gloss,nMruQ6d6LRj7RztgBIL5.npy
nNMyvRpeyxaSOJZlreRG,sick,sick,49,train,1425.0,asllex,sole gloss,nNMyvRpeyxaSOJZlreRG.npy
nloA9XxqMyW5M8AdN0ql,sick,sick,35,val,1478.0,asllex,sole gloss,nloA9XxqMyW5M8AdN0ql.npy
on7GziC52lNPqsIbfBRg,sick,sick,48,test,967.0,asllex,sole gloss,on7GziC52lNPqsIbfBRg.npy
p6WY9ugsU9vJekmFVH6O,sick,sick,35,train,1973.0,asllex,sole gloss,p6WY9ugsU9vJekmFVH6O.npy
pJJg8LNGxuoRWOHU1xJQ,sick,sick,17,val,1463.0,asllex,sole gloss,pJJg8LNGxuoRWOHU1xJQ.npy
pbr9ODMUnTkFuTjK7CWF,sick,sick,39,train,3228.0,asllex,sole gloss,pbr9ODMUnTkFuTjK7CWF.npy
qQBhKE2gB6QqHFtk1Ucu,sick,sick,11,train,2066.0,asllex,sole gloss,qQBhKE2gB6QqHFtk1Ucu.npy
qw8HdTKILldK0yMmkqXW,sick,sick,48,test,2134.0,asllex,sole gloss,qw8HdTKILldK0yMmkqXW.npy
qz7WJQnYeoi7UbrHmBcP,sick,sick,63,val,2143.0,asllex,sole gloss,qz7WJQnYeoi7UbrHmBcP.npy
r8A8eBaYmUDGKuvHPuVI,sick,sick,88,train,2307.0,asllex,sole gloss,r8A8eBaYmUDGKuvHPuVI.npy
rRbINzTy093uCScmyOP6,sick,sick,39,train,3882.0,freetext,sole gloss,rRbINzTy093uCScmyOP6.npy
rV7VDeBhXZDqUwXHuovt,sick,sick,7,train,2192.0,asllex,sole gloss,rV7VDeBhXZDqUwXHuovt.npy
rVFhHxk86Y1MZyLe4fO4,sick,sick,48,test,1467.0,asllex,sole gloss,rVFhHxk86Y1MZyLe4fO4.npy
rZoFU6tndUzt825LJZCj,sick,sick,57,test,1975.0,asllex,sole gloss,rZoFU6tndUzt825LJZCj.npy
sKT9Rfn3XYoILfGIq5TR,sick,sick,62,val,1074.0,asllex,sole gloss,sKT9Rfn3XYoILfGIq5TR.npy
sniNt8Qkg8rKdxzG3BOH,sick,sick,30,train,2126.0,asllex,sole gloss,sniNt8Qkg8rKdxzG3BOH.npy
srf2p9bjNjQmKTh68tai,sick,sick,60,train,1138.0,asllex,sole gloss,srf2p9bjNjQmKTh68tai.npy
ssT4i56h5OduSYBJGuTl,sick,sick,49,train,1579.0,asllex,sole gloss,ssT4i56h5OduSYBJGuTl.npy
tLrKgKBUNJYpbmYrxTE6,sick,sick,80,train,2054.0,asllex,sole gloss,tLrKgKBUNJYpbmYrxTE6.npy
tUHqUOgt4JPgKHq60HWb,sick,sick,12,train,1581.0,asllex,sole gloss,tUHqUOgt4JPgKHq60HWb.npy
uC6bS6ZGLBMA9ykz5Xhj,sick,sick,57,test,1391.0,asllex,sole gloss,uC6bS6ZGLBMA9ykz5Xhj.npy
uCDEZ20uhSFHlBQrSFIp,sick,sick,31,train,1075.0,asllex,sole gloss,uCDEZ20uhSFHlBQrSFIp.npy
uaBgT8RI2BhNEYNhMWta,sick,sick,61,test,2034.0,asllex,sole gloss,uaBgT8RI2BhNEYNhMWta.npy
vJCxId8WigAQJJ4HJJIH,sick,sick,59,train,1724.0,asllex,sole gloss,vJCxId8WigAQJJ4HJJIH.npy
vZ7M1HnRllzXcCloClPa,sick,sick,36,test,2049.0,asllex,sole gloss,vZ7M1HnRllzXcCloClPa.npy
wwFmU9NpYWful4nzAruP,sick,sick,48,test,1574.0,asllex,sole gloss,wwFmU9NpYWful4nzAruP.npy
wwo984LRH4RgMhHyYLzl,sick,sick,38,train,2824.0,asllex,sole gloss,wwo984LRH4RgMhHyYLzl.npy
xKc15Rt1Nne8SrtVyqnb,sick,sick,8,val,1610.0,asllex,sole gloss,xKc15Rt1Nne8SrtVyqnb.npy
xZ4bBou4ZSUwiF2xIxnE,sick,sick,62,train,1146.0,asllex,sole gloss,xZ4bBou4ZSUwiF2xIxnE.npy
yLmPYprJvwRxvQXLiMK5,sick,sick,39,train,2700.0,asllex,sole gloss,yLmPYprJvwRxvQXLiMK5.npy
yZUCRAZK1KqQlTpxP09w,sick,sick,50,test,2744.0,asllex,sole gloss,yZUCRAZK1KqQlTpxP09w.npy
yrCMo79kcqd91qRRhvtp,sick,sick,30,val,1815.0,asllex,sole gloss,yrCMo79kcqd91qRRhvtp.npy
zF3D2M9oJmG46yDcLqgO,sick,sick,49,train,1629.0,asllex,sole gloss,zF3D2M9oJmG46yDcLqgO.npy
zenn54mHnXCIAn1AQb3Y,sick,sick,30,train,1522.0,asllex,sole gloss,zenn54mHnXCIAn1AQb3Y.npy
znZWBiJw31JZ0rc8tMzW,sick,sick,49,train,1601.0,asllex,sole gloss,znZWBiJw31JZ0rc8tMzW.npy
0O5JYj3RzQjxchxIbR5h,sit,sit,61,test,2632.0,asllex,sole gloss,0O5JYj3RzQjxchxIbR5h.npy
200p6TmJG9c4cDc4wY2j,sit,sit,78,val,1871.0,asllex,sole gloss,200p6TmJG9c4cDc4wY2j.npy
2A9kNvrU30WxcFOGJb3s,sit,sit,59,train,1971.0,asllex,sole gloss,2A9kNvrU30WxcFOGJb3s.npy
3W8rC0u7YVXZ8SK1tKcM,sit,sit,14,train,3140.0,asllex,sole gloss,3W8rC0u7YVXZ8SK1tKcM.npy
3gBdZosHBFYGYmpdGwH3,sit,sit,49,train,1167.0,asllex,sole gloss,3gBdZosHBFYGYmpdGwH3.npy
5iHYSJelm5jwiyr2VlmF,sit,sit,39,train,3573.0,asllex,sole gloss,5iHYSJelm5jwiyr2VlmF.npy
7W1i8g3eehHXbPc7mRbd,sit,sit,62,train,1315.0,asllex,sole gloss,7W1i8g3eehHXbPc7mRbd.npy
7l7QWGbfuC4o4ow7FG5o,sit,sit,17,train,1371.0,asllex,sole gloss,7l7QWGbfuC4o4ow7FG5o.npy
8dVuyhudTjbkinNS4QLg,sit,sit,39,train,3033.0,asllex,sole gloss,8dVuyhudTjbkinNS4QLg.npy
8pyZiOfWGBT7TjVo0wWm,sit,sit,39,train,2397.0,asllex,sole gloss,8pyZiOfWGBT7TjVo0wWm.npy
9x2KK7tKw5qPnBKf5p3C,sit,sit,17,train,1542.0,asllex,sole gloss,9x2KK7tKw5qPnBKf5p3C.npy
AO8C1mNhb00hz9eGZ0iE,sit,sit,46,train,2443.0,asllex,sole gloss,AO8C1mNhb00hz9eGZ0iE.npy
ApnCgRodY8BUDjpiSHP4,sit,sit,39,train,3172.0,asllex,sole gloss,ApnCgRodY8BUDjpiSHP4.npy
BVMtCevDArtvipwTbHBx,sit,sit,78,train,2320.0,asllex,sole gloss,BVMtCevDArtvipwTbHBx.npy
DFc8h3GaeDDxzHisbreG,sit,sit,49,train,5917.0,asllex,sole gloss,DFc8h3GaeDDxzHisbreG.npy
DUeT9JRS8px9fGltzLvj,sit,sit,80,train,2279.0,asllex,sole gloss,DUeT9JRS8px9fGltzLvj.npy
DfoMjLuKEDZ2xg21nlUb,sit,sit,88,val,1771.0,asllex,sole gloss,DfoMjLuKEDZ2xg21nlUb.npy
DtUxAAsFS9VUokgJ76L7,sit,sit,12,val,1952.0,freetext,sole gloss,DtUxAAsFS9VUokgJ76L7.npy
E6GNRl6Zs1UCB8guI0ZW,sit,sit,35,train,1282.0,asllex,sole gloss,E6GNRl6Zs1UCB8guI0ZW.npy
FNILI26EFHAgfgblNXE1,sit,sit,84,train,1682.0,asllex,sole gloss,FNILI26EFHAgfgblNXE1.npy
Gz5do8cBQlYXsMOnJicE,sit,sit,76,val,2825.0,asllex,sole gloss,Gz5do8cBQlYXsMOnJicE.npy
HBnEAfUufD1anI12MSxx,sit,sit,60,train,1380.0,asllex,sole gloss,HBnEAfUufD1anI12MSxx.npy
Hp1d5ZnjP7jez9S2tS4w,sit,sit,88,train,3375.0,asllex,sole gloss,Hp1d5ZnjP7jez9S2tS4w.npy
JKPMLZe6uDvDi5NSa4c2,sit,sit,76,train,3874.0,asllex,sole gloss,JKPMLZe6uDvDi5NSa4c2.npy
JjiLJoeEy6IzzUxcjwrB,sit,sit,64,test,1835.0,asllex,sole gloss,JjiLJoeEy6IzzUxcjwrB.npy
KGvONwwjHvQhlj6gzlvL,sit,sit,35,train,1533.0,asllex,sole gloss,KGvONwwjHvQhlj6gzlvL.npy
N9EkRVktGOU2Uwo7BFE2,sit,sit,46,val,1892.0,asllex,sole gloss,N9EkRVktGOU2Uwo7BFE2.npy
ND4rWfnXOr9X4yjjByrI,sit,sit,49,train,1615.0,asllex,sole gloss,ND4rWfnXOr9X4yjjByrI.npy
PZE97BA7A9tzOBtelyIl,sit,sit,46,train,2356.0,asllex,sole gloss,PZE97BA7A9tzOBtelyIl.npy
Qo900tDpOInXs14hOhM6,sit,sit,39,val,2577.0,asllex,sole gloss,Qo900tDpOInXs14hOhM6.npy
SGxSUQ48hBGRrcXtDW4h,sit,sit,85,val,2460.0,asllex,sole gloss,SGxSUQ48hBGRrcXtDW4h.npy
V1izegGySCI5L8Lqaymp,sit,sit,61,test,3651.0,asllex,sole gloss,V1izegGySCI5L8Lqaymp.npy
Vo2Xgzjt3a9mW4DfIjci,sit,sit,49,train,1192.0,asllex,sole gloss,Vo2Xgzjt3a9mW4DfIjci.npy
WVaMGqeT2nXLI2gSIQ3q,sit,sit,11,val,1801.0,asllex,sole gloss,WVaMGqeT2nXLI2gSIQ3q.npy
Y8BZqJdLQ7lBKlTIqmeK,sit,sit,31,train,1635.0,asllex,sole gloss,Y8BZqJdLQ7lBKlTIqmeK.npy
YCmO3AY4n8B2PhpzM8s1,sit,sit,31,train,2188.0,asllex,sole gloss,YCmO3AY4n8B2PhpzM8s1.npy
YjZi27RrFwDlGQWQLjRI,sit,sit,49,train,1601.0,asllex,sole gloss,YjZi27RrFwDlGQWQLjRI.npy
YxRlCAeJsPkZXAvO7Su8,sit,sit,30,train,1623.0,asllex,sole gloss,YxRlCAeJsPkZXAvO7Su8.npy
ZX4XPwLqdqHYsry8WVA2,sit,sit,88,train,1907.0,asllex,sole gloss,ZX4XPwLqdqHYsry8WVA2.npy
cNricNuBEkBwp7B4h0Oz,sit,sit,57,test,2418.0,asllex,sole gloss,cNricNuBEkBwp7B4h0Oz.npy
cZ0aEYoBq4fUXHdmoocY,sit,sit,62,val,1679.0,asllex,sole gloss,cZ0aEYoBq4fUXHdmoocY.npy
cmUN6dU77mP0exblfrGn,sit,sit,49,train,1401.0,asllex,sole gloss,cmUN6dU77mP0exblfrGn.npy
frItSvBAlG5sSG0uo6rH,sit,sit,60,train,1287.0,freetext,sole gloss,frItSvBAlG5sSG0uo6rH.npy
g0QvYhw6FwC6v2RPZaA3,sit,sit,84,train,1317.0,asllex,sole gloss,g0QvYhw6FwC6v2RPZaA3.npy
gZUHcYPjfUPYMGHbXeGm,sit,sit,49,val,1017.0,asllex,sole gloss,gZUHcYPjfUPYMGHbXeGm.npy
hRC7GgtcKIlv0mN7SICt,sit,sit,49,val,1334.0,asllex,sole gloss,hRC7GgtcKIlv0mN7SICt.npy
hjEuQHKygD5rOCixwAio,sit,sit,61,test,1778.0,asllex,sole gloss,hjEuQHKygD5rOCixwAio.npy
jHzlqdkuvtbL1dzW52x6,sit,sit,50,test,2510.0,asllex,sole gloss,jHzlqdkuvtbL1dzW52x6.npy
jvFqoGetQzZiNdfPLglK,sit,sit,8,train,1236.0,asllex,sole gloss,jvFqoGetQzZiNdfPLglK.npy
k5OM2qxKYzGb8LKFj7vR,sit,sit,54,train,1958.0,freetext,sole gloss,k5OM2qxKYzGb8LKFj7vR.npy
lnvSgLfEOfnyXbh7mIr6,sit,sit,49,train,1034.0,asllex,sole gloss,lnvSgLfEOfnyXbh7mIr6.npy
n2k3JEqLqG1HKGtatDbM,sit,sit,84,val,2755.0,asllex,sole gloss,n2k3JEqLqG1HKGtatDbM.npy
oEXKCH4dVcDMudjWSlLT,sit,sit,23,train,1805.0,asllex,sole gloss,oEXKCH4dVcDMudjWSlLT.npy
p3TmbkEr4YV7CeQIPM90,sit,sit,62,train,1705.0,asllex,sole gloss,p3TmbkEr4YV7CeQIPM90.npy
pVbf25R1bxzlLRojDDP9,sit,sit,50,test,2912.0,asllex,sole gloss,pVbf25R1bxzlLRojDDP9.npy
qf3lJjsH79Q4dCHze6u5,sit,sit,61,test,1592.0,asllex,sole gloss,qf3lJjsH79Q4dCHze6u5.npy
qlsRSWajmdclTmjT2ILX,sit,sit,15,train,1418.0,asllex,sole gloss,qlsRSWajmdclTmjT2ILX.npy
rMPIh6060cHmzx7XQyfn,sit,sit,78,val,2861.0,asllex,sole gloss,rMPIh6060cHmzx7XQyfn.npy
slTKwMtQuPsqeC7gMH3G,sit,sit,59,train,1544.0,asllex,sole gloss,slTKwMtQuPsqeC7gMH3G.npy
tn5ULGxOnqw24LP4bT8B,sit,sit,17,train,1116.0,asllex,sole gloss,tn5ULGxOnqw24LP4bT8B.npy
uP9qlG7Jcl3NRvhHrWZA,sit,sit,7,train,2385.0,asllex,sole gloss,uP9qlG7Jcl3NRvhHrWZA.npy
ugpgrOYeSYp8IuZKAai4,sit,sit,30,val,1698.0,asllex,sole gloss,ugpgrOYeSYp8IuZKAai4.npy
ukWnCLoQwS0kdZ4pZ48j,sit,sit,7,val,2503.0,asllex,sole gloss,ukWnCLoQwS0kdZ4pZ48j.npy
uw5EKkbl52SR1NNpjdbl,sit,sit,84,train,2075.0,asllex,sole gloss,uw5EKkbl52SR1NNpjdbl.npy
yZv4zTtjjobbd03ZhJcD,sit,sit,17,train,1446.0,asllex,sole gloss,yZv4zTtjjobbd03ZhJcD.npy
yqWpUaUkjRam8J8RblZa,sit,sit,49,train,1300.0,asllex,sole gloss,yqWpUaUkjRam8J8RblZa.npy
3loDqEsMSlKYW3r3A4GS,skin,skin,35,val,1594.0,asllex,sole gloss,3loDqEsMSlKYW3r3A4GS.npy
8buUPPsm9jjONDoEyi9F,skin,skin,57,test,1659.0,asllex,sole gloss,8buUPPsm9jjONDoEyi9F.npy
AnQWCYPdkOETqSFp1h8z,skin,skin,7,train,2274.0,asllex,sole gloss,AnQWCYPdkOETqSFp1h8z.npy
D4yXlDd3DcDrbark5zja,skin,skin,84,train,1455.0,asllex,sole gloss,D4yXlDd3DcDrbark5zja.npy
FY7YUE9ok5HI2YYmPljV,skin,skin,49,train,869.0,asllex,sole gloss,FY7YUE9ok5HI2YYmPljV.npy
FruiLGfEsXA24XClJmj9,skin,skin,52,train,5474.0,asllex,sole gloss,FruiLGfEsXA24XClJmj9.npy
GHRQempRwHP10o8iKAFk,skin,skin,84,train,1267.0,asllex,sole gloss,GHRQempRwHP10o8iKAFk.npy
H6hb9dN3KQgIFW8TK8eK,skin,skin,57,test,1015.0,asllex,sole gloss,H6hb9dN3KQgIFW8TK8eK.npy
JA5thPKokwiKarAMjXhP,skin,skin,57,test,2285.0,asllex,sole gloss,JA5thPKokwiKarAMjXhP.npy
KZgcQEbGaAvyF9Il6Lbs,skin,skin,62,val,1486.0,asllex,sole gloss,KZgcQEbGaAvyF9Il6Lbs.npy
KwxSOyScton5yI4cMmbQ,skin,skin,17,train,3987.0,asllex,sole gloss,KwxSOyScton5yI4cMmbQ.npy
MxtyKp0jYjZ4Fxn7ZOmM,skin,skin,62,train,956.0,asllex,sole gloss,MxtyKp0jYjZ4Fxn7ZOmM.npy
P0wSq7BkXIxqg1Ll1kg1,skin,skin,60,train,570.0,freetext,sole gloss,P0wSq7BkXIxqg1Ll1kg1.npy
P8y82omiiZNUke841EYt,skin,skin,84,train,1271.0,asllex,sole gloss,P8y82omiiZNUke841EYt.npy
Q8TfJPCgMaI0gTZovOI1,skin,skin,84,val,1548.0,asllex,sole gloss,Q8TfJPCgMaI0gTZovOI1.npy
QNTcLhrZ1lXRR4SJaHmS,skin,skin,57,test,2410.0,asllex,sole gloss,QNTcLhrZ1lXRR4SJaHmS.npy
Sn3RWDltYu1aUAkdw3vg,skin,skin,84,train,1454.0,asllex,sole gloss,Sn3RWDltYu1aUAkdw3vg.npy
Svo2k0CvOtoFi9G8QjQO,skin,skin,30,val,2045.0,asllex,sole gloss,Svo2k0CvOtoFi9G8QjQO.npy
Vga4yUUd0pcjOw65yuLQ,skin,skin,57,test,1839.0,asllex,sole gloss,Vga4yUUd0pcjOw65yuLQ.npy
YoIpL9yOTj2NzpYe7CES,skin,skin,49,train,1358.0,asllex,sole gloss,YoIpL9yOTj2NzpYe7CES.npy
ZEbHJqrDPFTL82DrUiCg,skin,skin,50,test,2455.0,asllex,sole gloss,ZEbHJqrDPFTL82DrUiCg.npy
a6DJxVOoqrXzAFjxdeKw,skin,skin,48,test,1397.0,asllex,sole gloss,a6DJxVOoqrXzAFjxdeKw.npy
blBKVH5OPmfjbsNSvM1v,skin,skin,84,train,1810.0,asllex,sole gloss,blBKVH5OPmfjbsNSvM1v.npy
eVGztr4mDPy9IwFjqgRv,skin,skin,61,test,2039.0,freetext,sole gloss,eVGztr4mDPy9IwFjqgRv.npy
fgqugoT6bNSPsWYGBeNp,skin,skin,17,train,2460.0,asllex,sole gloss,fgqugoT6bNSPsWYGBeNp.npy
g2iSiY1rvVTb3flBD2m7,skin,skin,35,train,2011.0,asllex,sole gloss,g2iSiY1rvVTb3flBD2m7.npy
iftfDDxAgOYYFG5NlE23,skin,skin,61,test,1861.0,asllex,sole gloss,iftfDDxAgOYYFG5NlE23.npy
k47Wvs3ihKMpeKkum9sd,skin,skin,59,train,1974.0,asllex,sole gloss,k47Wvs3ihKMpeKkum9sd.npy
nCAqF34p9YJKeox1GJD6,skin,skin,30,train,1416.0,asllex,sole gloss,nCAqF34p9YJKeox1GJD6.npy
oXgvabmPfF6JdJzOOafe,skin,skin,31,train,1801.0,asllex,sole gloss,oXgvabmPfF6JdJzOOafe.npy
oocTYjKf3D9w5BWzBY2J,skin,skin,57,test,2087.0,asllex,sole gloss,oocTYjKf3D9w5BWzBY2J.npy
sj3ie2dl959zCrL7i8oT,skin,skin,61,test,3035.0,freetext,sole gloss,sj3ie2dl959zCrL7i8oT.npy
w5G0xrzYC3RT4KsnDW1G,skin,skin,31,train,2536.0,asllex,sole gloss,w5G0xrzYC3RT4KsnDW1G.npy
xJZ9mRipAOdJXZgmH12j,skin,skin,62,val,1405.0,asllex,sole gloss,xJZ9mRipAOdJXZgmH12j.npy
yeeOZRmkZWsn5jxGBpu6,skin,skin,39,val,2466.0,asllex,sole gloss,yeeOZRmkZWsn5jxGBpu6.npy
yqoD6lzWk4Tk9ONZ5G1c,skin,skin,35,train,1997.0,asllex,sole gloss,yqoD6lzWk4Tk9ONZ5G1c.npy
0JlKFgt8082vvKYq0L4V,sleep,sleep,12,val,4140.0,asllex,sole gloss,0JlKFgt8082vvKYq0L4V.npy
1fr9PXZ26hEfLgfYzg8T,sleep,sleep,35,val,1136.0,asllex,sole gloss,1fr9PXZ26hEfLgfYzg8T.npy
2EgitBJi8roNpF5Jiya1,sleep,sleep,63,train,1591.0,asllex,sole gloss,2EgitBJi8roNpF5Jiya1.npy
2QIjRxwoFMSHgHqFDkXQ,sleep,sleep,38,val,2804.0,asllex,sole gloss,2QIjRxwoFMSHgHqFDkXQ.npy
36tdm1gZ0CQ59vXP3gpd,sleep,sleep,8,train,1520.0,asllex,sole gloss,36tdm1gZ0CQ59vXP3gpd.npy
3Oas6ILgdDWHj4AiYxNp,sleep,sleep,7,train,2049.0,asllex,sole gloss,3Oas6ILgdDWHj4AiYxNp.npy
3cXbdKVvVwMo6bhy2yAl,sleep,sleep,57,test,1879.0,asllex,sole gloss,3cXbdKVvVwMo6bhy2yAl.npy
3gkQLCfl80eZ1hrXiQ5G,sleep,sleep,8,train,1609.0,asllex,sole gloss,3gkQLCfl80eZ1hrXiQ5G.npy
3pUtSu6wBF4PgjpO2n4Y,sleep,sleep,49,train,1319.0,asllex,sole gloss,3pUtSu6wBF4PgjpO2n4Y.npy
3pjNIkNbbKgEVsjn105E,sleep,sleep,35,train,1526.0,asllex,sole gloss,3pjNIkNbbKgEVsjn105E.npy
3rEVJUql3QN7GGDZdl62,sleep,sleep,49,train,1059.0,asllex,sole gloss,3rEVJUql3QN7GGDZdl62.npy
4M82AdATIMXIEqjgmhnZ,sleep,sleep,60,train,1157.0,asllex,sole gloss,4M82AdATIMXIEqjgmhnZ.npy
4Mm88uG8qG38AkTOJBrQ,sleep,sleep,64,test,2280.0,asllex,sole gloss,4Mm88uG8qG38AkTOJBrQ.npy
4ShXyVUPOyyntOXCGBcv,sleep,sleep,57,test,1646.0,asllex,sole gloss,4ShXyVUPOyyntOXCGBcv.npy
54NFdrJBPr1qh8GdKYUd,sleep,sleep,46,train,1483.0,asllex,sole gloss,54NFdrJBPr1qh8GdKYUd.npy
5sBDtml8oxxdggwy5B8C,sleep,sleep,38,train,3244.0,freetext,sole gloss,5sBDtml8oxxdggwy5B8C.npy
6Fz2Lh6xHyf6aVwDs0bv,sleep,sleep,49,val,1133.0,asllex,sole gloss,6Fz2Lh6xHyf6aVwDs0bv.npy
6Ma1aeWylis6Q0Ig1UPr,sleep,sleep,88,train,3257.0,asllex,sole gloss,6Ma1aeWylis6Q0Ig1UPr.npy
6Yo0OpGEJCeqGLajLH7j,sleep,sleep,78,train,1974.0,asllex,sole gloss,6Yo0OpGEJCeqGLajLH7j.npy
6iEGEBkxBFSGxG1oKpLw,sleep,sleep,84,train,2258.0,asllex,sole gloss,6iEGEBkxBFSGxG1oKpLw.npy
6lxBiZnDPfE6oslGNNfT,sleep,sleep,7,train,2273.0,asllex,sole gloss,6lxBiZnDPfE6oslGNNfT.npy
6qdVfarZ0QUwDCXCSBCN,sleep,sleep,49,train,1569.0,asllex,sole gloss,6qdVfarZ0QUwDCXCSBCN.npy
72EUIdzpNKp7rHOtyOFT,sleep,sleep,8,train,1333.0,asllex,sole gloss,72EUIdzpNKp7rHOtyOFT.npy
79wvvVJ0JEV0xGAKFNv6,sleep,sleep,54,train,3473.0,asllex,sole gloss,79wvvVJ0JEV0xGAKFNv6.npy
7EDwbCNZlPH7bEMPhKGR,sleep,sleep,39,train,3380.0,asllex,sole gloss,7EDwbCNZlPH7bEMPhKGR.npy
7a9c2DIascTCwrwBzuTv,sleep,sleep,7,val,2016.0,asllex,sole gloss,7a9c2DIascTCwrwBzuTv.npy
8AIJQwfHYqjSoL8sAlOz,sleep,sleep,42,train,1839.0,asllex,sole gloss,8AIJQwfHYqjSoL8sAlOz.npy
8N1bSdR3LlG2AztjlGsr,sleep,sleep,52,train,3252.0,asllex,sole gloss,8N1bSdR3LlG2AztjlGsr.npy
8f4R1hi5e5m6yvgZaEjW,sleep,sleep,61,test,1403.0,asllex,sole gloss,8f4R1hi5e5m6yvgZaEjW.npy
8nyDXPN700JfIlwexQf1,sleep,sleep,35,train,1548.0,asllex,sole gloss,8nyDXPN700JfIlwexQf1.npy
9L0wX2Fv8Km4XNMKdU8r,sleep,sleep,78,train,1728.0,asllex,sole gloss,9L0wX2Fv8Km4XNMKdU8r.npy
9QM5CJiNBmOzYoRhw380,sleep,sleep,8,train,1300.0,asllex,sole gloss,9QM5CJiNBmOzYoRhw380.npy
9VHqTqyrYsnAFgIKiAyS,sleep,sleep,88,val,2971.0,asllex,sole gloss,9VHqTqyrYsnAFgIKiAyS.npy
9ZgQCcRAxqGUbtVTEKcX,sleep,sleep,57,test,1939.0,asllex,sole gloss,9ZgQCcRAxqGUbtVTEKcX.npy
9utufOJ2pkxMZGIWhCHP,sleep,sleep,84,train,1242.0,asllex,sole gloss,9utufOJ2pkxMZGIWhCHP.npy
A9i4eK9oIG4CcmjHsBRi,sleep,sleep,85,train,2192.0,asllex,sole gloss,A9i4eK9oIG4CcmjHsBRi.npy
AVkPdjVtGtSVBFHh3WyL,sleep,sleep,60,train,932.0,asllex,sole gloss,AVkPdjVtGtSVBFHh3WyL.npy
Av64dEr2ztvb47mnG21k,sleep,sleep,62,train,1102.0,asllex,sole gloss,Av64dEr2ztvb47mnG21k.npy
BIZmvnJPoy6BM5cr9yZZ,sleep,sleep,39,train,2875.0,asllex,sole gloss,BIZmvnJPoy6BM5cr9yZZ.npy
BYIf1W00iQ3NidPtl7uu,sleep,sleep,49,train,1551.0,asllex,sole gloss,BYIf1W00iQ3NidPtl7uu.npy
BfKDMi34lAFQ5OmMe4ZY,sleep,sleep,43,train,3071.0,asllex,sole gloss,BfKDMi34lAFQ5OmMe4ZY.npy
BhfN5MI5XZrH7zwlEVM9,sleep,sleep,11,train,1891.0,asllex,sole gloss,BhfN5MI5XZrH7zwlEVM9.npy
C7N0l4rgE7Wmf8Cj13Ci,sleep,sleep,31,val,1042.0,asllex,sole gloss,C7N0l4rgE7Wmf8Cj13Ci.npy
C7ROhAh77WwL2SM5gAZw,sleep,sleep,31,train,1555.0,asllex,sole gloss,C7ROhAh77WwL2SM5gAZw.npy
CIo2I8pXNYJIQtllScJ1,sleep,sleep,49,val,1148.0,asllex,sole gloss,CIo2I8pXNYJIQtllScJ1.npy
Cmc2NVPZUn63nCRbMckk,sleep,sleep,14,val,2024.0,asllex,sole gloss,Cmc2NVPZUn63nCRbMckk.npy
DOIh7eDN9cwrG4eueFu9,sleep,sleep,84,train,2259.0,asllex,sole gloss,DOIh7eDN9cwrG4eueFu9.npy
DP6X7i6aiUHYQwG5WqKW,sleep,sleep,30,val,1799.0,asllex,sole gloss,DP6X7i6aiUHYQwG5WqKW.npy
DezzuRwn63Jx8aBt7ABW,sleep,sleep,12,train,1617.0,asllex,sole gloss,DezzuRwn63Jx8aBt7ABW.npy
DoAdnxAf1uExkxqW7FlZ,sleep,sleep,62,train,1765.0,asllex,sole gloss,DoAdnxAf1uExkxqW7FlZ.npy
DwNKfhMarP5R5iHQcPSq,sleep,sleep,49,val,1301.0,asllex,sole gloss,DwNKfhMarP5R5iHQcPSq.npy
DzYIr1EFwKBABp2FlVOf,sleep,sleep,52,train,1954.0,asllex,sole gloss,DzYIr1EFwKBABp2FlVOf.npy
E4Ovd8IbsRMSoF7PvRTM,sleep,sleep,48,test,1364.0,asllex,sole gloss,E4Ovd8IbsRMSoF7PvRTM.npy
E7tIdGa04rqkhUlGTI2W,sleep,sleep,84,train,1152.0,asllex,sole gloss,E7tIdGa04rqkhUlGTI2W.npy
EfQ7oB2jx1so3LU6qote,sleep,sleep,42,train,1585.0,asllex,sole gloss,EfQ7oB2jx1so3LU6qote.npy
F5zynEOGfbJQJ4MPdQdG,sleep,sleep,8,train,1625.0,asllex,sole gloss,F5zynEOGfbJQJ4MPdQdG.npy
F9DDU8v2W2FZgOsCwlHn,sleep,sleep,84,train,2132.0,asllex,sole gloss,F9DDU8v2W2FZgOsCwlHn.npy
FLT4NwVMcJ84vh167wUc,sleep,sleep,30,val,1269.0,asllex,sole gloss,FLT4NwVMcJ84vh167wUc.npy
GDhLyG6oovlir5EM6Osn,sleep,sleep,62,train,893.0,asllex,sole gloss,GDhLyG6oovlir5EM6Osn.npy
GkPCsLRNy4R9yvsdukfe,sleep,sleep,80,val,2406.0,asllex,sole gloss,GkPCsLRNy4R9yvsdukfe.npy
GqkWVNI0qaoFnxeoyfiR,sleep,sleep,52,train,2905.0,asllex,sole gloss,GqkWVNI0qaoFnxeoyfiR.npy
H6MJEA8oiKOVIaOvAfS1,sleep,sleep,48,test,1540.0,asllex,sole gloss,H6MJEA8oiKOVIaOvAfS1.npy
HSfWpHNjBlNAyADhMFwT,sleep,sleep,88,val,2211.0,asllex,sole gloss,HSfWpHNjBlNAyADhMFwT.npy
Hndg43XlJ7kY2lIAzbSX,sleep,sleep,85,train,1931.0,asllex,sole gloss,Hndg43XlJ7kY2lIAzbSX.npy
Hof2MNBAsJWbdHdO26jg,sleep,sleep,78,train,2944.0,asllex,sole gloss,Hof2MNBAsJWbdHdO26jg.npy
HrttXDthPox3R6rHXp0r,sleep,sleep,7,train,2093.0,asllex,sole gloss,HrttXDthPox3R6rHXp0r.npy
IBaggLCSrnXP8w9LpxGq,sleep,sleep,11,train,1470.0,asllex,sole gloss,IBaggLCSrnXP8w9LpxGq.npy
Iuf8pst1gVdVqyZjUhj1,sleep,sleep,85,train,2628.0,asllex,sole gloss,Iuf8pst1gVdVqyZjUhj1.npy
IzZtTMqrBqaHTEddQ0mi,sleep,sleep,12,train,2592.0,asllex,sole gloss,IzZtTMqrBqaHTEddQ0mi.npy
JEYeKQYMGbTfEo8ZeWt7,sleep,sleep,46,val,2103.0,asllex,sole gloss,JEYeKQYMGbTfEo8ZeWt7.npy
JHKX7zPwEQ5FAq6mADe3,sleep,sleep,15,val,895.0,asllex,sole gloss,JHKX7zPwEQ5FAq6mADe3.npy
JMkfvqeT3YSS74NHxrze,sleep,sleep,57,test,958.0,asllex,sole gloss,JMkfvqeT3YSS74NHxrze.npy
JQUHq78zUz1gw7btmPgz,sleep,sleep,7,val,2039.0,asllex,sole gloss,JQUHq78zUz1gw7btmPgz.npy
JTo1cyn1NPIaUdppvPoI,sleep,sleep,57,test,1516.0,asllex,sole gloss,JTo1cyn1NPIaUdppvPoI.npy
JayJFrmrEXc69IPqcHfg,sleep,sleep,63,train,1302.0,asllex,sole gloss,JayJFrmrEXc69IPqcHfg.npy
JmSzGwQkX28RjiGIQhTU,sleep,sleep,49,train,1167.0,asllex,sole gloss,JmSzGwQkX28RjiGIQhTU.npy
KKYZgUe0OLWwxzfXnLur,sleep,sleep,59,train,1746.0,asllex,sole gloss,KKYZgUe0OLWwxzfXnLur.npy
KTWJcsfuSMnwVTvtzWja,sleep,sleep,62,train,1041.0,asllex,sole gloss,KTWJcsfuSMnwVTvtzWja.npy
KU5AYDsdPQEOOSNsO2AB,sleep,sleep,49,train,1719.0,asllex,sole gloss,KU5AYDsdPQEOOSNsO2AB.npy
L45MlaD9GczxVA9rRMLl,sleep,sleep,38,train,3138.0,asllex,sole gloss,L45MlaD9GczxVA9rRMLl.npy
LxZRiz6P5lmxn4vK2W60,sleep,sleep,84,val,2089.0,asllex,sole gloss,LxZRiz6P5lmxn4vK2W60.npy
LyowjDiBitkXPoWRJihJ,sleep,sleep,57,test,1309.0,asllex,sole gloss,LyowjDiBitkXPoWRJihJ.npy
MGrqVWY8OsKVrEMJmd4T,sleep,sleep,12,train,2301.0,asllex,sole gloss,MGrqVWY8OsKVrEMJmd4T.npy
MOHu4yHPfLLnC1lVJ2NJ,sleep,sleep,80,val,2007.0,asllex,sole gloss,MOHu4yHPfLLnC1lVJ2NJ.npy
Mjy8F7coWI2uLDZEklsH,sleep,sleep,46,train,2242.0,asllex,sole gloss,Mjy8F7coWI2uLDZEklsH.npy
MnRIk1LOeQ8j567apV6O,sleep,sleep,57,test,2171.0,asllex,sole gloss,MnRIk1LOeQ8j567apV6O.npy
Mx60Fzefm6QgL6z4ykxK,sleep,sleep,49,val,1317.0,asllex,sole gloss,Mx60Fzefm6QgL6z4ykxK.npy
NiIoX3hxZHlqAZrGaPMc,sleep,sleep,78,train,1861.0,asllex,sole gloss,NiIoX3hxZHlqAZrGaPMc.npy
O2vQHV41m5NvEViQiT3r,sleep,sleep,36,test,2010.0,asllex,sole gloss,O2vQHV41m5NvEViQiT3r.npy
OHQELakTlhYDa1KFY8HC,sleep,sleep,57,test,1783.0,asllex,sole gloss,OHQELakTlhYDa1KFY8HC.npy
OPhfmcm3VczZZHoAoDcb,sleep,sleep,30,val,2046.0,asllex,sole gloss,OPhfmcm3VczZZHoAoDcb.npy
OZ8Mg9BkUZKpXbfpNBcV,sleep,sleep,46,train,1891.0,asllex,sole gloss,OZ8Mg9BkUZKpXbfpNBcV.npy
OqDAmT2DDmBwv7LT8wer,sleep,sleep,85,train,2019.0,asllex,sole gloss,OqDAmT2DDmBwv7LT8wer.npy
PDnXMVWwkzJkuYosSkR0,sleep,sleep,88,train,2768.0,asllex,sole gloss,PDnXMVWwkzJkuYosSkR0.npy
PZVQBGaFmzmy6zRgb7l8,sleep,sleep,31,train,1554.0,asllex,sole gloss,PZVQBGaFmzmy6zRgb7l8.npy
PcUaSoiDeBH6FNf0rpOA,sleep,sleep,59,train,1788.0,asllex,sole gloss,PcUaSoiDeBH6FNf0rpOA.npy
PmLYw0Y9xW6efMzioKCT,sleep,sleep,36,test,2063.0,asllex,sole gloss,PmLYw0Y9xW6efMzioKCT.npy
Qe4AkJMZHnN0mPQrsxVH,sleep,sleep,31,val,1945.0,asllex,sole gloss,Qe4AkJMZHnN0mPQrsxVH.npy
Qprz82IK8jE63rrIMfjd,sleep,sleep,48,test,1249.0,asllex,sole gloss,Qprz82IK8jE63rrIMfjd.npy
R3TYHcfgz04um7oi6w7a,sleep,sleep,61,test,1443.0,asllex,sole gloss,R3TYHcfgz04um7oi6w7a.npy
Rb9uEZJnZuIrfWM3U8mF,sleep,sleep,62,val,912.0,asllex,sole gloss,Rb9uEZJnZuIrfWM3U8mF.npy
RiqztLaM3JrFdqk9W50B,sleep,sleep,62,train,1086.0,asllex,sole gloss,RiqztLaM3JrFdqk9W50B.npy
SFThyq7vYkIh5FwUA4Uz,sleep,sleep,11,val,1787.0,asllex,sole gloss,SFThyq7vYkIh5FwUA4Uz.npy
SVWJTwg5hE5oQDiw5hgx,sleep,sleep,46,train,2842.0,asllex,sole gloss,SVWJTwg5hE5oQDiw5hgx.npy
SXK1ipUPlSUe8AMvMSiu,sleep,sleep,30,val,1431.0,asllex,sole gloss,SXK1ipUPlSUe8AMvMSiu.npy
SmphxmTInXbnBSetAbjd,sleep,sleep,43,train,3364.0,asllex,sole gloss,SmphxmTInXbnBSetAbjd.npy
TnzLSqltvDtYAgvUxOHl,sleep,sleep,15,train,1292.0,asllex,sole gloss,TnzLSqltvDtYAgvUxOHl.npy
TuuJJiVT5Kd9ZIrvgrDm,sleep,sleep,88,val,1962.0,asllex,sole gloss,TuuJJiVT5Kd9ZIrvgrDm.npy
UFt7EvDhIDxzBPjzbkFX,sleep,sleep,84,train,1970.0,asllex,sole gloss,UFt7EvDhIDxzBPjzbkFX.npy
UGeBkPiA8XqLuTaGpHrh,sleep,sleep,36,test,2017.0,asllex,sole gloss,UGeBkPiA8XqLuTaGpHrh.npy
Uhbu1yhGEZsNUIkCDseb,sleep,sleep,7,train,2467.0,asllex,sole gloss,Uhbu1yhGEZsNUIkCDseb.npy
UoWoSNj7D5Cepe8OFv5E,sleep,sleep,50,test,2090.0,freetext,sole gloss,UoWoSNj7D5Cepe8OFv5E.npy
VPDNVAuorVktBus4zOtC,sleep,sleep,52,train,1845.0,asllex,sole gloss,VPDNVAuorVktBus4zOtC.npy
VaVzCYvzBVGW5JIeaEde,sleep,sleep,50,test,2984.0,asllex,sole gloss,VaVzCYvzBVGW5JIeaEde.npy
Vl5fuArWuXBNcKv2WMB9,sleep,sleep,84,train,1857.0,asllex,sole gloss,Vl5fuArWuXBNcKv2WMB9.npy
VsMRcdFwUNfj2tgkbhio,sleep,sleep,57,test,1694.0,asllex,sole gloss,VsMRcdFwUNfj2tgkbhio.npy
W7V1BljpnQAZl7oDGAKF,sleep,sleep,63,train,1828.0,asllex,sole gloss,W7V1BljpnQAZl7oDGAKF.npy
WHMorgnr35sCBRWQ2r0R,sleep,sleep,7,val,2072.0,asllex,sole gloss,WHMorgnr35sCBRWQ2r0R.npy
WNXcP40gp8htC5zRYfr6,sleep,sleep,11,train,1861.0,asllex,sole gloss,WNXcP40gp8htC5zRYfr6.npy
WQBGb8L19ihBsupcNlXP,sleep,sleep,63,train,1527.0,asllex,sole gloss,WQBGb8L19ihBsupcNlXP.npy
WRD7lMSJe6phkGhVmFQi,sleep,sleep,46,train,3009.0,asllex,sole gloss,WRD7lMSJe6phkGhVmFQi.npy
XIzmb5jdHmsvgHStwalF,sleep,sleep,42,train,1642.0,freetext,sole gloss,XIzmb5jdHmsvgHStwalF.npy
XP10q74XMPfTJ2SGTnuN,sleep,sleep,8,train,1468.0,asllex,sole gloss,XP10q74XMPfTJ2SGTnuN.npy
XveSLZfBeUkh5Siy75Fi,sleep,sleep,57,test,1105.0,asllex,sole gloss,XveSLZfBeUkh5Siy75Fi.npy
YBCcrdtQTptssYRqE72x,sleep,sleep,7,train,2206.0,asllex,sole gloss,YBCcrdtQTptssYRqE72x.npy
YUy9czUHsjhDS5VFjMFl,sleep,sleep,62,train,1309.0,asllex,sole gloss,YUy9czUHsjhDS5VFjMFl.npy
Yi2XsT3pomVK2qG77jEv,sleep,sleep,7,train,2042.0,asllex,sole gloss,Yi2XsT3pomVK2qG77jEv.npy
ZImbnmoo7LO1chPJPcCh,sleep,sleep,17,val,1565.0,asllex,sole gloss,ZImbnmoo7LO1chPJPcCh.npy
ZY8Zzor0cnb3CRns4ccW,sleep,sleep,54,train,1129.0,asllex,sole gloss,ZY8Zzor0cnb3CRns4ccW.npy
ZnOrBSsAGDtBHcfqtz5u,sleep,sleep,38,train,2579.0,asllex,sole gloss,ZnOrBSsAGDtBHcfqtz5u.npy
alDCuJNNCQPyqmN7ggtZ,sleep,sleep,30,val,1295.0,asllex,sole gloss,alDCuJNNCQPyqmN7ggtZ.npy
bjBkvLlVxvNfRuoNPhkM,sleep,sleep,57,test,1342.0,asllex,sole gloss,bjBkvLlVxvNfRuoNPhkM.npy
blrrofBPdlJzCf5wt8dT,sleep,sleep,57,test,1587.0,asllex,sole gloss,blrrofBPdlJzCf5wt8dT.npy
c5HNsHoxFnsEcXkKwVoy,sleep,sleep,61,test,2352.0,asllex,sole gloss,c5HNsHoxFnsEcXkKwVoy.npy
cFlsqMj8gdmSJG7mO4yy,sleep,sleep,57,test,1739.0,freetext,sole gloss,cFlsqMj8gdmSJG7mO4yy.npy
cHLSi6zbpNq95nLqRkXL,sleep,sleep,33,test,2764.0,asllex,sole gloss,cHLSi6zbpNq95nLqRkXL.npy
ch49FLaFSPkDTobsVqHy,sleep,sleep,46,val,3198.0,freetext,sole gloss,ch49FLaFSPkDTobsVqHy.npy
dWRkQfV67HzJSIhBETIz,sleep,sleep,62,train,1416.0,asllex,sole gloss,dWRkQfV67HzJSIhBETIz.npy
dY34qf8vQUuKbOLLLKx3,sleep,sleep,35,train,1888.0,asllex,sole gloss,dY34qf8vQUuKbOLLLKx3.npy
eH4Etkl2ICS0AOVZkg9z,sleep,sleep,85,train,2503.0,asllex,sole gloss,eH4Etkl2ICS0AOVZkg9z.npy
eLLObl0ht3w130jtfWvd,sleep,sleep,48,test,2001.0,asllex,sole gloss,eLLObl0ht3w130jtfWvd.npy
fMQlVZ6oEXcrnumiHyoi,sleep,sleep,39,train,2579.0,asllex,sole gloss,fMQlVZ6oEXcrnumiHyoi.npy
fP0FaI5zjckGpPX8qFdx,sleep,sleep,30,train,1637.0,asllex,sole gloss,fP0FaI5zjckGpPX8qFdx.npy
fem5ZjNchYlqb1DZaY5R,sleep,sleep,35,train,1586.0,asllex,sole gloss,fem5ZjNchYlqb1DZaY5R.npy
fmkdITmU2JEqv8pyhC8U,sleep,sleep,48,test,1379.0,asllex,sole gloss,fmkdITmU2JEqv8pyhC8U.npy
gRHymK9LaAdDVTr7KAOv,sleep,sleep,30,train,1603.0,asllex,sole gloss,gRHymK9LaAdDVTr7KAOv.npy
gowPfZTLQBJ9D0eewuOc,sleep,sleep,38,train,2756.0,asllex,sole gloss,gowPfZTLQBJ9D0eewuOc.npy
gqu6ZVrhjzH2AXAYzbJS,sleep,sleep,85,train,2708.0,asllex,sole gloss,gqu6ZVrhjzH2AXAYzbJS.npy
hNHmb6npQx6kwkYWzCMG,sleep,sleep,84,train,1731.0,asllex,sole gloss,hNHmb6npQx6kwkYWzCMG.npy
hQQ6LmNEEtIVMd4BShWl,sleep,sleep,88,train,3922.0,asllex,sole gloss,hQQ6LmNEEtIVMd4BShWl.npy
hU2WrMJLDztFcLI5cabt,sleep,sleep,11,train,2001.0,asllex,sole gloss,hU2WrMJLDztFcLI5cabt.npy
hZuu1QtQqLtAOzpTs79A,sleep,sleep,59,train,1396.0,asllex,sole gloss,hZuu1QtQqLtAOzpTs79A.npy
hwEzOm9GHwgy0AdraTdL,sleep,sleep,88,train,1701.0,asllex,sole gloss,hwEzOm9GHwgy0AdraTdL.npy
i0N1T4jYZ36SxKt48JNq,sleep,sleep,39,val,3213.0,asllex,sole gloss,i0N1T4jYZ36SxKt48JNq.npy
iOAWnb63ZwBPmGcJQH2h,sleep,sleep,39,train,2531.0,asllex,sole gloss,iOAWnb63ZwBPmGcJQH2h.npy
ivpq2p6u5NYdvjmD3BL3,sleep,sleep,7,train,1891.0,asllex,sole gloss,ivpq2p6u5NYdvjmD3BL3.npy
j3x8Hw30RIucdreX8b7Z,sleep,sleep,57,test,1302.0,asllex,sole gloss,j3x8Hw30RIucdreX8b7Z.npy
j8rbqyuAi2QpaljOfPrV,sleep,sleep,80,train,1966.0,asllex,sole gloss,j8rbqyuAi2QpaljOfPrV.npy
jL7MEc9l2usVZZ3zNhOs,sleep,sleep,60,train,1364.0,asllex,sole gloss,jL7MEc9l2usVZZ3zNhOs.npy
jOMjEejWFQ6Ok7GroH7d,sleep,sleep,35,train,1996.0,asllex,sole gloss,jOMjEejWFQ6Ok7GroH7d.npy
jcVJtVeS6KynRdmiL8UG,sleep,sleep,84,train,1293.0,asllex,sole gloss,jcVJtVeS6KynRdmiL8UG.npy
jryR6a3SEXSJdmbHsnSy,sleep,sleep,31,train,1430.0,freetext,sole gloss,jryR6a3SEXSJdmbHsnSy.npy
kXqrpHqLBB5VDtH5Vabi,sleep,sleep,62,train,1073.0,asllex,sole gloss,kXqrpHqLBB5VDtH5Vabi.npy
kz2ekg6S4DsgrtTHvirv,sleep,sleep,84,train,1013.0,asllex,sole gloss,kz2ekg6S4DsgrtTHvirv.npy
kzsreACzGcLKk1XoHiaE,sleep,sleep,48,test,1265.0,asllex,sole gloss,kzsreACzGcLKk1XoHiaE.npy
lhpgWVzOdiTef9uKSJ8L,sleep,sleep,48,test,1869.0,asllex,sole gloss,lhpgWVzOdiTef9uKSJ8L.npy
lu6rJDkGlzrheOxzypXa,sleep,sleep,62,train,1157.0,asllex,sole gloss,lu6rJDkGlzrheOxzypXa.npy
m5JCJ5shX20r5rOYFmUB,sleep,sleep,62,train,1078.0,asllex,sole gloss,m5JCJ5shX20r5rOYFmUB.npy
m9AgCFu8l2D3CPeN8gDH,sleep,sleep,84,val,1584.0,asllex,sole gloss,m9AgCFu8l2D3CPeN8gDH.npy
mTGwkHOKWFfSnsm9qOt2,sleep,sleep,49,train,1483.0,asllex,sole gloss,mTGwkHOKWFfSnsm9qOt2.npy
mWBu5o8IMtn2h7aMH8eE,sleep,sleep,84,train,1274.0,asllex,sole gloss,mWBu5o8IMtn2h7aMH8eE.npy
mYdd9GBwoY8ZLY9feKeO,sleep,sleep,57,test,1518.0,asllex,sole gloss,mYdd9GBwoY8ZLY9feKeO.npy
mjYfMskUfnmyO2JdM5tv,sleep,sleep,63,train,1142.0,asllex,sole gloss,mjYfMskUfnmyO2JdM5tv.npy
mtR6TcG9gptNzWk9heEO,sleep,sleep,8,train,1453.0,asllex,sole gloss,mtR6TcG9gptNzWk9heEO.npy
myf1jlTEtdGq2EuBccen,sleep,sleep,30,train,1846.0,asllex,sole gloss,myf1jlTEtdGq2EuBccen.npy
nRMgnuw3wbppAXy75sJN,sleep,sleep,88,val,3313.0,asllex,sole gloss,nRMgnuw3wbppAXy75sJN.npy
ndazwcTJbjFVTbu1dlep,sleep,sleep,84,val,1122.0,asllex,sole gloss,ndazwcTJbjFVTbu1dlep.npy
nhfWLMMx12rH6JC67Xeh,sleep,sleep,48,test,1091.0,asllex,sole gloss,nhfWLMMx12rH6JC67Xeh.npy
o3o4GedvhZHAq1KruIgA,sleep,sleep,8,val,1268.0,asllex,sole gloss,o3o4GedvhZHAq1KruIgA.npy
oGV2FPvGwtv5myYW8egL,sleep,sleep,8,train,1466.0,asllex,sole gloss,oGV2FPvGwtv5myYW8egL.npy
oYI5ukuzyOhXd4hns7Cm,sleep,sleep,84,train,1457.0,asllex,sole gloss,oYI5ukuzyOhXd4hns7Cm.npy
oz5WrRspDFsmMGb7BW4X,sleep,sleep,63,train,1409.0,asllex,sole gloss,oz5WrRspDFsmMGb7BW4X.npy
pmWHICAZTwhyjlvuCn1u,sleep,sleep,49,train,834.0,asllex,sole gloss,pmWHICAZTwhyjlvuCn1u.npy
q8rpPOLUWj24KsrBgCNK,sleep,sleep,12,train,2296.0,asllex,sole gloss,q8rpPOLUWj24KsrBgCNK.npy
qpO9l68t3vAMMmLtx703,sleep,sleep,61,test,1182.0,asllex,sole gloss,qpO9l68t3vAMMmLtx703.npy
rRKTYNqcXapYCKpQqeLi,sleep,sleep,88,val,2500.0,asllex,sole gloss,rRKTYNqcXapYCKpQqeLi.npy
rSasfGuxeisstXh0GUzP,sleep,sleep,59,train,2004.0,asllex,sole gloss,rSasfGuxeisstXh0GUzP.npy
rtk5Zed1BLFKwqnwWESl,sleep,sleep,31,train,1403.0,asllex,sole gloss,rtk5Zed1BLFKwqnwWESl.npy
s6hlnpJntg1uNws34C6P,sleep,sleep,35,val,1201.0,asllex,sole gloss,s6hlnpJntg1uNws34C6P.npy
sRr0wELwkGaLqocp9UOo,sleep,sleep,49,val,2299.0,asllex,sole gloss,sRr0wELwkGaLqocp9UOo.npy
sY4FoOqv8EjD2SYD2Rrd,sleep,sleep,57,test,937.0,asllex,sole gloss,sY4FoOqv8EjD2SYD2Rrd.npy
sZxbHDsfclL79sxZMiAP,sleep,sleep,50,test,1922.0,asllex,sole gloss,sZxbHDsfclL79sxZMiAP.npy
u0N03kDlsCR0JH0422S7,sleep,sleep,31,val,1600.0,asllex,sole gloss,u0N03kDlsCR0JH0422S7.npy
u4S1swNVDfbChhv0XFwK,sleep,sleep,84,train,2455.0,asllex,sole gloss,u4S1swNVDfbChhv0XFwK.npy
vUitmyzH3BZuJ6eGdzhE,sleep,sleep,49,train,1138.0,asllex,sole gloss,vUitmyzH3BZuJ6eGdzhE.npy
wgRYAaQRmmxMsriZBEVE,sleep,sleep,35,val,1289.0,asllex,sole gloss,wgRYAaQRmmxMsriZBEVE.npy
x6ZOIx15EGeeUby1lbc2,sleep,sleep,49,train,832.0,asllex,sole gloss,x6ZOIx15EGeeUby1lbc2.npy
xUan0ZgLMbiWrVgktAY1,sleep,sleep,42,train,1795.0,asllex,sole gloss,xUan0ZgLMbiWrVgktAY1.npy
xYyo8iOpq3nvXCdQRufH,sleep,sleep,49,val,1283.0,asllex,sole gloss,xYyo8iOpq3nvXCdQRufH.npy
xgKKxQFSihQe12esbS5o,sleep,sleep,88,train,1435.0,asllex,sole gloss,xgKKxQFSihQe12esbS5o.npy
yFvuwbsQFMhTbRYpoRh5,sleep,sleep,62,val,958.0,asllex,sole gloss,yFvuwbsQFMhTbRYpoRh5.npy
yjthfneppetY0UJjojnA,sleep,sleep,23,train,1755.0,asllex,sole gloss,yjthfneppetY0UJjojnA.npy
yoIezQHvKecrwKd6Phot,sleep,sleep,48,test,2024.0,asllex,sole gloss,yoIezQHvKecrwKd6Phot.npy
zK7UtMbtjHZ8DuBV6LHx,sleep,sleep,46,train,1804.0,asllex,sole gloss,zK7UtMbtjHZ8DuBV6LHx.npy
zrs0K5ppclIJU9gzEh0o,sleep,sleep,46,train,1991.0,asllex,sole gloss,zrs0K5ppclIJU9gzEh0o.npy
ztz0HwZreXWwgnic3yhM,sleep,sleep,85,train,2693.0,asllex,sole gloss,ztz0HwZreXWwgnic3yhM.npy
4AQvDK77vBv3dESxOTPE,sneeze,sneeze,30,train,1871.0,asllex,sole gloss,4AQvDK77vBv3dESxOTPE.npy
AJE3uLP3ByyuqBlbWpCI,sneeze,sneeze,30,val,1935.0,asllex,sole gloss,AJE3uLP3ByyuqBlbWpCI.npy
tg45gUANSFKk5e5FnzVf,sneeze,sneeze,31,train,1583.0,asllex,sole gloss,tg45gUANSFKk5e5FnzVf.npy
1NcJzkDQj9zFcPfEZ1qp,some,some,39,train,2340.0,asllex,sole gloss,1NcJzkDQj9zFcPfEZ1qp.npy
1eHbeg3AMf6vaFaqVrH8,some,some,49,train,1099.0,asllex,sole gloss,1eHbeg3AMf6vaFaqVrH8.npy
2s7r79NVuwbIx5EHeCR0,some,some,84,train,1662.0,asllex,sole gloss,2s7r79NVuwbIx5EHeCR0.npy
48eniePKCHWyGZrWyalI,some,some,57,test,2253.0,asllex,sole gloss,48eniePKCHWyGZrWyalI.npy
4M73axEf0rK4cXArVNsC,some,some,57,test,2026.0,asllex,sole gloss,4M73axEf0rK4cXArVNsC.npy
4VqTGQYTo00GQYFU2fzk,some,some,43,train,2859.0,freetext,sole gloss,4VqTGQYTo00GQYFU2fzk.npy
5mVLnP87nUNNg9VXPmys,some,some,49,train,1567.0,asllex,sole gloss,5mVLnP87nUNNg9VXPmys.npy
6AxpF7qRrG3Kcf4vXA5q,some,some,80,train,2719.0,asllex,sole gloss,6AxpF7qRrG3Kcf4vXA5q.npy
9vkrlh0vj83PZZOwMp3D,some,some,11,val,1837.0,asllex,sole gloss,9vkrlh0vj83PZZOwMp3D.npy
IZAFfNSrdXxNj9QzX5wu,some,some,46,train,2422.0,asllex,sole gloss,IZAFfNSrdXxNj9QzX5wu.npy
IhDUTpkU1fcBZfxtJQE3,some,some,62,train,1321.0,asllex,sole gloss,IhDUTpkU1fcBZfxtJQE3.npy
JShP19mZyUhVMrGI1xKg,some,some,84,train,2109.0,asllex,sole gloss,JShP19mZyUhVMrGI1xKg.npy
KJ0XjlUemof4qqNmQQpT,some,some,49,train,1481.0,asllex,sole gloss,KJ0XjlUemof4qqNmQQpT.npy
KJSZOMxBpVdWpyjZnEQ6,some,some,49,train,1251.0,asllex,sole gloss,KJSZOMxBpVdWpyjZnEQ6.npy
NmZnNSIVINev0XcCIVyU,some,some,53,test,1759.0,asllex,sole gloss,NmZnNSIVINev0XcCIVyU.npy
OmWYf4edGGvSIS3cTtax,some,some,38,val,2269.0,asllex,sole gloss,OmWYf4edGGvSIS3cTtax.npy
TvoeX6MVJqLhCQjG725s,some,some,49,val,1301.0,asllex,sole gloss,TvoeX6MVJqLhCQjG725s.npy
WGLmjJoQuSo50i499KHn,some,some,23,train,1604.0,asllex,sole gloss,WGLmjJoQuSo50i499KHn.npy
Xwd4SOTPKhev4bXiEV7G,some,some,62,train,1119.0,asllex,sole gloss,Xwd4SOTPKhev4bXiEV7G.npy
YhQqVptE7UqB0VHfYfpj,some,some,48,test,1112.0,asllex,sole gloss,YhQqVptE7UqB0VHfYfpj.npy
YrOZg3HmMxLkiEwZWFTd,some,some,62,val,1578.0,asllex,sole gloss,YrOZg3HmMxLkiEwZWFTd.npy
jwvLbAyH7LQfoC1hj6qW,some,some,76,train,4137.0,asllex,sole gloss,jwvLbAyH7LQfoC1hj6qW.npy
oHVcUd0jEEVELdOGtGM9,some,some,88,train,1402.0,asllex,sole gloss,oHVcUd0jEEVELdOGtGM9.npy
qE9WBwINDkiY5V3jXTIl,some,some,39,val,3153.0,asllex,sole gloss,qE9WBwINDkiY5V3jXTIl.npy
qrPXDXtwSdWGBffsCRX4,some,some,39,train,2353.0,asllex,sole gloss,qrPXDXtwSdWGBffsCRX4.npy
rXFcoA6xPUtZpvXLm2z9,some,some,14,train,1879.0,asllex,sole gloss,rXFcoA6xPUtZpvXLm2z9.npy
rsJFv2wp1EJIDsuloqzW,some,some,88,train,2697.0,asllex,sole gloss,rsJFv2wp1EJIDsuloqzW.npy
uPrz6BMQdfAV5KtprEOb,some,some,84,val,2403.0,asllex,sole gloss,uPrz6BMQdfAV5KtprEOb.npy
vazcuRRTEqYZU72Gts8j,some,some,7,train,2228.0,asllex,sole gloss,vazcuRRTEqYZU72Gts8j.npy
3Vf6BA8UHV9pZNOaohKT,sometimes,sometimes,80,train,2820.0,asllex,sole gloss,3Vf6BA8UHV9pZNOaohKT.npy
4GmPDYjXpEatmKZYSzuU,sometimes,sometimes,42,train,2067.0,asllex,sole gloss,4GmPDYjXpEatmKZYSzuU.npy
74pLfmgDdLxOTqP1C3WA,sometimes,sometimes,36,test,2119.0,asllex,sole gloss,74pLfmgDdLxOTqP1C3WA.npy
BOQwNP4wTb9Tmsj3bQvb,sometimes,sometimes,49,val,2052.0,asllex,sole gloss,BOQwNP4wTb9Tmsj3bQvb.npy
FjlByBK8qb4jkKbbJxR7,sometimes,sometimes,49,train,1584.0,asllex,sole gloss,FjlByBK8qb4jkKbbJxR7.npy
LWax5RNzmU5KLplPJoiA,sometimes,sometimes,42,val,2137.0,freetext,sole gloss,LWax5RNzmU5KLplPJoiA.npy
R7QrxSaeUAv3axN0Vi7E,sometimes,sometimes,49,train,1252.0,asllex,sole gloss,R7QrxSaeUAv3axN0Vi7E.npy
RIORG4HLWJcLh6TvH1Az,sometimes,sometimes,49,val,1684.0,asllex,sole gloss,RIORG4HLWJcLh6TvH1Az.npy
RfcxSs9kvXzefqvhUXXJ,sometimes,sometimes,88,train,3697.0,freetext,sole gloss,RfcxSs9kvXzefqvhUXXJ.npy
UzQexcIEoED7NCCNbClK,sometimes,sometimes,57,test,1439.0,asllex,sole gloss,UzQexcIEoED7NCCNbClK.npy
dcv7ha4elZDllUyLCNU3,sometimes,sometimes,36,test,2683.0,asllex,sole gloss,dcv7ha4elZDllUyLCNU3.npy
f7DcJsWW6pDYAAeUPP8b,sometimes,sometimes,49,train,1884.0,asllex,sole gloss,f7DcJsWW6pDYAAeUPP8b.npy
fNxGej6AVq6haNEMyosN,sometimes,sometimes,36,test,1965.0,asllex,sole gloss,fNxGej6AVq6haNEMyosN.npy
fpshlFkKFIIuFl2MQkgX,sometimes,sometimes,31,train,1363.0,asllex,sole gloss,fpshlFkKFIIuFl2MQkgX.npy
00ODMdTiFVT7lRwqej3c,sorry,sorry,88,val,3531.0,asllex,sole gloss,00ODMdTiFVT7lRwqej3c.npy
0A0XOQNwrUzwifJH70Wt,sorry,sorry,49,val,2211.0,asllex,sole gloss,0A0XOQNwrUzwifJH70Wt.npy
2MskeQmXsV7cIhiMLxNt,sorry,sorry,49,train,751.0,asllex,sole gloss,2MskeQmXsV7cIhiMLxNt.npy
2Uv69WslkyzJM7ZsAHky,sorry,sorry,84,train,3230.0,asllex,sole gloss,2Uv69WslkyzJM7ZsAHky.npy
87l1Rb7ddCHWAMLAnIit,sorry,sorry,88,train,2536.0,asllex,sole gloss,87l1Rb7ddCHWAMLAnIit.npy
87xTyJH0mZF9kT9V7Foj,sorry,sorry,39,val,3781.0,asllex,sole gloss,87xTyJH0mZF9kT9V7Foj.npy
B2BuJy4B1ylrrgtye6fu,sorry,sorry,39,train,2977.0,asllex,sole gloss,B2BuJy4B1ylrrgtye6fu.npy
BE4GsP89VuTyO5AKNLbU,sorry,sorry,78,train,2700.0,asllex,sole gloss,BE4GsP89VuTyO5AKNLbU.npy
IVhcXvH6X1PMHuZdJxWw,sorry,sorry,39,train,4133.0,asllex,sole gloss,IVhcXvH6X1PMHuZdJxWw.npy
IWlArieEb6WNHvmmbFnr,sorry,sorry,39,train,3764.0,asllex,sole gloss,IWlArieEb6WNHvmmbFnr.npy
JsgSNH0DimNw5UqeddF7,sorry,sorry,46,train,2272.0,asllex,sole gloss,JsgSNH0DimNw5UqeddF7.npy
MqH5cTuAr31xKYFy6Nrs,sorry,sorry,49,val,1811.0,asllex,sole gloss,MqH5cTuAr31xKYFy6Nrs.npy
NubcEjPfnRR3T5KXWa1i,sorry,sorry,88,val,2608.0,asllex,sole gloss,NubcEjPfnRR3T5KXWa1i.npy
OQ3SBt1JWQXCI3feTK5F,sorry,sorry,17,train,2046.0,asllex,sole gloss,OQ3SBt1JWQXCI3feTK5F.npy
OejUVlyeh1ysKMlzeUpg,sorry,sorry,7,train,2458.0,asllex,sole gloss,OejUVlyeh1ysKMlzeUpg.npy
Q1h1UzJnnjdrrgJjv8IF,sorry,sorry,46,train,2668.0,asllex,sole gloss,Q1h1UzJnnjdrrgJjv8IF.npy
QCAFrzcAxDYyhvXbLNKD,sorry,sorry,23,train,2048.0,asllex,sole gloss,QCAFrzcAxDYyhvXbLNKD.npy
RRzPTW5sVoKSx0ZGY2Xw,sorry,sorry,49,train,1191.0,asllex,sole gloss,RRzPTW5sVoKSx0ZGY2Xw.npy
SbxW7mnM3elRVuHwiQk4,sorry,sorry,84,train,1739.0,asllex,sole gloss,SbxW7mnM3elRVuHwiQk4.npy
TknGFJJkqWYRUXEWYIwC,sorry,sorry,46,train,3980.0,asllex,sole gloss,TknGFJJkqWYRUXEWYIwC.npy
Vij5exJBZaO4ueIMsjRN,sorry,sorry,30,train,2026.0,asllex,sole gloss,Vij5exJBZaO4ueIMsjRN.npy
VsjoLnyZsSGI7tVx74A7,sorry,sorry,42,train,2020.0,freetext,sole gloss,VsjoLnyZsSGI7tVx74A7.npy
XHp285sZtE6yd8xQKCoP,sorry,sorry,57,test,1508.0,asllex,sole gloss,XHp285sZtE6yd8xQKCoP.npy
YKJF4WTaWK46hGMCf9IY,sorry,sorry,62,train,966.0,asllex,sole gloss,YKJF4WTaWK46hGMCf9IY.npy
YwZB6VmU3h2g2NfRbQ9R,sorry,sorry,39,val,3219.0,asllex,sole gloss,YwZB6VmU3h2g2NfRbQ9R.npy
cV1x2mXkS6lKTA1oAkeN,sorry,sorry,39,train,3823.0,asllex,sole gloss,cV1x2mXkS6lKTA1oAkeN.npy
g6w0m4q6IxvrfjBUdPip,sorry,sorry,53,test,2038.0,asllex,sole gloss,g6w0m4q6IxvrfjBUdPip.npy
jE4QnOhPlnjCGPGniEL6,sorry,sorry,84,train,1994.0,asllex,sole gloss,jE4QnOhPlnjCGPGniEL6.npy
jVcK2pIpSQS8jTA8r2rn,sorry,sorry,46,train,4509.0,asllex,sole gloss,jVcK2pIpSQS8jTA8r2rn.npy
pQkTWSUrbm8TsrACDPXT,sorry,sorry,31,train,1327.0,asllex,sole gloss,pQkTWSUrbm8TsrACDPXT.npy
px22cPFwoP1unaf3guch,sorry,sorry,49,train,2672.0,asllex,sole gloss,px22cPFwoP1unaf3guch.npy
qlqYdDItA5KlRuK2YPmM,sorry,sorry,46,val,1620.0,asllex,sole gloss,qlqYdDItA5KlRuK2YPmM.npy
rm1PwJ5aMlKRXiJWc1Rj,sorry,sorry,7,train,1983.0,asllex,sole gloss,rm1PwJ5aMlKRXiJWc1Rj.npy
slOqJeGSQSoM9RDf1Zx9,sorry,sorry,84,train,3728.0,asllex,sole gloss,slOqJeGSQSoM9RDf1Zx9.npy
snMeLRFKKZS9YeL4mnXF,sorry,sorry,85,train,4359.0,asllex,sole gloss,snMeLRFKKZS9YeL4mnXF.npy
tilCR1OT2LRvVO5yQ7Vc,sorry,sorry,49,val,1626.0,asllex,sole gloss,tilCR1OT2LRvVO5yQ7Vc.npy
vvww2kb67pgQDQCZgBrv,sorry,sorry,38,train,2858.0,asllex,sole gloss,vvww2kb67pgQDQCZgBrv.npy
zkv0EWrkvsRVcq0o6vmH,sorry,sorry,7,train,3378.0,asllex,sole gloss,zkv0EWrkvsRVcq0o6vmH.npy
1UoES6dHuapHgiSE4KeC,stand,stand,31,val,1422.0,freetext,sole gloss,1UoES6dHuapHgiSE4KeC.npy
OfNYX5Tmob4lU8ZdRTRd,stand,stand,30,train,1662.0,freetext,sole gloss,OfNYX5Tmob4lU8ZdRTRd.npy
RkPvAh9RyunEbYjy7S5g,stand,stand,42,train,1946.0,freetext,sole gloss,RkPvAh9RyunEbYjy7S5g.npy
XDUW7Ybe4Hk3h8HlYusC,stand,stand,30,train,1989.0,freetext,sole gloss,XDUW7Ybe4Hk3h8HlYusC.npy
wTHw9H364p0QSNz219kP,stand,stand,42,train,1620.0,freetext,sole gloss,wTHw9H364p0QSNz219kP.npy
011ncn15hJxPcZSExcs4,start,start,39,val,3470.0,asllex,sole gloss,011ncn15hJxPcZSExcs4.npy
3XlCm8HC4HhwlLuVbMob,start,start,84,train,1617.0,freetext,sole gloss,3XlCm8HC4HhwlLuVbMob.npy
4sypw3WI6LVm84hKAo0R,start,start,39,train,2535.0,asllex,sole gloss,4sypw3WI6LVm84hKAo0R.npy
6uTKvoHwBsT12wUpN7MG,start,start,61,test,1718.0,asllex,sole gloss,6uTKvoHwBsT12wUpN7MG.npy
8UfKkNilUlw8pmkk619A,start,start,49,train,1511.0,asllex,sole gloss,8UfKkNilUlw8pmkk619A.npy
9jlaV9GWd2YYwcaapSVP,start,start,84,train,1939.0,asllex,sole gloss,9jlaV9GWd2YYwcaapSVP.npy
BiUcxY8h8JzbH1eSqqbM,start,start,7,train,2613.0,asllex,sole gloss,BiUcxY8h8JzbH1eSqqbM.npy
DclTbrFhya1j2Nbinz8G,start,start,84,val,1589.0,freetext,sole gloss,DclTbrFhya1j2Nbinz8G.npy
EKucdOnmve6lRg9OHyW7,start,start,33,test,2612.0,asllex,sole gloss,EKucdOnmve6lRg9OHyW7.npy
GnLA27gN5wVxzjP5jHWn,start,start,49,train,1624.0,asllex,sole gloss,GnLA27gN5wVxzjP5jHWn.npy
HKrJUkRgG8MadNMUNKfO,start,start,31,train,1362.0,asllex,sole gloss,HKrJUkRgG8MadNMUNKfO.npy
KvJBbuMN2jGlvPPn4OgV,start,start,84,train,1522.0,asllex,sole gloss,KvJBbuMN2jGlvPPn4OgV.npy
RQCWZboa2vjAYF4g8niY,start,start,61,test,2021.0,asllex,sole gloss,RQCWZboa2vjAYF4g8niY.npy
UmrWT7spIMj1l1HrAvPX,start,start,39,train,3042.0,freetext,sole gloss,UmrWT7spIMj1l1HrAvPX.npy
W0FKMnAPezCVOmbbdMFk,start,start,35,train,1939.0,asllex,sole gloss,W0FKMnAPezCVOmbbdMFk.npy
WK1B7oXv2ewS51E01EQR,start,start,7,train,2678.0,asllex,sole gloss,WK1B7oXv2ewS51E01EQR.npy
WmJoLHvmKcU3wdz0NNpX,start,start,84,train,1305.0,asllex,sole gloss,WmJoLHvmKcU3wdz0NNpX.npy
X1nDXcXPyV1zcMLtMtuv,start,start,49,train,1278.0,asllex,sole gloss,X1nDXcXPyV1zcMLtMtuv.npy
ZzJN5dNGWA7tNcHlt88Y,start,start,64,test,1909.0,asllex,sole gloss,ZzJN5dNGWA7tNcHlt88Y.npy
aFiWzxG77kl2gj9pA1uy,start,start,38,train,2271.0,asllex,sole gloss,aFiWzxG77kl2gj9pA1uy.npy
ajKdoO6yNXY1HSN23wWg,start,start,84,val,1817.0,asllex,sole gloss,ajKdoO6yNXY1HSN23wWg.npy
amlWFPoTaCbuyrMoqxW9,start,start,7,val,2431.0,asllex,sole gloss,amlWFPoTaCbuyrMoqxW9.npy
awwlTZghmpcFmZ7tl8Xr,start,start,57,test,1569.0,asllex,sole gloss,awwlTZghmpcFmZ7tl8Xr.npy
dTOmMZo0NWoRO0SsJQ59,start,start,39,val,2558.0,asllex,sole gloss,dTOmMZo0NWoRO0SsJQ59.npy
dpIX8ty9l99AgJwQQdUF,start,start,48,test,1214.0,asllex,sole gloss,dpIX8ty9l99AgJwQQdUF.npy
eDeDeW91xaf2KP46Xlw5,start,start,49,train,1251.0,freetext,sole gloss,eDeDeW91xaf2KP46Xlw5.npy
f6JLlv69APY7FPR9RTGb,start,start,36,test,1950.0,asllex,sole gloss,f6JLlv69APY7FPR9RTGb.npy
fATSRzyWP9ou1bZB58ex,start,start,62,train,1061.0,asllex,sole gloss,fATSRzyWP9ou1bZB58ex.npy
gFsj9P7biAAqde9rSyIP,start,start,59,train,1418.0,asllex,sole gloss,gFsj9P7biAAqde9rSyIP.npy
h36RKrLj3m1TiMMLDHoa,start,start,50,test,2953.0,asllex,sole gloss,h36RKrLj3m1TiMMLDHoa.npy
ilQ0e1V5240LYVKFewa0,start,start,84,val,1382.0,asllex,sole gloss,ilQ0e1V5240LYVKFewa0.npy
ktj5ukIkGRJPOOtBgraM,start,start,7,val,2319.0,asllex,sole gloss,ktj5ukIkGRJPOOtBgraM.npy
nDSMykmPrhlzLay3deBk,start,start,23,train,1777.0,asllex,sole gloss,nDSMykmPrhlzLay3deBk.npy
njgR76VJWytUj3dpmsZy,start,start,49,val,1711.0,asllex,sole gloss,njgR76VJWytUj3dpmsZy.npy
oZXrGRAf8I7aTIpQrODj,start,start,49,train,1378.0,asllex,sole gloss,oZXrGRAf8I7aTIpQrODj.npy
p6F0KWdKsK0tarK0VYly,start,start,49,train,1800.0,asllex,sole gloss,p6F0KWdKsK0tarK0VYly.npy
pDxWB3QxJSQyKM3HZTlH,start,start,88,train,3016.0,asllex,sole gloss,pDxWB3QxJSQyKM3HZTlH.npy
pnO1jzxFHPEkxWHHtjg7,start,start,39,train,2770.0,asllex,sole gloss,pnO1jzxFHPEkxWHHtjg7.npy
rOanRO3mRNEGh6oSjtZh,start,start,42,train,1481.0,asllex,sole gloss,rOanRO3mRNEGh6oSjtZh.npy
t5EmLpu5nVhBFgpqfQ2B,start,start,62,train,892.0,asllex,sole gloss,t5EmLpu5nVhBFgpqfQ2B.npy
xHwUncrKoWVGeTYctKyu,start,start,62,train,1063.0,asllex,sole gloss,xHwUncrKoWVGeTYctKyu.npy
yk923POQY4QmvVcu0ZF2,start,start,61,test,1572.0,asllex,sole gloss,yk923POQY4QmvVcu0ZF2.npy
4L72AyWRaNaymJEBAyZ5,stomach,stomach,78,train,2330.0,asllex,sole gloss,4L72AyWRaNaymJEBAyZ5.npy
PINQcshSrvVYBgRcoh0S,stomach,stomach,62,train,1397.0,asllex,sole gloss,PINQcshSrvVYBgRcoh0S.npy
ZNFsNNckpaf3Y0FyUQsX,stomach,stomach,62,train,1356.0,asllex,sole gloss,ZNFsNNckpaf3Y0FyUQsX.npy
gDOfOUZiFPktchi4qoN8,stomach,stomach,8,val,1559.0,asllex,sole gloss,gDOfOUZiFPktchi4qoN8.npy
n7QZfWyp3QDneqeGjNp4,stomach,stomach,57,test,1106.0,asllex,sole gloss,n7QZfWyp3QDneqeGjNp4.npy
00yHesqHSUb6D4SZX1VX,stop,stop,59,train,1964.0,asllex,sole gloss,00yHesqHSUb6D4SZX1VX.npy
0QnNBGhMq2fKZeK9K8O5,stop,stop,84,train,1650.0,asllex,sole gloss,0QnNBGhMq2fKZeK9K8O5.npy
0WUCQg3Q3wVtH7zYKzgY,stop,stop,17,val,1695.0,asllex,sole gloss,0WUCQg3Q3wVtH7zYKzgY.npy
2XqXPxRN1Xqd8gJW7b4e,stop,stop,12,train,1842.0,asllex,sole gloss,2XqXPxRN1Xqd8gJW7b4e.npy
35QxCVvG2ZwlUDeRz0rh,stop,stop,38,train,2775.0,asllex,sole gloss,35QxCVvG2ZwlUDeRz0rh.npy
506ItcLXL8ED0u21ChIc,stop,stop,36,test,1761.0,asllex,sole gloss,506ItcLXL8ED0u21ChIc.npy
63kq91A5vHkjWOzPqktR,stop,stop,88,val,2681.0,asllex,sole gloss,63kq91A5vHkjWOzPqktR.npy
8pJo6bPxWWyFA17euISJ,stop,stop,49,train,1544.0,asllex,sole gloss,8pJo6bPxWWyFA17euISJ.npy
9NXp9q6maTls6yI5nS84,stop,stop,31,val,1724.0,asllex,sole gloss,9NXp9q6maTls6yI5nS84.npy
CPEIgtKBwnf3P0hNdhmw,stop,stop,49,train,1152.0,asllex,sole gloss,CPEIgtKBwnf3P0hNdhmw.npy
EYJDUrO8KR2DPgq8YRHd,stop,stop,30,train,1863.0,asllex,sole gloss,EYJDUrO8KR2DPgq8YRHd.npy
FqUNkVKQl4IeNYvnAU0M,stop,stop,47,test,5130.0,asllex,sole gloss,FqUNkVKQl4IeNYvnAU0M.npy
II5vIuScAccn1uSJJoTA,stop,stop,60,train,1164.0,asllex,sole gloss,II5vIuScAccn1uSJJoTA.npy
IhNVRr3BK3nuPvqHMkDD,stop,stop,59,val,2189.0,asllex,sole gloss,IhNVRr3BK3nuPvqHMkDD.npy
LWWcDk1Un7XuJe8iFY8q,stop,stop,36,test,2422.0,asllex,sole gloss,LWWcDk1Un7XuJe8iFY8q.npy
MNY8MxqvKMG0WIqToHWU,stop,stop,53,test,2234.0,asllex,sole gloss,MNY8MxqvKMG0WIqToHWU.npy
MVm7LM7DFxpaUNkULSmG,stop,stop,53,test,1638.0,asllex,sole gloss,MVm7LM7DFxpaUNkULSmG.npy
OxzQlUKKwstMQLsqqxkz,stop,stop,46,train,2865.0,asllex,sole gloss,OxzQlUKKwstMQLsqqxkz.npy
OybEpTmezj5cHEaQNMdi,stop,stop,64,test,1962.0,asllex,sole gloss,OybEpTmezj5cHEaQNMdi.npy
PIHIge1xRnCcGbdrBPhj,stop,stop,46,val,2942.0,asllex,sole gloss,PIHIge1xRnCcGbdrBPhj.npy
R6rKgC2D2cX7A7MpTga0,stop,stop,17,val,2063.0,asllex,sole gloss,R6rKgC2D2cX7A7MpTga0.npy
Rv1gw9GBMKxYo5ncSuz5,stop,stop,46,train,2188.0,asllex,sole gloss,Rv1gw9GBMKxYo5ncSuz5.npy
UmI5a11IIhjxFW1lFcU5,stop,stop,84,train,2082.0,asllex,sole gloss,UmI5a11IIhjxFW1lFcU5.npy
WgsEG0IpapcozE4YBsFB,stop,stop,62,train,1112.0,asllex,sole gloss,WgsEG0IpapcozE4YBsFB.npy
WozP74yCn2e9fitokmKa,stop,stop,46,train,2705.0,asllex,sole gloss,WozP74yCn2e9fitokmKa.npy
X14AWTprZOUNz7qiyHcz,stop,stop,39,train,3519.0,asllex,sole gloss,X14AWTprZOUNz7qiyHcz.npy
X4Pu02ASb61M1ZmDuvOO,stop,stop,31,train,1734.0,freetext,sole gloss,X4Pu02ASb61M1ZmDuvOO.npy
YNJWhp7Tncn64G1LftQz,stop,stop,84,val,1045.0,asllex,sole gloss,YNJWhp7Tncn64G1LftQz.npy
ZeFZMErl5JEjSu3pP3R8,stop,stop,84,train,1430.0,asllex,sole gloss,ZeFZMErl5JEjSu3pP3R8.npy
Zr7p2fiP40WkPBLfXvmP,stop,stop,49,val,1519.0,asllex,sole gloss,Zr7p2fiP40WkPBLfXvmP.npy
Zye0XKYx5v5hw7n0I8h7,stop,stop,17,train,1368.0,asllex,sole gloss,Zye0XKYx5v5hw7n0I8h7.npy
aH1m5nFuhqhtaREv5hKS,stop,stop,46,train,2367.0,asllex,sole gloss,aH1m5nFuhqhtaREv5hKS.npy
bFAnp6vPQXq4SNjfXm6l,stop,stop,57,test,1819.0,asllex,sole gloss,bFAnp6vPQXq4SNjfXm6l.npy
bLFP48nwCSGeVYxVDewO,stop,stop,46,train,2378.0,asllex,sole gloss,bLFP48nwCSGeVYxVDewO.npy
bk20b3q4hNgDfpxyIcHW,stop,stop,43,train,3326.0,asllex,sole gloss,bk20b3q4hNgDfpxyIcHW.npy
bznfMf6ci0QGewRnNfga,stop,stop,88,train,3970.0,asllex,sole gloss,bznfMf6ci0QGewRnNfga.npy
cuWOC2dYqBaiWcJjcoGL,stop,stop,23,val,1493.0,asllex,sole gloss,cuWOC2dYqBaiWcJjcoGL.npy
f1dpTv03JhkpZJzRa5uT,stop,stop,78,train,1997.0,asllex,sole gloss,f1dpTv03JhkpZJzRa5uT.npy
fLMb6QVTmKZlkgQxbcy6,stop,stop,35,train,1365.0,asllex,sole gloss,fLMb6QVTmKZlkgQxbcy6.npy
fNvdOnFCgCjUiFnKNJD0,stop,stop,39,train,2891.0,asllex,sole gloss,fNvdOnFCgCjUiFnKNJD0.npy
gMQYm71awVRWKqOESmJf,stop,stop,84,train,1888.0,asllex,sole gloss,gMQYm71awVRWKqOESmJf.npy
irGjV1OlNCFPLurMjTt0,stop,stop,39,train,2560.0,asllex,sole gloss,irGjV1OlNCFPLurMjTt0.npy
lgE2CzGoqVVcqqR4cnvy,stop,stop,7,train,2251.0,asllex,sole gloss,lgE2CzGoqVVcqqR4cnvy.npy
lvOrKhFG8dNRDWLf6YWR,stop,stop,39,train,3708.0,asllex,sole gloss,lvOrKhFG8dNRDWLf6YWR.npy
lwHtTd2p8Qe3VtUXOJhU,stop,stop,88,train,1802.0,asllex,sole gloss,lwHtTd2p8Qe3VtUXOJhU.npy
nI89Ttkuw5zRhQqbItQg,stop,stop,36,test,2028.0,asllex,sole gloss,nI89Ttkuw5zRhQqbItQg.npy
ogb21BgSGKz4d6T8ErqN,stop,stop,30,train,1548.0,asllex,sole gloss,ogb21BgSGKz4d6T8ErqN.npy
pl93Nf39FC1hoSuOSvsE,stop,stop,30,train,1688.0,asllex,sole gloss,pl93Nf39FC1hoSuOSvsE.npy
px0tjv506xlvpm37nXBs,stop,stop,62,val,1015.0,asllex,sole gloss,px0tjv506xlvpm37nXBs.npy
r4qg5Q3ewlwdJaHjUPyV,stop,stop,54,train,2129.0,asllex,sole gloss,r4qg5Q3ewlwdJaHjUPyV.npy
sEtHhCB3mcD1PKKKbtBl,stop,stop,63,val,1460.0,asllex,sole gloss,sEtHhCB3mcD1PKKKbtBl.npy
sF1JTod5qmL6DNaWArEw,stop,stop,23,train,1271.0,asllex,sole gloss,sF1JTod5qmL6DNaWArEw.npy
sQph7wpYo71JRDvrZohI,stop,stop,39,train,3343.0,asllex,sole gloss,sQph7wpYo71JRDvrZohI.npy
sUXO34CPMQ782HeXj26z,stop,stop,7,val,2184.0,asllex,sole gloss,sUXO34CPMQ782HeXj26z.npy
uPQ5u0GGawWxR9Rfrcxm,stop,stop,84,train,1969.0,asllex,sole gloss,uPQ5u0GGawWxR9Rfrcxm.npy
uje409EMAGODUQVTdvTJ,stop,stop,62,train,1030.0,asllex,sole gloss,uje409EMAGODUQVTdvTJ.npy
uveRPeVboigU4wi6wbre,stop,stop,88,train,1847.0,asllex,sole gloss,uveRPeVboigU4wi6wbre.npy
vMd4FgbRUs78aTYXe20N,stop,stop,46,train,3783.0,asllex,sole gloss,vMd4FgbRUs78aTYXe20N.npy
xIUoqnBhvHjxiALXA8jq,stop,stop,88,train,4202.0,asllex,sole gloss,xIUoqnBhvHjxiALXA8jq.npy
xvjhN6Bo7YuytZSo4j2B,stop,stop,39,val,3227.0,asllex,sole gloss,xvjhN6Bo7YuytZSo4j2B.npy
yXPTdNEmSQUzhuHGjO5R,stop,stop,84,val,1613.0,asllex,sole gloss,yXPTdNEmSQUzhuHGjO5R.npy
ycSZ0n8FYJXpHP9PeJeY,stop,stop,7,train,2788.0,asllex,sole gloss,ycSZ0n8FYJXpHP9PeJeY.npy
yv4t5zYp1KVaxoeoQcKX,stop,stop,36,test,2084.0,asllex,sole gloss,yv4t5zYp1KVaxoeoQcKX.npy
056HyM1ih6tiqd7dbtKW,strong,strong,12,train,1849.0,freetext,sole gloss,056HyM1ih6tiqd7dbtKW.npy
0ikzIaKSEwHrPbPEUdvP,strong,strong,88,train,3199.0,asllex,sole gloss,0ikzIaKSEwHrPbPEUdvP.npy
1MJobd3V14KcFZZbDOAx,strong,strong,46,train,3291.0,asllex,sole gloss,1MJobd3V14KcFZZbDOAx.npy
1dGTHxqyI2KSvLtjRQoH,strong,strong,8,val,1250.0,asllex,sole gloss,1dGTHxqyI2KSvLtjRQoH.npy
1oKcdoz7p5hvzSlrJVCG,strong,strong,42,train,1900.0,freetext,sole gloss,1oKcdoz7p5hvzSlrJVCG.npy
2YiPQWM2BAtozvujLL9i,strong,strong,48,test,2106.0,asllex,sole gloss,2YiPQWM2BAtozvujLL9i.npy
2aUG8FNAJvPjAxwWcWd0,strong,strong,48,test,1516.0,asllex,sole gloss,2aUG8FNAJvPjAxwWcWd0.npy
3E38L3AIrYVwNyqElSlj,strong,strong,84,train,1719.0,asllex,sole gloss,3E38L3AIrYVwNyqElSlj.npy
3L3IqMvzf4sUzRBq0E42,strong,strong,57,test,1955.0,asllex,sole gloss,3L3IqMvzf4sUzRBq0E42.npy
3uZxE42wu0wNZr5ESsFi,strong,strong,42,val,1702.0,asllex,sole gloss,3uZxE42wu0wNZr5ESsFi.npy
4VZ2mNmgAjU8Q3Y8lbyX,strong,strong,39,train,3048.0,asllex,sole gloss,4VZ2mNmgAjU8Q3Y8lbyX.npy
5YUD3mhgx3Ml46Rvt2Z5,strong,strong,42,val,2300.0,freetext,sole gloss,5YUD3mhgx3Ml46Rvt2Z5.npy
5oKVaxVpW9lZLLva9uiu,strong,strong,30,train,1592.0,asllex,sole gloss,5oKVaxVpW9lZLLva9uiu.npy
6CE54ZY1d8XAkYuG2JaA,strong,strong,84,train,1281.0,freetext,sole gloss,6CE54ZY1d8XAkYuG2JaA.npy
7R7fgDWX5yp6OfmDVU3Y,strong,strong,84,train,1246.0,asllex,sole gloss,7R7fgDWX5yp6OfmDVU3Y.npy
9C6mW3OFFzawuxSctpk2,strong,strong,84,train,2178.0,asllex,sole gloss,9C6mW3OFFzawuxSctpk2.npy
ABUg9RxnFSF661OHdmaC,strong,strong,63,train,1279.0,freetext,sole gloss,ABUg9RxnFSF661OHdmaC.npy
AN83COu79I2mCYyrNjQG,strong,strong,48,test,973.0,asllex,sole gloss,AN83COu79I2mCYyrNjQG.npy
B4DBq3L2vSlKALPlIIPE,strong,strong,88,val,2530.0,asllex,sole gloss,B4DBq3L2vSlKALPlIIPE.npy
BYXasmc87k7ctPBmMXFE,strong,strong,84,train,1159.0,asllex,sole gloss,BYXasmc87k7ctPBmMXFE.npy
DkwCQT8X6r2etFlrhxXG,strong,strong,50,test,2099.0,asllex,sole gloss,DkwCQT8X6r2etFlrhxXG.npy
F45Mp0rtOFsVBCMn4T53,strong,strong,7,val,2578.0,asllex,sole gloss,F45Mp0rtOFsVBCMn4T53.npy
F6VGYU2kGhvn38YvtxEM,strong,strong,39,train,2206.0,asllex,sole gloss,F6VGYU2kGhvn38YvtxEM.npy
FJJIaYQRr6KGboukVUbK,strong,strong,11,train,1627.0,asllex,sole gloss,FJJIaYQRr6KGboukVUbK.npy
HY9aJDikKCinsW21jjRE,strong,strong,46,train,2971.0,asllex,sole gloss,HY9aJDikKCinsW21jjRE.npy
HpGOcD0lH35X0Hl6I7QS,strong,strong,48,test,1907.0,asllex,sole gloss,HpGOcD0lH35X0Hl6I7QS.npy
IG6FPfSRrpqO5PSgcusL,strong,strong,39,train,2399.0,asllex,sole gloss,IG6FPfSRrpqO5PSgcusL.npy
J89pREqBCWS9NRzHsTWk,strong,strong,57,test,1523.0,asllex,sole gloss,J89pREqBCWS9NRzHsTWk.npy
J9Li080x6fq4EHNPmx2S,strong,strong,60,train,1468.0,asllex,sole gloss,J9Li080x6fq4EHNPmx2S.npy
JULnCdUfBlJsGMXGi2xN,strong,strong,62,train,1488.0,freetext,sole gloss,JULnCdUfBlJsGMXGi2xN.npy
KACYxZiYwQmq1y9r8Qo8,strong,strong,53,test,2001.0,asllex,sole gloss,KACYxZiYwQmq1y9r8Qo8.npy
MHsckJkWreA35sHD2pUJ,strong,strong,84,train,1914.0,asllex,sole gloss,MHsckJkWreA35sHD2pUJ.npy
Mac6EClqwfkfJZogBZGE,strong,strong,61,test,1457.0,asllex,sole gloss,Mac6EClqwfkfJZogBZGE.npy
P0wSbC56lM6fsjlR4fNk,strong,strong,54,val,1753.0,asllex,sole gloss,P0wSbC56lM6fsjlR4fNk.npy
PhElkUOwv9Fakl34BjND,strong,strong,57,test,2298.0,asllex,sole gloss,PhElkUOwv9Fakl34BjND.npy
RDalRmERftyUIKrlvNTk,strong,strong,39,train,2845.0,asllex,sole gloss,RDalRmERftyUIKrlvNTk.npy
RFUuX2JJkIoV11PSayvF,strong,strong,30,val,1797.0,asllex,sole gloss,RFUuX2JJkIoV11PSayvF.npy
RV9om8gFHo0fYBSsXnwh,strong,strong,11,val,2297.0,asllex,sole gloss,RV9om8gFHo0fYBSsXnwh.npy
S2ofZPvrM9obm22OHmcl,strong,strong,61,test,1964.0,asllex,sole gloss,S2ofZPvrM9obm22OHmcl.npy
SffXnNuejtIPSUsKiUyh,strong,strong,54,train,1393.0,asllex,sole gloss,SffXnNuejtIPSUsKiUyh.npy
ShQwVQNRON2c90LoRUKJ,strong,strong,84,val,1754.0,asllex,sole gloss,ShQwVQNRON2c90LoRUKJ.npy
Ts5ImiZafO5FqvYtHzNs,strong,strong,57,test,2031.0,asllex,sole gloss,Ts5ImiZafO5FqvYtHzNs.npy
W4D8mNg4r2awR5rezOyY,strong,strong,39,train,3734.0,asllex,sole gloss,W4D8mNg4r2awR5rezOyY.npy
WAT3faB0L06sEAUwWr0w,strong,strong,76,train,5075.0,asllex,sole gloss,WAT3faB0L06sEAUwWr0w.npy
X1iGqa3KLjIlNoppAnVC,strong,strong,39,train,5631.0,asllex,sole gloss,X1iGqa3KLjIlNoppAnVC.npy
YjyI0ALaXr7ToWXI87Zm,strong,strong,49,train,1421.0,asllex,sole gloss,YjyI0ALaXr7ToWXI87Zm.npy
Z3UdXYZOnUhIhVyQu4Zs,strong,strong,84,val,2482.0,asllex,sole gloss,Z3UdXYZOnUhIhVyQu4Zs.npy
ZYakBaXcu6bHs0Lb9D6n,strong,strong,39,val,2549.0,asllex,sole gloss,ZYakBaXcu6bHs0Lb9D6n.npy
alNLPGlei08qSgci9JL1,strong,strong,84,train,1458.0,asllex,sole gloss,alNLPGlei08qSgci9JL1.npy
b7A4u2MJJs2qS2odZxwE,strong,strong,57,test,2321.0,asllex,sole gloss,b7A4u2MJJs2qS2odZxwE.npy
b8b5Rk7GDkdmE7EwsotT,strong,strong,39,train,2968.0,asllex,sole gloss,b8b5Rk7GDkdmE7EwsotT.npy
bcyvVsnr5xLz1Ks0dKxv,strong,strong,46,train,2168.0,asllex,sole gloss,bcyvVsnr5xLz1Ks0dKxv.npy
dPCx7zwulbnAQaIxlHWI,strong,strong,15,val,1235.0,asllex,sole gloss,dPCx7zwulbnAQaIxlHWI.npy
dfAj7ZwYQAaidGaRwYMR,strong,strong,50,test,2428.0,asllex,sole gloss,dfAj7ZwYQAaidGaRwYMR.npy
eSgX42oDCIkfEgiYMbC2,strong,strong,49,train,1224.0,asllex,sole gloss,eSgX42oDCIkfEgiYMbC2.npy
elxAVlaj9B9TfZxFrk4a,strong,strong,7,val,2579.0,asllex,sole gloss,elxAVlaj9B9TfZxFrk4a.npy
eo2H0dT3ZUbPGmTyw6oG,strong,strong,61,test,1441.0,asllex,sole gloss,eo2H0dT3ZUbPGmTyw6oG.npy
eykOdEXx5YV5mz2tkkOc,strong,strong,48,test,1002.0,asllex,sole gloss,eykOdEXx5YV5mz2tkkOc.npy
hoDgm9QaruvuF1B5vLH6,strong,strong,17,train,1464.0,asllex,sole gloss,hoDgm9QaruvuF1B5vLH6.npy
j3dfMSziKaiMsk7DpdeT,strong,strong,46,train,2896.0,asllex,sole gloss,j3dfMSziKaiMsk7DpdeT.npy
j7n26hoXW2dz8nqTi2jd,strong,strong,48,test,2518.0,asllex,sole gloss,j7n26hoXW2dz8nqTi2jd.npy
jLBBDgkV5s8KXG01i1HF,strong,strong,57,test,1848.0,asllex,sole gloss,jLBBDgkV5s8KXG01i1HF.npy
lfsMykPUNPv6zR3uwDrv,strong,strong,84,val,2126.0,freetext,sole gloss,lfsMykPUNPv6zR3uwDrv.npy
noNdSBcwYi3WMswJzQUH,strong,strong,48,test,1151.0,asllex,sole gloss,noNdSBcwYi3WMswJzQUH.npy
oS67NDu53TtQMB0zQ7Fh,strong,strong,38,train,2798.0,asllex,sole gloss,oS67NDu53TtQMB0zQ7Fh.npy
pANN3N1ipsLnLkXdk3PJ,strong,strong,35,train,1605.0,asllex,sole gloss,pANN3N1ipsLnLkXdk3PJ.npy
qLNoXbjIoi0JWGf0wUsB,strong,strong,46,train,2166.0,asllex,sole gloss,qLNoXbjIoi0JWGf0wUsB.npy
qmmdz263zOrcK9raMv4Q,strong,strong,38,train,2592.0,asllex,sole gloss,qmmdz263zOrcK9raMv4Q.npy
sObOFbfwkMh38bFIl8j6,strong,strong,48,test,1282.0,asllex,sole gloss,sObOFbfwkMh38bFIl8j6.npy
vwoBBHej3Slibov941ib,strong,strong,46,train,3140.0,asllex,sole gloss,vwoBBHej3Slibov941ib.npy
xHXHtLswWpGTJPhrGDeq,strong,strong,84,train,1610.0,asllex,sole gloss,xHXHtLswWpGTJPhrGDeq.npy
xJlDgRTXzyHZeoIJoH4X,strong,strong,42,val,1396.0,asllex,sole gloss,xJlDgRTXzyHZeoIJoH4X.npy
xkIlrHsrFOOi0yWNAb1h,strong,strong,48,test,1773.0,asllex,sole gloss,xkIlrHsrFOOi0yWNAb1h.npy
yFCLbY185S6Zl6C8QTNc,strong,strong,38,train,2949.0,asllex,sole gloss,yFCLbY185S6Zl6C8QTNc.npy
377Pg0mLAfAIiKSdoN3i,surgery,surgery,52,train,2625.0,asllex,sole gloss,377Pg0mLAfAIiKSdoN3i.npy
Ayu7woL5i9GML206jNly,surgery,surgery,17,train,1090.0,asllex,sole gloss,Ayu7woL5i9GML206jNly.npy
C7FdA2teDMrpZ0wk3y72,surgery,surgery,63,val,2248.0,asllex,sole gloss,C7FdA2teDMrpZ0wk3y72.npy
CuMuRfFdl79aL2RaHUpJ,surgery,surgery,63,train,1319.0,asllex,sole gloss,CuMuRfFdl79aL2RaHUpJ.npy
EgAT3ye2iT4sK1vfgoW0,surgery,surgery,49,val,1441.0,asllex,sole gloss,EgAT3ye2iT4sK1vfgoW0.npy
GZdmt0eJ9NkGQrq7pSHx,surgery,surgery,50,test,3043.0,asllex,sole gloss,GZdmt0eJ9NkGQrq7pSHx.npy
HqJswDBdY7jTUKGHLkYk,surgery,surgery,85,val,2740.0,asllex,sole gloss,HqJswDBdY7jTUKGHLkYk.npy
Ibq3veDJBhV9u0co8VnB,surgery,surgery,17,val,1904.0,asllex,sole gloss,Ibq3veDJBhV9u0co8VnB.npy
IrmyJWB57zR7p1uoBX8W,surgery,surgery,7,train,2794.0,asllex,sole gloss,IrmyJWB57zR7p1uoBX8W.npy
JUOpRIlYKw7nZuI4wemz,surgery,surgery,7,train,2890.0,asllex,sole gloss,JUOpRIlYKw7nZuI4wemz.npy
MHi0d2z8orUA495xD5Y2,surgery,surgery,31,train,1861.0,asllex,sole gloss,MHi0d2z8orUA495xD5Y2.npy
OM0JMohNM2D4Fyeas0TC,surgery,surgery,49,train,1201.0,asllex,sole gloss,OM0JMohNM2D4Fyeas0TC.npy
OOp5RSkcJ7JZC2qbUT8c,surgery,surgery,14,train,3206.0,asllex,sole gloss,OOp5RSkcJ7JZC2qbUT8c.npy
PoBld8uhXrS8ly7vX9FX,surgery,surgery,63,train,2451.0,asllex,sole gloss,PoBld8uhXrS8ly7vX9FX.npy
TEdRwqqeBLTZ2FCXgZyp,surgery,surgery,57,test,1410.0,asllex,sole gloss,TEdRwqqeBLTZ2FCXgZyp.npy
Vc1y2PGxKmTsntFXyDYL,surgery,surgery,35,train,1648.0,asllex,sole gloss,Vc1y2PGxKmTsntFXyDYL.npy
WTnHtjEzgK1OIepgwBoe,surgery,surgery,23,val,1339.0,asllex,sole gloss,WTnHtjEzgK1OIepgwBoe.npy
WWwcX5moPrAmiihPtXPR,surgery,surgery,50,test,2160.0,asllex,sole gloss,WWwcX5moPrAmiihPtXPR.npy
XvSOqbgghN2V3bta1DVN,surgery,surgery,62,train,1150.0,asllex,sole gloss,XvSOqbgghN2V3bta1DVN.npy
YEgvU1mVT7VrXbIU1jNG,surgery,surgery,49,val,2412.0,asllex,sole gloss,YEgvU1mVT7VrXbIU1jNG.npy
afX8TF3K8D2GCoiXpo6h,surgery,surgery,50,test,2262.0,asllex,sole gloss,afX8TF3K8D2GCoiXpo6h.npy
gpiSOVxUplzaTbibzSDW,surgery,surgery,62,train,1096.0,asllex,sole gloss,gpiSOVxUplzaTbibzSDW.npy
gz2PC4ZNqQmM0xFbtRK9,surgery,surgery,8,val,1564.0,asllex,sole gloss,gz2PC4ZNqQmM0xFbtRK9.npy
hFFdKZVmX6ymFnHp7L1F,surgery,surgery,8,train,1757.0,asllex,sole gloss,hFFdKZVmX6ymFnHp7L1F.npy
nnvI7h1y8CrBsCYJFW4n,surgery,surgery,12,train,1771.0,asllex,sole gloss,nnvI7h1y8CrBsCYJFW4n.npy
pM0xujL8A7viPMoMgfu9,surgery,surgery,49,train,1302.0,asllex,sole gloss,pM0xujL8A7viPMoMgfu9.npy
rwBLxYsWVFra9cL1JMuv,surgery,surgery,38,train,3283.0,asllex,sole gloss,rwBLxYsWVFra9cL1JMuv.npy
s4pZxh7v52qpd39WZJSA,surgery,surgery,88,train,4169.0,asllex,sole gloss,s4pZxh7v52qpd39WZJSA.npy
sPa65N5HZsaH070hlFpT,surgery,surgery,17,train,1743.0,asllex,sole gloss,sPa65N5HZsaH070hlFpT.npy
x41gP2BfTzC18C1Gm7Jr,surgery,surgery,36,test,1772.0,asllex,sole gloss,x41gP2BfTzC18C1Gm7Jr.npy
zeR9dqeGkmNOZl5dkBje,surgery,surgery,49,train,1234.0,asllex,sole gloss,zeR9dqeGkmNOZl5dkBje.npy
0NMyDjv8ufPl50YNsTQY,take,take,39,val,2050.0,asllex,sole gloss,0NMyDjv8ufPl50YNsTQY.npy
4nSt4JO34x10JukpzftZ,take,take,17,val,2322.0,freetext,sole gloss,4nSt4JO34x10JukpzftZ.npy
7QPgl0T2ryXs6RjmWFT6,take,take,39,train,3922.0,asllex,sole gloss,7QPgl0T2ryXs6RjmWFT6.npy
8cnOI5KU7iN1GEftKwMT,take,take,88,val,1871.0,asllex,sole gloss,8cnOI5KU7iN1GEftKwMT.npy
8k4W9wCozeLB5nljGbHf,take,take,8,val,2043.0,asllex,asllex beats ['freetext'],8k4W9wCozeLB5nljGbHf.npy
9d6P4B1vxDxJ1O0V0Ie8,take,take,84,train,1832.0,asllex,sole gloss,9d6P4B1vxDxJ1O0V0Ie8.npy
A0YPPbu4wZa1Djip08DR,take,take,84,train,1995.0,asllex,sole gloss,A0YPPbu4wZa1Djip08DR.npy
A1q38z5Q42ZZt4df3W0z,take,take,30,train,2223.0,asllex,sole gloss,A1q38z5Q42ZZt4df3W0z.npy
ERAVmmQ0evEC5lA80x6A,take,take,35,val,1517.0,asllex,sole gloss,ERAVmmQ0evEC5lA80x6A.npy
L6rvnvvddxddcgOytXiO,take,take,57,test,1567.0,asllex,sole gloss,L6rvnvvddxddcgOytXiO.npy
MYt5VTbRRu1BjoEr3yQ9,take,take,31,train,1357.0,asllex,sole gloss,MYt5VTbRRu1BjoEr3yQ9.npy
NUSj3OYAKm0AgEFHT2fx,take,take,84,train,1337.0,asllex,sole gloss,NUSj3OYAKm0AgEFHT2fx.npy
Oex1o52TJB1LHKlyvBcV,take,take,39,train,3651.0,asllex,sole gloss,Oex1o52TJB1LHKlyvBcV.npy
OrokAxKBJEbHKoiHRDtX,take,take,42,train,1745.0,asllex,sole gloss,OrokAxKBJEbHKoiHRDtX.npy
SSHgUaKXrNczokWrWGdX,take,take,63,train,1387.0,asllex,sole gloss,SSHgUaKXrNczokWrWGdX.npy
UWqHE9B3cGf2nGWhMr3R,take,take,64,test,1889.0,asllex,sole gloss,UWqHE9B3cGf2nGWhMr3R.npy
UZiFKx7Vth0YqW61Dk5U,take,take,85,train,2735.0,asllex,sole gloss,UZiFKx7Vth0YqW61Dk5U.npy
Vt5GDaHHjBsjDDIudcDq,take,take,8,train,4961.0,asllex,sole gloss,Vt5GDaHHjBsjDDIudcDq.npy
XQDZ4G9OEL7gbDwGRiKs,take,take,49,train,2153.0,freetext,sole gloss,XQDZ4G9OEL7gbDwGRiKs.npy
YRZOgNem0yOJW8v6waQA,take,take,11,train,2188.0,freetext,sole gloss,YRZOgNem0yOJW8v6waQA.npy
YUeJYXCwCFlJA62XSYkQ,take,take,46,train,1433.0,asllex,sole gloss,YUeJYXCwCFlJA62XSYkQ.npy
fmbywLzHnVBrzvASQB9U,take,take,88,train,2915.0,asllex,sole gloss,fmbywLzHnVBrzvASQB9U.npy
hhaxnuPNHlmJK6nR3OXx,take,take,63,train,1830.0,asllex,sole gloss,hhaxnuPNHlmJK6nR3OXx.npy
krj6TiTbs3pQBwSkn1zx,take,take,36,test,1796.0,asllex,sole gloss,krj6TiTbs3pQBwSkn1zx.npy
lOlNDg64azBRrW8qQ8mI,take,take,62,train,1104.0,freetext,sole gloss,lOlNDg64azBRrW8qQ8mI.npy
nOjW9VBfvfiNoJqCaq0g,take,take,50,test,2265.0,freetext,sole gloss,nOjW9VBfvfiNoJqCaq0g.npy
nRoYXkhOy2fFWFgC3yjG,take,take,46,train,2799.0,asllex,sole gloss,nRoYXkhOy2fFWFgC3yjG.npy
oIMS2Fr5QMmsI1jE3zrB,take,take,39,train,2403.0,asllex,sole gloss,oIMS2Fr5QMmsI1jE3zrB.npy
ogxmXYx7WwJEUFnSkhL2,take,take,53,test,1613.0,freetext,sole gloss,ogxmXYx7WwJEUFnSkhL2.npy
rBlMNuc1fiMUGjbK46GJ,take,take,84,val,1916.0,asllex,sole gloss,rBlMNuc1fiMUGjbK46GJ.npy
sOw1GogyoKk0XX8QihaF,take,take,39,train,4822.0,asllex,sole gloss,sOw1GogyoKk0XX8QihaF.npy
slu2TFq1h1RXGRHNCgv5,take,take,39,train,2471.0,freetext,sole gloss,slu2TFq1h1RXGRHNCgv5.npy
vZJ6V5JlFdYL6lpCEwQH,take,take,49,val,1533.0,asllex,sole gloss,vZJ6V5JlFdYL6lpCEwQH.npy
vfMxPqPVrwEiNucgdhTc,take,take,36,test,1745.0,asllex,sole gloss,vfMxPqPVrwEiNucgdhTc.npy
wtXMkmwz3WozNHbiuxNL,take,take,85,val,3589.0,asllex,sole gloss,wtXMkmwz3WozNHbiuxNL.npy
y5imntOrX9v0q4P07K5i,take,take,31,train,1190.0,asllex,sole gloss,y5imntOrX9v0q4P07K5i.npy
zi7DLLRRi1P1hSIKTapu,take,take,38,train,2226.0,asllex,sole gloss,zi7DLLRRi1P1hSIKTapu.npy
01OWKSRVzD4ND3W2b0E7,teeth,teeth,49,train,952.0,asllex,sole gloss,01OWKSRVzD4ND3W2b0E7.npy
1HCrGIjk4V0VWt4oZKhe,teeth,teeth,54,train,3079.0,asllex,sole gloss,1HCrGIjk4V0VWt4oZKhe.npy
1fbTGkkPlytMeQvpMwcg,teeth,teeth,8,train,1088.0,asllex,sole gloss,1fbTGkkPlytMeQvpMwcg.npy
1fe5jc0115U68yhfLnnz,teeth,teeth,17,train,1937.0,asllex,sole gloss,1fe5jc0115U68yhfLnnz.npy
1iuUJP4hm624eDAsxsXX,teeth,teeth,88,train,3514.0,asllex,sole gloss,1iuUJP4hm624eDAsxsXX.npy
47VCaxhjGc8JnszkY3fN,teeth,teeth,35,train,1870.0,asllex,sole gloss,47VCaxhjGc8JnszkY3fN.npy
4Ah0t5l9IKOr8cqG3ePl,teeth,teeth,50,test,2297.0,asllex,sole gloss,4Ah0t5l9IKOr8cqG3ePl.npy
4RLTScCHAc1uDbgSV4ZU,teeth,teeth,42,train,1650.0,asllex,sole gloss,4RLTScCHAc1uDbgSV4ZU.npy
4uimGexIrzan2gZYrd4Q,teeth,teeth,60,train,1031.0,asllex,sole gloss,4uimGexIrzan2gZYrd4Q.npy
5iisPsr5QtNgt7KecH8x,teeth,teeth,85,train,2669.0,asllex,sole gloss,5iisPsr5QtNgt7KecH8x.npy
6PnjfJ04iQk1PQ0WFA7C,teeth,teeth,49,train,650.0,asllex,sole gloss,6PnjfJ04iQk1PQ0WFA7C.npy
7jUfZf00HOCfARTsXOt1,teeth,teeth,35,train,1281.0,asllex,sole gloss,7jUfZf00HOCfARTsXOt1.npy
8k1kVBbak7hKCMXU0zFO,teeth,teeth,49,train,1737.0,asllex,sole gloss,8k1kVBbak7hKCMXU0zFO.npy
92JKF1ihsTX6i6sHlRrH,teeth,teeth,7,train,2358.0,asllex,sole gloss,92JKF1ihsTX6i6sHlRrH.npy
BAoUQN9OATk70zYiTnIy,teeth,teeth,17,val,1797.0,asllex,sole gloss,BAoUQN9OATk70zYiTnIy.npy
CPaMcyiPiUseqVpQDDhG,teeth,teeth,84,train,2380.0,freetext,sole gloss,CPaMcyiPiUseqVpQDDhG.npy
DXtQnclK2GyIYPU1ytON,teeth,teeth,84,train,1587.0,asllex,sole gloss,DXtQnclK2GyIYPU1ytON.npy
EUuBV4ZXMUcFAIB9DsIo,teeth,teeth,80,train,2812.0,asllex,sole gloss,EUuBV4ZXMUcFAIB9DsIo.npy
HLxxEguEILj6zbN1ritp,teeth,teeth,7,train,2405.0,asllex,sole gloss,HLxxEguEILj6zbN1ritp.npy
HkmpGGVRHwlkHb8YIUqO,teeth,teeth,88,val,2053.0,asllex,sole gloss,HkmpGGVRHwlkHb8YIUqO.npy
LC6STFZJCPeaLSpPx1OG,teeth,teeth,17,train,1620.0,asllex,sole gloss,LC6STFZJCPeaLSpPx1OG.npy
M2mFnIo3NkqgMZ6eRKtB,teeth,teeth,88,train,2922.0,asllex,sole gloss,M2mFnIo3NkqgMZ6eRKtB.npy
MOuvBVIbndro8tLpTT3t,teeth,teeth,84,train,1808.0,asllex,sole gloss,MOuvBVIbndro8tLpTT3t.npy
ND2GA9Yo0wnJmopOJy32,teeth,teeth,39,train,3058.0,freetext,sole gloss,ND2GA9Yo0wnJmopOJy32.npy
Nuwjm4z0S2phxySKE9Sz,teeth,teeth,57,test,925.0,asllex,sole gloss,Nuwjm4z0S2phxySKE9Sz.npy
O7WVMFcyOyR0gNMYRKrg,teeth,teeth,49,train,917.0,freetext,sole gloss,O7WVMFcyOyR0gNMYRKrg.npy
OoVO3mJ0ACBob1XI72Ch,teeth,teeth,39,train,2818.0,asllex,sole gloss,OoVO3mJ0ACBob1XI72Ch.npy
P73e6irY3gJ3K7EM03QM,teeth,teeth,8,val,1238.0,asllex,sole gloss,P73e6irY3gJ3K7EM03QM.npy
PPvCbaMIZX82rrzKhv0w,teeth,teeth,43,train,3796.0,asllex,sole gloss,PPvCbaMIZX82rrzKhv0w.npy
PSmzQQtMnNtExT2jSqKX,teeth,teeth,61,test,832.0,asllex,sole gloss,PSmzQQtMnNtExT2jSqKX.npy
PzLnmFav3A5CC51CVXu3,teeth,teeth,49,train,1699.0,asllex,sole gloss,PzLnmFav3A5CC51CVXu3.npy
Q2ByTBUmkPQJslAIOzfJ,teeth,teeth,88,train,2619.0,asllex,sole gloss,Q2ByTBUmkPQJslAIOzfJ.npy
RAA0qKzMQWPeasr9Xzzz,teeth,teeth,62,train,1014.0,asllex,sole gloss,RAA0qKzMQWPeasr9Xzzz.npy
SbpMjqPMYqf5Lev6lYaI,teeth,teeth,62,train,1246.0,asllex,sole gloss,SbpMjqPMYqf5Lev6lYaI.npy
SzY3QacNnVSGv4Q4qt13,teeth,teeth,30,val,1528.0,asllex,sole gloss,SzY3QacNnVSGv4Q4qt13.npy
TMf5CvSWTAB6ksjFKCYr,teeth,teeth,30,val,1838.0,freetext,sole gloss,TMf5CvSWTAB6ksjFKCYr.npy
TYbNJwgbTugNLeOC9PST,teeth,teeth,84,train,1724.0,asllex,sole gloss,TYbNJwgbTugNLeOC9PST.npy
Ud1Ux2BxztklWiwNAkMJ,teeth,teeth,80,train,2196.0,asllex,sole gloss,Ud1Ux2BxztklWiwNAkMJ.npy
VvcQXMH60oLgjD9zlKPD,teeth,teeth,7,val,2626.0,asllex,sole gloss,VvcQXMH60oLgjD9zlKPD.npy
WGDxsn2qKJq6qBSG4RMJ,teeth,teeth,62,train,1177.0,freetext,sole gloss,WGDxsn2qKJq6qBSG4RMJ.npy
WeqvQGEjrNPr62S2cuDM,teeth,teeth,64,test,1636.0,asllex,sole gloss,WeqvQGEjrNPr62S2cuDM.npy
Wys8SmZV5P8GHhAcNiOf,teeth,teeth,35,train,1534.0,asllex,sole gloss,Wys8SmZV5P8GHhAcNiOf.npy
XErslOojIeNJKa1Gt6Ao,teeth,teeth,49,val,1554.0,asllex,sole gloss,XErslOojIeNJKa1Gt6Ao.npy
aNR7fblxCVr2uXf171lC,teeth,teeth,35,train,1356.0,asllex,sole gloss,aNR7fblxCVr2uXf171lC.npy
aoNR0bOKxDfKuuwsuuWk,teeth,teeth,39,train,2732.0,asllex,sole gloss,aoNR0bOKxDfKuuwsuuWk.npy
bHbrs6HAksON7ySCWmhK,teeth,teeth,39,val,3602.0,freetext,sole gloss,bHbrs6HAksON7ySCWmhK.npy
bMgeq82lQDxTjVrnowb8,teeth,teeth,46,val,2899.0,asllex,sole gloss,bMgeq82lQDxTjVrnowb8.npy
bP25BljlFQqVsjczEue5,teeth,teeth,62,train,1233.0,freetext,sole gloss,bP25BljlFQqVsjczEue5.npy
bfGXuJsqHSckmoeFpDVG,teeth,teeth,88,val,2213.0,asllex,sole gloss,bfGXuJsqHSckmoeFpDVG.npy
c8uGaGj2YMqaLQuJqmen,teeth,teeth,8,train,1357.0,asllex,sole gloss,c8uGaGj2YMqaLQuJqmen.npy
cuDAwb0mbrRGACJ6rrIA,teeth,teeth,49,train,1430.0,asllex,sole gloss,cuDAwb0mbrRGACJ6rrIA.npy
dqjNr3ySOUJ3exsbZ0ko,teeth,teeth,62,train,1313.0,asllex,sole gloss,dqjNr3ySOUJ3exsbZ0ko.npy
drzFFckEPuAsJusJoxmx,teeth,teeth,54,val,3408.0,asllex,sole gloss,drzFFckEPuAsJusJoxmx.npy
ewCIizKt6tYuNgxdcEf3,teeth,teeth,59,train,1738.0,asllex,sole gloss,ewCIizKt6tYuNgxdcEf3.npy
f9FdGhSluamPZKQkTaFg,teeth,teeth,47,test,2638.0,asllex,sole gloss,f9FdGhSluamPZKQkTaFg.npy
fJZz43KocQyMgtGjyeRB,teeth,teeth,57,test,1646.0,asllex,sole gloss,fJZz43KocQyMgtGjyeRB.npy
fLkmMUzJDRAtk0L1Q9ix,teeth,teeth,62,train,1452.0,freetext,sole gloss,fLkmMUzJDRAtk0L1Q9ix.npy
fwDUAtm4UhNcrSSNDCwh,teeth,teeth,62,train,1289.0,asllex,sole gloss,fwDUAtm4UhNcrSSNDCwh.npy
g6esCG796DhbW3JuF67A,teeth,teeth,38,train,4349.0,asllex,sole gloss,g6esCG796DhbW3JuF67A.npy
ilwx3EpTCbEOuUh6lmPj,teeth,teeth,39,val,4934.0,asllex,sole gloss,ilwx3EpTCbEOuUh6lmPj.npy
ipS6VIf3ZmdVFjbztNUy,teeth,teeth,23,val,1501.0,asllex,sole gloss,ipS6VIf3ZmdVFjbztNUy.npy
jM1LSXzCrGA0DSh9QM2I,teeth,teeth,84,train,3236.0,asllex,sole gloss,jM1LSXzCrGA0DSh9QM2I.npy
kwL9sIZbpupXHikEeYjH,teeth,teeth,62,train,1298.0,freetext,sole gloss,kwL9sIZbpupXHikEeYjH.npy
kxPTqyw3C0F1sUtGqWkB,teeth,teeth,49,train,1243.0,asllex,sole gloss,kxPTqyw3C0F1sUtGqWkB.npy
nZCQihBZYrxLo0WEZSVB,teeth,teeth,36,test,1801.0,asllex,sole gloss,nZCQihBZYrxLo0WEZSVB.npy
nbKbw2zUosS0B877oAtP,teeth,teeth,88,val,1610.0,asllex,sole gloss,nbKbw2zUosS0B877oAtP.npy
pB4xUeqVSb1VzD50Xrih,teeth,teeth,84,train,1881.0,asllex,sole gloss,pB4xUeqVSb1VzD50Xrih.npy
qe0I8lJQcFMiHPRScGg8,teeth,teeth,17,train,1876.0,asllex,sole gloss,qe0I8lJQcFMiHPRScGg8.npy
rpYX8lGP9oZ7Xg1YivnF,teeth,teeth,7,val,2241.0,asllex,sole gloss,rpYX8lGP9oZ7Xg1YivnF.npy
sVAC6AiURL965H93liUb,teeth,teeth,17,train,1292.0,asllex,sole gloss,sVAC6AiURL965H93liUb.npy
tNrB10PUcfiDSTyQ2C03,teeth,teeth,7,val,2401.0,asllex,sole gloss,tNrB10PUcfiDSTyQ2C03.npy
tYpLZw2ebAuRoToyttha,teeth,teeth,49,train,970.0,asllex,sole gloss,tYpLZw2ebAuRoToyttha.npy
tdVvs0bJtJ0bpUqsUhtp,teeth,teeth,57,test,2181.0,freetext,sole gloss,tdVvs0bJtJ0bpUqsUhtp.npy
uyRndDwf46y9ODulaeSw,teeth,teeth,30,train,1916.0,freetext,sole gloss,uyRndDwf46y9ODulaeSw.npy
wQBwDmKbEfPDk75UfFnr,teeth,teeth,62,train,1329.0,freetext,sole gloss,wQBwDmKbEfPDk75UfFnr.npy
xdl8Rbrvniq8bofl9M1t,teeth,teeth,80,val,1977.0,freetext,sole gloss,xdl8Rbrvniq8bofl9M1t.npy
yWfN3Y0xjzOLl3W6OTFQ,teeth,teeth,46,val,2149.0,asllex,sole gloss,yWfN3Y0xjzOLl3W6OTFQ.npy
ylKamKmUgDwlrFSsmM8F,teeth,teeth,88,train,2306.0,asllex,sole gloss,ylKamKmUgDwlrFSsmM8F.npy
05Ll8okYIB2zFPMW8z7m,tell,tell,62,train,1042.0,asllex,sole gloss,05Ll8okYIB2zFPMW8z7m.npy
1kCeQiIfCaGCx1XcmPtc,tell,tell,57,test,2605.0,asllex,sole gloss,1kCeQiIfCaGCx1XcmPtc.npy
25mGATgUYhZC2YPl3pc2,tell,tell,57,test,2162.0,freetext,sole gloss,25mGATgUYhZC2YPl3pc2.npy
2fOXBCwte4plWvYWFCxi,tell,tell,57,test,1587.0,freetext,sole gloss,2fOXBCwte4plWvYWFCxi.npy
GyWS1erL2jd1F1YqZnNS,tell,tell,85,train,2553.0,asllex,sole gloss,GyWS1erL2jd1F1YqZnNS.npy
Hl2lnGjOnpbQIyE0ImrR,tell,tell,59,train,3668.0,asllex,sole gloss,Hl2lnGjOnpbQIyE0ImrR.npy
J1FRAgnn2fv1i0CSSp0u,tell,tell,84,train,1481.0,asllex,sole gloss,J1FRAgnn2fv1i0CSSp0u.npy
J4DACjYpKxIHFXpAQVBd,tell,tell,49,train,1148.0,asllex,sole gloss,J4DACjYpKxIHFXpAQVBd.npy
LpFRMr9G6L982xcF9Use,tell,tell,7,val,2366.0,asllex,sole gloss,LpFRMr9G6L982xcF9Use.npy
LvL5EvhHT3gFCLL3pOfs,tell,tell,7,train,2282.0,asllex,sole gloss,LvL5EvhHT3gFCLL3pOfs.npy
MfmrLTdwWjpMZzb0iZiK,tell,tell,57,test,1635.0,asllex,sole gloss,MfmrLTdwWjpMZzb0iZiK.npy
S1uL9q6B5XdB2geCTTi7,tell,tell,39,val,3037.0,asllex,sole gloss,S1uL9q6B5XdB2geCTTi7.npy
ToN02XWijDcnb0EPDjvp,tell,tell,46,train,1478.0,asllex,sole gloss,ToN02XWijDcnb0EPDjvp.npy
U7hLf1bc8qQWCeK6Q9Oh,tell,tell,39,train,3824.0,asllex,sole gloss,U7hLf1bc8qQWCeK6Q9Oh.npy
UgQd6BqQ8qLoiJEzIYqd,tell,tell,39,train,2602.0,asllex,sole gloss,UgQd6BqQ8qLoiJEzIYqd.npy
UoSmn3HjvT1H3r5tGKKq,tell,tell,84,val,1919.0,asllex,sole gloss,UoSmn3HjvT1H3r5tGKKq.npy
Uy4rrlq9fuBCKk9dubvy,tell,tell,23,train,1286.0,asllex,sole gloss,Uy4rrlq9fuBCKk9dubvy.npy
Wv8KBNUxHhJgAtv7XiS9,tell,tell,46,train,2014.0,asllex,sole gloss,Wv8KBNUxHhJgAtv7XiS9.npy
amlfQYuEOzR8vhPrU96Q,tell,tell,57,test,1326.0,asllex,sole gloss,amlfQYuEOzR8vhPrU96Q.npy
cD9vAV7SMQa5FzeCytaJ,tell,tell,31,train,1712.0,asllex,sole gloss,cD9vAV7SMQa5FzeCytaJ.npy
f4bcNrHBSliF5RHr03nh,tell,tell,17,val,2970.0,asllex,sole gloss,f4bcNrHBSliF5RHr03nh.npy
g0XpBkIokFhMhffzXPW1,tell,tell,46,train,2310.0,asllex,sole gloss,g0XpBkIokFhMhffzXPW1.npy
gsQEE0Wa6Bq7aCdiRGMY,tell,tell,57,test,765.0,asllex,sole gloss,gsQEE0Wa6Bq7aCdiRGMY.npy
krf2vqF7COKTLAeGB2FM,tell,tell,46,train,3060.0,asllex,sole gloss,krf2vqF7COKTLAeGB2FM.npy
lMDCBeuENdgddgiJX5qH,tell,tell,7,train,2273.0,asllex,sole gloss,lMDCBeuENdgddgiJX5qH.npy
lULjXDcRG18YVnqgDyGw,tell,tell,11,val,1337.0,asllex,sole gloss,lULjXDcRG18YVnqgDyGw.npy
meu7FTHCuz88Pw4YyLtd,tell,tell,85,train,2509.0,asllex,sole gloss,meu7FTHCuz88Pw4YyLtd.npy
paicqy2TJPsVtIyl7Anf,tell,tell,57,test,760.0,asllex,sole gloss,paicqy2TJPsVtIyl7Anf.npy
pnqjTqXkBYRdxlTrmDv0,tell,tell,84,val,1310.0,asllex,sole gloss,pnqjTqXkBYRdxlTrmDv0.npy
qDouqkWHi3hYWlx5qbhr,tell,tell,42,train,1666.0,freetext,sole gloss,qDouqkWHi3hYWlx5qbhr.npy
vZCjR0ONTfsb66Uef4kw,tell,tell,36,test,1974.0,asllex,sole gloss,vZCjR0ONTfsb66Uef4kw.npy
wuz9qvDaxQ533yqNmklI,tell,tell,84,train,1676.0,asllex,sole gloss,wuz9qvDaxQ533yqNmklI.npy
zn6dsCgVXv56Dc9UdcdC,tell,tell,62,train,1055.0,asllex,sole gloss,zn6dsCgVXv56Dc9UdcdC.npy
zwjG2TJH4qV7BMrUxyLB,tell,tell,39,train,2472.0,asllex,sole gloss,zwjG2TJH4qV7BMrUxyLB.npy
079T1lDkMl97OOowtd1J,test,test,84,train,1611.0,asllex,sole gloss,079T1lDkMl97OOowtd1J.npy
1kS5xQRt2rz2kgAPquCd,test,test,46,val,2594.0,asllex,sole gloss,1kS5xQRt2rz2kgAPquCd.npy
3DbvaCc8r1dommuLO0zb,test,test,46,train,2949.0,asllex,sole gloss,3DbvaCc8r1dommuLO0zb.npy
3XWnYTN7HDBLgM1U4CkJ,test,test,62,train,1165.0,asllex,sole gloss,3XWnYTN7HDBLgM1U4CkJ.npy
4QnddCmCwM6MxSGCdPzi,test,test,49,train,952.0,asllex,sole gloss,4QnddCmCwM6MxSGCdPzi.npy
5J24YaKQ3nqB2wbWzwMC,test,test,23,train,1550.0,asllex,sole gloss,5J24YaKQ3nqB2wbWzwMC.npy
5Lj3c4aqeNKj62jYsMAT,test,test,85,train,3553.0,asllex,sole gloss,5Lj3c4aqeNKj62jYsMAT.npy
80YsLmM6EKoGmIseQfpX,test,test,62,train,1470.0,asllex,sole gloss,80YsLmM6EKoGmIseQfpX.npy
8D7G4NXTGEiezr2y8t65,test,test,50,test,2733.0,freetext,sole gloss,8D7G4NXTGEiezr2y8t65.npy
8NWbw5ceRWa7MgEPxe0h,test,test,11,val,1714.0,asllex,sole gloss,8NWbw5ceRWa7MgEPxe0h.npy
9o5GnrdjHHGli5T7jE70,test,test,39,train,2501.0,asllex,sole gloss,9o5GnrdjHHGli5T7jE70.npy
AfIf0UXkHBDsYevLhfQl,test,test,49,train,1130.0,asllex,sole gloss,AfIf0UXkHBDsYevLhfQl.npy
CevuQWYKF8lrbnGQMI5S,test,test,39,val,2766.0,asllex,sole gloss,CevuQWYKF8lrbnGQMI5S.npy
F5syfb9XTA1Je6KL9xZp,test,test,61,test,1415.0,asllex,sole gloss,F5syfb9XTA1Je6KL9xZp.npy
FjbQIgSlPbZLtHTSIenR,test,test,31,train,1477.0,asllex,sole gloss,FjbQIgSlPbZLtHTSIenR.npy
G23oGuYPpFt6N9Dwffs6,test,test,43,train,3265.0,asllex,sole gloss,G23oGuYPpFt6N9Dwffs6.npy
GulStvXwfTfvIMvsiimm,test,test,49,train,1017.0,asllex,sole gloss,GulStvXwfTfvIMvsiimm.npy
HERR4RlBJLeqhSlUvaUG,test,test,49,val,1433.0,asllex,sole gloss,HERR4RlBJLeqhSlUvaUG.npy
HbvZTl35aj3SQ6sVA94J,test,test,88,train,1868.0,asllex,sole gloss,HbvZTl35aj3SQ6sVA94J.npy
IG5EBY2R7PbBm3Fma26p,test,test,62,train,1129.0,asllex,sole gloss,IG5EBY2R7PbBm3Fma26p.npy
IaBKY1RQco56OhgP4kVr,test,test,48,test,1478.0,asllex,sole gloss,IaBKY1RQco56OhgP4kVr.npy
J9iIoPptkPkJ6smkvzRc,test,test,48,test,1790.0,asllex,sole gloss,J9iIoPptkPkJ6smkvzRc.npy
JeINbV7nHQbKguGKV2Qk,test,test,48,test,1209.0,asllex,sole gloss,JeINbV7nHQbKguGKV2Qk.npy
JqXRzW9faYu9NfWj6cyd,test,test,35,val,1768.0,asllex,sole gloss,JqXRzW9faYu9NfWj6cyd.npy
KIfHRFjUC0HyxFiNjftQ,test,test,84,train,1663.0,asllex,sole gloss,KIfHRFjUC0HyxFiNjftQ.npy
KabvF6DAScBwq3NCkkIL,test,test,84,train,1810.0,asllex,sole gloss,KabvF6DAScBwq3NCkkIL.npy
KfG5xfqjXm7Kgv5omW0L,test,test,78,val,3678.0,asllex,sole gloss,KfG5xfqjXm7Kgv5omW0L.npy
MoKaz7Vzvx7qn2UTeH4T,test,test,78,train,2309.0,asllex,sole gloss,MoKaz7Vzvx7qn2UTeH4T.npy
NF2Iyo9zvdKoRNnTjkud,test,test,39,val,3022.0,asllex,sole gloss,NF2Iyo9zvdKoRNnTjkud.npy
OAfVeO9ErcyQiTGJ5xyN,test,test,88,val,3664.0,asllex,sole gloss,OAfVeO9ErcyQiTGJ5xyN.npy
OfR0dPkxZZSzWRYzG067,test,test,78,train,2323.0,asllex,sole gloss,OfR0dPkxZZSzWRYzG067.npy
QAu2klFBxSWFXzSoIgSi,test,test,49,val,1789.0,asllex,sole gloss,QAu2klFBxSWFXzSoIgSi.npy
QcqB3ARi1IFCU8eoe27a,test,test,39,train,2636.0,asllex,sole gloss,QcqB3ARi1IFCU8eoe27a.npy
Rz16mj6fXeelVUkQvWzP,test,test,31,train,1418.0,asllex,sole gloss,Rz16mj6fXeelVUkQvWzP.npy
SmUYhy5PoxpcIUiloawo,test,test,42,train,3263.0,asllex,sole gloss,SmUYhy5PoxpcIUiloawo.npy
SvVuLW8lIsjosb0c9uG3,test,test,88,train,4873.0,asllex,sole gloss,SvVuLW8lIsjosb0c9uG3.npy
VVus6KnavKawiPZ6gZto,test,test,48,test,2083.0,asllex,sole gloss,VVus6KnavKawiPZ6gZto.npy
W7ga9fgMPzTJINlfMt3R,test,test,42,train,1228.0,asllex,sole gloss,W7ga9fgMPzTJINlfMt3R.npy
WL52aIaZmHujmijcgphd,test,test,49,train,1690.0,asllex,sole gloss,WL52aIaZmHujmijcgphd.npy
X61W6C9VllnVLSTUohXd,test,test,61,test,1490.0,asllex,sole gloss,X61W6C9VllnVLSTUohXd.npy
XJA3cb3NAYxId0iLtw0x,test,test,62,train,1250.0,asllex,sole gloss,XJA3cb3NAYxId0iLtw0x.npy
aYN5dCrshnE4hHE9yzMQ,test,test,85,train,3088.0,asllex,sole gloss,aYN5dCrshnE4hHE9yzMQ.npy
amtq8MYUB2tw1GW37NUy,test,test,62,train,1102.0,asllex,sole gloss,amtq8MYUB2tw1GW37NUy.npy
cTblwUx7hejqOvpj2UeA,test,test,62,train,1266.0,asllex,sole gloss,cTblwUx7hejqOvpj2UeA.npy
dr9KvroyLf1OF93uiGUB,test,test,49,train,1576.0,asllex,sole gloss,dr9KvroyLf1OF93uiGUB.npy
eO3a47btUG8krSRoXO3f,test,test,49,val,1643.0,asllex,sole gloss,eO3a47btUG8krSRoXO3f.npy
fLaO8Wnm5BFT9OSxseRN,test,test,39,train,2277.0,asllex,sole gloss,fLaO8Wnm5BFT9OSxseRN.npy
gEPikn2BkeaVJnFsWJPY,test,test,7,train,2441.0,asllex,sole gloss,gEPikn2BkeaVJnFsWJPY.npy
gEUJpQyloI4U9VAj9OC6,test,test,49,train,1283.0,asllex,sole gloss,gEUJpQyloI4U9VAj9OC6.npy
i4xFZalZSYgpxth9r6Xy,test,test,49,train,1457.0,asllex,sole gloss,i4xFZalZSYgpxth9r6Xy.npy
iIQtbVaZWwF0SkYI8E8s,test,test,62,val,1282.0,asllex,sole gloss,iIQtbVaZWwF0SkYI8E8s.npy
iLRPPQVEWn7OPmWqg78F,test,test,48,test,1540.0,asllex,sole gloss,iLRPPQVEWn7OPmWqg78F.npy
iMiCEBv8ZBiMOIw00ILE,test,test,48,test,1425.0,asllex,sole gloss,iMiCEBv8ZBiMOIw00ILE.npy
iUCpui7vBwKbimrDlbwg,test,test,62,train,1160.0,asllex,sole gloss,iUCpui7vBwKbimrDlbwg.npy
io5POThGKz8qUayIMkfr,test,test,39,train,3742.0,asllex,sole gloss,io5POThGKz8qUayIMkfr.npy
jlzysJujM6Mldrdi59Ov,test,test,49,val,1235.0,asllex,sole gloss,jlzysJujM6Mldrdi59Ov.npy
kzmWkaarsfXDsvYgFsYA,test,test,60,train,1015.0,asllex,sole gloss,kzmWkaarsfXDsvYgFsYA.npy
ljSxxKqLvajAHGR7J7hf,test,test,39,train,3860.0,asllex,sole gloss,ljSxxKqLvajAHGR7J7hf.npy
n3sfx2GNehGFywCyJX5F,test,test,48,test,1616.0,asllex,sole gloss,n3sfx2GNehGFywCyJX5F.npy
noyRpzvQRixJmiPkGOCg,test,test,49,train,1676.0,asllex,sole gloss,noyRpzvQRixJmiPkGOCg.npy
nz0teUFaoOOFH9xVGap4,test,test,35,train,1546.0,asllex,sole gloss,nz0teUFaoOOFH9xVGap4.npy
pQzoyPYNjA0VWuGcuymF,test,test,38,train,2311.0,asllex,sole gloss,pQzoyPYNjA0VWuGcuymF.npy
qyck33twfzpXExXQmSnp,test,test,50,test,2402.0,asllex,sole gloss,qyck33twfzpXExXQmSnp.npy
r2J3xzWsADSHcJASFVry,test,test,49,train,1279.0,asllex,sole gloss,r2J3xzWsADSHcJASFVry.npy
rEmSVjGslCpcsDJGufp4,test,test,17,train,1709.0,asllex,sole gloss,rEmSVjGslCpcsDJGufp4.npy
rgUp32imew91Oi8spjGv,test,test,85,train,2189.0,asllex,sole gloss,rgUp32imew91Oi8spjGv.npy
sW7P85655PaiyWTlc69u,test,test,61,test,1502.0,asllex,sole gloss,sW7P85655PaiyWTlc69u.npy
sXoWL79yKrf1KqJAm01K,test,test,7,train,1869.0,asllex,sole gloss,sXoWL79yKrf1KqJAm01K.npy
taxT65FibernSwpm8dxV,test,test,84,train,1565.0,asllex,sole gloss,taxT65FibernSwpm8dxV.npy
uC0gruVqwJjKQ5wjhY7s,test,test,38,train,3825.0,asllex,sole gloss,uC0gruVqwJjKQ5wjhY7s.npy
uJBfWsfZGV2NEmqtEfPK,test,test,52,train,1606.0,asllex,sole gloss,uJBfWsfZGV2NEmqtEfPK.npy
upRA5GTPyQRirShZRAew,test,test,50,test,2801.0,asllex,sole gloss,upRA5GTPyQRirShZRAew.npy
vLW5vRNAR3Mes34FvhvT,test,test,54,train,1393.0,asllex,sole gloss,vLW5vRNAR3Mes34FvhvT.npy
w9BlbDf4eVZEJAqI7g0L,test,test,61,test,1436.0,asllex,sole gloss,w9BlbDf4eVZEJAqI7g0L.npy
wvzqrMbS5RKmTLQG0JL3,test,test,85,val,3096.0,asllex,sole gloss,wvzqrMbS5RKmTLQG0JL3.npy
xC9ZucXex1bXRp2xGFb3,test,test,49,val,2088.0,asllex,sole gloss,xC9ZucXex1bXRp2xGFb3.npy
zj5eU6k3tuCOH2HNEfSh,test,test,62,val,1325.0,asllex,sole gloss,zj5eU6k3tuCOH2HNEfSh.npy
3SwgdtIJGpzsi1cX1W5x,thank_you,thankyou,30,train,1788.0,asllex,sole gloss,3SwgdtIJGpzsi1cX1W5x.npy
5Gj2749toZsDOKQakOwI,thank_you,thankyou,7,train,2088.0,asllex,sole gloss,5Gj2749toZsDOKQakOwI.npy
7F4gbDjrgfgUO6CozB91,thank_you,thankyou,52,train,2046.0,asllex,sole gloss,7F4gbDjrgfgUO6CozB91.npy
7JGkvyPdK9INBWCgxl2N,thank_you,thankyou,49,train,1436.0,asllex,sole gloss,7JGkvyPdK9INBWCgxl2N.npy
9zIGSjd7N4fPrUibr3Ra,thank_you,thankyou,46,train,2422.0,asllex,sole gloss,9zIGSjd7N4fPrUibr3Ra.npy
A7XAxHMwc3FX5XxAMgbj,thank_you,thankyou,11,train,1890.0,asllex,sole gloss,A7XAxHMwc3FX5XxAMgbj.npy
AN0zluCN8VBxR7M552W0,thank_you,thankyou,39,train,2467.0,asllex,sole gloss,AN0zluCN8VBxR7M552W0.npy
AXGmYjYp0hbqRf418J3F,thank_you,thankyou,39,train,2433.0,asllex,sole gloss,AXGmYjYp0hbqRf418J3F.npy
B6wH9klbPUM7ZT69GIlo,thank_you,thankyou,49,train,1971.0,asllex,sole gloss,B6wH9klbPUM7ZT69GIlo.npy
J7IyaFI2doYbhMaH8hrN,thank_you,thankyou,85,val,4585.0,asllex,sole gloss,J7IyaFI2doYbhMaH8hrN.npy
LkekLUDNx1RYFMziqyJp,thank_you,thankyou,88,train,2351.0,asllex,sole gloss,LkekLUDNx1RYFMziqyJp.npy
LvUrWaJIBBHUlb1SOAyo,thank_you,thankyou,39,val,2687.0,asllex,sole gloss,LvUrWaJIBBHUlb1SOAyo.npy
M5IweMRkxdFfY5mPm6Vf,thank_you,thankyou,8,train,1505.0,asllex,sole gloss,M5IweMRkxdFfY5mPm6Vf.npy
RL4tIiRJs0yOqsXAsrKV,thank_you,thankyou,39,val,2460.0,asllex,sole gloss,RL4tIiRJs0yOqsXAsrKV.npy
UShjUIsFsxwX8DJWEadm,thank_you,thankyou,7,train,2566.0,asllex,sole gloss,UShjUIsFsxwX8DJWEadm.npy
XCbXb8OBvwVEqulEaJZf,thank_you,thankyou,46,train,1721.0,asllex,sole gloss,XCbXb8OBvwVEqulEaJZf.npy
Yqlv0uNBInE4yOeWaKhx,thank_you,thankyou,63,train,4211.0,asllex,sole gloss,Yqlv0uNBInE4yOeWaKhx.npy
Z7rKIIEwWLgLdzRZgVkT,thank_you,thankyou,62,train,1018.0,asllex,sole gloss,Z7rKIIEwWLgLdzRZgVkT.npy
ZLEeytaVLPpeSc80h9sb,thank_you,thankyou,57,test,2221.0,asllex,sole gloss,ZLEeytaVLPpeSc80h9sb.npy
Zd3g2PxZsQ4mAZ4foybU,thank_you,thankyou,85,train,3466.0,asllex,sole gloss,Zd3g2PxZsQ4mAZ4foybU.npy
bTW9lEHydYDxSnigyQng,thank_you,thankyou,57,test,1780.0,asllex,sole gloss,bTW9lEHydYDxSnigyQng.npy
ckCS3TQyXxHbLY2kYHZv,thank_you,thankyou,57,test,889.0,asllex,sole gloss,ckCS3TQyXxHbLY2kYHZv.npy
h70aDTUp2ZYpkzT3p7UA,thank_you,thankyou,31,train,1682.0,asllex,sole gloss,h70aDTUp2ZYpkzT3p7UA.npy
iRXMDsAPJoLiOQc8HbNd,thank_you,thankyou,84,val,1520.0,asllex,sole gloss,iRXMDsAPJoLiOQc8HbNd.npy
jQyAIL89731lrV7hnJ9M,thank_you,thankyou,57,test,1016.0,asllex,sole gloss,jQyAIL89731lrV7hnJ9M.npy
jbserdCttYXEwuaYvyCJ,thank_you,thankyou,38,train,2814.0,asllex,sole gloss,jbserdCttYXEwuaYvyCJ.npy
kBHORuvBKJQ3gdLQSfGW,thank_you,thankyou,31,val,1470.0,asllex,sole gloss,kBHORuvBKJQ3gdLQSfGW.npy
qSNwhNBHVwKAi9xx24Sv,thank_you,thankyou,12,train,3746.0,asllex,sole gloss,qSNwhNBHVwKAi9xx24Sv.npy
rk6rCEUtjD8KCbCxJQms,thank_you,thankyou,84,train,2204.0,asllex,sole gloss,rk6rCEUtjD8KCbCxJQms.npy
sRlJg9k2865IrCF1Cud4,thank_you,thankyou,36,test,1348.0,asllex,sole gloss,sRlJg9k2865IrCF1Cud4.npy
tdizzQbGEiKj3hIBGd6H,thank_you,thankyou,62,val,1166.0,asllex,sole gloss,tdizzQbGEiKj3hIBGd6H.npy
x4P3QBnrrtFFkBy6bVBK,thank_you,thankyou,54,train,2408.0,asllex,sole gloss,x4P3QBnrrtFFkBy6bVBK.npy
zL7v01SmJt1vnFKEzvN7,thank_you,thankyou,76,train,3813.0,asllex,sole gloss,zL7v01SmJt1vnFKEzvN7.npy
zwnt7rPh0tyzvylgjNSy,thank_you,thankyou,57,test,1473.0,asllex,sole gloss,zwnt7rPh0tyzvylgjNSy.npy
4aeKsEyehBvGXeAf6dun,throat,throat,54,train,2001.0,freetext,sole gloss,4aeKsEyehBvGXeAf6dun.npy
5bEvRYnBbXBOf3A5eX70,throat,throat,31,val,1976.0,freetext,sole gloss,5bEvRYnBbXBOf3A5eX70.npy
7yoZxnyz3MZwdeluN4JJ,throat,throat,46,train,2085.0,freetext,sole gloss,7yoZxnyz3MZwdeluN4JJ.npy
DuZmNcOinTcdjqkukbO8,throat,throat,50,test,2289.0,freetext,sole gloss,DuZmNcOinTcdjqkukbO8.npy
IcuuGKViwV1bV7HkQeFc,throat,throat,42,train,2951.0,freetext,sole gloss,IcuuGKViwV1bV7HkQeFc.npy
Ixvp2ZtAMzIjbfFFcQmt,throat,throat,50,test,3186.0,freetext,sole gloss,Ixvp2ZtAMzIjbfFFcQmt.npy
RLUwbs1mw5ZJ4PinreE7,throat,throat,48,test,2278.0,freetext,sole gloss,RLUwbs1mw5ZJ4PinreE7.npy
UiJzArYXLRW8K6HAKMrM,throat,throat,57,test,960.0,freetext,sole gloss,UiJzArYXLRW8K6HAKMrM.npy
clxk1uUZGzf7L1iqBFb2,throat,throat,39,train,2997.0,freetext,sole gloss,clxk1uUZGzf7L1iqBFb2.npy
dmDFAFq9io5gme8Bg2Mz,throat,throat,50,test,2410.0,freetext,sole gloss,dmDFAFq9io5gme8Bg2Mz.npy
gW7bnGZ2AxN6ZAe9gFQr,throat,throat,42,train,1387.0,freetext,sole gloss,gW7bnGZ2AxN6ZAe9gFQr.npy
hHCrgSzvxzhiIJEZKgKo,throat,throat,49,train,969.0,freetext,sole gloss,hHCrgSzvxzhiIJEZKgKo.npy
imh7JJv1e5wqcsoBQPHl,throat,throat,84,train,1529.0,freetext,sole gloss,imh7JJv1e5wqcsoBQPHl.npy
oCqIdnR0fPuMlda0fdtZ,throat,throat,78,train,2001.0,freetext,sole gloss,oCqIdnR0fPuMlda0fdtZ.npy
oXaOfESAMIyOLIkzjIKU,throat,throat,59,train,1412.0,freetext,sole gloss,oXaOfESAMIyOLIkzjIKU.npy
tYS1TOct8NrDXfsyACWQ,throat,throat,12,val,1929.0,freetext,sole gloss,tYS1TOct8NrDXfsyACWQ.npy
xbolXz82uOriUO9xCaZK,throat,throat,42,train,1857.0,freetext,sole gloss,xbolXz82uOriUO9xCaZK.npy
0S6EArukdMpL6PYop9Ie,tired,tired,39,train,2430.0,asllex,sole gloss,0S6EArukdMpL6PYop9Ie.npy
2OmvWzTny4dtNTT6DryZ,tired,tired,35,train,1660.0,asllex,sole gloss,2OmvWzTny4dtNTT6DryZ.npy
2kAjco8VVOlJv7Xi7vHJ,tired,tired,84,val,2107.0,asllex,sole gloss,2kAjco8VVOlJv7Xi7vHJ.npy
2qS9O5SxFVFfJhv2gVMZ,tired,tired,60,val,834.0,asllex,sole gloss,2qS9O5SxFVFfJhv2gVMZ.npy
2qeFhnVoiJ5FFEGmd0pU,tired,tired,57,test,2231.0,asllex,sole gloss,2qeFhnVoiJ5FFEGmd0pU.npy
2usrLczvtQ312eudYrEx,tired,tired,52,train,4361.0,asllex,sole gloss,2usrLczvtQ312eudYrEx.npy
2vkTkxp50kNqRpuODSLw,tired,tired,36,test,2227.0,asllex,sole gloss,2vkTkxp50kNqRpuODSLw.npy
3LPYlvUl6YzRr948Y54S,tired,tired,53,test,2247.0,asllex,sole gloss,3LPYlvUl6YzRr948Y54S.npy
3UtVbO0nzKN3ziAWGNts,tired,tired,17,val,1227.0,asllex,sole gloss,3UtVbO0nzKN3ziAWGNts.npy
3bxowBPgCGytQ6YBQel7,tired,tired,17,train,1391.0,asllex,sole gloss,3bxowBPgCGytQ6YBQel7.npy
44kHFm1ZEoijgyy3z8Gq,tired,tired,14,val,2538.0,asllex,sole gloss,44kHFm1ZEoijgyy3z8Gq.npy
4Aa6kkNCWcJs1sg71yjA,tired,tired,84,train,1697.0,asllex,sole gloss,4Aa6kkNCWcJs1sg71yjA.npy
4Rk2yov7fNtqkRFi9C36,tired,tired,8,train,1459.0,asllex,sole gloss,4Rk2yov7fNtqkRFi9C36.npy
4oK6rVNjz0rUh5lsm7hc,tired,tired,84,train,2067.0,asllex,sole gloss,4oK6rVNjz0rUh5lsm7hc.npy
4q9qf6y3tTW7ERP60qwY,tired,tired,63,train,1314.0,asllex,sole gloss,4q9qf6y3tTW7ERP60qwY.npy
5o59qjgpxOLGaecRmqgI,tired,tired,8,val,1259.0,asllex,sole gloss,5o59qjgpxOLGaecRmqgI.npy
6bV2a1SAgQ65R5tK5fuk,tired,tired,62,train,1248.0,asllex,sole gloss,6bV2a1SAgQ65R5tK5fuk.npy
6dnaz7SAENNhuNUyPZ5V,tired,tired,57,test,3475.0,asllex,sole gloss,6dnaz7SAENNhuNUyPZ5V.npy
77VcYoWh1x1ho7mI3dfp,tired,tired,49,train,1861.0,asllex,sole gloss,77VcYoWh1x1ho7mI3dfp.npy
7ErgvQvZK27sNTya41s7,tired,tired,60,train,971.0,asllex,sole gloss,7ErgvQvZK27sNTya41s7.npy
8maki21p8ghK9MlsZDbF,tired,tired,62,train,1382.0,asllex,sole gloss,8maki21p8ghK9MlsZDbF.npy
8vFxNSITz3a6O03SoeI1,tired,tired,63,val,1772.0,asllex,sole gloss,8vFxNSITz3a6O03SoeI1.npy
AEDCGi2s74Jj0j5gQzAR,tired,tired,88,train,2253.0,asllex,sole gloss,AEDCGi2s74Jj0j5gQzAR.npy
AQblIS7OQhdUiInwQcVb,tired,tired,50,test,2221.0,asllex,sole gloss,AQblIS7OQhdUiInwQcVb.npy
AcJZV54pfbiyeCy0DrOd,tired,tired,8,train,1974.0,asllex,sole gloss,AcJZV54pfbiyeCy0DrOd.npy
B0YkQ5AYrpW1UxrTZGtx,tired,tired,59,train,1727.0,asllex,sole gloss,B0YkQ5AYrpW1UxrTZGtx.npy
BcZI3lnkH8yhciyWFS01,tired,tired,36,test,2230.0,asllex,sole gloss,BcZI3lnkH8yhciyWFS01.npy
CSzoQdjUr0o3g06iWADM,tired,tired,11,train,2018.0,asllex,sole gloss,CSzoQdjUr0o3g06iWADM.npy
D7kKGao8gtVROwYpERqX,tired,tired,7,train,3612.0,asllex,sole gloss,D7kKGao8gtVROwYpERqX.npy
DMWDKSwDr7tW7eLVKH9o,tired,tired,61,test,1363.0,asllex,sole gloss,DMWDKSwDr7tW7eLVKH9o.npy
DUTwZUNf6e4EsOZgXx0E,tired,tired,38,val,3608.0,asllex,sole gloss,DUTwZUNf6e4EsOZgXx0E.npy
Drth20inXDjmDTWKHc1o,tired,tired,57,test,1181.0,freetext,sole gloss,Drth20inXDjmDTWKHc1o.npy
E5sZv7nbY7v6gnvz5f59,tired,tired,30,train,1841.0,asllex,sole gloss,E5sZv7nbY7v6gnvz5f59.npy
FF3HhWRsT0Uad8f3zsjy,tired,tired,60,train,1199.0,freetext,sole gloss,FF3HhWRsT0Uad8f3zsjy.npy
FGR34Z6mV4WJaju56OI3,tired,tired,52,train,2266.0,asllex,sole gloss,FGR34Z6mV4WJaju56OI3.npy
FdPS9SxRILRTjhRGaY9G,tired,tired,14,train,1778.0,asllex,sole gloss,FdPS9SxRILRTjhRGaY9G.npy
Fi2vijP0DNDLeAWM05sM,tired,tired,48,test,1240.0,asllex,sole gloss,Fi2vijP0DNDLeAWM05sM.npy
FkqEnrYoCaAdGO7vLgqn,tired,tired,85,train,2760.0,asllex,sole gloss,FkqEnrYoCaAdGO7vLgqn.npy
GN56zOKzJuplMEYvXHnj,tired,tired,62,train,999.0,asllex,sole gloss,GN56zOKzJuplMEYvXHnj.npy
GXpZDFiN7oi8Prh87f58,tired,tired,84,val,1527.0,asllex,sole gloss,GXpZDFiN7oi8Prh87f58.npy
H2CaPGWV60DGZhxBsyyz,tired,tired,63,train,1722.0,asllex,sole gloss,H2CaPGWV60DGZhxBsyyz.npy
HLS2r4lVnLgbQcZvfTdw,tired,tired,35,val,2101.0,asllex,sole gloss,HLS2r4lVnLgbQcZvfTdw.npy
IRhVzwa2wzwVUJzg0Loa,tired,tired,85,train,3104.0,asllex,sole gloss,IRhVzwa2wzwVUJzg0Loa.npy
IijsGH2XAJHVVR8IOLQS,tired,tired,17,train,1777.0,asllex,sole gloss,IijsGH2XAJHVVR8IOLQS.npy
IuUYaV8Npdceyn7zRuUt,tired,tired,88,train,3676.0,asllex,sole gloss,IuUYaV8Npdceyn7zRuUt.npy
IxQJTi03hGkO9h6Q5IcP,tired,tired,59,train,2080.0,asllex,sole gloss,IxQJTi03hGkO9h6Q5IcP.npy
IzTeHGmEttzPO5IkxgeG,tired,tired,31,train,1427.0,asllex,sole gloss,IzTeHGmEttzPO5IkxgeG.npy
JNI7OcNE7pvVXPdUggBc,tired,tired,88,train,3739.0,asllex,sole gloss,JNI7OcNE7pvVXPdUggBc.npy
Jy6FRtgRZgWXB6zn04tm,tired,tired,30,train,2039.0,asllex,sole gloss,Jy6FRtgRZgWXB6zn04tm.npy
JybW6cXFgDXFCIvYk6yd,tired,tired,8,train,1901.0,asllex,sole gloss,JybW6cXFgDXFCIvYk6yd.npy
KJzmyzg6RWZJLEUgDpQa,tired,tired,11,val,2160.0,asllex,sole gloss,KJzmyzg6RWZJLEUgDpQa.npy
KKRnQZaHfsBuii49v8fm,tired,tired,57,test,1712.0,asllex,sole gloss,KKRnQZaHfsBuii49v8fm.npy
L9I4EnaUwFniCfmDXIUd,tired,tired,62,train,1801.0,asllex,sole gloss,L9I4EnaUwFniCfmDXIUd.npy
Lfk1yFWioOqjeyssXskF,tired,tired,88,train,2486.0,asllex,sole gloss,Lfk1yFWioOqjeyssXskF.npy
LjQ2Qxd1GmiRYZunQuzf,tired,tired,50,test,3010.0,asllex,sole gloss,LjQ2Qxd1GmiRYZunQuzf.npy
Ljkso6isNNMdlS2DsDzU,tired,tired,63,val,1964.0,asllex,sole gloss,Ljkso6isNNMdlS2DsDzU.npy
LtPsEl8kyCtngdYKMl89,tired,tired,61,test,1403.0,asllex,sole gloss,LtPsEl8kyCtngdYKMl89.npy
LyGAv3Jfi1SyJRdOUDAE,tired,tired,88,train,3688.0,asllex,sole gloss,LyGAv3Jfi1SyJRdOUDAE.npy
N4iMjwscCKOVYWhwizXF,tired,tired,84,train,1700.0,asllex,sole gloss,N4iMjwscCKOVYWhwizXF.npy
NDsxmYPRgRLxw03CtsqQ,tired,tired,11,val,1622.0,asllex,sole gloss,NDsxmYPRgRLxw03CtsqQ.npy
NKc8yMrq3m6UvLfQqxQJ,tired,tired,54,val,2395.0,asllex,sole gloss,NKc8yMrq3m6UvLfQqxQJ.npy
Nhq8XEq37fNIXLEdMH83,tired,tired,84,val,1690.0,asllex,sole gloss,Nhq8XEq37fNIXLEdMH83.npy
O1jG48WYyvCAQ7yrHKMX,tired,tired,59,train,2367.0,asllex,sole gloss,O1jG48WYyvCAQ7yrHKMX.npy
OoKcWoc1GC2MDopmh3PU,tired,tired,7,train,2960.0,asllex,sole gloss,OoKcWoc1GC2MDopmh3PU.npy
Owd8VbQhnF1sInTBrBXD,tired,tired,17,train,2351.0,asllex,sole gloss,Owd8VbQhnF1sInTBrBXD.npy
PJMMlBTYA9iO9i1aLLzF,tired,tired,84,train,1384.0,asllex,sole gloss,PJMMlBTYA9iO9i1aLLzF.npy
Pu7RQjuh3vgXHCU6iX8X,tired,tired,49,train,1154.0,asllex,sole gloss,Pu7RQjuh3vgXHCU6iX8X.npy
PwbTOG9f1mBP0i0aiWMS,tired,tired,49,train,1218.0,freetext,sole gloss,PwbTOG9f1mBP0i0aiWMS.npy
QYtJsvgdhOUW23Rv2ig5,tired,tired,54,train,1787.0,asllex,sole gloss,QYtJsvgdhOUW23Rv2ig5.npy
QjH3v4OLH5VhbONKOR0A,tired,tired,31,train,1601.0,asllex,sole gloss,QjH3v4OLH5VhbONKOR0A.npy
QuRn3FiLoapdY8UD0Y21,tired,tired,46,train,2466.0,freetext,sole gloss,QuRn3FiLoapdY8UD0Y21.npy
R4O9Eq0nws7wU5pOzVlc,tired,tired,17,train,1487.0,asllex,sole gloss,R4O9Eq0nws7wU5pOzVlc.npy
RuyS82EL3qE4dqJMRnXG,tired,tired,78,train,2497.0,asllex,sole gloss,RuyS82EL3qE4dqJMRnXG.npy
S8xXrhlcdEfyuhhL2F9z,tired,tired,63,train,1574.0,asllex,sole gloss,S8xXrhlcdEfyuhhL2F9z.npy
SLTDnvVxXEo2VDKHonAT,tired,tired,35,train,1603.0,asllex,sole gloss,SLTDnvVxXEo2VDKHonAT.npy
SetKYy5EKkOFPFuDJ0tS,tired,tired,60,train,2172.0,freetext,sole gloss,SetKYy5EKkOFPFuDJ0tS.npy
ShEesHWJQUdbaeR3Foqs,tired,tired,39,train,3328.0,asllex,sole gloss,ShEesHWJQUdbaeR3Foqs.npy
T5rbVAKAEnaPWRykBecr,tired,tired,57,test,2615.0,asllex,sole gloss,T5rbVAKAEnaPWRykBecr.npy
TBtV5tIelgT1IDdybIYa,tired,tired,39,val,2993.0,asllex,sole gloss,TBtV5tIelgT1IDdybIYa.npy
TInWo3OxNDd6vePDmz4a,tired,tired,46,train,2973.0,asllex,sole gloss,TInWo3OxNDd6vePDmz4a.npy
TvICY9DSj7neOhgJHxlI,tired,tired,49,train,1579.0,asllex,sole gloss,TvICY9DSj7neOhgJHxlI.npy
UDnbqkOPEhzFeIptkiuB,tired,tired,17,train,1358.0,asllex,sole gloss,UDnbqkOPEhzFeIptkiuB.npy
UqZQNg1fnnJQClZGoOfY,tired,tired,36,test,1844.0,asllex,sole gloss,UqZQNg1fnnJQClZGoOfY.npy
W9oEACCEZA6IVua8LtL0,tired,tired,60,val,1372.0,freetext,sole gloss,W9oEACCEZA6IVua8LtL0.npy
WfCauZsvU9d3SVyRYaXQ,tired,tired,8,train,2060.0,asllex,asllex beats ['freetext'],WfCauZsvU9d3SVyRYaXQ.npy
WtiULWyo4iwhAHQ9LzF2,tired,tired,30,train,1602.0,asllex,sole gloss,WtiULWyo4iwhAHQ9LzF2.npy
XQ6g4w0UFPrtEeNhQdaz,tired,tired,49,train,1000.0,asllex,sole gloss,XQ6g4w0UFPrtEeNhQdaz.npy
XvGAdv5nvhheyIRGWhAq,tired,tired,85,train,2615.0,asllex,sole gloss,XvGAdv5nvhheyIRGWhAq.npy
YWeZ50z1oOvTDuLF7CMO,tired,tired,49,val,1849.0,asllex,sole gloss,YWeZ50z1oOvTDuLF7CMO.npy
YojMXkDYxs7daNKTx3zh,tired,tired,88,val,1917.0,asllex,sole gloss,YojMXkDYxs7daNKTx3zh.npy
Zogiuy8ZlLB5lw6SYMXY,tired,tired,85,train,3346.0,asllex,sole gloss,Zogiuy8ZlLB5lw6SYMXY.npy
Zso3e8KEqm9y4TWqlwxM,tired,tired,43,train,3998.0,asllex,sole gloss,Zso3e8KEqm9y4TWqlwxM.npy
admT5GZsFqkSqeUjADI5,tired,tired,84,val,1488.0,asllex,sole gloss,admT5GZsFqkSqeUjADI5.npy
anBjSJqlocKOZss8ge6s,tired,tired,48,test,1255.0,asllex,sole gloss,anBjSJqlocKOZss8ge6s.npy
apZdMwpQ2cdHqla3NBYC,tired,tired,35,train,1535.0,asllex,sole gloss,apZdMwpQ2cdHqla3NBYC.npy
bgwloj50UgcUNSqeewGJ,tired,tired,61,test,1283.0,asllex,sole gloss,bgwloj50UgcUNSqeewGJ.npy
c4O0lzNFYHYY2JZIxr3d,tired,tired,49,train,1309.0,asllex,sole gloss,c4O0lzNFYHYY2JZIxr3d.npy
cEii15j2ncfXrpfVJ3hP,tired,tired,48,test,2027.0,asllex,sole gloss,cEii15j2ncfXrpfVJ3hP.npy
cSzIKkBPAtsWfXVedCdC,tired,tired,62,val,1272.0,asllex,sole gloss,cSzIKkBPAtsWfXVedCdC.npy
ccuUbGQlpRVxEr0sHdO7,tired,tired,84,train,2605.0,asllex,sole gloss,ccuUbGQlpRVxEr0sHdO7.npy
czjxDnWNPy8JKhfEzmNR,tired,tired,60,train,1301.0,asllex,sole gloss,czjxDnWNPy8JKhfEzmNR.npy
dNckxyr3k1sz0SNcMTAS,tired,tired,17,val,2564.0,asllex,sole gloss,dNckxyr3k1sz0SNcMTAS.npy
dNkRXoXIiAgE3mc5qVa7,tired,tired,61,test,4054.0,asllex,sole gloss,dNkRXoXIiAgE3mc5qVa7.npy
e3iwbLzjO0DC7DR0uidv,tired,tired,85,train,3134.0,asllex,sole gloss,e3iwbLzjO0DC7DR0uidv.npy
eUb3CHwXwfAlvbL6ComS,tired,tired,88,train,3906.0,asllex,sole gloss,eUb3CHwXwfAlvbL6ComS.npy
ede1vJ3UHQk54UHqMsGO,tired,tired,49,train,1220.0,asllex,sole gloss,ede1vJ3UHQk54UHqMsGO.npy
fRNRmM5rkgwdsWyiKexv,tired,tired,43,train,4583.0,asllex,sole gloss,fRNRmM5rkgwdsWyiKexv.npy
ff6vx4t1iI2v98w6YhUB,tired,tired,15,train,1304.0,asllex,sole gloss,ff6vx4t1iI2v98w6YhUB.npy
gf6YHYV7Jr6SCdhdnHIs,tired,tired,42,train,2511.0,asllex,sole gloss,gf6YHYV7Jr6SCdhdnHIs.npy
iFRtwyYtH16OBBM1kcmP,tired,tired,49,train,1280.0,asllex,sole gloss,iFRtwyYtH16OBBM1kcmP.npy
iq71EkhnIdxsXzRTYFaz,tired,tired,59,train,1453.0,asllex,sole gloss,iq71EkhnIdxsXzRTYFaz.npy
j35jUAOSKbQ26pxYRfNd,tired,tired,48,test,1717.0,asllex,sole gloss,j35jUAOSKbQ26pxYRfNd.npy
jNzpua6el39Ctgfc9ncK,tired,tired,88,train,1730.0,asllex,sole gloss,jNzpua6el39Ctgfc9ncK.npy
kFyISfOCJvIZvMHXI5YT,tired,tired,57,test,1637.0,asllex,sole gloss,kFyISfOCJvIZvMHXI5YT.npy
kGdoZgbtp4JL5kQ8bHyH,tired,tired,35,train,1683.0,asllex,sole gloss,kGdoZgbtp4JL5kQ8bHyH.npy
l8zCDGlV7lorrf0tR4XN,tired,tired,17,train,1722.0,asllex,sole gloss,l8zCDGlV7lorrf0tR4XN.npy
lIUgQBsazpbGHraLvSDm,tired,tired,50,test,2198.0,asllex,sole gloss,lIUgQBsazpbGHraLvSDm.npy
m8nyfx4SoW19A1e8O76T,tired,tired,52,train,2820.0,asllex,sole gloss,m8nyfx4SoW19A1e8O76T.npy
mMDji36Vqed7chu1wSsk,tired,tired,46,val,2818.0,asllex,sole gloss,mMDji36Vqed7chu1wSsk.npy
oDAzVcPCrckUtOGOZvqO,tired,tired,15,val,1658.0,asllex,sole gloss,oDAzVcPCrckUtOGOZvqO.npy
oErzElDdrTS6Eo8PSEXi,tired,tired,57,test,2323.0,asllex,sole gloss,oErzElDdrTS6Eo8PSEXi.npy
p3m1RcNiKNQt5RYTL6v2,tired,tired,57,test,1961.0,asllex,sole gloss,p3m1RcNiKNQt5RYTL6v2.npy
pjoaWTCyPQU2N59zt9pm,tired,tired,42,train,1334.0,asllex,sole gloss,pjoaWTCyPQU2N59zt9pm.npy
qCoaNhmNVZzYNeWScs62,tired,tired,8,train,1457.0,asllex,sole gloss,qCoaNhmNVZzYNeWScs62.npy
qQmLzoaA9whY5ulzcIJM,tired,tired,17,train,1880.0,asllex,sole gloss,qQmLzoaA9whY5ulzcIJM.npy
qWVDcbml80VbFCIUD8eU,tired,tired,59,train,2430.0,asllex,sole gloss,qWVDcbml80VbFCIUD8eU.npy
rQCielufkuXMv0PmxLH4,tired,tired,17,val,1299.0,asllex,sole gloss,rQCielufkuXMv0PmxLH4.npy
skso1gVI8ek6cd5Anfk7,tired,tired,8,train,1718.0,asllex,sole gloss,skso1gVI8ek6cd5Anfk7.npy
t5SUsqqLct1k0Uy4kwoT,tired,tired,57,test,1461.0,asllex,sole gloss,t5SUsqqLct1k0Uy4kwoT.npy
uYziTkYQpVAhR7CSp3CD,tired,tired,59,val,1873.0,asllex,sole gloss,uYziTkYQpVAhR7CSp3CD.npy
ucy2pyICir2Xd404sMjK,tired,tired,39,train,4150.0,asllex,sole gloss,ucy2pyICir2Xd404sMjK.npy
upDlKgnBktUMbHF3yzSv,tired,tired,84,val,1973.0,asllex,sole gloss,upDlKgnBktUMbHF3yzSv.npy
uuF39RqLOvl49z4QsLoy,tired,tired,57,test,1657.0,asllex,sole gloss,uuF39RqLOvl49z4QsLoy.npy
v5XIWAS2ZkpmfGmpTvud,tired,tired,57,test,2184.0,asllex,sole gloss,v5XIWAS2ZkpmfGmpTvud.npy
v5ZWGzvLSPjJYSN0WueN,tired,tired,39,train,2968.0,asllex,sole gloss,v5ZWGzvLSPjJYSN0WueN.npy
wGxWgADDcnfuTp3rPWnh,tired,tired,61,test,1360.0,asllex,sole gloss,wGxWgADDcnfuTp3rPWnh.npy
xaa4hRym2JP6oUjGRMU3,tired,tired,39,train,2857.0,asllex,sole gloss,xaa4hRym2JP6oUjGRMU3.npy
xfh53tGl661smKWU0Loh,tired,tired,50,test,2656.0,asllex,sole gloss,xfh53tGl661smKWU0Loh.npy
xzxJERFJ81dmzqswZlYr,tired,tired,46,train,2847.0,asllex,sole gloss,xzxJERFJ81dmzqswZlYr.npy
yScI2hm3BFTl0r2oJuHh,tired,tired,62,val,1595.0,asllex,sole gloss,yScI2hm3BFTl0r2oJuHh.npy
ysA4ShK6yfzKJI4ia3bY,tired,tired,61,test,1665.0,asllex,sole gloss,ysA4ShK6yfzKJI4ia3bY.npy
zSimjUSGqO3p1RXpYeOW,tired,tired,63,train,1754.0,asllex,sole gloss,zSimjUSGqO3p1RXpYeOW.npy
za85jrMOumOlxV9ysh1W,tired,tired,7,val,2450.0,asllex,sole gloss,za85jrMOumOlxV9ysh1W.npy
04Bndgg5NzQcY3hGd38w,today,today,88,train,2511.0,asllex,sole gloss,04Bndgg5NzQcY3hGd38w.npy
0arvTjedb3RknLzt63tN,today,today,48,test,1555.0,asllex,sole gloss,0arvTjedb3RknLzt63tN.npy
2RolEModQwmAzEKeXZkD,today,today,57,test,1929.0,asllex,sole gloss,2RolEModQwmAzEKeXZkD.npy
2SGMJzo7kRHz81PnEiUD,today,today,62,val,1568.0,asllex,sole gloss,2SGMJzo7kRHz81PnEiUD.npy
57Ft08sHuGqmvyqJpiss,today,today,35,train,1411.0,asllex,sole gloss,57Ft08sHuGqmvyqJpiss.npy
6kfQv7FlXhTJ9DG5f1UE,today,today,38,val,2007.0,asllex,sole gloss,6kfQv7FlXhTJ9DG5f1UE.npy
7CJWNyHSs5TkU915R3hU,today,today,11,train,1355.0,asllex,sole gloss,7CJWNyHSs5TkU915R3hU.npy
7Prrq1idzD1zlli4epHd,today,today,54,train,2184.0,asllex,sole gloss,7Prrq1idzD1zlli4epHd.npy
8O6xl8EsK6kKCIY0eSXc,today,today,30,train,1663.0,asllex,sole gloss,8O6xl8EsK6kKCIY0eSXc.npy
8ocU5T2qc7ioecBpUWeH,today,today,39,val,2292.0,asllex,sole gloss,8ocU5T2qc7ioecBpUWeH.npy
9MgVbAGyK5MAaeuhD1v5,today,today,57,test,844.0,asllex,sole gloss,9MgVbAGyK5MAaeuhD1v5.npy
B9azjL2tL2H3Y1CVMHMW,today,today,7,train,2471.0,asllex,sole gloss,B9azjL2tL2H3Y1CVMHMW.npy
BCIk2uQs7EhC0sznTLyZ,today,today,57,test,1467.0,asllex,sole gloss,BCIk2uQs7EhC0sznTLyZ.npy
BHKkzGULnLHdbX2iDisW,today,today,57,test,1696.0,asllex,sole gloss,BHKkzGULnLHdbX2iDisW.npy
EmojWEBHuwMoXGmR2MN3,today,today,11,train,1365.0,asllex,sole gloss,EmojWEBHuwMoXGmR2MN3.npy
FWrdHZxOriUOMMSmnew3,today,today,11,train,1433.0,asllex,sole gloss,FWrdHZxOriUOMMSmnew3.npy
IVM7qmStqkG2lXcaoXVx,today,today,39,train,2304.0,asllex,sole gloss,IVM7qmStqkG2lXcaoXVx.npy
IrKiTwzIKC3NMYSRjv6E,today,today,57,test,2048.0,asllex,sole gloss,IrKiTwzIKC3NMYSRjv6E.npy
J3pSFvTVhW9262bWLyk2,today,today,88,train,2634.0,asllex,sole gloss,J3pSFvTVhW9262bWLyk2.npy
KSzbZGzZL9SJkKfCEuB0,today,today,49,train,1240.0,asllex,sole gloss,KSzbZGzZL9SJkKfCEuB0.npy
PVfKunttWBWyGZ0QDMNL,today,today,49,val,1235.0,asllex,sole gloss,PVfKunttWBWyGZ0QDMNL.npy
RkHh04CzVGSFVxy3DRwO,today,today,8,train,1269.0,asllex,sole gloss,RkHh04CzVGSFVxy3DRwO.npy
TbHDK2lMCARWTN0v7Hbl,today,today,49,train,1853.0,asllex,sole gloss,TbHDK2lMCARWTN0v7Hbl.npy
TstGS3kqyox5KHUOyVJI,today,today,30,train,1749.0,asllex,sole gloss,TstGS3kqyox5KHUOyVJI.npy
UaajTZC1WZgqLlWbvAIX,today,today,35,train,1456.0,asllex,sole gloss,UaajTZC1WZgqLlWbvAIX.npy
W7owN2jeJthzfiZwdk7n,today,today,59,train,1966.0,asllex,sole gloss,W7owN2jeJthzfiZwdk7n.npy
XW4mLb0IJyqgaErURI04,today,today,46,train,2747.0,asllex,sole gloss,XW4mLb0IJyqgaErURI04.npy
Xuy6jwfi7ufb7XZHbmZS,today,today,48,test,1095.0,asllex,sole gloss,Xuy6jwfi7ufb7XZHbmZS.npy
ZQdmwbT4poOcx1q5nODn,today,today,30,val,1958.0,asllex,sole gloss,ZQdmwbT4poOcx1q5nODn.npy
ePhfEsVgrV8UskNv14NR,today,today,49,train,1429.0,asllex,sole gloss,ePhfEsVgrV8UskNv14NR.npy
i19qqTB8uaWJI3xTxKGD,today,today,30,val,1645.0,asllex,sole gloss,i19qqTB8uaWJI3xTxKGD.npy
jwYQVDbPsZldb8uIdbvH,today,today,38,val,2700.0,asllex,sole gloss,jwYQVDbPsZldb8uIdbvH.npy
o8BcqUbdBF4CbAijfPOg,today,today,59,train,3311.0,asllex,sole gloss,o8BcqUbdBF4CbAijfPOg.npy
oDLIbI2EowYQYh1G4l4U,today,today,39,train,3048.0,asllex,sole gloss,oDLIbI2EowYQYh1G4l4U.npy
onJU4Pvb6rTHkcoq5AiR,today,today,62,val,1055.0,asllex,sole gloss,onJU4Pvb6rTHkcoq5AiR.npy
pgEEcYg3A6NAPSSdRnuL,today,today,39,train,2569.0,asllex,sole gloss,pgEEcYg3A6NAPSSdRnuL.npy
qOQGhvyYxE14hFOKxkT0,today,today,11,train,1539.0,asllex,sole gloss,qOQGhvyYxE14hFOKxkT0.npy
rD6OK4Mq6OxOjsUK8wWp,today,today,11,train,1431.0,asllex,sole gloss,rD6OK4Mq6OxOjsUK8wWp.npy
rnYD980vFr9s6wL7Am9o,today,today,54,train,1248.0,asllex,sole gloss,rnYD980vFr9s6wL7Am9o.npy
sTuwOfF8WcJOV5TtyePD,today,today,57,test,1398.0,asllex,sole gloss,sTuwOfF8WcJOV5TtyePD.npy
uPflmI32A4kyQ1lrGJPd,today,today,39,val,4350.0,asllex,sole gloss,uPflmI32A4kyQ1lrGJPd.npy
uUNnC25Hua3O28dZCFtO,today,today,54,train,2207.0,asllex,sole gloss,uUNnC25Hua3O28dZCFtO.npy
uwToGxPnCqckchbipKxX,today,today,48,test,1690.0,asllex,sole gloss,uwToGxPnCqckchbipKxX.npy
vMNiIjzXyYbedxR91Kfn,today,today,57,test,1565.0,asllex,sole gloss,vMNiIjzXyYbedxR91Kfn.npy
vRbnD9arzFeHsR30Gaxe,today,today,30,val,1742.0,asllex,sole gloss,vRbnD9arzFeHsR30Gaxe.npy
vuhGkvsJObONhAFNcc6R,today,today,33,test,2042.0,asllex,sole gloss,vuhGkvsJObONhAFNcc6R.npy
zFE5fhilYORHQyRA9ohv,today,today,11,train,2002.0,asllex,sole gloss,zFE5fhilYORHQyRA9ohv.npy
zaZOrY1UGR1BqVCLzO4F,today,today,39,train,2479.0,asllex,sole gloss,zaZOrY1UGR1BqVCLzO4F.npy
1SMaiGMi0LUsrBgL5b55,tomorrow,tomorrow,7,val,2352.0,asllex,sole gloss,1SMaiGMi0LUsrBgL5b55.npy
2E8WHQBp2Sq6AhRy5SAZ,tomorrow,tomorrow,39,train,2182.0,asllex,sole gloss,2E8WHQBp2Sq6AhRy5SAZ.npy
3f6OsMlYV1YSLXwFvxXD,tomorrow,tomorrow,57,test,1874.0,asllex,sole gloss,3f6OsMlYV1YSLXwFvxXD.npy
4AE0T4KMm18lT75ewyX2,tomorrow,tomorrow,63,val,1069.0,asllex,sole gloss,4AE0T4KMm18lT75ewyX2.npy
64scnLivV8yh8KQSCdtX,tomorrow,tomorrow,48,test,1150.0,asllex,sole gloss,64scnLivV8yh8KQSCdtX.npy
6kWPeStkq8Yqf7xNNOzu,tomorrow,tomorrow,30,train,2030.0,asllex,sole gloss,6kWPeStkq8Yqf7xNNOzu.npy
82tguYPWIXrZaZoR16KZ,tomorrow,tomorrow,88,train,1497.0,asllex,sole gloss,82tguYPWIXrZaZoR16KZ.npy
9lICcbnmWRFzqlhXzltT,tomorrow,tomorrow,57,test,1987.0,asllex,sole gloss,9lICcbnmWRFzqlhXzltT.npy
AjKHGSRZtz8RQSFU0s9f,tomorrow,tomorrow,57,test,1094.0,asllex,sole gloss,AjKHGSRZtz8RQSFU0s9f.npy
B9bubkaPzO8Zai9a0Ejk,tomorrow,tomorrow,80,train,1818.0,asllex,sole gloss,B9bubkaPzO8Zai9a0Ejk.npy
EVAMFWCy4H7WFi89yZE7,tomorrow,tomorrow,50,test,1385.0,asllex,sole gloss,EVAMFWCy4H7WFi89yZE7.npy
EY8C53ZVyWRGp8ssR4uu,tomorrow,tomorrow,38,train,2789.0,asllex,sole gloss,EY8C53ZVyWRGp8ssR4uu.npy
FxK5FnvrvxGWB4SYdUZk,tomorrow,tomorrow,60,train,1528.0,asllex,sole gloss,FxK5FnvrvxGWB4SYdUZk.npy
IbQrOSMFhUTCojpYmfKR,tomorrow,tomorrow,39,train,2197.0,asllex,sole gloss,IbQrOSMFhUTCojpYmfKR.npy
MMIoHOGABg2mC2Lz4f4A,tomorrow,tomorrow,50,test,2829.0,asllex,sole gloss,MMIoHOGABg2mC2Lz4f4A.npy
O6I4IUd3lvZFT1KlzIvM,tomorrow,tomorrow,63,val,1369.0,asllex,sole gloss,O6I4IUd3lvZFT1KlzIvM.npy
OA73VaNypRSiUxZXHCJU,tomorrow,tomorrow,48,test,939.0,asllex,sole gloss,OA73VaNypRSiUxZXHCJU.npy
PD1JtsO2kHrxJWYURUK3,tomorrow,tomorrow,62,val,1009.0,asllex,sole gloss,PD1JtsO2kHrxJWYURUK3.npy
PWGpuX6UVMiDxutILBLE,tomorrow,tomorrow,31,train,1322.0,asllex,sole gloss,PWGpuX6UVMiDxutILBLE.npy
Q1R3N9s0QIOYqB54KP1k,tomorrow,tomorrow,35,val,1206.0,asllex,sole gloss,Q1R3N9s0QIOYqB54KP1k.npy
TVCOfYi1D35VM332Z3g3,tomorrow,tomorrow,88,train,1426.0,asllex,sole gloss,TVCOfYi1D35VM332Z3g3.npy
V7u4A0VdQ8jGEcVWrYGo,tomorrow,tomorrow,11,train,1857.0,asllex,sole gloss,V7u4A0VdQ8jGEcVWrYGo.npy
WK2jGIXWdJsui2aeJyf9,tomorrow,tomorrow,7,val,2488.0,asllex,sole gloss,WK2jGIXWdJsui2aeJyf9.npy
ZDTh5Ru4eQXWFJD7Cwlv,tomorrow,tomorrow,11,train,1229.0,asllex,sole gloss,ZDTh5Ru4eQXWFJD7Cwlv.npy
dqnTUb6JG08c0f67CzIb,tomorrow,tomorrow,38,train,2515.0,asllex,sole gloss,dqnTUb6JG08c0f67CzIb.npy
fnHQCVZsnv91Wd2v9JYa,tomorrow,tomorrow,39,val,2219.0,asllex,sole gloss,fnHQCVZsnv91Wd2v9JYa.npy
gS1gJeiQaGqxhzmz9A7s,tomorrow,tomorrow,63,train,1750.0,asllex,sole gloss,gS1gJeiQaGqxhzmz9A7s.npy
hsfEKVm7YrW16MQBsxXv,tomorrow,tomorrow,11,train,1389.0,asllex,sole gloss,hsfEKVm7YrW16MQBsxXv.npy
ilRUgb5Hp7qMwLAKahZA,tomorrow,tomorrow,35,train,1615.0,asllex,sole gloss,ilRUgb5Hp7qMwLAKahZA.npy
kfWuVvQFyI7ppjZNtd9j,tomorrow,tomorrow,88,train,3401.0,asllex,sole gloss,kfWuVvQFyI7ppjZNtd9j.npy
l4f5SyF7qRyKgomDPL1d,tomorrow,tomorrow,31,train,1493.0,asllex,sole gloss,l4f5SyF7qRyKgomDPL1d.npy
oomxVIPgGP9Lp4xLQPuV,tomorrow,tomorrow,49,train,1018.0,asllex,sole gloss,oomxVIPgGP9Lp4xLQPuV.npy
oqVaGMPSp12WguJTLdrX,tomorrow,tomorrow,54,train,1129.0,asllex,sole gloss,oqVaGMPSp12WguJTLdrX.npy
qkP6F0WeEXaQXc2tRe2J,tomorrow,tomorrow,80,train,2641.0,asllex,sole gloss,qkP6F0WeEXaQXc2tRe2J.npy
rba2xzQCVjEIJKitEQWp,tomorrow,tomorrow,36,test,2037.0,asllex,sole gloss,rba2xzQCVjEIJKitEQWp.npy
tQO9rNJ8JrZWX1z8au4h,tomorrow,tomorrow,49,train,1294.0,asllex,sole gloss,tQO9rNJ8JrZWX1z8au4h.npy
tWjZhRohVXgE2tL6OoPn,tomorrow,tomorrow,31,train,1855.0,asllex,sole gloss,tWjZhRohVXgE2tL6OoPn.npy
vAzw7nXM45rMTV24MvMB,tomorrow,tomorrow,11,val,1426.0,asllex,sole gloss,vAzw7nXM45rMTV24MvMB.npy
w1qpNc1qLR4GyCsBkv7W,tomorrow,tomorrow,62,train,1136.0,asllex,sole gloss,w1qpNc1qLR4GyCsBkv7W.npy
wPklRmgCvj6CdDtTJ686,tomorrow,tomorrow,7,train,2263.0,asllex,sole gloss,wPklRmgCvj6CdDtTJ686.npy
zdKcp9gvLwZTZpRObZAZ,tomorrow,tomorrow,59,train,1857.0,asllex,sole gloss,zdKcp9gvLwZTZpRObZAZ.npy
5gr0WUfx8tAXIqQ68WQI,tongue,tongue,61,test,2209.0,asllex,sole gloss,5gr0WUfx8tAXIqQ68WQI.npy
64u4K6IhWKQUDAXvgviy,tongue,tongue,31,train,1393.0,freetext,sole gloss,64u4K6IhWKQUDAXvgviy.npy
Ax7mCteHyhd5H3toALbw,tongue,tongue,38,train,3648.0,asllex,sole gloss,Ax7mCteHyhd5H3toALbw.npy
DOa8jNv9NqKA0tCvd0HQ,tongue,tongue,49,train,1299.0,freetext,sole gloss,DOa8jNv9NqKA0tCvd0HQ.npy
EsKuI3xbezrTSq94UQC6,tongue,tongue,88,train,3353.0,freetext,sole gloss,EsKuI3xbezrTSq94UQC6.npy
IqKAGsupZ5Y11U3l4ido,tongue,tongue,7,val,2241.0,freetext,sole gloss,IqKAGsupZ5Y11U3l4ido.npy
K6F4zE7XaujMM2OZAcKP,tongue,tongue,84,val,1517.0,freetext,sole gloss,K6F4zE7XaujMM2OZAcKP.npy
T72TOr2GX09YF4L3Q1a8,tongue,tongue,7,train,2903.0,freetext,sole gloss,T72TOr2GX09YF4L3Q1a8.npy
ULBtPPv0IxK2XB2vse4q,tongue,tongue,84,train,2033.0,freetext,sole gloss,ULBtPPv0IxK2XB2vse4q.npy
erNOQqNPrdYMmILx5z3T,tongue,tongue,48,test,1327.0,freetext,sole gloss,erNOQqNPrdYMmILx5z3T.npy
wqrW108yhymTLUzpOkyT,tongue,tongue,49,train,1295.0,freetext,sole gloss,wqrW108yhymTLUzpOkyT.npy
21pxxhqC432xr4qljPv5,touch,touch,31,val,1896.0,freetext,sole gloss,21pxxhqC432xr4qljPv5.npy
2EXokHfuNHA1Nokb8MdO,touch,touch,23,train,1477.0,asllex,sole gloss,2EXokHfuNHA1Nokb8MdO.npy
2bKY4YXNYCCBZGQhbp1o,touch,touch,62,train,1616.0,asllex,sole gloss,2bKY4YXNYCCBZGQhbp1o.npy
6IYHq5QKmy90EYcKCGOK,touch,touch,46,train,2335.0,asllex,sole gloss,6IYHq5QKmy90EYcKCGOK.npy
CQpKveUN4W1JQZCYKY4h,touch,touch,46,train,2676.0,asllex,sole gloss,CQpKveUN4W1JQZCYKY4h.npy
GRgLbbTAcLjWq7PFKZVt,touch,touch,39,train,2894.0,asllex,sole gloss,GRgLbbTAcLjWq7PFKZVt.npy
GThdNugWG8TAHeLMbUtj,touch,touch,35,train,1747.0,asllex,sole gloss,GThdNugWG8TAHeLMbUtj.npy
IthjU1L5fMX3s7kzD2tK,touch,touch,48,test,1253.0,asllex,sole gloss,IthjU1L5fMX3s7kzD2tK.npy
LqcwUR0G3Q2abFBaKNF7,touch,touch,36,test,1901.0,asllex,sole gloss,LqcwUR0G3Q2abFBaKNF7.npy
OkCNrL8CunpgBn8ruIws,touch,touch,46,train,2312.0,asllex,sole gloss,OkCNrL8CunpgBn8ruIws.npy
buMrsmK01UBNNeQfpax3,touch,touch,62,train,942.0,asllex,sole gloss,buMrsmK01UBNNeQfpax3.npy
bvtq1RRSycM8caZrMYQz,touch,touch,62,train,1096.0,asllex,sole gloss,bvtq1RRSycM8caZrMYQz.npy
cBcxtUyvTA2PNIj8xCRk,touch,touch,35,train,1284.0,asllex,sole gloss,cBcxtUyvTA2PNIj8xCRk.npy
ewE1mHiCQZiAsJrgePLc,touch,touch,49,val,1200.0,asllex,sole gloss,ewE1mHiCQZiAsJrgePLc.npy
i2wLOgSRYsaLSfgNWXsg,touch,touch,84,train,1209.0,asllex,sole gloss,i2wLOgSRYsaLSfgNWXsg.npy
lCppNh6rBfrNdHhkkizq,touch,touch,17,val,1682.0,asllex,sole gloss,lCppNh6rBfrNdHhkkizq.npy
qyMeyDbQhTXHUudbN7AP,touch,touch,11,train,1430.0,asllex,sole gloss,qyMeyDbQhTXHUudbN7AP.npy
sMsiJWarlxKPxzd9xDTX,touch,touch,53,test,2418.0,asllex,sole gloss,sMsiJWarlxKPxzd9xDTX.npy
tFLm9a5bVjQjeEdrgUDy,touch,touch,30,val,1667.0,asllex,sole gloss,tFLm9a5bVjQjeEdrgUDy.npy
tHdhXIa2dhsLZ4avakMy,touch,touch,38,train,3236.0,freetext,sole gloss,tHdhXIa2dhsLZ4avakMy.npy
uJd6GfTte1OV86A6j4LO,touch,touch,30,val,2521.0,asllex,sole gloss,uJd6GfTte1OV86A6j4LO.npy
w4zJdo1Rgux0zbO7GrVd,touch,touch,57,test,1063.0,asllex,sole gloss,w4zJdo1Rgux0zbO7GrVd.npy
wOdzc0TMGx9HnOC1pr9e,touch,touch,36,test,2206.0,asllex,sole gloss,wOdzc0TMGx9HnOC1pr9e.npy
xXkBj3bmzkvwnSydaWj8,touch,touch,57,test,1921.0,freetext,sole gloss,xXkBj3bmzkvwnSydaWj8.npy
z4DtljjLEsJSE9GZrb4W,touch,touch,46,train,3976.0,asllex,sole gloss,z4DtljjLEsJSE9GZrb4W.npy
0fsBRhYK6HIUanpG7pIw,understand,understand,8,train,1343.0,asllex,sole gloss,0fsBRhYK6HIUanpG7pIw.npy
0oEX4QwJDh07TltThjYQ,understand,understand,48,test,1375.0,asllex,sole gloss,0oEX4QwJDh07TltThjYQ.npy
1YDW91wWn3Dg1bCzVmj7,understand,understand,49,val,1012.0,asllex,sole gloss,1YDW91wWn3Dg1bCzVmj7.npy
2z4YhRQE004ufkgS1grn,understand,understand,64,test,1984.0,asllex,sole gloss,2z4YhRQE004ufkgS1grn.npy
31xpkatgzqs6TIci4i4T,understand,understand,46,train,3505.0,asllex,sole gloss,31xpkatgzqs6TIci4i4T.npy
3cq9xl9JpPGi7jPfebrR,understand,understand,39,train,2136.0,asllex,sole gloss,3cq9xl9JpPGi7jPfebrR.npy
47kDmalyg9KQpGfRQx0b,understand,understand,62,train,1324.0,asllex,sole gloss,47kDmalyg9KQpGfRQx0b.npy
4iyRrsURMBoolciqhUHv,understand,understand,57,test,723.0,asllex,sole gloss,4iyRrsURMBoolciqhUHv.npy
52tCr5Zt54tocCiNGCwF,understand,understand,62,train,1014.0,asllex,sole gloss,52tCr5Zt54tocCiNGCwF.npy
5G0ZqzFzMzdS4qx7lG2H,understand,understand,17,train,1773.0,asllex,sole gloss,5G0ZqzFzMzdS4qx7lG2H.npy
5OQoJsEU6GMeI0qDX4CY,understand,understand,84,train,1464.0,asllex,sole gloss,5OQoJsEU6GMeI0qDX4CY.npy
69iALO7hHdi702Byuj1r,understand,understand,62,train,1130.0,asllex,sole gloss,69iALO7hHdi702Byuj1r.npy
6Gk6evT1p5KwkrrzscS4,understand,understand,84,train,1681.0,asllex,sole gloss,6Gk6evT1p5KwkrrzscS4.npy
6KPVP9LlQgcQS4Pqg3MY,understand,understand,7,train,2724.0,asllex,sole gloss,6KPVP9LlQgcQS4Pqg3MY.npy
6Qqggk1NRRJOCuqZPvAE,understand,understand,48,test,1273.0,asllex,sole gloss,6Qqggk1NRRJOCuqZPvAE.npy
6zSCX9iZudE8jEkjKeLB,understand,understand,39,train,3205.0,asllex,sole gloss,6zSCX9iZudE8jEkjKeLB.npy
7o3QTR2Scf0JtoAOlHik,understand,understand,57,test,1069.0,asllex,sole gloss,7o3QTR2Scf0JtoAOlHik.npy
853LpIG6njeKqhUViXwR,understand,understand,57,test,2337.0,asllex,sole gloss,853LpIG6njeKqhUViXwR.npy
8gD4qJloRL1VXZl8t1au,understand,understand,8,val,1249.0,asllex,sole gloss,8gD4qJloRL1VXZl8t1au.npy
8mwrXZs3PKw8SZn1UlEu,understand,understand,57,test,1627.0,asllex,sole gloss,8mwrXZs3PKw8SZn1UlEu.npy
9Pzp1BFVM6TFUt66f1kd,understand,understand,62,train,980.0,asllex,sole gloss,9Pzp1BFVM6TFUt66f1kd.npy
9SfZeJNRQwny5slenFvd,understand,understand,52,val,3264.0,asllex,sole gloss,9SfZeJNRQwny5slenFvd.npy
9f8wFOgg6tszjgAAXmio,understand,understand,14,val,1497.0,asllex,sole gloss,9f8wFOgg6tszjgAAXmio.npy
A4NzGn2CwqujTcurIeOQ,understand,understand,23,val,1397.0,asllex,sole gloss,A4NzGn2CwqujTcurIeOQ.npy
A7Lf7AFtOG1gu6cYNOPR,understand,understand,49,train,1213.0,asllex,sole gloss,A7Lf7AFtOG1gu6cYNOPR.npy
Ar6hi5rzNSlXd5tXanii,understand,understand,46,train,4112.0,asllex,sole gloss,Ar6hi5rzNSlXd5tXanii.npy
BTbGwHdqhCiR7WuepQdd,understand,understand,61,test,1266.0,asllex,sole gloss,BTbGwHdqhCiR7WuepQdd.npy
DohkLMxE8dA7gEqxXTYx,understand,understand,84,val,1615.0,asllex,sole gloss,DohkLMxE8dA7gEqxXTYx.npy
EHi2JmVkb6mW3bntt6ii,understand,understand,39,train,2507.0,asllex,sole gloss,EHi2JmVkb6mW3bntt6ii.npy
EdmINV2Ty9EmoUPxGxYl,understand,understand,57,test,982.0,asllex,sole gloss,EdmINV2Ty9EmoUPxGxYl.npy
FvrAavj6gvMpPhhhNsAm,understand,understand,36,test,2280.0,asllex,sole gloss,FvrAavj6gvMpPhhhNsAm.npy
GEcGDcvp1vUC27dj6bkt,understand,understand,63,train,2613.0,asllex,sole gloss,GEcGDcvp1vUC27dj6bkt.npy
Gsm8KiHAQ0GQ5R2rf0L2,understand,understand,38,train,3919.0,asllex,sole gloss,Gsm8KiHAQ0GQ5R2rf0L2.npy
HGduu63ojUy83Jdk0Lz3,understand,understand,62,train,1083.0,asllex,sole gloss,HGduu63ojUy83Jdk0Lz3.npy
HYlM8uzqSew9Ak02PWy3,understand,understand,62,train,922.0,asllex,sole gloss,HYlM8uzqSew9Ak02PWy3.npy
Jt5q4ChbjCi5DYF31Xu0,understand,understand,62,val,1104.0,asllex,sole gloss,Jt5q4ChbjCi5DYF31Xu0.npy
KV9xJvvvYmuNtI8vr45D,understand,understand,38,train,2551.0,asllex,sole gloss,KV9xJvvvYmuNtI8vr45D.npy
KX6NA5k0cHu6plQ5hnGq,understand,understand,17,train,1361.0,asllex,sole gloss,KX6NA5k0cHu6plQ5hnGq.npy
KiolwhzC3lq2dFFDFrII,understand,understand,62,val,1884.0,asllex,sole gloss,KiolwhzC3lq2dFFDFrII.npy
L3cTRYGCWs82kqGuLq9f,understand,understand,88,train,1923.0,asllex,sole gloss,L3cTRYGCWs82kqGuLq9f.npy
LGRNPZAETO9euNV0CWD7,understand,understand,30,train,1863.0,asllex,sole gloss,LGRNPZAETO9euNV0CWD7.npy
LVtUNi7CqFKDefaTg7Xb,understand,understand,7,train,2956.0,asllex,sole gloss,LVtUNi7CqFKDefaTg7Xb.npy
M5pRji5urXEs1aG2N02L,understand,understand,39,train,4233.0,asllex,sole gloss,M5pRji5urXEs1aG2N02L.npy
MDmW9etfObwZ2FomYgTi,understand,understand,62,train,1079.0,asllex,sole gloss,MDmW9etfObwZ2FomYgTi.npy
MOUckS5guSP2HaS9AwIQ,understand,understand,88,train,1741.0,asllex,sole gloss,MOUckS5guSP2HaS9AwIQ.npy
NOckrKklg1EINzlguqH8,understand,understand,57,test,2172.0,asllex,sole gloss,NOckrKklg1EINzlguqH8.npy
NhLSAjL7QlrPsV77lE5W,understand,understand,59,val,2382.0,asllex,sole gloss,NhLSAjL7QlrPsV77lE5W.npy
OLYvmVEnULtM5NhxtTxm,understand,understand,60,train,2360.0,asllex,sole gloss,OLYvmVEnULtM5NhxtTxm.npy
OMFUAKCGb27WyHz6YWTw,understand,understand,39,val,3168.0,asllex,sole gloss,OMFUAKCGb27WyHz6YWTw.npy
OStbKD9sUcrMgKERtuBS,understand,understand,7,val,2405.0,asllex,sole gloss,OStbKD9sUcrMgKERtuBS.npy
OXEnVvs0lWUxAqRjgC3F,understand,understand,62,train,2481.0,asllex,sole gloss,OXEnVvs0lWUxAqRjgC3F.npy
P4MvhMKdcfXT74G1qtAm,understand,understand,39,train,2042.0,asllex,sole gloss,P4MvhMKdcfXT74G1qtAm.npy
PTJcu4gXr8oItl8XLIsZ,understand,understand,50,test,2962.0,asllex,sole gloss,PTJcu4gXr8oItl8XLIsZ.npy
PVHJkx4kb9gGc4e5rbeE,understand,understand,42,train,2498.0,freetext,sole gloss,PVHJkx4kb9gGc4e5rbeE.npy
PiAfyc07crH2LSiIInh1,understand,understand,39,train,2364.0,freetext,sole gloss,PiAfyc07crH2LSiIInh1.npy
PjAkw8UleWTRjOAa312m,understand,understand,59,train,1473.0,asllex,sole gloss,PjAkw8UleWTRjOAa312m.npy
REK7GAThz0gZbXqlxqDF,understand,understand,63,val,1280.0,asllex,sole gloss,REK7GAThz0gZbXqlxqDF.npy
RIRRow0Uk7XeUK4Ulwr2,understand,understand,48,test,1290.0,asllex,sole gloss,RIRRow0Uk7XeUK4Ulwr2.npy
RSvJ35mvflHW6MVBjrez,understand,understand,12,train,1687.0,asllex,sole gloss,RSvJ35mvflHW6MVBjrez.npy
RqwwaerpDF4FUh2lTQ0g,understand,understand,39,train,2114.0,asllex,sole gloss,RqwwaerpDF4FUh2lTQ0g.npy
SIJzo1JidzbM5ShZsrYc,understand,understand,17,train,1984.0,asllex,sole gloss,SIJzo1JidzbM5ShZsrYc.npy
SSpoM09Mq3dbMeP9UWIU,understand,understand,60,val,1806.0,asllex,sole gloss,SSpoM09Mq3dbMeP9UWIU.npy
TsLaurnJSQfQyMMznwJg,understand,understand,39,train,2263.0,asllex,sole gloss,TsLaurnJSQfQyMMznwJg.npy
U2kq6zh0xzONq7E44u5W,understand,understand,62,train,1095.0,asllex,sole gloss,U2kq6zh0xzONq7E44u5W.npy
XEehtrQOQ41tqV9IDrlh,understand,understand,7,train,2228.0,asllex,sole gloss,XEehtrQOQ41tqV9IDrlh.npy
XFjhHAGKKqDbSjOsSWKl,understand,understand,84,train,2491.0,asllex,sole gloss,XFjhHAGKKqDbSjOsSWKl.npy
XiHeYtCdMw9kcsPApHMG,understand,understand,62,train,1022.0,asllex,sole gloss,XiHeYtCdMw9kcsPApHMG.npy
XstEpfyDZOxiWhPl5YwZ,understand,understand,50,test,2212.0,asllex,sole gloss,XstEpfyDZOxiWhPl5YwZ.npy
YHgaNWADZL7IYFNShNip,understand,understand,57,test,848.0,asllex,sole gloss,YHgaNWADZL7IYFNShNip.npy
YOUVGKzzYXEP2icwqYaP,understand,understand,49,train,901.0,asllex,sole gloss,YOUVGKzzYXEP2icwqYaP.npy
YlnuAiq1CjVMT9jhIu85,understand,understand,30,val,1796.0,asllex,sole gloss,YlnuAiq1CjVMT9jhIu85.npy
ZepTYBeICUXuOQ5KmI9Z,understand,understand,17,train,1825.0,asllex,sole gloss,ZepTYBeICUXuOQ5KmI9Z.npy
ZgCdmP61lPeNJdRvE2pF,understand,understand,54,train,1432.0,asllex,sole gloss,ZgCdmP61lPeNJdRvE2pF.npy
a3eYT93UiZrj1anK15cC,understand,understand,46,val,2677.0,asllex,sole gloss,a3eYT93UiZrj1anK15cC.npy
acmA6aWcb00JEptANQPC,understand,understand,49,train,1690.0,asllex,sole gloss,acmA6aWcb00JEptANQPC.npy
aoeDtqt9VFusnVEJzc6i,understand,understand,64,test,1773.0,asllex,sole gloss,aoeDtqt9VFusnVEJzc6i.npy
aok7jc7fuoiDtfiV2RGq,understand,understand,31,val,1692.0,asllex,sole gloss,aok7jc7fuoiDtfiV2RGq.npy
bGobAltLdHJThs2eyQWB,understand,understand,62,train,1314.0,asllex,sole gloss,bGobAltLdHJThs2eyQWB.npy
bTL3kYyWF7fsKYjzPZQh,understand,understand,39,train,2748.0,asllex,sole gloss,bTL3kYyWF7fsKYjzPZQh.npy
beV3CW6aWLZEPaLn5J7Y,understand,understand,23,train,1545.0,asllex,sole gloss,beV3CW6aWLZEPaLn5J7Y.npy
blJga08qIi5U9xgFzfjM,understand,understand,84,val,1932.0,asllex,sole gloss,blJga08qIi5U9xgFzfjM.npy
cbu7ajHJm68AUtByNXwj,understand,understand,84,val,1309.0,asllex,sole gloss,cbu7ajHJm68AUtByNXwj.npy
ci3OdxcGVvg4a4Yq29ut,understand,understand,57,test,793.0,asllex,sole gloss,ci3OdxcGVvg4a4Yq29ut.npy
d3igkgP9eotkXYTAwMh2,understand,understand,85,train,3441.0,asllex,sole gloss,d3igkgP9eotkXYTAwMh2.npy
dUxx3OxEYKv3mfFqCzRn,understand,understand,49,train,1199.0,asllex,sole gloss,dUxx3OxEYKv3mfFqCzRn.npy
dg59ea8E24PbV4WqFfaV,understand,understand,30,train,1734.0,asllex,sole gloss,dg59ea8E24PbV4WqFfaV.npy
eQlMZJuv4OvOFnLjYnQG,understand,understand,17,train,1947.0,asllex,sole gloss,eQlMZJuv4OvOFnLjYnQG.npy
fPmvxwJvf1vnm2LtngUY,understand,understand,39,train,4020.0,asllex,sole gloss,fPmvxwJvf1vnm2LtngUY.npy
fwW4oEsStKvKRiJekDHA,understand,understand,61,test,1471.0,asllex,sole gloss,fwW4oEsStKvKRiJekDHA.npy
gHTbF01QaUK1gHD2ihI1,understand,understand,35,train,1626.0,asllex,sole gloss,gHTbF01QaUK1gHD2ihI1.npy
gZi0gXII3FifCFxmaarv,understand,understand,8,val,1304.0,asllex,sole gloss,gZi0gXII3FifCFxmaarv.npy
ghpiPccdhlfADHjAlhO7,understand,understand,39,val,2752.0,asllex,sole gloss,ghpiPccdhlfADHjAlhO7.npy
hRvZFYysuYVvIVm3CvgN,understand,understand,62,train,1128.0,asllex,sole gloss,hRvZFYysuYVvIVm3CvgN.npy
hXHtxDfY55JLKHQoo9ag,understand,understand,39,train,2107.0,asllex,sole gloss,hXHtxDfY55JLKHQoo9ag.npy
hrf9v0esilsXZocSNpMP,understand,understand,62,val,993.0,asllex,sole gloss,hrf9v0esilsXZocSNpMP.npy
impkGaM36qMDgtf66Lcf,understand,understand,7,train,2230.0,asllex,sole gloss,impkGaM36qMDgtf66Lcf.npy
jBURkWAxn3FcWXUvnqOb,understand,understand,42,val,1465.0,freetext,sole gloss,jBURkWAxn3FcWXUvnqOb.npy
jUqNvmHvexLLfUYZ1qOL,understand,understand,17,train,1225.0,asllex,sole gloss,jUqNvmHvexLLfUYZ1qOL.npy
kGS4cVE3DZ1ABw5bELNn,understand,understand,35,train,2173.0,asllex,sole gloss,kGS4cVE3DZ1ABw5bELNn.npy
m2H4iPd1gqKYKR2gqCbt,understand,understand,62,train,962.0,asllex,sole gloss,m2H4iPd1gqKYKR2gqCbt.npy
m51Kyc7UvT01XHuaTCva,understand,understand,62,train,1207.0,asllex,sole gloss,m51Kyc7UvT01XHuaTCva.npy
m8zRe6GIbG0lqvMFNXDO,understand,understand,39,val,3263.0,asllex,sole gloss,m8zRe6GIbG0lqvMFNXDO.npy
nS9V7cJCteGNCc5GV3CZ,understand,understand,27,train,2689.0,asllex,sole gloss,nS9V7cJCteGNCc5GV3CZ.npy
nZlvJjcfKFQC9PemXIt3,understand,understand,35,train,1756.0,asllex,sole gloss,nZlvJjcfKFQC9PemXIt3.npy
nc1SHyZzmJsn5E4GUsy2,understand,understand,30,train,2079.0,asllex,sole gloss,nc1SHyZzmJsn5E4GUsy2.npy
nxLqnXC3YN8M4Px1XpO6,understand,understand,42,train,1687.0,asllex,sole gloss,nxLqnXC3YN8M4Px1XpO6.npy
oiYfH3zApkRiqKLJhL77,understand,understand,7,val,3612.0,asllex,sole gloss,oiYfH3zApkRiqKLJhL77.npy
p29yRf00tVzMdGYs8lsF,understand,understand,49,train,1679.0,asllex,sole gloss,p29yRf00tVzMdGYs8lsF.npy
qUTun1QWUeZoQKV6AMKr,understand,understand,80,train,2368.0,asllex,sole gloss,qUTun1QWUeZoQKV6AMKr.npy
rJGzJoq4hv3cp9OBMR82,understand,understand,62,train,951.0,asllex,sole gloss,rJGzJoq4hv3cp9OBMR82.npy
sf8xKRZegMk1t4jgQchQ,understand,understand,46,train,1880.0,asllex,sole gloss,sf8xKRZegMk1t4jgQchQ.npy
sznoHWp0PaGSlFq5gZmg,understand,understand,30,val,1867.0,asllex,sole gloss,sznoHWp0PaGSlFq5gZmg.npy
tXLkd4rABbU5CJhb5iV1,understand,understand,42,train,2489.0,freetext,sole gloss,tXLkd4rABbU5CJhb5iV1.npy
tmi74Ud155osT70I38sU,understand,understand,62,train,909.0,asllex,sole gloss,tmi74Ud155osT70I38sU.npy
u21lAhUq95vAZ5McI6hV,understand,understand,53,test,2353.0,asllex,sole gloss,u21lAhUq95vAZ5McI6hV.npy
uFklcXzq4bLqeFj1pZi1,understand,understand,62,train,1372.0,asllex,sole gloss,uFklcXzq4bLqeFj1pZi1.npy
uZK46ZSuvWzIyX2FXnLV,understand,understand,88,train,3185.0,asllex,sole gloss,uZK46ZSuvWzIyX2FXnLV.npy
uaehCqIOS1f6VDSY0cyY,understand,understand,62,train,941.0,asllex,sole gloss,uaehCqIOS1f6VDSY0cyY.npy
vEyNImKK2Pj9KlLQhb06,understand,understand,35,val,1699.0,asllex,sole gloss,vEyNImKK2Pj9KlLQhb06.npy
vcvq6kCFkFf6uhbkQaUA,understand,understand,62,train,1130.0,asllex,sole gloss,vcvq6kCFkFf6uhbkQaUA.npy
vgzsu3jf1SafhuU6aXAX,understand,understand,62,train,1358.0,asllex,sole gloss,vgzsu3jf1SafhuU6aXAX.npy
wfLhLhALmcSCme9TrotT,understand,understand,46,train,2057.0,asllex,sole gloss,wfLhLhALmcSCme9TrotT.npy
xeeUt6RZ7EJo38Mfp5j9,understand,understand,88,train,2060.0,asllex,sole gloss,xeeUt6RZ7EJo38Mfp5j9.npy
ycMjG4bXnaPdx5mRodUc,understand,understand,39,train,2675.0,asllex,sole gloss,ycMjG4bXnaPdx5mRodUc.npy
zG83Uj5WvpCgrpuGcJgX,understand,understand,52,train,3909.0,asllex,sole gloss,zG83Uj5WvpCgrpuGcJgX.npy
zsR1XOvu0BIUPktv7juL,understand,understand,39,val,2160.0,asllex,sole gloss,zsR1XOvu0BIUPktv7juL.npy
4HHALuTpJYVYL1Zk9u5S,very,very,30,train,1491.0,freetext,sole gloss,4HHALuTpJYVYL1Zk9u5S.npy
XDoXFptnN08pqLz5F2ep,very,very,39,val,2214.0,freetext,sole gloss,XDoXFptnN08pqLz5F2ep.npy
fnJ4Q4YAAPiw9ZyTLqRD,very,very,46,train,2483.0,asllex,sole gloss,fnJ4Q4YAAPiw9ZyTLqRD.npy
5aYQtXavsuUUd0dVk3qC,vomit,vomit,60,train,1173.0,freetext,sole gloss,5aYQtXavsuUUd0dVk3qC.npy
ABd15aL33kbCuis35ybE,vomit,vomit,38,train,2500.0,asllex,sole gloss,ABd15aL33kbCuis35ybE.npy
KlFmNs3nmpyGr6hBDxq2,vomit,vomit,84,val,2101.0,freetext,sole gloss,KlFmNs3nmpyGr6hBDxq2.npy
X6BfSKmyCYy2bfB9Nisj,vomit,vomit,88,train,2588.0,asllex,sole gloss,X6BfSKmyCYy2bfB9Nisj.npy
ndxo66pRo9qsLRLaPME8,vomit,vomit,57,test,2213.0,asllex,sole gloss,ndxo66pRo9qsLRLaPME8.npy
rKsaWS6nfPGvVGDR9djm,vomit,vomit,57,test,1994.0,asllex,sole gloss,rKsaWS6nfPGvVGDR9djm.npy
srYDpzkCo7EhdGHld81f,vomit,vomit,39,train,2182.0,asllex,sole gloss,srYDpzkCo7EhdGHld81f.npy
wQk95XRHYJ2PyhNAVv7r,vomit,vomit,49,train,1668.0,asllex,sole gloss,wQk95XRHYJ2PyhNAVv7r.npy
wi5xg0rEhm1STP1QeHQA,vomit,vomit,88,val,3329.0,asllex,sole gloss,wi5xg0rEhm1STP1QeHQA.npy
0aieGqtec9jaWyGfacp1,wait,wait,61,test,1751.0,asllex,sole gloss,0aieGqtec9jaWyGfacp1.npy
0zuXJuB0MA4HyiJgd8FJ,wait,wait,62,val,1044.0,asllex,sole gloss,0zuXJuB0MA4HyiJgd8FJ.npy
15jv1IXjlon71AfTrBBY,wait,wait,39,train,3684.0,asllex,sole gloss,15jv1IXjlon71AfTrBBY.npy
1R7EFiS3TGnTWTu3JOXd,wait,wait,42,train,1909.0,asllex,sole gloss,1R7EFiS3TGnTWTu3JOXd.npy
1kGgLxVCNxN5a2vw33sh,wait,wait,84,train,1428.0,asllex,sole gloss,1kGgLxVCNxN5a2vw33sh.npy
23KqMD5ImHi1BtAR7fnp,wait,wait,42,train,1332.0,asllex,sole gloss,23KqMD5ImHi1BtAR7fnp.npy
2NgaUlkdJBx4Mb4qeYJA,wait,wait,30,train,1400.0,asllex,sole gloss,2NgaUlkdJBx4Mb4qeYJA.npy
2nhDHU8xmpuWe8jde90Z,wait,wait,54,train,2120.0,asllex,sole gloss,2nhDHU8xmpuWe8jde90Z.npy
3FZHOK8HvGJUYW92gKjG,wait,wait,36,test,1990.0,asllex,sole gloss,3FZHOK8HvGJUYW92gKjG.npy
479cesUrRdFbPGKErjZo,wait,wait,85,train,2037.0,asllex,sole gloss,479cesUrRdFbPGKErjZo.npy
6OyRkBX94GCcmW9Q6oZf,wait,wait,88,train,1835.0,asllex,sole gloss,6OyRkBX94GCcmW9Q6oZf.npy
6VZNKYJkpN8kX3kv5THF,wait,wait,49,val,1118.0,asllex,sole gloss,6VZNKYJkpN8kX3kv5THF.npy
7BGVSNeEFIIcrwUYNXSs,wait,wait,61,test,1630.0,asllex,sole gloss,7BGVSNeEFIIcrwUYNXSs.npy
7MHM5Nye94kFUsidwzTK,wait,wait,78,train,1994.0,asllex,sole gloss,7MHM5Nye94kFUsidwzTK.npy
7SjC4wqyO97egxLGE5Yz,wait,wait,31,val,1557.0,asllex,sole gloss,7SjC4wqyO97egxLGE5Yz.npy
7bLjc4VPaOA0xu8yDzrH,wait,wait,30,train,2169.0,asllex,sole gloss,7bLjc4VPaOA0xu8yDzrH.npy
81xXAgJkX13J1ojiMitG,wait,wait,31,train,2761.0,asllex,sole gloss,81xXAgJkX13J1ojiMitG.npy
8PKV6pSKUK7Brb14vUKz,wait,wait,39,val,2812.0,asllex,sole gloss,8PKV6pSKUK7Brb14vUKz.npy
90GuSpmMj4FFdsUkD6WV,wait,wait,35,train,1119.0,asllex,sole gloss,90GuSpmMj4FFdsUkD6WV.npy
9I0gjdSbhFKQFgFRUQ0w,wait,wait,84,val,2546.0,asllex,sole gloss,9I0gjdSbhFKQFgFRUQ0w.npy
AXUfDtWaZl89sJHM5eV7,wait,wait,35,train,2126.0,asllex,sole gloss,AXUfDtWaZl89sJHM5eV7.npy
B09KO6GGu4sXa9TKdTh8,wait,wait,35,val,1467.0,asllex,sole gloss,B09KO6GGu4sXa9TKdTh8.npy
BIDutZ1cnYGgZjJ8ORKc,wait,wait,8,train,1310.0,asllex,sole gloss,BIDutZ1cnYGgZjJ8ORKc.npy
C8WTE1pCdZd29gSAohLk,wait,wait,39,train,4240.0,asllex,sole gloss,C8WTE1pCdZd29gSAohLk.npy
CG6tWSY2culHjRnudFiW,wait,wait,59,train,1749.0,asllex,sole gloss,CG6tWSY2culHjRnudFiW.npy
CHZ9cjFAJNkCReoNSPxm,wait,wait,35,train,1766.0,asllex,sole gloss,CHZ9cjFAJNkCReoNSPxm.npy
Cs25KOdDCU78g0mvMzvf,wait,wait,17,train,1954.0,asllex,sole gloss,Cs25KOdDCU78g0mvMzvf.npy
DXKwRo8JxtqiTexgnsp8,wait,wait,30,val,2051.0,asllex,sole gloss,DXKwRo8JxtqiTexgnsp8.npy
Eg8kCV1C4fc69xQHLdWD,wait,wait,46,val,2646.0,asllex,sole gloss,Eg8kCV1C4fc69xQHLdWD.npy
EyvYGBU7K61uE7M1h4GZ,wait,wait,57,test,1636.0,asllex,sole gloss,EyvYGBU7K61uE7M1h4GZ.npy
F1H1nd79M250bR6ZJ2zL,wait,wait,78,train,4325.0,asllex,sole gloss,F1H1nd79M250bR6ZJ2zL.npy
GgJWRQpB0yCDyoDUJnLS,wait,wait,57,test,1512.0,asllex,sole gloss,GgJWRQpB0yCDyoDUJnLS.npy
Gt7XbEp7JhhpF2jQHQ09,wait,wait,57,test,1889.0,asllex,sole gloss,Gt7XbEp7JhhpF2jQHQ09.npy
H545V1r4Wumq6e3T3IrJ,wait,wait,7,val,2465.0,asllex,sole gloss,H545V1r4Wumq6e3T3IrJ.npy
HR67DRBURtT0zKInlXwy,wait,wait,84,val,1810.0,asllex,sole gloss,HR67DRBURtT0zKInlXwy.npy
HY19hH8McUc60AXU8f5w,wait,wait,49,val,2307.0,asllex,sole gloss,HY19hH8McUc60AXU8f5w.npy
HutABe5cnlxwRWn5lOHD,wait,wait,84,train,2427.0,asllex,sole gloss,HutABe5cnlxwRWn5lOHD.npy
IeLe50TZ3gk1ILI1aGeY,wait,wait,54,train,1382.0,freetext,sole gloss,IeLe50TZ3gk1ILI1aGeY.npy
Iwnn5togSejDQFYZxInv,wait,wait,78,train,2045.0,asllex,sole gloss,Iwnn5togSejDQFYZxInv.npy
JKFxVNcuuo69nWkvkuDc,wait,wait,39,train,3340.0,asllex,sole gloss,JKFxVNcuuo69nWkvkuDc.npy
JZrmLDfwz4aY9GbRYCom,wait,wait,11,train,2041.0,asllex,sole gloss,JZrmLDfwz4aY9GbRYCom.npy
KUmfchOhzvMjecdmF3w0,wait,wait,14,train,1803.0,asllex,sole gloss,KUmfchOhzvMjecdmF3w0.npy
L0HJRK74Q0pCYDPrBW5k,wait,wait,11,train,1404.0,asllex,sole gloss,L0HJRK74Q0pCYDPrBW5k.npy
LEWgSB1JkpF6wkvppNHg,wait,wait,7,train,2217.0,asllex,sole gloss,LEWgSB1JkpF6wkvppNHg.npy
LPTGoDU43NHWg2gh3P3j,wait,wait,7,train,2207.0,asllex,sole gloss,LPTGoDU43NHWg2gh3P3j.npy
LSPJm2jfKAY8Q3cLKBHr,wait,wait,84,train,1121.0,asllex,sole gloss,LSPJm2jfKAY8Q3cLKBHr.npy
LTsl7QJVQBvgcPJx2M1J,wait,wait,54,train,3042.0,asllex,sole gloss,LTsl7QJVQBvgcPJx2M1J.npy
MANtoIcRznx5NwhrLqU1,wait,wait,39,val,4204.0,asllex,sole gloss,MANtoIcRznx5NwhrLqU1.npy
MG2Xo9XlWIH2EOU7LerB,wait,wait,39,train,2966.0,asllex,sole gloss,MG2Xo9XlWIH2EOU7LerB.npy
MM94PWXcKE7AgcRRAyiH,wait,wait,50,test,2578.0,asllex,sole gloss,MM94PWXcKE7AgcRRAyiH.npy
MNS13tVuPonr57ChxU5H,wait,wait,35,val,2660.0,asllex,sole gloss,MNS13tVuPonr57ChxU5H.npy
MaQ75GqsElrGokqp07J0,wait,wait,64,test,1571.0,asllex,sole gloss,MaQ75GqsElrGokqp07J0.npy
MhSrrsOtFDnho6XDdtCt,wait,wait,85,val,4026.0,asllex,sole gloss,MhSrrsOtFDnho6XDdtCt.npy
NS7Dm6LpcpCDzjrf7Czj,wait,wait,7,train,2525.0,asllex,sole gloss,NS7Dm6LpcpCDzjrf7Czj.npy
NaxOGc8VAENxcEfj27AO,wait,wait,49,val,1151.0,asllex,sole gloss,NaxOGc8VAENxcEfj27AO.npy
OlWWMJdmpnhmgQGmNKWI,wait,wait,54,train,4634.0,freetext,sole gloss,OlWWMJdmpnhmgQGmNKWI.npy
PK01Dy8KJcQVbpi5Kl11,wait,wait,30,train,1724.0,asllex,sole gloss,PK01Dy8KJcQVbpi5Kl11.npy
Q4tA7kJ7mpZYs7xssIAD,wait,wait,30,train,1522.0,asllex,sole gloss,Q4tA7kJ7mpZYs7xssIAD.npy
RY3FvTNpjMqMj4SHU4Mf,wait,wait,85,train,2522.0,asllex,sole gloss,RY3FvTNpjMqMj4SHU4Mf.npy
RcEF6V2AXoOMkYGFEnHm,wait,wait,61,test,1296.0,asllex,sole gloss,RcEF6V2AXoOMkYGFEnHm.npy
RuvDBQmttMF2Vo95PB9g,wait,wait,42,val,1799.0,freetext,sole gloss,RuvDBQmttMF2Vo95PB9g.npy
SEyUQg4HqkIYVISLd4zl,wait,wait,84,train,2562.0,asllex,sole gloss,SEyUQg4HqkIYVISLd4zl.npy
SPQX2G90NWi5FetB3Fuj,wait,wait,78,train,3832.0,asllex,sole gloss,SPQX2G90NWi5FetB3Fuj.npy
SpQi0QY0KU9LiSteYgJN,wait,wait,62,train,1176.0,asllex,sole gloss,SpQi0QY0KU9LiSteYgJN.npy
T3WCwWioKvsS6Y3Kmi9e,wait,wait,57,test,2441.0,asllex,sole gloss,T3WCwWioKvsS6Y3Kmi9e.npy
ToYMlYbOwnS5zYfYt4BZ,wait,wait,50,test,2360.0,asllex,sole gloss,ToYMlYbOwnS5zYfYt4BZ.npy
UMoRIs4AkS4PdiDvrqUl,wait,wait,84,train,1591.0,asllex,sole gloss,UMoRIs4AkS4PdiDvrqUl.npy
VQ0PitZSvDgOaXowjVN5,wait,wait,49,train,1648.0,asllex,sole gloss,VQ0PitZSvDgOaXowjVN5.npy
WZpJjPsLt4mmuNMb8d1w,wait,wait,35,train,1512.0,asllex,sole gloss,WZpJjPsLt4mmuNMb8d1w.npy
XS8tKpBFoFleUQr0vwZk,wait,wait,39,train,2835.0,asllex,sole gloss,XS8tKpBFoFleUQr0vwZk.npy
Y3GAB1fIYe5aR2AvEYks,wait,wait,30,train,2152.0,asllex,sole gloss,Y3GAB1fIYe5aR2AvEYks.npy
YFMiXvCje8zRgRwp5rHl,wait,wait,57,test,2005.0,asllex,sole gloss,YFMiXvCje8zRgRwp5rHl.npy
YFirkcwpDkkVtIdUSy7D,wait,wait,60,val,1512.0,asllex,sole gloss,YFirkcwpDkkVtIdUSy7D.npy
ZwJKQoSJ7BbJ6JLvhGVd,wait,wait,49,val,1516.0,asllex,sole gloss,ZwJKQoSJ7BbJ6JLvhGVd.npy
bUMvA8TyA3nAvyVcJ4dT,wait,wait,11,train,1628.0,asllex,sole gloss,bUMvA8TyA3nAvyVcJ4dT.npy
bY0R2FLTlGRilH1wKQRr,wait,wait,39,train,3043.0,asllex,sole gloss,bY0R2FLTlGRilH1wKQRr.npy
be4rJQcLqdbhws3yn1dv,wait,wait,30,train,1992.0,asllex,sole gloss,be4rJQcLqdbhws3yn1dv.npy
cTPJKUHT6pWWKmUIQzBD,wait,wait,57,test,1206.0,asllex,sole gloss,cTPJKUHT6pWWKmUIQzBD.npy
d989wXm5YEzByVsIIkR8,wait,wait,54,train,4488.0,freetext,sole gloss,d989wXm5YEzByVsIIkR8.npy
dIZQUiklUb2lLgkgKL8D,wait,wait,11,val,1936.0,asllex,sole gloss,dIZQUiklUb2lLgkgKL8D.npy
do8UZ3eKz1I6VOwbbyTI,wait,wait,14,train,2284.0,asllex,sole gloss,do8UZ3eKz1I6VOwbbyTI.npy
ds3c9n6XcA4JslYyXm5p,wait,wait,64,test,1936.0,asllex,sole gloss,ds3c9n6XcA4JslYyXm5p.npy
dub3yL1FASccewUMBhMY,wait,wait,88,train,1938.0,asllex,sole gloss,dub3yL1FASccewUMBhMY.npy
eXa7JIyxxT0PSH3HClU6,wait,wait,7,train,1803.0,asllex,sole gloss,eXa7JIyxxT0PSH3HClU6.npy
fJOyRa7C0vrEKvLasBOz,wait,wait,84,val,1409.0,asllex,sole gloss,fJOyRa7C0vrEKvLasBOz.npy
fSVgM6JBnnoXtMQy7yO1,wait,wait,30,val,2445.0,asllex,sole gloss,fSVgM6JBnnoXtMQy7yO1.npy
fTBJPq1xDzm6GS4AUzHh,wait,wait,57,test,3493.0,asllex,sole gloss,fTBJPq1xDzm6GS4AUzHh.npy
h39AwZNjrb0Nx8Rx0ZFC,wait,wait,7,train,2420.0,asllex,sole gloss,h39AwZNjrb0Nx8Rx0ZFC.npy
hh5hD067aJ0UeQfBPQDI,wait,wait,46,train,2221.0,asllex,sole gloss,hh5hD067aJ0UeQfBPQDI.npy
hx4yXXLtkrNv2KBQ0mH3,wait,wait,88,train,1772.0,asllex,sole gloss,hx4yXXLtkrNv2KBQ0mH3.npy
jb4wjjDvcdPtfaaVkF6y,wait,wait,35,train,1135.0,asllex,sole gloss,jb4wjjDvcdPtfaaVkF6y.npy
jnWtx41pk7naiSvmZU3d,wait,wait,57,test,2211.0,asllex,sole gloss,jnWtx41pk7naiSvmZU3d.npy
k5C0j1v39hk8SyqINyzV,wait,wait,31,val,1151.0,asllex,sole gloss,k5C0j1v39hk8SyqINyzV.npy
kNuFoOOeUaMClhCiKwnJ,wait,wait,57,test,1815.0,asllex,sole gloss,kNuFoOOeUaMClhCiKwnJ.npy
kbSbiAvDjrQlcthsIWa5,wait,wait,63,train,1412.0,asllex,sole gloss,kbSbiAvDjrQlcthsIWa5.npy
kiyLZhORKAPRX6YYtR2Q,wait,wait,57,test,1992.0,asllex,sole gloss,kiyLZhORKAPRX6YYtR2Q.npy
kocqSchmQLPjGDCuKon0,wait,wait,7,train,2521.0,asllex,sole gloss,kocqSchmQLPjGDCuKon0.npy
lIlxvN3t3toNiRhlyEdg,wait,wait,57,test,2812.0,asllex,sole gloss,lIlxvN3t3toNiRhlyEdg.npy
lRZV66ueQD1fTGnvlz1M,wait,wait,46,val,2955.0,asllex,sole gloss,lRZV66ueQD1fTGnvlz1M.npy
mnWBKQasss4A3srGSKZM,wait,wait,57,test,1151.0,asllex,sole gloss,mnWBKQasss4A3srGSKZM.npy
mncouspHweEl4G05YyEo,wait,wait,49,train,2582.0,asllex,sole gloss,mncouspHweEl4G05YyEo.npy
n7FT7nhHvlxfIyqRuime,wait,wait,88,val,2003.0,asllex,sole gloss,n7FT7nhHvlxfIyqRuime.npy
ox56cFuOO5ZRgex6xsov,wait,wait,84,train,1675.0,asllex,sole gloss,ox56cFuOO5ZRgex6xsov.npy
pUNKzU7RCniTPRZVWdZ3,wait,wait,7,val,2622.0,asllex,sole gloss,pUNKzU7RCniTPRZVWdZ3.npy
pdfokSfXlnyN3f8d3kUN,wait,wait,62,train,1527.0,asllex,sole gloss,pdfokSfXlnyN3f8d3kUN.npy
pp0XwztNFd2ZNBlKEVp7,wait,wait,38,train,2449.0,asllex,sole gloss,pp0XwztNFd2ZNBlKEVp7.npy
q58JpobIxG5ZGlZ5aDvP,wait,wait,48,test,1142.0,asllex,sole gloss,q58JpobIxG5ZGlZ5aDvP.npy
tKuSLBr5YyIT7pqCRQI2,wait,wait,39,train,3010.0,asllex,sole gloss,tKuSLBr5YyIT7pqCRQI2.npy
uxlQevxD3gOf0nvBpJdM,wait,wait,39,train,3990.0,asllex,sole gloss,uxlQevxD3gOf0nvBpJdM.npy
vLISGkZwh5nnTz2Yw3ay,wait,wait,11,train,1495.0,asllex,sole gloss,vLISGkZwh5nnTz2Yw3ay.npy
w4QppbgH21KTvznN881v,wait,wait,39,train,2619.0,asllex,sole gloss,w4QppbgH21KTvznN881v.npy
wAlU7D0Napw85KdUCUpx,wait,wait,59,train,2301.0,asllex,sole gloss,wAlU7D0Napw85KdUCUpx.npy
xIyWl3EDCG5sH51Vlu8J,wait,wait,39,train,4840.0,asllex,sole gloss,xIyWl3EDCG5sH51Vlu8J.npy
xJaya0ntHbjWBLKa9EaJ,wait,wait,39,train,4279.0,asllex,sole gloss,xJaya0ntHbjWBLKa9EaJ.npy
xjyKgZkWINbZVQkKIAZ0,wait,wait,11,val,2316.0,asllex,sole gloss,xjyKgZkWINbZVQkKIAZ0.npy
xkbsjP8ZJReHNsAogt9t,wait,wait,31,train,2221.0,asllex,sole gloss,xkbsjP8ZJReHNsAogt9t.npy
y7CrVt1nbTdu2s3d2chB,wait,wait,17,train,2623.0,asllex,sole gloss,y7CrVt1nbTdu2s3d2chB.npy
yTKo3Pkrx1mYuZulftUk,wait,wait,48,test,991.0,asllex,sole gloss,yTKo3Pkrx1mYuZulftUk.npy
yqT218jLa3orZ3tHlUul,wait,wait,84,train,1475.0,asllex,sole gloss,yqT218jLa3orZ3tHlUul.npy
yvYGPd7dSgwRzfwStpTJ,wait,wait,38,train,2783.0,asllex,sole gloss,yvYGPd7dSgwRzfwStpTJ.npy
zUQepdwXiw1jTg6reN3h,wait,wait,60,train,1856.0,asllex,sole gloss,zUQepdwXiw1jTg6reN3h.npy
0YMpFEVxGhBgeDYVzOxK,walk,walk,50,test,3360.0,asllex,sole gloss,0YMpFEVxGhBgeDYVzOxK.npy
0sGSdivnc5d1z0oxuMYk,walk,walk,39,val,2493.0,asllex,sole gloss,0sGSdivnc5d1z0oxuMYk.npy
12Q7ArA1qKXHds9yVvUA,walk,walk,31,train,2574.0,asllex,sole gloss,12Q7ArA1qKXHds9yVvUA.npy
2sPsDGVDW7MoIXC3AtNH,walk,walk,12,val,2492.0,asllex,sole gloss,2sPsDGVDW7MoIXC3AtNH.npy
2x7CzMkSlPwtShj15Qq3,walk,walk,7,val,2363.0,asllex,sole gloss,2x7CzMkSlPwtShj15Qq3.npy
4Wemt1lyv4qjMguvg9H3,walk,walk,14,train,1566.0,asllex,sole gloss,4Wemt1lyv4qjMguvg9H3.npy
4vvHdxolnmdJXLsXHZrM,walk,walk,59,train,2820.0,asllex,sole gloss,4vvHdxolnmdJXLsXHZrM.npy
514MoBXXnbvK1fDngtB4,walk,walk,39,train,5172.0,asllex,sole gloss,514MoBXXnbvK1fDngtB4.npy
5ILOiM148q5ujwvgyFWc,walk,walk,63,train,1802.0,asllex,sole gloss,5ILOiM148q5ujwvgyFWc.npy
5SJzzfxCbz09ZpgWcSEw,walk,walk,31,val,1961.0,asllex,sole gloss,5SJzzfxCbz09ZpgWcSEw.npy
8P1Dw9hKCEg5CulTI19t,walk,walk,57,test,1362.0,asllex,sole gloss,8P1Dw9hKCEg5CulTI19t.npy
8QRiBkkBPuzmNR6fkL8Z,walk,walk,63,train,1520.0,asllex,sole gloss,8QRiBkkBPuzmNR6fkL8Z.npy
AKelx7OouVCFwXT2Y3pB,walk,walk,49,train,2001.0,asllex,sole gloss,AKelx7OouVCFwXT2Y3pB.npy
BDJOWWabyHfuQ3qZcbwr,walk,walk,31,train,2075.0,asllex,sole gloss,BDJOWWabyHfuQ3qZcbwr.npy
BPx0fls22WSGSduuVcoJ,walk,walk,39,train,2873.0,asllex,sole gloss,BPx0fls22WSGSduuVcoJ.npy
CdfYdrEEgSSnllLJ9ZsS,walk,walk,50,test,2113.0,asllex,sole gloss,CdfYdrEEgSSnllLJ9ZsS.npy
DZX9MDJYiJRv39JVun6J,walk,walk,39,train,2713.0,asllex,sole gloss,DZX9MDJYiJRv39JVun6J.npy
E0BGNjKfhL5N7OW5V0bC,walk,walk,49,train,1514.0,asllex,sole gloss,E0BGNjKfhL5N7OW5V0bC.npy
FNCWoI5hkc1HNn5xVDXN,walk,walk,23,train,2254.0,asllex,sole gloss,FNCWoI5hkc1HNn5xVDXN.npy
FplME9eNqgVbFk0tWZKQ,walk,walk,80,train,3150.0,freetext,sole gloss,FplME9eNqgVbFk0tWZKQ.npy
HqVLs2hHdobyFz6sg1tA,walk,walk,7,train,2151.0,asllex,sole gloss,HqVLs2hHdobyFz6sg1tA.npy
IJoIJAnOb72shfSB9ByA,walk,walk,62,train,1054.0,asllex,sole gloss,IJoIJAnOb72shfSB9ByA.npy
Jf8Z8NjY3umXib1h2r6J,walk,walk,49,train,1707.0,asllex,sole gloss,Jf8Z8NjY3umXib1h2r6J.npy
LC1hF7EWbNCpDyT18uLA,walk,walk,59,train,2562.0,asllex,sole gloss,LC1hF7EWbNCpDyT18uLA.npy
Ldlzcarz5Br5fDwS2OBv,walk,walk,59,val,1899.0,asllex,sole gloss,Ldlzcarz5Br5fDwS2OBv.npy
NpH2vprVDgkK2GHNtMBp,walk,walk,88,train,3162.0,asllex,sole gloss,NpH2vprVDgkK2GHNtMBp.npy
PBY5QdghzN83DYQQ8ZNL,walk,walk,63,train,2243.0,asllex,sole gloss,PBY5QdghzN83DYQQ8ZNL.npy
PWehVkgOoHW6z2zCsTdJ,walk,walk,36,test,2650.0,freetext,sole gloss,PWehVkgOoHW6z2zCsTdJ.npy
PwvfhAXa11rKJErcv5cl,walk,walk,63,train,2159.0,asllex,sole gloss,PwvfhAXa11rKJErcv5cl.npy
QRCqSz7JsOfgJ0JdyjNb,walk,walk,49,val,1507.0,asllex,sole gloss,QRCqSz7JsOfgJ0JdyjNb.npy
RHxzVZ6BRuxjhBrtun4t,walk,walk,64,test,1783.0,asllex,sole gloss,RHxzVZ6BRuxjhBrtun4t.npy
RKR8nd5NUSyVuiKJDG4t,walk,walk,7,val,2432.0,asllex,sole gloss,RKR8nd5NUSyVuiKJDG4t.npy
TfQN49CsLEIgPfaHXQap,walk,walk,17,val,1885.0,asllex,sole gloss,TfQN49CsLEIgPfaHXQap.npy
W3x8USGXl2emcUm48Wnc,walk,walk,39,train,2887.0,asllex,sole gloss,W3x8USGXl2emcUm48Wnc.npy
ZietFad1lFld4fYNw4w6,walk,walk,50,test,1890.0,asllex,sole gloss,ZietFad1lFld4fYNw4w6.npy
ayWn57oH9Rs1QrNVPTXy,walk,walk,88,val,2434.0,asllex,sole gloss,ayWn57oH9Rs1QrNVPTXy.npy
b4x6i9728aVFmEBbcnSM,walk,walk,52,train,4125.0,asllex,sole gloss,b4x6i9728aVFmEBbcnSM.npy
cMUT700oPpIsaqPrrTwG,walk,walk,62,train,980.0,asllex,sole gloss,cMUT700oPpIsaqPrrTwG.npy
cNBt8ccBADeIrTrV68dN,walk,walk,49,train,1118.0,asllex,sole gloss,cNBt8ccBADeIrTrV68dN.npy
dj84l9gmsPjIK2Xt6RFv,walk,walk,38,train,3321.0,asllex,sole gloss,dj84l9gmsPjIK2Xt6RFv.npy
dztECEyIxyfOAnAvmz6T,walk,walk,80,train,2794.0,asllex,sole gloss,dztECEyIxyfOAnAvmz6T.npy
eTjrZLgdl9a1JrmSiFzX,walk,walk,53,test,1855.0,asllex,sole gloss,eTjrZLgdl9a1JrmSiFzX.npy
efa7VzlpWS8vHWxPdrbp,walk,walk,49,train,1926.0,asllex,sole gloss,efa7VzlpWS8vHWxPdrbp.npy
gMIPs0jg3L5FgoZkMpIH,walk,walk,15,train,1411.0,asllex,sole gloss,gMIPs0jg3L5FgoZkMpIH.npy
h7FiaZKA8qReuCtq9vnb,walk,walk,11,train,1827.0,asllex,sole gloss,h7FiaZKA8qReuCtq9vnb.npy
iE8Bi1DEC7jhySAX4NAS,walk,walk,12,train,1653.0,asllex,sole gloss,iE8Bi1DEC7jhySAX4NAS.npy
iKZQHdYjIAkmOKMYBA1E,walk,walk,39,val,3339.0,asllex,sole gloss,iKZQHdYjIAkmOKMYBA1E.npy
isHXT7dfHfUMKeP0SVZw,walk,walk,8,train,1892.0,asllex,sole gloss,isHXT7dfHfUMKeP0SVZw.npy
lyLKs83NAaMyNkQsSK1f,walk,walk,53,test,2189.0,asllex,sole gloss,lyLKs83NAaMyNkQsSK1f.npy
mSzdOkVlXFqjwQxfpQep,walk,walk,39,train,2073.0,asllex,sole gloss,mSzdOkVlXFqjwQxfpQep.npy
nA9rppHcObxb5VQF0kzk,walk,walk,12,train,1311.0,asllex,sole gloss,nA9rppHcObxb5VQF0kzk.npy
tnWy2k5hcS5OAl1lVRON,walk,walk,11,val,1561.0,asllex,sole gloss,tnWy2k5hcS5OAl1lVRON.npy
uvOTkvUEn8qlTuTeqxhd,walk,walk,88,train,2295.0,asllex,sole gloss,uvOTkvUEn8qlTuTeqxhd.npy
wYXlH0eDznlqyo3oanuv,walk,walk,61,test,1256.0,freetext,sole gloss,wYXlH0eDznlqyo3oanuv.npy
wjPF8IgY8vJCjVlXZk4k,walk,walk,7,train,2319.0,asllex,sole gloss,wjPF8IgY8vJCjVlXZk4k.npy
12GEC8pGzasy1AJpquxA,want,want,11,train,1277.0,asllex,sole gloss,12GEC8pGzasy1AJpquxA.npy
165XANUEs2BwxAfLDkXV,want,want,57,test,1114.0,freetext,sole gloss,165XANUEs2BwxAfLDkXV.npy
1KYJTnGLhecTiRMQYzJS,want,want,57,test,2125.0,asllex,sole gloss,1KYJTnGLhecTiRMQYzJS.npy
1bLQumAXFnFfrYRo6x5i,want,want,17,train,2050.0,asllex,sole gloss,1bLQumAXFnFfrYRo6x5i.npy
25gXMGPuMWYi6UK0Q1N5,want,want,62,val,1062.0,asllex,sole gloss,25gXMGPuMWYi6UK0Q1N5.npy
35tFxY7mlu0WFRXCiLHy,want,want,7,train,1869.0,asllex,sole gloss,35tFxY7mlu0WFRXCiLHy.npy
3ML8lgL1ICH8Z690yqRf,want,want,11,train,1396.0,asllex,sole gloss,3ML8lgL1ICH8Z690yqRf.npy
44QIj7aqWzQTBHsnsyj4,want,want,88,train,3961.0,asllex,sole gloss,44QIj7aqWzQTBHsnsyj4.npy
4QFIDQz11X9FIOlMkZzO,want,want,11,train,1580.0,asllex,sole gloss,4QFIDQz11X9FIOlMkZzO.npy
6YLA0HRHhV4I9qrzht5C,want,want,57,test,2020.0,asllex,sole gloss,6YLA0HRHhV4I9qrzht5C.npy
6uxpVrIffkae5jKa6wm3,want,want,7,train,2391.0,asllex,sole gloss,6uxpVrIffkae5jKa6wm3.npy
76Sdo9DD3WzMDzq0TZea,want,want,38,val,3035.0,asllex,sole gloss,76Sdo9DD3WzMDzq0TZea.npy
7C1DoUtADtBjqH4esHVc,want,want,49,train,3003.0,asllex,sole gloss,7C1DoUtADtBjqH4esHVc.npy
7OxKgRVnZb2OEcujHeYQ,want,want,46,train,3372.0,asllex,sole gloss,7OxKgRVnZb2OEcujHeYQ.npy
9beDlq4vghnbXymrVcMf,want,want,46,train,2841.0,asllex,sole gloss,9beDlq4vghnbXymrVcMf.npy
9mKhSnnmK78kRaYkFbMN,want,want,88,train,1729.0,asllex,sole gloss,9mKhSnnmK78kRaYkFbMN.npy
9tA7U2HmwPXO9sxJth1q,want,want,17,train,1010.0,asllex,sole gloss,9tA7U2HmwPXO9sxJth1q.npy
Ah0dj5AurcdDjSAqDxCr,want,want,17,val,1771.0,freetext,sole gloss,Ah0dj5AurcdDjSAqDxCr.npy
BCIXB6LEkrHOSZFL5lYx,want,want,38,val,2853.0,asllex,sole gloss,BCIXB6LEkrHOSZFL5lYx.npy
CkWuxRckkwozMJpvBR88,want,want,30,val,1622.0,asllex,sole gloss,CkWuxRckkwozMJpvBR88.npy
E0awts2xfUOCsIggSc6c,want,want,88,train,2049.0,asllex,sole gloss,E0awts2xfUOCsIggSc6c.npy
EVjZQdytYxicLP2dk9jM,want,want,46,train,2151.0,asllex,sole gloss,EVjZQdytYxicLP2dk9jM.npy
FqbxNJq3w5Jdyrab3RhB,want,want,54,train,1897.0,asllex,sole gloss,FqbxNJq3w5Jdyrab3RhB.npy
GH2PzJFJBQ6bX3YR8zaX,want,want,84,train,1669.0,asllex,sole gloss,GH2PzJFJBQ6bX3YR8zaX.npy
GSObIUViFrthUAmzw7lu,want,want,43,train,2438.0,asllex,sole gloss,GSObIUViFrthUAmzw7lu.npy
H6WjUMh4mLJlR5LZrgVg,want,want,39,train,2928.0,asllex,sole gloss,H6WjUMh4mLJlR5LZrgVg.npy
IU5g2FUvUew8lkuObxam,want,want,57,test,1760.0,asllex,sole gloss,IU5g2FUvUew8lkuObxam.npy
Ids7nfVpRhHKxGv2RZwm,want,want,39,val,2555.0,asllex,sole gloss,Ids7nfVpRhHKxGv2RZwm.npy
Imh8CASt3FiZkLmHwDIr,want,want,49,train,1393.0,asllex,sole gloss,Imh8CASt3FiZkLmHwDIr.npy
JhUMY5WvNapW9CUOBjZj,want,want,39,train,4099.0,asllex,sole gloss,JhUMY5WvNapW9CUOBjZj.npy
K2sS39Fq4MgUZr5CXGbV,want,want,7,val,2693.0,asllex,sole gloss,K2sS39Fq4MgUZr5CXGbV.npy
Lrttp3qncJ4flThOqoZ7,want,want,17,train,1138.0,asllex,sole gloss,Lrttp3qncJ4flThOqoZ7.npy
MFDeQCbIPSMO1hGn5Nrj,want,want,35,train,1545.0,asllex,sole gloss,MFDeQCbIPSMO1hGn5Nrj.npy
MNpzL1wtZGAXnZi4WEcb,want,want,57,test,1011.0,asllex,sole gloss,MNpzL1wtZGAXnZi4WEcb.npy
N0RDex5qJhx2WMJ48Pj2,want,want,88,train,1900.0,asllex,sole gloss,N0RDex5qJhx2WMJ48Pj2.npy
NLkgIdRyOPUpxEBN1OS7,want,want,7,train,2973.0,asllex,sole gloss,NLkgIdRyOPUpxEBN1OS7.npy
OplYcpkvElJE2S9N93g2,want,want,35,train,1614.0,asllex,sole gloss,OplYcpkvElJE2S9N93g2.npy
PLLJqxbcKTLUusQSawHp,want,want,35,val,1365.0,asllex,sole gloss,PLLJqxbcKTLUusQSawHp.npy
Px7neJGUd28OYuXcYjiF,want,want,59,train,2116.0,asllex,sole gloss,Px7neJGUd28OYuXcYjiF.npy
Q7rBUYR7z0SO2GmnSGfC,want,want,35,train,1469.0,asllex,sole gloss,Q7rBUYR7z0SO2GmnSGfC.npy
QVnFy5flp1SDbKibMeLH,want,want,88,train,2705.0,asllex,sole gloss,QVnFy5flp1SDbKibMeLH.npy
RS95NbHUT2HMGhbe7MmG,want,want,85,val,2900.0,asllex,sole gloss,RS95NbHUT2HMGhbe7MmG.npy
UAXobqPrzO5Q05RG94Ls,want,want,63,train,1633.0,asllex,sole gloss,UAXobqPrzO5Q05RG94Ls.npy
UhsP3TMK4g8snHANlufX,want,want,54,train,3121.0,asllex,sole gloss,UhsP3TMK4g8snHANlufX.npy
VVY92ZBEwXzkc8HRIZZd,want,want,42,train,2243.0,freetext,sole gloss,VVY92ZBEwXzkc8HRIZZd.npy
YDSlRFsPNSWLJm0tNIoT,want,want,61,test,2176.0,asllex,sole gloss,YDSlRFsPNSWLJm0tNIoT.npy
YOitMm1cWWrVga12Z7uU,want,want,88,train,1745.0,asllex,sole gloss,YOitMm1cWWrVga12Z7uU.npy
aG6W5cyHMp1M4yRt5INq,want,want,14,val,1886.0,asllex,sole gloss,aG6W5cyHMp1M4yRt5INq.npy
bZo2vfcarUQmG8MtvYys,want,want,57,test,1423.0,asllex,sole gloss,bZo2vfcarUQmG8MtvYys.npy
bkDRTrIVrTDgqR99707x,want,want,57,test,1533.0,asllex,sole gloss,bkDRTrIVrTDgqR99707x.npy
cQVW23bOBOxhwdC48lfi,want,want,80,val,1880.0,asllex,sole gloss,cQVW23bOBOxhwdC48lfi.npy
gRrrNoC6xoNG6chWCAC7,want,want,30,val,2643.0,asllex,sole gloss,gRrrNoC6xoNG6chWCAC7.npy
h1PpuS6OJjxH5mbz4ovp,want,want,46,train,2502.0,asllex,sole gloss,h1PpuS6OJjxH5mbz4ovp.npy
iqJYFFIOPcmhJWAQTN3j,want,want,80,train,1670.0,asllex,sole gloss,iqJYFFIOPcmhJWAQTN3j.npy
iwrix8bpm93IwZoowVw5,want,want,35,train,1374.0,asllex,sole gloss,iwrix8bpm93IwZoowVw5.npy
jLRMx04foQtGrHz0InMI,want,want,80,train,2268.0,asllex,sole gloss,jLRMx04foQtGrHz0InMI.npy
jMlLwoeCkt01CwvLedCr,want,want,57,test,1252.0,asllex,sole gloss,jMlLwoeCkt01CwvLedCr.npy
jOzploU5mznI4rtAf4NU,want,want,7,train,2184.0,asllex,sole gloss,jOzploU5mznI4rtAf4NU.npy
jozffei08lYnDtvbFQoT,want,want,35,train,1654.0,asllex,sole gloss,jozffei08lYnDtvbFQoT.npy
k8bL9M2OFWojvJMlsHeK,want,want,49,train,1151.0,asllex,sole gloss,k8bL9M2OFWojvJMlsHeK.npy
kSZoWLeUeupJHX2hF3s0,want,want,39,val,4280.0,asllex,sole gloss,kSZoWLeUeupJHX2hF3s0.npy
kdVS7L53rv26bcmtcZs6,want,want,43,train,3163.0,asllex,sole gloss,kdVS7L53rv26bcmtcZs6.npy
lJdmHYe0KKUlvUGB59eb,want,want,61,test,1944.0,asllex,sole gloss,lJdmHYe0KKUlvUGB59eb.npy
lQUVhVRI7NZAbA5WLmWR,want,want,31,train,1557.0,asllex,sole gloss,lQUVhVRI7NZAbA5WLmWR.npy
mF2QuDZpMMd6AEtBVAhe,want,want,76,val,3861.0,asllex,sole gloss,mF2QuDZpMMd6AEtBVAhe.npy
mVl15rtAlCG5Gd85R6jj,want,want,11,train,1498.0,asllex,sole gloss,mVl15rtAlCG5Gd85R6jj.npy
pRiRtQOsGq9UsTN56Ul1,want,want,46,train,5601.0,asllex,sole gloss,pRiRtQOsGq9UsTN56Ul1.npy
pXPoqDiHwObKt2mgnC9K,want,want,84,train,1342.0,asllex,sole gloss,pXPoqDiHwObKt2mgnC9K.npy
pd1CwuDaJ17Znhbjcflz,want,want,11,train,1745.0,asllex,sole gloss,pd1CwuDaJ17Znhbjcflz.npy
rMh6Ht3sMzxEauKfnMtL,want,want,35,val,1543.0,asllex,sole gloss,rMh6Ht3sMzxEauKfnMtL.npy
rzwjLtuk4OOYNxyCFCfT,want,want,48,test,987.0,asllex,sole gloss,rzwjLtuk4OOYNxyCFCfT.npy
tCcqgeKawsCAy3Zap7Wt,want,want,48,test,1544.0,asllex,sole gloss,tCcqgeKawsCAy3Zap7Wt.npy
uSfYZflBDF0RZgzg2OCK,want,want,35,train,1505.0,asllex,sole gloss,uSfYZflBDF0RZgzg2OCK.npy
ueCzhxOVXXKf2fG3VXtb,want,want,36,test,2181.0,asllex,sole gloss,ueCzhxOVXXKf2fG3VXtb.npy
unXyrSPmnFTIaosvEYfg,want,want,49,val,1224.0,asllex,sole gloss,unXyrSPmnFTIaosvEYfg.npy
uyTqBGpMot8ytwCtX6x8,want,want,7,train,2786.0,asllex,sole gloss,uyTqBGpMot8ytwCtX6x8.npy
vdLW8WGlW7p6TOetIHKB,want,want,8,val,1311.0,asllex,sole gloss,vdLW8WGlW7p6TOetIHKB.npy
voc7RIz2bxYd1H8Qe44l,want,want,63,train,1666.0,asllex,sole gloss,voc7RIz2bxYd1H8Qe44l.npy
xVxDfrgfB586luV2fCdn,want,want,84,train,1511.0,asllex,sole gloss,xVxDfrgfB586luV2fCdn.npy
xx6m9MkBpNcC0Uqk14pj,want,want,84,train,1620.0,asllex,sole gloss,xx6m9MkBpNcC0Uqk14pj.npy
y46LB23fFBrODsAh6CXl,want,want,49,train,1335.0,asllex,sole gloss,y46LB23fFBrODsAh6CXl.npy
yVWVCVP1K1DlJtLC80AW,want,want,57,test,1299.0,asllex,sole gloss,yVWVCVP1K1DlJtLC80AW.npy
zecpaVrnKhE1mrKXWisw,want,want,46,val,3701.0,asllex,sole gloss,zecpaVrnKhE1mrKXWisw.npy
0HnTA3QeRzdZo8Lq0NVz,water,water,52,train,4387.0,asllex,sole gloss,0HnTA3QeRzdZo8Lq0NVz.npy
0Jdj1PbAb7LcRg4EC6E5,water,water,61,test,1602.0,asllex,sole gloss,0Jdj1PbAb7LcRg4EC6E5.npy
0MvgLdYSFvJwriKpXN17,water,water,62,train,1984.0,asllex,sole gloss,0MvgLdYSFvJwriKpXN17.npy
0NebUhmNKzxIBbdtlSr9,water,water,62,train,1102.0,asllex,sole gloss,0NebUhmNKzxIBbdtlSr9.npy
0dmahsh2zrioSwIi7e2n,water,water,64,test,1649.0,asllex,sole gloss,0dmahsh2zrioSwIi7e2n.npy
0e1CCjkSUIq95EBEsyrs,water,water,61,test,1428.0,asllex,sole gloss,0e1CCjkSUIq95EBEsyrs.npy
0n6a8mGCXsN8FxPBtBEj,water,water,88,train,1790.0,asllex,sole gloss,0n6a8mGCXsN8FxPBtBEj.npy
1CbzhLrXJicLDa76jDhi,water,water,88,train,1781.0,asllex,sole gloss,1CbzhLrXJicLDa76jDhi.npy
1KMUi6mE1ZSE8cMcvwKP,water,water,49,train,1006.0,asllex,sole gloss,1KMUi6mE1ZSE8cMcvwKP.npy
1MzqgNV8mAnBYDV5SYiZ,water,water,84,val,1377.0,asllex,sole gloss,1MzqgNV8mAnBYDV5SYiZ.npy
1UX6nGDeARgMnvQyI8dJ,water,water,84,val,1333.0,asllex,sole gloss,1UX6nGDeARgMnvQyI8dJ.npy
1r0tCmOSUZ6biK3r1JtS,water,water,46,train,1982.0,asllex,sole gloss,1r0tCmOSUZ6biK3r1JtS.npy
2CDyRjenISE95dVLXjHI,water,water,84,train,1995.0,asllex,sole gloss,2CDyRjenISE95dVLXjHI.npy
2GMk6BF6vglSUBMzLsmi,water,water,14,val,1448.0,asllex,sole gloss,2GMk6BF6vglSUBMzLsmi.npy
2OtrIpDoLLePL5Ih9VjO,water,water,64,test,1880.0,asllex,sole gloss,2OtrIpDoLLePL5Ih9VjO.npy
2XKi9AySTxtDlNmMsaOG,water,water,43,val,2462.0,asllex,sole gloss,2XKi9AySTxtDlNmMsaOG.npy
2oACY8VuNiaQBifyNWta,water,water,7,val,1916.0,asllex,sole gloss,2oACY8VuNiaQBifyNWta.npy
3QAEL70w7dBwtBDjSRsC,water,water,88,train,1770.0,asllex,sole gloss,3QAEL70w7dBwtBDjSRsC.npy
3RWjKl2ZbVFApvitF0lw,water,water,49,val,1143.0,asllex,sole gloss,3RWjKl2ZbVFApvitF0lw.npy
3ms06tVrjJClhy2GvApn,water,water,88,train,1851.0,asllex,sole gloss,3ms06tVrjJClhy2GvApn.npy
409SEnMpYIxaFsPU1Lbr,water,water,84,train,1504.0,asllex,sole gloss,409SEnMpYIxaFsPU1Lbr.npy
43ZJGBpAurZFlwcI5CPn,water,water,84,train,2087.0,asllex,sole gloss,43ZJGBpAurZFlwcI5CPn.npy
4B14V8rUcSZjXiXhUfZ0,water,water,49,train,1407.0,asllex,sole gloss,4B14V8rUcSZjXiXhUfZ0.npy
4KvDLdC6ClTvDYRY147R,water,water,8,train,1416.0,asllex,sole gloss,4KvDLdC6ClTvDYRY147R.npy
4LzqBAb6M6xWBWSptoj8,water,water,59,train,2760.0,asllex,sole gloss,4LzqBAb6M6xWBWSptoj8.npy
4SeSM8zpLgq9VmPdBzdV,water,water,84,val,1340.0,asllex,sole gloss,4SeSM8zpLgq9VmPdBzdV.npy
4gnVohq7Pq0VM382IziF,water,water,7,train,2207.0,asllex,sole gloss,4gnVohq7Pq0VM382IziF.npy
4jDIR1XsQ5yjFz5jJixj,water,water,48,test,1775.0,asllex,sole gloss,4jDIR1XsQ5yjFz5jJixj.npy
54UAidgRwrqRLCu8IEpE,water,water,84,train,1287.0,asllex,sole gloss,54UAidgRwrqRLCu8IEpE.npy
5HvAL6N75qBoXEIVO8e7,water,water,61,test,1563.0,asllex,sole gloss,5HvAL6N75qBoXEIVO8e7.npy
5NwkM5u8W9j0vvnWPESM,water,water,61,test,1362.0,asllex,sole gloss,5NwkM5u8W9j0vvnWPESM.npy
5QVERLHe3RpqbNr5b3o8,water,water,53,test,1745.0,asllex,sole gloss,5QVERLHe3RpqbNr5b3o8.npy
5TTdrtEzN1elRh4qAQTL,water,water,60,train,666.0,asllex,sole gloss,5TTdrtEzN1elRh4qAQTL.npy
5U4AARwFeuLa3YMQTBlL,water,water,57,test,1407.0,asllex,sole gloss,5U4AARwFeuLa3YMQTBlL.npy
5VvQNN9SRJIcTsbJMSOD,water,water,57,test,1508.0,asllex,sole gloss,5VvQNN9SRJIcTsbJMSOD.npy
5WwMfZo2vo2zTPVXdO6q,water,water,48,test,5486.0,asllex,sole gloss,5WwMfZo2vo2zTPVXdO6q.npy
5e3nbhwrHvOdbBcIflWb,water,water,39,train,1970.0,asllex,sole gloss,5e3nbhwrHvOdbBcIflWb.npy
69XCXG2pRf2k7wWU66K4,water,water,85,val,2301.0,asllex,sole gloss,69XCXG2pRf2k7wWU66K4.npy
69vnICxHsECQl2rPhCNC,water,water,85,val,2517.0,asllex,sole gloss,69vnICxHsECQl2rPhCNC.npy
6HZg6h5lAxTgksikJNha,water,water,8,train,1584.0,asllex,sole gloss,6HZg6h5lAxTgksikJNha.npy
6NKRBzvluq3le90K6o44,water,water,85,train,3259.0,asllex,sole gloss,6NKRBzvluq3le90K6o44.npy
6bcwgZMnY83rkDoZrhUB,water,water,62,train,1278.0,asllex,sole gloss,6bcwgZMnY83rkDoZrhUB.npy
6kFXGwbluLoBQ2mcN1YS,water,water,39,train,4139.0,asllex,sole gloss,6kFXGwbluLoBQ2mcN1YS.npy
6lfnW3fRbwreslyA4dTs,water,water,12,val,2232.0,asllex,sole gloss,6lfnW3fRbwreslyA4dTs.npy
7AiQYs4WntsF896yTa4i,water,water,63,train,1473.0,asllex,sole gloss,7AiQYs4WntsF896yTa4i.npy
7Kj4VGQcA2uLcqGNKrQn,water,water,46,val,2511.0,asllex,sole gloss,7Kj4VGQcA2uLcqGNKrQn.npy
7mBumHUcHBg6Q8mU2jIm,water,water,8,train,1514.0,asllex,sole gloss,7mBumHUcHBg6Q8mU2jIm.npy
8Hv2yfrgcphHe32qc7aK,water,water,88,train,3145.0,asllex,sole gloss,8Hv2yfrgcphHe32qc7aK.npy
8JOOZfSLhh5HeKW7kVLf,water,water,85,train,2503.0,asllex,sole gloss,8JOOZfSLhh5HeKW7kVLf.npy
8KLgYzRo440MBV0OIZSB,water,water,84,train,1779.0,asllex,sole gloss,8KLgYzRo440MBV0OIZSB.npy
8SkkQ51R8JxFeybPJd9W,water,water,84,train,1564.0,asllex,sole gloss,8SkkQ51R8JxFeybPJd9W.npy
8b1a9ziZA3RxvGyWi0ke,water,water,48,test,1286.0,asllex,sole gloss,8b1a9ziZA3RxvGyWi0ke.npy
9CqbVs0hc4QrWlroD28d,water,water,17,train,898.0,asllex,sole gloss,9CqbVs0hc4QrWlroD28d.npy
9PQLUwuHVq8HaLCJPt3D,water,water,30,val,1974.0,asllex,sole gloss,9PQLUwuHVq8HaLCJPt3D.npy
9XLIU63xVm1EEt7fMX4h,water,water,12,train,3750.0,asllex,sole gloss,9XLIU63xVm1EEt7fMX4h.npy
9XZ6oSKifcF5Ohue7jQq,water,water,7,train,2317.0,asllex,sole gloss,9XZ6oSKifcF5Ohue7jQq.npy
9rqfNUQbRftOPa8ksa7W,water,water,85,train,2969.0,asllex,sole gloss,9rqfNUQbRftOPa8ksa7W.npy
AFBXBcB2VrtbILrHQ4Uo,water,water,7,val,2430.0,asllex,sole gloss,AFBXBcB2VrtbILrHQ4Uo.npy
AHtci1uELbk1YSRmX8zO,water,water,50,test,4572.0,asllex,sole gloss,AHtci1uELbk1YSRmX8zO.npy
AMbTRoC7GAdGnUpBPRIY,water,water,80,val,1870.0,asllex,sole gloss,AMbTRoC7GAdGnUpBPRIY.npy
ATDwCAdCGb4fep6VOLM5,water,water,61,test,1148.0,asllex,sole gloss,ATDwCAdCGb4fep6VOLM5.npy
AX2baSa9l88mtC1sAhPt,water,water,62,train,1152.0,asllex,sole gloss,AX2baSa9l88mtC1sAhPt.npy
AgtXysBp0Hh8QLC1cnQT,water,water,47,test,3460.0,asllex,sole gloss,AgtXysBp0Hh8QLC1cnQT.npy
ApnuM0JGOpb5H4DM3EDK,water,water,49,train,1461.0,asllex,sole gloss,ApnuM0JGOpb5H4DM3EDK.npy
AqMhM23WnyiYSkYpf7qv,water,water,88,train,3642.0,asllex,sole gloss,AqMhM23WnyiYSkYpf7qv.npy
AyijFpuXH1g3wI8mVIsS,water,water,60,train,1366.0,asllex,sole gloss,AyijFpuXH1g3wI8mVIsS.npy
B1XQCQKDFIBRcm2dZJ5Y,water,water,61,test,1911.0,asllex,sole gloss,B1XQCQKDFIBRcm2dZJ5Y.npy
B3gBTrOV8G6KI2zgimBF,water,water,8,val,1467.0,asllex,sole gloss,B3gBTrOV8G6KI2zgimBF.npy
BLUvxtUgZZxonwFUGHvD,water,water,84,val,1227.0,asllex,sole gloss,BLUvxtUgZZxonwFUGHvD.npy
BQKPkRf4IdETJvrTEVZJ,water,water,60,val,1327.0,asllex,sole gloss,BQKPkRf4IdETJvrTEVZJ.npy
BjDnfmrnN2NlwQMIAsSM,water,water,52,train,3933.0,asllex,sole gloss,BjDnfmrnN2NlwQMIAsSM.npy
BkcNmv5SSTwfWxMXOtHB,water,water,59,train,2286.0,asllex,sole gloss,BkcNmv5SSTwfWxMXOtHB.npy
BmXe4jItnfFRgZjpSUYy,water,water,64,test,2105.0,asllex,sole gloss,BmXe4jItnfFRgZjpSUYy.npy
ByWSXoFbMsg2gFvihZQU,water,water,84,train,1890.0,asllex,sole gloss,ByWSXoFbMsg2gFvihZQU.npy
C1VzowRYuYuXVwnTmUEF,water,water,85,val,2871.0,asllex,sole gloss,C1VzowRYuYuXVwnTmUEF.npy
C6fo5ZzQkGZRvQ38jtW5,water,water,38,train,3151.0,asllex,sole gloss,C6fo5ZzQkGZRvQ38jtW5.npy
C9qN0gnjn4lburAuiP4f,water,water,12,val,1373.0,asllex,sole gloss,C9qN0gnjn4lburAuiP4f.npy
CNQRzKf8G2H6U1cgdy6K,water,water,38,train,3327.0,asllex,sole gloss,CNQRzKf8G2H6U1cgdy6K.npy
CSTdzPvq1kk9UNMzlVB3,water,water,49,val,1223.0,asllex,sole gloss,CSTdzPvq1kk9UNMzlVB3.npy
CWFThQrb8Dw37PCCiReu,water,water,46,train,1971.0,asllex,sole gloss,CWFThQrb8Dw37PCCiReu.npy
Ci5sEtcMtpdq3G9cdPNL,water,water,57,test,658.0,asllex,sole gloss,Ci5sEtcMtpdq3G9cdPNL.npy
Cl8LtYy4UTonGAHOGRqQ,water,water,49,train,2276.0,asllex,sole gloss,Cl8LtYy4UTonGAHOGRqQ.npy
ClRWPf0GBo7vfaZq7BrA,water,water,84,val,1143.0,asllex,sole gloss,ClRWPf0GBo7vfaZq7BrA.npy
CnzYwe3VvZWGvQzOgp23,water,water,7,train,2285.0,asllex,sole gloss,CnzYwe3VvZWGvQzOgp23.npy
CtN7HyS0rlLBVjb9uYjp,water,water,59,train,2096.0,asllex,sole gloss,CtN7HyS0rlLBVjb9uYjp.npy
D79szwlP1935R36kYOHb,water,water,31,train,1410.0,asllex,sole gloss,D79szwlP1935R36kYOHb.npy
DAZ4VSftwEi9prcQHzql,water,water,35,train,1260.0,asllex,sole gloss,DAZ4VSftwEi9prcQHzql.npy
DJyKrPbY1NukDjwPqPbm,water,water,38,val,2627.0,asllex,sole gloss,DJyKrPbY1NukDjwPqPbm.npy
DzibzvSInmNO7GqXH67r,water,water,46,val,2613.0,asllex,sole gloss,DzibzvSInmNO7GqXH67r.npy
E7EcEMcKB6yo5b8fRVzB,water,water,8,train,1262.0,asllex,sole gloss,E7EcEMcKB6yo5b8fRVzB.npy
EFFrge6cfdAMqnQjETPd,water,water,57,test,1718.0,asllex,sole gloss,EFFrge6cfdAMqnQjETPd.npy
EITpIhdEMZXNXg0xtSyj,water,water,7,train,1956.0,asllex,sole gloss,EITpIhdEMZXNXg0xtSyj.npy
EJewd5CgR0hXzBmeehfb,water,water,31,train,2431.0,asllex,sole gloss,EJewd5CgR0hXzBmeehfb.npy
ERxWvMGvOA0sl8sNckyW,water,water,61,test,2015.0,asllex,sole gloss,ERxWvMGvOA0sl8sNckyW.npy
EmujUPRASHI3uWnql7Mw,water,water,46,train,3282.0,asllex,sole gloss,EmujUPRASHI3uWnql7Mw.npy
ExwgY6HoG0NPJvnhNaAy,water,water,84,train,1645.0,asllex,sole gloss,ExwgY6HoG0NPJvnhNaAy.npy
EycPnM8P38o5uwkxuMDt,water,water,57,test,1740.0,asllex,sole gloss,EycPnM8P38o5uwkxuMDt.npy
F2qQ3CMyozyNUvqrnmW2,water,water,7,train,1949.0,asllex,sole gloss,F2qQ3CMyozyNUvqrnmW2.npy
FA5zuBft6JH2g4HeUKZi,water,water,31,train,1176.0,asllex,sole gloss,FA5zuBft6JH2g4HeUKZi.npy
FEjmP8P7jI3HIn7oqC1v,water,water,46,train,2520.0,asllex,sole gloss,FEjmP8P7jI3HIn7oqC1v.npy
FxSgSCTrYJpIUrhXFL2t,water,water,57,test,2088.0,asllex,sole gloss,FxSgSCTrYJpIUrhXFL2t.npy
GXhFFbdGmpx3FEwVW8bY,water,water,42,train,1435.0,asllex,sole gloss,GXhFFbdGmpx3FEwVW8bY.npy
Gl4gLZEz58ZVQlas79wE,water,water,49,train,1065.0,asllex,sole gloss,Gl4gLZEz58ZVQlas79wE.npy
GrPTjHosnnwPc8AMyF0C,water,water,12,val,2048.0,asllex,sole gloss,GrPTjHosnnwPc8AMyF0C.npy
GtUxyTQR8hNnGCh2OIMW,water,water,85,train,2262.0,asllex,sole gloss,GtUxyTQR8hNnGCh2OIMW.npy
GxUpHTSz24yNFzjwsPRy,water,water,49,train,1671.0,asllex,sole gloss,GxUpHTSz24yNFzjwsPRy.npy
H0AHaAffOyalb1WDDwfw,water,water,8,val,1444.0,asllex,sole gloss,H0AHaAffOyalb1WDDwfw.npy
HFGv8RIPoS9hsl0G1QU8,water,water,46,train,3030.0,asllex,sole gloss,HFGv8RIPoS9hsl0G1QU8.npy
HIWZ1svLD0MCmAT4LNXF,water,water,84,train,1473.0,asllex,sole gloss,HIWZ1svLD0MCmAT4LNXF.npy
HQVYPEJGKa8Tw5CIoZOv,water,water,11,train,1506.0,asllex,sole gloss,HQVYPEJGKa8Tw5CIoZOv.npy
HQdtufq3Oeliq2xRRANe,water,water,35,train,1293.0,asllex,sole gloss,HQdtufq3Oeliq2xRRANe.npy
HShaZSPfnydor36Vz6VO,water,water,23,train,1876.0,asllex,sole gloss,HShaZSPfnydor36Vz6VO.npy
Hho1R9F2C7PbOl3rniQU,water,water,88,train,1698.0,asllex,sole gloss,Hho1R9F2C7PbOl3rniQU.npy
HjiVgYuq1ccaOg0POAZf,water,water,24,train,4478.0,asllex,sole gloss,HjiVgYuq1ccaOg0POAZf.npy
HoTKNKea5ZgPYvbKZzgr,water,water,46,val,2382.0,asllex,sole gloss,HoTKNKea5ZgPYvbKZzgr.npy
Huj6MXr9IVokQ6JlsJAE,water,water,48,test,1706.0,asllex,sole gloss,Huj6MXr9IVokQ6JlsJAE.npy
HxKuWt7P39k1AKtj99BM,water,water,12,train,2764.0,asllex,sole gloss,HxKuWt7P39k1AKtj99BM.npy
IDoyVnUh2Af3sMfIyxnV,water,water,46,train,1867.0,asllex,sole gloss,IDoyVnUh2Af3sMfIyxnV.npy
IIlRmCKU3OtzvYlIkph6,water,water,84,val,2167.0,asllex,sole gloss,IIlRmCKU3OtzvYlIkph6.npy
IUQRQUOdnP8zOqAUikps,water,water,84,train,1019.0,asllex,sole gloss,IUQRQUOdnP8zOqAUikps.npy
Idd3TnwTiPV5VvNzosaz,water,water,46,train,1914.0,asllex,sole gloss,Idd3TnwTiPV5VvNzosaz.npy
JHShgvhKAS4P4kbn9wfD,water,water,84,val,1528.0,asllex,sole gloss,JHShgvhKAS4P4kbn9wfD.npy
JMPJYf4h0dtVTgYFCdud,water,water,62,train,1026.0,asllex,sole gloss,JMPJYf4h0dtVTgYFCdud.npy
JjH8tIM5VHLbJ9Jo07nb,water,water,8,train,1363.0,asllex,sole gloss,JjH8tIM5VHLbJ9Jo07nb.npy
JoXQulzLYpZjCmnAJ5Xg,water,water,84,train,1241.0,asllex,sole gloss,JoXQulzLYpZjCmnAJ5Xg.npy
Jy9EmQU376kdNb7SPjnu,water,water,48,test,1258.0,asllex,sole gloss,Jy9EmQU376kdNb7SPjnu.npy
KIAFkpaaMteV1yp4qbXL,water,water,63,train,1512.0,asllex,sole gloss,KIAFkpaaMteV1yp4qbXL.npy
Kj4oyedUtT2ssnLajSqs,water,water,7,val,2174.0,asllex,sole gloss,Kj4oyedUtT2ssnLajSqs.npy
KkATv9AbXKBaWqY3Ezwx,water,water,46,val,2979.0,asllex,sole gloss,KkATv9AbXKBaWqY3Ezwx.npy
Kl8hmqQyl3zID0wRRnO2,water,water,88,train,3217.0,asllex,sole gloss,Kl8hmqQyl3zID0wRRnO2.npy
LPXow1WNsKoiElNursSu,water,water,84,val,3959.0,asllex,sole gloss,LPXow1WNsKoiElNursSu.npy
LUgtTw1LIfklLOQXxiVg,water,water,7,val,2171.0,asllex,sole gloss,LUgtTw1LIfklLOQXxiVg.npy
LZkSTgyyRTU6u8c8hwjc,water,water,48,test,990.0,asllex,sole gloss,LZkSTgyyRTU6u8c8hwjc.npy
LeojPwW0NDJL1KmSAgHQ,water,water,84,train,1346.0,asllex,sole gloss,LeojPwW0NDJL1KmSAgHQ.npy
MaMf977Tk5SuZTB6I5r2,water,water,49,train,1055.0,asllex,sole gloss,MaMf977Tk5SuZTB6I5r2.npy
MjLZaW2qS9Mo7j3FijYt,water,water,62,train,962.0,asllex,sole gloss,MjLZaW2qS9Mo7j3FijYt.npy
MsBkAsv2dEeYcQBhGMz6,water,water,61,test,2925.0,asllex,sole gloss,MsBkAsv2dEeYcQBhGMz6.npy
MxFFGAMLIDm4iK6CmboZ,water,water,52,train,3769.0,asllex,sole gloss,MxFFGAMLIDm4iK6CmboZ.npy
NI4PSWGLpaNfYn3tM3KQ,water,water,7,val,2422.0,asllex,sole gloss,NI4PSWGLpaNfYn3tM3KQ.npy
NJ6niglrouChOO5pAYpx,water,water,57,test,2127.0,asllex,sole gloss,NJ6niglrouChOO5pAYpx.npy
NPg3gVbPhV3pPbeWV9T0,water,water,7,train,2252.0,asllex,sole gloss,NPg3gVbPhV3pPbeWV9T0.npy
NUE9r09FjIDZg1Uj06nS,water,water,17,train,1063.0,asllex,sole gloss,NUE9r09FjIDZg1Uj06nS.npy
NiFNYvZnpYmzjxfZnObU,water,water,12,val,5288.0,asllex,sole gloss,NiFNYvZnpYmzjxfZnObU.npy
NjzLvQ4J9wGgppFoSTul,water,water,8,train,1362.0,asllex,sole gloss,NjzLvQ4J9wGgppFoSTul.npy
NubH4yPSRyINdyNGVMfH,water,water,57,test,1280.0,asllex,sole gloss,NubH4yPSRyINdyNGVMfH.npy
O2QRCMkNyBjV0DlKthKs,water,water,78,train,2065.0,asllex,sole gloss,O2QRCMkNyBjV0DlKthKs.npy
O5NLCPmJpyqr7jNbttd6,water,water,49,train,1286.0,asllex,sole gloss,O5NLCPmJpyqr7jNbttd6.npy
O81iVvk8Lv5UEJtfLXHO,water,water,14,train,1487.0,asllex,sole gloss,O81iVvk8Lv5UEJtfLXHO.npy
ODLW8jQwvC4FX0FtYCrI,water,water,46,val,4513.0,asllex,sole gloss,ODLW8jQwvC4FX0FtYCrI.npy
OXyMAPsJgnQe40DQsXIy,water,water,84,train,3308.0,asllex,sole gloss,OXyMAPsJgnQe40DQsXIy.npy
OZcfMpOjrYbZ8wzK0hSQ,water,water,46,train,2111.0,asllex,sole gloss,OZcfMpOjrYbZ8wzK0hSQ.npy
Or8YtbcNj3EZKRU7wNx9,water,water,27,train,2916.0,asllex,sole gloss,Or8YtbcNj3EZKRU7wNx9.npy
OuLTTqWwGMR6zSBuuKX5,water,water,23,train,1894.0,asllex,sole gloss,OuLTTqWwGMR6zSBuuKX5.npy
P7iGrymHx2YwOc0OHLaT,water,water,88,train,3416.0,asllex,sole gloss,P7iGrymHx2YwOc0OHLaT.npy
PpXnGTPM9lstCSt43iVm,water,water,57,test,2247.0,asllex,sole gloss,PpXnGTPM9lstCSt43iVm.npy
Q1rKCwTDPUhmBPnpUh2W,water,water,48,test,1167.0,asllex,sole gloss,Q1rKCwTDPUhmBPnpUh2W.npy
QDMjYvubk2S6RswII2sx,water,water,53,test,2223.0,asllex,sole gloss,QDMjYvubk2S6RswII2sx.npy
QRmvWWKoCrUcsRHWVhwW,water,water,85,train,1954.0,asllex,sole gloss,QRmvWWKoCrUcsRHWVhwW.npy
RGL81ZdLaflxbJgXS33v,water,water,61,test,2086.0,asllex,sole gloss,RGL81ZdLaflxbJgXS33v.npy
RSiMpyYjFkdW35iS2S9c,water,water,57,test,1046.0,asllex,sole gloss,RSiMpyYjFkdW35iS2S9c.npy
RWWDggDUn0bwo7bomqOu,water,water,49,val,1926.0,asllex,sole gloss,RWWDggDUn0bwo7bomqOu.npy
RZ28rYiqBHB0BgAWQpCx,water,water,8,train,1380.0,asllex,sole gloss,RZ28rYiqBHB0BgAWQpCx.npy
Ro5Q1MIypzvNk74mC6Xr,water,water,48,test,1400.0,asllex,sole gloss,Ro5Q1MIypzvNk74mC6Xr.npy
RodRFWQAT9NOOmcd28Cf,water,water,84,train,1722.0,asllex,sole gloss,RodRFWQAT9NOOmcd28Cf.npy
Rr4hKlMoqiqrSxBS60wn,water,water,88,train,2511.0,asllex,sole gloss,Rr4hKlMoqiqrSxBS60wn.npy
SA6lbWArGtuU5AfW1nQg,water,water,84,train,1607.0,asllex,sole gloss,SA6lbWArGtuU5AfW1nQg.npy
SANCjDQLMf6klSn4kcF5,water,water,88,val,1925.0,asllex,sole gloss,SANCjDQLMf6klSn4kcF5.npy
SB5LwUWYaS58ptmaQg1h,water,water,39,train,2905.0,asllex,sole gloss,SB5LwUWYaS58ptmaQg1h.npy
SJbi87k55f7T53wp8SNc,water,water,61,test,1712.0,asllex,sole gloss,SJbi87k55f7T53wp8SNc.npy
SRsSUqN3qOsPcdfad6Dx,water,water,39,val,3805.0,asllex,sole gloss,SRsSUqN3qOsPcdfad6Dx.npy
SSg52XTIDuNG8RH6GM2W,water,water,39,train,2788.0,asllex,sole gloss,SSg52XTIDuNG8RH6GM2W.npy
SeCFkhAvPwfCtLgMRyyp,water,water,49,train,1479.0,asllex,sole gloss,SeCFkhAvPwfCtLgMRyyp.npy
SlXYqImkF5P1yyrcnp98,water,water,84,train,1333.0,asllex,sole gloss,SlXYqImkF5P1yyrcnp98.npy
SuzuP8SPIObtkg02nEWn,water,water,84,train,1522.0,asllex,sole gloss,SuzuP8SPIObtkg02nEWn.npy
SwZk7tCNoncp8XbVRu3b,water,water,61,test,2274.0,asllex,sole gloss,SwZk7tCNoncp8XbVRu3b.npy
T1HFwHvKhKHIr4g2lXTo,water,water,50,test,1622.0,asllex,sole gloss,T1HFwHvKhKHIr4g2lXTo.npy
T9iplNmoLTPGbvtAO5bC,water,water,17,train,1508.0,asllex,sole gloss,T9iplNmoLTPGbvtAO5bC.npy
TJlf5GxkvTj9lZujccas,water,water,43,val,1601.0,asllex,sole gloss,TJlf5GxkvTj9lZujccas.npy
TV6y3Mazs1rbp03IeoWE,water,water,39,train,3242.0,asllex,sole gloss,TV6y3Mazs1rbp03IeoWE.npy
TYPjuf5tU6RJolGWPNRG,water,water,7,train,1791.0,asllex,sole gloss,TYPjuf5tU6RJolGWPNRG.npy
Tlw6EkJFUwC5N8I5lmQq,water,water,88,train,3329.0,asllex,sole gloss,Tlw6EkJFUwC5N8I5lmQq.npy
TvURClyIjQqASgfEzglw,water,water,7,val,2183.0,asllex,sole gloss,TvURClyIjQqASgfEzglw.npy
TwEAG0dnopSlMeldr6ht,water,water,35,train,1371.0,asllex,sole gloss,TwEAG0dnopSlMeldr6ht.npy
UH097EJq2kz95H1KFbYx,water,water,48,test,1015.0,asllex,sole gloss,UH097EJq2kz95H1KFbYx.npy
URl6Gu3BVq2xjONurVNu,water,water,84,train,1157.0,asllex,sole gloss,URl6Gu3BVq2xjONurVNu.npy
UlHpoTNLtTkyEYwMrscG,water,water,84,train,1958.0,asllex,sole gloss,UlHpoTNLtTkyEYwMrscG.npy
UnwKQ3skgapKJw5mFPAA,water,water,7,train,2094.0,asllex,sole gloss,UnwKQ3skgapKJw5mFPAA.npy
UsxctR4kr3FJLafm53dK,water,water,84,train,2686.0,asllex,sole gloss,UsxctR4kr3FJLafm53dK.npy
Uy3xQSnVDd5h2rshMNiJ,water,water,63,train,1630.0,asllex,sole gloss,Uy3xQSnVDd5h2rshMNiJ.npy
V6F3MT50B5gZVNKpF2MR,water,water,46,train,1869.0,asllex,sole gloss,V6F3MT50B5gZVNKpF2MR.npy
VEJHbJoquum7CzdtzZqH,water,water,57,test,1426.0,asllex,sole gloss,VEJHbJoquum7CzdtzZqH.npy
VdycJHKLzbcaorESLpPt,water,water,48,test,1070.0,asllex,sole gloss,VdycJHKLzbcaorESLpPt.npy
VhArK8VqVpnKWMpcJ04s,water,water,39,val,3233.0,asllex,sole gloss,VhArK8VqVpnKWMpcJ04s.npy
W6RLupJ9vuq30eWrUW2A,water,water,57,test,1611.0,asllex,sole gloss,W6RLupJ9vuq30eWrUW2A.npy
WEVggMzWwOlsSnWKHGWm,water,water,17,train,1082.0,asllex,sole gloss,WEVggMzWwOlsSnWKHGWm.npy
WPSZ8ohD5mcCJFeS2yyu,water,water,62,val,1835.0,asllex,sole gloss,WPSZ8ohD5mcCJFeS2yyu.npy
WvOM9NmnMaPzXF7YzMTz,water,water,31,train,1304.0,asllex,sole gloss,WvOM9NmnMaPzXF7YzMTz.npy
WvniUmLrYXPq0m0m3Fcn,water,water,63,train,1360.0,asllex,sole gloss,WvniUmLrYXPq0m0m3Fcn.npy
WzSJkDATuq9dcbLwh35A,water,water,7,train,2305.0,asllex,sole gloss,WzSJkDATuq9dcbLwh35A.npy
X0XOhxj00Cg2OiQyfLJB,water,water,31,train,2022.0,asllex,sole gloss,X0XOhxj00Cg2OiQyfLJB.npy
XPiHGLW3lp0cjUUVqAH5,water,water,61,test,1299.0,asllex,sole gloss,XPiHGLW3lp0cjUUVqAH5.npy
Xd239HNCe9oEZLCm4GAk,water,water,35,train,1580.0,asllex,sole gloss,Xd239HNCe9oEZLCm4GAk.npy
XgrU5WyyBMWlnCLQwYJj,water,water,30,train,1686.0,asllex,sole gloss,XgrU5WyyBMWlnCLQwYJj.npy
XiDGKERjQVRL2JGBerV6,water,water,84,train,1087.0,asllex,sole gloss,XiDGKERjQVRL2JGBerV6.npy
Y7FLLzu3k3tR36C7HFxe,water,water,38,train,2548.0,asllex,sole gloss,Y7FLLzu3k3tR36C7HFxe.npy
YPFXL5nPEtFkdD5oMQDp,water,water,60,train,1261.0,asllex,sole gloss,YPFXL5nPEtFkdD5oMQDp.npy
YVmJSRSgziCBGInbBIBV,water,water,17,train,1781.0,asllex,sole gloss,YVmJSRSgziCBGInbBIBV.npy
YdzgkkBLSLN8wPUMSbN1,water,water,27,train,2754.0,asllex,sole gloss,YdzgkkBLSLN8wPUMSbN1.npy
Yi1Z31BlZj5hcLT9MACY,water,water,8,val,1595.0,asllex,sole gloss,Yi1Z31BlZj5hcLT9MACY.npy
YzZmYXHIEUV4dyA0LrIR,water,water,39,train,2673.0,asllex,sole gloss,YzZmYXHIEUV4dyA0LrIR.npy
Z2fLZEpP3FC177e7ydJR,water,water,39,val,3879.0,asllex,sole gloss,Z2fLZEpP3FC177e7ydJR.npy
Z8aGye8EHLkdxee1WHQY,water,water,61,test,1278.0,asllex,sole gloss,Z8aGye8EHLkdxee1WHQY.npy
Z9KRI1HtIwI3r6Qcuzvf,water,water,63,train,1380.0,asllex,sole gloss,Z9KRI1HtIwI3r6Qcuzvf.npy
ZObmbEukZjQ47LsPywE5,water,water,60,val,967.0,asllex,sole gloss,ZObmbEukZjQ47LsPywE5.npy
ZSaUBL7ic3ATaUhFHqPt,water,water,57,test,967.0,asllex,sole gloss,ZSaUBL7ic3ATaUhFHqPt.npy
ZuQNMbefvuQjFrmHAJUK,water,water,62,train,1105.0,asllex,sole gloss,ZuQNMbefvuQjFrmHAJUK.npy
ZwUi5pjtQ5FquQbHAttw,water,water,31,val,1707.0,asllex,sole gloss,ZwUi5pjtQ5FquQbHAttw.npy
aAMsC70ZYY7C9jonT4um,water,water,62,train,1197.0,asllex,sole gloss,aAMsC70ZYY7C9jonT4um.npy
aEhGSUqBOc47SOuLlQ2Z,water,water,48,test,1042.0,asllex,sole gloss,aEhGSUqBOc47SOuLlQ2Z.npy
aH4Uz82havCxZYRTiGYY,water,water,64,test,2697.0,asllex,sole gloss,aH4Uz82havCxZYRTiGYY.npy
aLGcYzHCQ2eFvoxtuoge,water,water,61,test,2460.0,asllex,sole gloss,aLGcYzHCQ2eFvoxtuoge.npy
aMdvyToTHMrPGylYi9nl,water,water,39,train,2233.0,asllex,sole gloss,aMdvyToTHMrPGylYi9nl.npy
aTaKzWZqh8ajeyifNv7u,water,water,11,train,1298.0,asllex,sole gloss,aTaKzWZqh8ajeyifNv7u.npy
ach2Nukmb532TTEUI6lO,water,water,17,val,1679.0,asllex,sole gloss,ach2Nukmb532TTEUI6lO.npy
ackNVEHGGnOc3sajdia3,water,water,61,test,1343.0,asllex,sole gloss,ackNVEHGGnOc3sajdia3.npy
amOinB6hKp9FOSUl8EH4,water,water,78,train,1620.0,asllex,sole gloss,amOinB6hKp9FOSUl8EH4.npy
b0zn8RFpm7N0X5JU9sgf,water,water,11,train,2035.0,asllex,sole gloss,b0zn8RFpm7N0X5JU9sgf.npy
bImZg5fkecwayIHi7o2w,water,water,88,val,3481.0,asllex,sole gloss,bImZg5fkecwayIHi7o2w.npy
bRg4xK7zH8Rgt9iUK6gH,water,water,14,train,1659.0,asllex,sole gloss,bRg4xK7zH8Rgt9iUK6gH.npy
bVGTPWqVwJDB034fKPdz,water,water,57,test,1424.0,asllex,sole gloss,bVGTPWqVwJDB034fKPdz.npy
bZnkAa8063zupCRgoOsC,water,water,7,train,2689.0,asllex,sole gloss,bZnkAa8063zupCRgoOsC.npy
c9ByjSRcWhVdgN9MQWwy,water,water,57,test,1294.0,asllex,sole gloss,c9ByjSRcWhVdgN9MQWwy.npy
cPCXLorIxnnpnvQQF0sO,water,water,49,train,2153.0,asllex,sole gloss,cPCXLorIxnnpnvQQF0sO.npy
cUzRNZJgaq3oTYxAdiW7,water,water,30,train,1550.0,asllex,sole gloss,cUzRNZJgaq3oTYxAdiW7.npy
ccRRncu9ScZSICtViZbe,water,water,84,val,1096.0,asllex,sole gloss,ccRRncu9ScZSICtViZbe.npy
ctqG1JGf8WDcXGQXm2CI,water,water,84,train,1537.0,asllex,sole gloss,ctqG1JGf8WDcXGQXm2CI.npy
cwonmQecmpbn8rV2RET4,water,water,39,train,3251.0,asllex,sole gloss,cwonmQecmpbn8rV2RET4.npy
cyN0GEtGaqz1vx4Svat5,water,water,57,test,1912.0,asllex,sole gloss,cyN0GEtGaqz1vx4Svat5.npy
d19PrG9ozqehSFynPuG4,water,water,23,train,1574.0,asllex,sole gloss,d19PrG9ozqehSFynPuG4.npy
d9DQKHxXEFXmG3rvVSrB,water,water,39,val,2616.0,asllex,sole gloss,d9DQKHxXEFXmG3rvVSrB.npy
dFczL5hKftxJyoRO9tGh,water,water,85,val,2558.0,asllex,sole gloss,dFczL5hKftxJyoRO9tGh.npy
dUqHLkw5GtErWLBjjrR6,water,water,39,train,2589.0,asllex,sole gloss,dUqHLkw5GtErWLBjjrR6.npy
djWxQNe9wGEDEz4j25K5,water,water,84,train,1485.0,asllex,sole gloss,djWxQNe9wGEDEz4j25K5.npy
dlIiu8aYECm0I5xyNq1j,water,water,7,train,1836.0,asllex,sole gloss,dlIiu8aYECm0I5xyNq1j.npy
dlNVnv7vH2rc5DWIi3fW,water,water,30,val,1561.0,asllex,sole gloss,dlNVnv7vH2rc5DWIi3fW.npy
doXwG2Xp2zhkS62cL5o6,water,water,49,train,1194.0,asllex,sole gloss,doXwG2Xp2zhkS62cL5o6.npy
e5Vj3dUZSEtuvGNtXAFq,water,water,88,train,2641.0,asllex,sole gloss,e5Vj3dUZSEtuvGNtXAFq.npy
eB4ZtBrYj5fQP17sCFTm,water,water,8,val,1388.0,asllex,sole gloss,eB4ZtBrYj5fQP17sCFTm.npy
eXLyUKxi7bZ51IdGtyYX,water,water,62,val,929.0,asllex,sole gloss,eXLyUKxi7bZ51IdGtyYX.npy
edFIxf9hxxfpv2yznext,water,water,35,train,1355.0,asllex,sole gloss,edFIxf9hxxfpv2yznext.npy
edMym18aY4tj8C7hVgUx,water,water,31,val,2164.0,asllex,sole gloss,edMym18aY4tj8C7hVgUx.npy
eftRlzCwPDWgge1a1V8L,water,water,39,train,2318.0,asllex,sole gloss,eftRlzCwPDWgge1a1V8L.npy
evRU424efxL1UYjEMPAR,water,water,59,train,1679.0,asllex,sole gloss,evRU424efxL1UYjEMPAR.npy
ezqtbZIk7xyYCK6O9T9e,water,water,61,test,2116.0,asllex,sole gloss,ezqtbZIk7xyYCK6O9T9e.npy
fKmQr7X6zkCSpCC2wlo0,water,water,61,test,1254.0,asllex,sole gloss,fKmQr7X6zkCSpCC2wlo0.npy
fWRuT2ipIfvxFdPNOxZ2,water,water,84,train,1534.0,asllex,sole gloss,fWRuT2ipIfvxFdPNOxZ2.npy
fXh0xWsjdyPlZncNvlpA,water,water,61,test,1091.0,asllex,sole gloss,fXh0xWsjdyPlZncNvlpA.npy
fp8TW2rygewOvhn7PSlL,water,water,88,val,3001.0,asllex,sole gloss,fp8TW2rygewOvhn7PSlL.npy
g4bD0FRCmGGmshaqChTH,water,water,17,train,1250.0,asllex,sole gloss,g4bD0FRCmGGmshaqChTH.npy
gFKGy5mEXBJaDVWWxfCD,water,water,52,val,4629.0,asllex,sole gloss,gFKGy5mEXBJaDVWWxfCD.npy
gK9dQWYYhaJzmcj5Ktxu,water,water,84,val,1385.0,asllex,sole gloss,gK9dQWYYhaJzmcj5Ktxu.npy
gLDnPpt5MAOUblyI8WzJ,water,water,48,test,1713.0,asllex,sole gloss,gLDnPpt5MAOUblyI8WzJ.npy
gUvZzsXkdiqdPJgdyFA2,water,water,50,test,2416.0,asllex,sole gloss,gUvZzsXkdiqdPJgdyFA2.npy
gca0ARIwLUJzqOQhi2QE,water,water,39,train,2640.0,asllex,sole gloss,gca0ARIwLUJzqOQhi2QE.npy
gwmsgarRqP2jUjm3q3Ta,water,water,85,train,2628.0,asllex,sole gloss,gwmsgarRqP2jUjm3q3Ta.npy
h1VmNgo4TmBzsRs6W1Qc,water,water,36,test,2328.0,asllex,sole gloss,h1VmNgo4TmBzsRs6W1Qc.npy
h2C3UCv566mwkUCyTNbV,water,water,62,train,839.0,asllex,sole gloss,h2C3UCv566mwkUCyTNbV.npy
h78G2UjWKHcjNKJ1RlTT,water,water,88,val,2282.0,asllex,sole gloss,h78G2UjWKHcjNKJ1RlTT.npy
hWfpJJCl5pGg9ps9Qzgo,water,water,57,test,943.0,asllex,sole gloss,hWfpJJCl5pGg9ps9Qzgo.npy
hoRltdzorEbvPznefoXD,water,water,43,train,3447.0,asllex,sole gloss,hoRltdzorEbvPznefoXD.npy
i9zZyR42ciYSv4K4lDOr,water,water,31,train,1527.0,asllex,sole gloss,i9zZyR42ciYSv4K4lDOr.npy
iHs44kfF9k6zpYLAOgAB,water,water,84,train,1193.0,asllex,sole gloss,iHs44kfF9k6zpYLAOgAB.npy
iVeHi95pc2q0Ggjk24Lv,water,water,23,train,2083.0,asllex,sole gloss,iVeHi95pc2q0Ggjk24Lv.npy
iZld6tVXoPeS4nFhS3He,water,water,17,train,1866.0,asllex,sole gloss,iZld6tVXoPeS4nFhS3He.npy
imXLiUEbuqyQUskScgIT,water,water,39,train,2425.0,asllex,sole gloss,imXLiUEbuqyQUskScgIT.npy
iyw1qfHq5IilQsKOnnx1,water,water,48,test,1192.0,asllex,sole gloss,iyw1qfHq5IilQsKOnnx1.npy
j5Wa3mri4wGyLpH9O3is,water,water,59,val,1551.0,asllex,sole gloss,j5Wa3mri4wGyLpH9O3is.npy
jC3R1OdFiuBld6S7M5Wk,water,water,62,train,1285.0,asllex,sole gloss,jC3R1OdFiuBld6S7M5Wk.npy
jUSn530KbtadAAlj11Kp,water,water,12,train,3000.0,asllex,sole gloss,jUSn530KbtadAAlj11Kp.npy
jX4fVmjt0WNy16MBELCt,water,water,48,test,1824.0,asllex,sole gloss,jX4fVmjt0WNy16MBELCt.npy
k1ZMXHt5l9t4J3DXdzV5,water,water,84,train,2415.0,asllex,sole gloss,k1ZMXHt5l9t4J3DXdzV5.npy
k3mBMiZCe5e3tH9GeOUR,water,water,61,test,1836.0,asllex,sole gloss,k3mBMiZCe5e3tH9GeOUR.npy
kRh0lijm0E2rbaUlSwYH,water,water,15,train,1240.0,asllex,sole gloss,kRh0lijm0E2rbaUlSwYH.npy
klQVTnsWTanjLjrNa6ju,water,water,57,test,1095.0,asllex,sole gloss,klQVTnsWTanjLjrNa6ju.npy
kmSrNTgxZHqnPSBaXB7f,water,water,35,train,2310.0,asllex,sole gloss,kmSrNTgxZHqnPSBaXB7f.npy
kqECs74gjahriKMxXlYv,water,water,59,train,2006.0,asllex,sole gloss,kqECs74gjahriKMxXlYv.npy
l0qUNGgyldKsB7klFstt,water,water,59,train,2720.0,asllex,sole gloss,l0qUNGgyldKsB7klFstt.npy
l4ihTO2XmxOhjQCWdzy8,water,water,7,train,1847.0,asllex,sole gloss,l4ihTO2XmxOhjQCWdzy8.npy
l6Jgz9wJ11jsEL328Uk3,water,water,49,val,1260.0,asllex,sole gloss,l6Jgz9wJ11jsEL328Uk3.npy
lQGQuPk0kexIold4AR8j,water,water,61,test,1597.0,asllex,sole gloss,lQGQuPk0kexIold4AR8j.npy
lTl8wWDLNxEPmWwYhKO1,water,water,7,train,2567.0,asllex,sole gloss,lTl8wWDLNxEPmWwYhKO1.npy
lUAw6ZGLoknIc2JE88Ss,water,water,7,train,2909.0,asllex,sole gloss,lUAw6ZGLoknIc2JE88Ss.npy
lYQr8QDWbIi5lChgnQlf,water,water,52,val,2167.0,asllex,sole gloss,lYQr8QDWbIi5lChgnQlf.npy
lgp3I20TcB24K9TCPHAX,water,water,57,test,1591.0,asllex,sole gloss,lgp3I20TcB24K9TCPHAX.npy
lpfwmavswht1v3F71qXM,water,water,14,train,3330.0,asllex,sole gloss,lpfwmavswht1v3F71qXM.npy
lsMmVOEJUFyWR6pIZrnJ,water,water,8,train,1665.0,asllex,sole gloss,lsMmVOEJUFyWR6pIZrnJ.npy
lzdlCcEejDjXumV4ZBgi,water,water,64,test,1959.0,asllex,sole gloss,lzdlCcEejDjXumV4ZBgi.npy
m7PGCLgmk1RDdvQkb7wd,water,water,35,train,1412.0,asllex,sole gloss,m7PGCLgmk1RDdvQkb7wd.npy
m9zkMAxRCxSrlGcNwCZn,water,water,62,train,1285.0,asllex,sole gloss,m9zkMAxRCxSrlGcNwCZn.npy
mMHGbO7zp3xYoZ4uzQ2S,water,water,61,test,1301.0,asllex,sole gloss,mMHGbO7zp3xYoZ4uzQ2S.npy
mgRMOuWautJqK9dzW22i,water,water,7,train,2140.0,asllex,sole gloss,mgRMOuWautJqK9dzW22i.npy
mnpx1BTc4cN15uSfSaoa,water,water,57,test,1620.0,asllex,sole gloss,mnpx1BTc4cN15uSfSaoa.npy
mvJuvplkbXhU1PnetlpV,water,water,84,val,1353.0,asllex,sole gloss,mvJuvplkbXhU1PnetlpV.npy
mwkOjhXG0TzjbAIVen7G,water,water,7,train,2545.0,asllex,sole gloss,mwkOjhXG0TzjbAIVen7G.npy
nNyxYKuozATbmZj94qoG,water,water,46,val,3317.0,asllex,sole gloss,nNyxYKuozATbmZj94qoG.npy
nPtAuYotLMvsexUUOPA3,water,water,57,test,2659.0,asllex,sole gloss,nPtAuYotLMvsexUUOPA3.npy
ngZqKzhRojCBFYaFjyrY,water,water,57,test,1218.0,asllex,sole gloss,ngZqKzhRojCBFYaFjyrY.npy
o1WpxK4GmAKTFNuCD2mR,water,water,57,test,1883.0,asllex,sole gloss,o1WpxK4GmAKTFNuCD2mR.npy
o2ZI6n86YDN1KcXLaArm,water,water,46,train,1314.0,asllex,sole gloss,o2ZI6n86YDN1KcXLaArm.npy
o9GMrQvk3yYZSTOeRqbZ,water,water,49,train,1056.0,asllex,sole gloss,o9GMrQvk3yYZSTOeRqbZ.npy
oEJfYxbrZ7AHDPk2nqTC,water,water,11,train,2131.0,asllex,sole gloss,oEJfYxbrZ7AHDPk2nqTC.npy
oF9fEvL3FcBPyBaiWEYc,water,water,64,test,1911.0,asllex,sole gloss,oF9fEvL3FcBPyBaiWEYc.npy
oXTjsJ0sAB7lM1d2HE1t,water,water,84,train,1957.0,asllex,sole gloss,oXTjsJ0sAB7lM1d2HE1t.npy
ofOXVQsDjxRucoxFJldy,water,water,84,train,3187.0,asllex,sole gloss,ofOXVQsDjxRucoxFJldy.npy
otrZMBBCBi7ZWi3iQBWD,water,water,62,train,1516.0,asllex,sole gloss,otrZMBBCBi7ZWi3iQBWD.npy
ox5ySwCxicd3nXaL0DgS,water,water,53,test,1797.0,asllex,sole gloss,ox5ySwCxicd3nXaL0DgS.npy
p7l58U3fGOg7nyxlWQcV,water,water,39,train,3083.0,asllex,sole gloss,p7l58U3fGOg7nyxlWQcV.npy
pByCsMPnLRAC0SsEHhJh,water,water,62,train,1168.0,asllex,sole gloss,pByCsMPnLRAC0SsEHhJh.npy
pJt3JeryMyLCI5XY0aRT,water,water,84,train,1326.0,asllex,sole gloss,pJt3JeryMyLCI5XY0aRT.npy
pMgWjiqEGVjafHCZAW53,water,water,46,train,2277.0,asllex,sole gloss,pMgWjiqEGVjafHCZAW53.npy
pZ8Lqz5jQT6TfuM8Jjbv,water,water,11,train,1431.0,asllex,sole gloss,pZ8Lqz5jQT6TfuM8Jjbv.npy
pgf24gWlug9lxEhWeLue,water,water,85,train,2792.0,asllex,sole gloss,pgf24gWlug9lxEhWeLue.npy
plrAZI0Q94ke12A3LZ8T,water,water,59,train,1929.0,asllex,sole gloss,plrAZI0Q94ke12A3LZ8T.npy
qCbXGs1GWOpY7tUi8ddw,water,water,61,test,903.0,asllex,sole gloss,qCbXGs1GWOpY7tUi8ddw.npy
qHXdgK9DBfahV0l2WvZx,water,water,61,test,1295.0,asllex,sole gloss,qHXdgK9DBfahV0l2WvZx.npy
qNwWzqqNRRCTkm3czXmE,water,water,38,val,2611.0,asllex,sole gloss,qNwWzqqNRRCTkm3czXmE.npy
qUcxrjVwtuDyYzcXF54q,water,water,17,train,1359.0,asllex,sole gloss,qUcxrjVwtuDyYzcXF54q.npy
qVXgn6snJk6tzHn2ksH0,water,water,52,val,2437.0,asllex,sole gloss,qVXgn6snJk6tzHn2ksH0.npy
qhWSNHjKVHmIb88diWI0,water,water,52,train,2524.0,asllex,sole gloss,qhWSNHjKVHmIb88diWI0.npy
qlXWlLm83Ogt6mNecJqx,water,water,57,test,2004.0,asllex,sole gloss,qlXWlLm83Ogt6mNecJqx.npy
qmWsu012fZqVWQnPG5sR,water,water,17,train,1790.0,asllex,sole gloss,qmWsu012fZqVWQnPG5sR.npy
qp72IaOEPraXdQCRpkct,water,water,38,val,3196.0,asllex,sole gloss,qp72IaOEPraXdQCRpkct.npy
qxnLg6GxDddueeq9NeER,water,water,88,train,4105.0,asllex,sole gloss,qxnLg6GxDddueeq9NeER.npy
r6QaMEreJROrfnqzvh0V,water,water,15,train,1565.0,asllex,sole gloss,r6QaMEreJROrfnqzvh0V.npy
rEQlem9Ac7TtkNM0jvTM,water,water,39,val,3181.0,asllex,sole gloss,rEQlem9Ac7TtkNM0jvTM.npy
rJjp76kxXQJNmkCHYTZB,water,water,84,train,1410.0,asllex,sole gloss,rJjp76kxXQJNmkCHYTZB.npy
rKXq1YOqucJE3GpoVtln,water,water,35,val,1399.0,asllex,sole gloss,rKXq1YOqucJE3GpoVtln.npy
rTZF3UkLYNPDgmHstpRt,water,water,39,train,3332.0,asllex,sole gloss,rTZF3UkLYNPDgmHstpRt.npy
rg9YpCq7r5TLsgGfF6Jc,water,water,57,test,947.0,asllex,sole gloss,rg9YpCq7r5TLsgGfF6Jc.npy
rthMiwMV8umQvivZ1WVN,water,water,35,train,1247.0,asllex,sole gloss,rthMiwMV8umQvivZ1WVN.npy
rycvnmProKHEVWUHiX38,water,water,43,train,2462.0,asllex,sole gloss,rycvnmProKHEVWUHiX38.npy
rzvtu8F2lEXQZuf7ot80,water,water,62,train,1277.0,asllex,sole gloss,rzvtu8F2lEXQZuf7ot80.npy
s0MyenP7McPHIAowrqzZ,water,water,38,train,2403.0,asllex,sole gloss,s0MyenP7McPHIAowrqzZ.npy
s4tGqlEyywZoJj7fQQap,water,water,7,train,2228.0,asllex,sole gloss,s4tGqlEyywZoJj7fQQap.npy
s55Kwz1SVTJwn3voyFsq,water,water,17,train,2090.0,asllex,sole gloss,s55Kwz1SVTJwn3voyFsq.npy
sBtj22cv8wMecuiHQdhd,water,water,84,train,1808.0,asllex,sole gloss,sBtj22cv8wMecuiHQdhd.npy
sIT2EG5Mwebe6BVAP6De,water,water,57,test,1481.0,asllex,sole gloss,sIT2EG5Mwebe6BVAP6De.npy
sJrTOnsLLcO41NRPdLpw,water,water,62,val,1509.0,asllex,sole gloss,sJrTOnsLLcO41NRPdLpw.npy
sb4mApW3hSb9sTyIbzQk,water,water,48,test,1683.0,asllex,sole gloss,sb4mApW3hSb9sTyIbzQk.npy
sgXpjlZAIQtnYX9NZ4uO,water,water,57,test,1759.0,asllex,sole gloss,sgXpjlZAIQtnYX9NZ4uO.npy
skDAT5Rh5EHNIWv3ia2S,water,water,62,train,793.0,asllex,sole gloss,skDAT5Rh5EHNIWv3ia2S.npy
t4ZRXzYU8RMqL8JXZBJW,water,water,14,train,2303.0,asllex,sole gloss,t4ZRXzYU8RMqL8JXZBJW.npy
tE0tK0ChpawuMtGnWcrX,water,water,7,train,2354.0,asllex,sole gloss,tE0tK0ChpawuMtGnWcrX.npy
taBSr7mXMFaqDrUv5hvz,water,water,84,val,1517.0,asllex,sole gloss,taBSr7mXMFaqDrUv5hvz.npy
tb7LxoWScMsjmB5hne0N,water,water,46,train,4291.0,asllex,sole gloss,tb7LxoWScMsjmB5hne0N.npy
tcUL9NWgPfk2MKRNypAy,water,water,84,train,2127.0,asllex,sole gloss,tcUL9NWgPfk2MKRNypAy.npy
th0tvDWw0BwNRLNbKMpH,water,water,61,test,800.0,asllex,sole gloss,th0tvDWw0BwNRLNbKMpH.npy
tq1fOcbj5bGN2aIeNlkF,water,water,30,train,2868.0,asllex,sole gloss,tq1fOcbj5bGN2aIeNlkF.npy
tzLbaPG0MpbZZgn9Cja5,water,water,39,train,2421.0,asllex,sole gloss,tzLbaPG0MpbZZgn9Cja5.npy
u1rwttpReI8oW1FahQ5O,water,water,84,train,909.0,asllex,sole gloss,u1rwttpReI8oW1FahQ5O.npy
u4ghWax5fD6o2x40YuTy,water,water,39,train,2602.0,asllex,sole gloss,u4ghWax5fD6o2x40YuTy.npy
u8aTCMTMfPIU57c4itt8,water,water,57,test,1024.0,asllex,sole gloss,u8aTCMTMfPIU57c4itt8.npy
u9P7febSWXnCozO6URyZ,water,water,84,val,1819.0,asllex,sole gloss,u9P7febSWXnCozO6URyZ.npy
uKf0O5a9kYOHq6o32daX,water,water,31,val,2141.0,asllex,sole gloss,uKf0O5a9kYOHq6o32daX.npy
uNkgi1xNLTJamsYocJk3,water,water,33,test,2924.0,asllex,sole gloss,uNkgi1xNLTJamsYocJk3.npy
uTimGQQdsNYLre5XlwHP,water,water,48,test,1228.0,asllex,sole gloss,uTimGQQdsNYLre5XlwHP.npy
uYRdwwJ6y5A6N4IJQPNp,water,water,57,test,1624.0,asllex,sole gloss,uYRdwwJ6y5A6N4IJQPNp.npy
uiH68FgMwwi7Fo4D3B1P,water,water,62,train,1441.0,asllex,sole gloss,uiH68FgMwwi7Fo4D3B1P.npy
ukZEiY5YJbu5Sq159lB6,water,water,84,train,1118.0,asllex,sole gloss,ukZEiY5YJbu5Sq159lB6.npy
v0Kv58lmTiu7VZetVM2S,water,water,84,train,1604.0,asllex,sole gloss,v0Kv58lmTiu7VZetVM2S.npy
vKOv1SFKeh8DISyJ8szP,water,water,61,test,1599.0,asllex,sole gloss,vKOv1SFKeh8DISyJ8szP.npy
vfGTIYR0E7e76l833tME,water,water,49,train,1019.0,asllex,sole gloss,vfGTIYR0E7e76l833tME.npy
vo1T0T2yCIeoIhf9UPLS,water,water,49,train,935.0,asllex,sole gloss,vo1T0T2yCIeoIhf9UPLS.npy
w5iCpKGS6xOISv5rsVYg,water,water,84,train,1082.0,asllex,sole gloss,w5iCpKGS6xOISv5rsVYg.npy
w5tNdX2Y3SWKDLuDZ8de,water,water,46,train,1586.0,asllex,sole gloss,w5tNdX2Y3SWKDLuDZ8de.npy
wB4B1X1W5U8mxSIeb6Fo,water,water,30,val,1629.0,asllex,sole gloss,wB4B1X1W5U8mxSIeb6Fo.npy
wTyo47ikFYt1wL5404d1,water,water,8,train,1622.0,asllex,sole gloss,wTyo47ikFYt1wL5404d1.npy
waxC6O9J0Znqln9XdAGY,water,water,7,train,2117.0,asllex,sole gloss,waxC6O9J0Znqln9XdAGY.npy
x7I910VGIW8ub0KZZ7j1,water,water,50,test,2455.0,asllex,sole gloss,x7I910VGIW8ub0KZZ7j1.npy
x7Z9y1cV8teEAxfjf2eX,water,water,84,train,1533.0,asllex,sole gloss,x7Z9y1cV8teEAxfjf2eX.npy
xEaYBhS36pFvVwqRW5V5,water,water,84,train,1145.0,asllex,sole gloss,xEaYBhS36pFvVwqRW5V5.npy
xMTQrXI84VpHEt7WY6Hj,water,water,57,test,840.0,asllex,sole gloss,xMTQrXI84VpHEt7WY6Hj.npy
xjMEA9SJ07a8sb2j6I9H,water,water,7,train,2456.0,asllex,sole gloss,xjMEA9SJ07a8sb2j6I9H.npy
y6IQ33QUQV47kFrHOHFt,water,water,46,train,1855.0,asllex,sole gloss,y6IQ33QUQV47kFrHOHFt.npy
y7ZtGwMPLLmTecOf8YJ7,water,water,39,train,4125.0,asllex,sole gloss,y7ZtGwMPLLmTecOf8YJ7.npy
yNWynfkoM4srCzafY0pO,water,water,7,val,1948.0,asllex,sole gloss,yNWynfkoM4srCzafY0pO.npy
yPWMiDJw3l2KLmayGS4Q,water,water,46,val,2402.0,asllex,sole gloss,yPWMiDJw3l2KLmayGS4Q.npy
yQhF7ZX0lPNllhM6r7Vq,water,water,64,test,1658.0,asllex,sole gloss,yQhF7ZX0lPNllhM6r7Vq.npy
yWWfEiom77CCEIP655R6,water,water,35,train,1287.0,asllex,sole gloss,yWWfEiom77CCEIP655R6.npy
zLTiyRFtvyJo0SAybneR,water,water,61,test,1183.0,asllex,sole gloss,zLTiyRFtvyJo0SAybneR.npy
zUwHhV0lyNMIo8njm9rN,water,water,46,train,2068.0,asllex,sole gloss,zUwHhV0lyNMIo8njm9rN.npy
zgQEPCukAukeOil5v8mc,water,water,57,test,2043.0,asllex,sole gloss,zgQEPCukAukeOil5v8mc.npy
zxXXDc9O9nQEkXaddrVV,water,water,7,val,2470.0,asllex,sole gloss,zxXXDc9O9nQEkXaddrVV.npy
2yfQwDstRd3tvANYsWBe,weak,weak,88,train,3922.0,asllex,sole gloss,2yfQwDstRd3tvANYsWBe.npy
8c9zfvYfID87cxa5NeWV,weak,weak,39,train,3067.0,asllex,sole gloss,8c9zfvYfID87cxa5NeWV.npy
9BZlyLSMwxHMBPgVS9t9,weak,weak,57,test,2662.0,asllex,sole gloss,9BZlyLSMwxHMBPgVS9t9.npy
ARlJnFldBl955X6HblVq,weak,weak,57,test,3216.0,asllex,sole gloss,ARlJnFldBl955X6HblVq.npy
EjPT3Yoi0P1rxyaT2UT3,weak,weak,57,test,1437.0,asllex,sole gloss,EjPT3Yoi0P1rxyaT2UT3.npy
H5y5Enjs6SJMvEOX8qPH,weak,weak,48,test,1169.0,asllex,sole gloss,H5y5Enjs6SJMvEOX8qPH.npy
Ispg78gQr0NjxOEWSYcI,weak,weak,62,train,1216.0,asllex,sole gloss,Ispg78gQr0NjxOEWSYcI.npy
JeqosAiwnvWQKQM75mPh,weak,weak,38,train,2893.0,asllex,sole gloss,JeqosAiwnvWQKQM75mPh.npy
OAgub53Q1VmUhuXD30Sk,weak,weak,57,test,2281.0,asllex,sole gloss,OAgub53Q1VmUhuXD30Sk.npy
TBLKtdHTlrREaUJHDRFJ,weak,weak,35,train,1645.0,asllex,sole gloss,TBLKtdHTlrREaUJHDRFJ.npy
TLH55BrAN9pE5zCFOO25,weak,weak,39,train,3348.0,asllex,sole gloss,TLH55BrAN9pE5zCFOO25.npy
UeSlbZVqwjyVEfArX9FU,weak,weak,57,test,1870.0,asllex,sole gloss,UeSlbZVqwjyVEfArX9FU.npy
UuB29szEEmK8z35FO3ZC,weak,weak,88,train,3186.0,asllex,sole gloss,UuB29szEEmK8z35FO3ZC.npy
V0luKsnFtd4JHd40y9Lj,weak,weak,33,test,2254.0,asllex,sole gloss,V0luKsnFtd4JHd40y9Lj.npy
W0itKDounwdiDGtT9h02,weak,weak,85,val,3518.0,asllex,sole gloss,W0itKDounwdiDGtT9h02.npy
b5WfBGwCBQ9mVAf8OhJm,weak,weak,38,train,2583.0,asllex,sole gloss,b5WfBGwCBQ9mVAf8OhJm.npy
bV7oLIZoxRRnYJzpfEtp,weak,weak,48,test,1013.0,asllex,sole gloss,bV7oLIZoxRRnYJzpfEtp.npy
iBusntNl7bh0JgrYuLrw,weak,weak,49,train,1446.0,asllex,sole gloss,iBusntNl7bh0JgrYuLrw.npy
jP7w6v0Z0CQlY1A4k2cg,weak,weak,17,train,1802.0,asllex,sole gloss,jP7w6v0Z0CQlY1A4k2cg.npy
kpNbV4XYRO6iK2mZaNSC,weak,weak,80,train,2700.0,asllex,sole gloss,kpNbV4XYRO6iK2mZaNSC.npy
l68Na6em0x1TS4EcABeI,weak,weak,35,val,1678.0,asllex,sole gloss,l68Na6em0x1TS4EcABeI.npy
mbr2S0nVhkx23XDPSURC,weak,weak,57,test,1657.0,asllex,sole gloss,mbr2S0nVhkx23XDPSURC.npy
n0i62kno7NSxK0CBCOSa,weak,weak,46,val,3793.0,asllex,sole gloss,n0i62kno7NSxK0CBCOSa.npy
pnVAMEL2zzJ5WDQnZdac,weak,weak,84,train,1688.0,asllex,sole gloss,pnVAMEL2zzJ5WDQnZdac.npy
pyNikQuR2h500AQHFhrW,weak,weak,39,train,5376.0,freetext,sole gloss,pyNikQuR2h500AQHFhrW.npy
sRVOAqLdkVQK4OH6Zptq,weak,weak,38,train,4404.0,asllex,sole gloss,sRVOAqLdkVQK4OH6Zptq.npy
uDXIhhlUg1rfYiYmT5hX,weak,weak,85,val,3207.0,asllex,sole gloss,uDXIhhlUg1rfYiYmT5hX.npy
uwRtRnSEyRyJEWq4lqOC,weak,weak,84,val,1894.0,asllex,sole gloss,uwRtRnSEyRyJEWq4lqOC.npy
w1fRpOc2LNtpgtO5Fzes,weak,weak,49,train,1180.0,asllex,sole gloss,w1fRpOc2LNtpgtO5Fzes.npy
xJbBUerDzCBJaG0MWpf0,weak,weak,62,train,1662.0,asllex,sole gloss,xJbBUerDzCBJaG0MWpf0.npy
xsEaSsogiwYPgx2XtchQ,weak,weak,39,train,3634.0,asllex,sole gloss,xsEaSsogiwYPgx2XtchQ.npy
yaYQoMYO3LAgfrVO0auE,weak,weak,46,val,2324.0,asllex,sole gloss,yaYQoMYO3LAgfrVO0auE.npy
yxtFLBn0zL6sfRW7U6iy,weak,weak,85,val,2252.0,freetext,sole gloss,yxtFLBn0zL6sfRW7U6iy.npy
18eMC4N3oHfDCShAtoJ8,week,week,35,train,1366.0,asllex,sole gloss,18eMC4N3oHfDCShAtoJ8.npy
3CyHESvTd1LkRWbOLAZs,week,week,62,train,1426.0,asllex,sole gloss,3CyHESvTd1LkRWbOLAZs.npy
5BTIsRZh9tWDlqLxeu7W,week,week,39,train,2894.0,asllex,sole gloss,5BTIsRZh9tWDlqLxeu7W.npy
5GNgwPJPclfu8jQg54dm,week,week,57,test,1986.0,asllex,sole gloss,5GNgwPJPclfu8jQg54dm.npy
5Ilv4RHEL4CXpvZmRFzO,week,week,15,val,1275.0,asllex,sole gloss,5Ilv4RHEL4CXpvZmRFzO.npy
5lGp3Wy3aiY8Dj5rOSsw,week,week,49,train,1069.0,asllex,sole gloss,5lGp3Wy3aiY8Dj5rOSsw.npy
6xxQJY0w8mKyuBFCTHzu,week,week,84,val,2139.0,asllex,sole gloss,6xxQJY0w8mKyuBFCTHzu.npy
7VKB6b5r9lWvhsHcZ5Sk,week,week,12,train,4810.0,asllex,sole gloss,7VKB6b5r9lWvhsHcZ5Sk.npy
7W98sijtaRoXDeyGu5oC,week,week,30,train,1707.0,asllex,sole gloss,7W98sijtaRoXDeyGu5oC.npy
8ZBNtEjk3EP4sHXPflo7,week,week,11,train,1648.0,asllex,sole gloss,8ZBNtEjk3EP4sHXPflo7.npy
8s7I70EP00psuV3XPHGG,week,week,49,train,1333.0,asllex,sole gloss,8s7I70EP00psuV3XPHGG.npy
ByIOsjlaVza63UlVOnwj,week,week,39,train,4548.0,asllex,sole gloss,ByIOsjlaVza63UlVOnwj.npy
CHqkAN2GKtJd8njtKxpM,week,week,62,train,1070.0,asllex,sole gloss,CHqkAN2GKtJd8njtKxpM.npy
DBbFnBU9gAxtsL9shKOK,week,week,49,train,1459.0,asllex,sole gloss,DBbFnBU9gAxtsL9shKOK.npy
DzWsfawYkVRe9wxrvuty,week,week,49,train,1277.0,asllex,sole gloss,DzWsfawYkVRe9wxrvuty.npy
GeAoEN3WLxiYMKQDxx55,week,week,84,train,1414.0,asllex,sole gloss,GeAoEN3WLxiYMKQDxx55.npy
GfvVPXeEgAWy9xocBQVG,week,week,39,val,2596.0,asllex,sole gloss,GfvVPXeEgAWy9xocBQVG.npy
Gmn2Ept7sfXOzaZ081V8,week,week,39,train,3967.0,asllex,sole gloss,Gmn2Ept7sfXOzaZ081V8.npy
HCc61uiQZFl6cH87KdUp,week,week,39,val,2305.0,asllex,sole gloss,HCc61uiQZFl6cH87KdUp.npy
JyVmZ85eemD3U7Q9zrrr,week,week,84,train,1884.0,asllex,sole gloss,JyVmZ85eemD3U7Q9zrrr.npy
LOFAyEqsxHgWXOMhLuVJ,week,week,46,val,2426.0,asllex,sole gloss,LOFAyEqsxHgWXOMhLuVJ.npy
LpZUCsAU2wEbgefe71ur,week,week,84,train,1833.0,asllex,sole gloss,LpZUCsAU2wEbgefe71ur.npy
MGleAI7rYDes1NXN2Dkq,week,week,84,train,1428.0,asllex,sole gloss,MGleAI7rYDes1NXN2Dkq.npy
PB2uH69eBfAhedpLdW5B,week,week,39,train,4391.0,asllex,sole gloss,PB2uH69eBfAhedpLdW5B.npy
PxEY6YsUJlzEeoWKgVTV,week,week,49,val,1516.0,asllex,sole gloss,PxEY6YsUJlzEeoWKgVTV.npy
QGJ2BPK2S0DLvsD3uNYL,week,week,42,train,1476.0,asllex,sole gloss,QGJ2BPK2S0DLvsD3uNYL.npy
RPsaPFXkpTp28wouH9Dr,week,week,11,val,1438.0,asllex,sole gloss,RPsaPFXkpTp28wouH9Dr.npy
Rqm710NGvjuL8Dt4NyXg,week,week,7,train,2150.0,asllex,sole gloss,Rqm710NGvjuL8Dt4NyXg.npy
Slan72iyOWAMv3aXbT9g,week,week,39,val,2409.0,asllex,sole gloss,Slan72iyOWAMv3aXbT9g.npy
TJblmlbxP7rP3R6ImxY0,week,week,54,train,2828.0,asllex,sole gloss,TJblmlbxP7rP3R6ImxY0.npy
TPiZyoy0EPlfHcG0EKaC,week,week,17,train,1479.0,asllex,sole gloss,TPiZyoy0EPlfHcG0EKaC.npy
UMbcP0IWDrp5Fizfy9cL,week,week,64,test,1936.0,asllex,sole gloss,UMbcP0IWDrp5Fizfy9cL.npy
UUPjhrKTdNrPtUkCg87j,week,week,17,val,1206.0,asllex,sole gloss,UUPjhrKTdNrPtUkCg87j.npy
UnA2SuqKtFlT50e7R8U6,week,week,7,train,2083.0,asllex,sole gloss,UnA2SuqKtFlT50e7R8U6.npy
UuQN1qPfhY5JGNG51CdB,week,week,49,train,2574.0,asllex,sole gloss,UuQN1qPfhY5JGNG51CdB.npy
VIve6jDCyafkGZj4CXJp,week,week,46,train,2752.0,asllex,sole gloss,VIve6jDCyafkGZj4CXJp.npy
W94iRcnqc2IQoYvApj8J,week,week,35,val,1236.0,asllex,sole gloss,W94iRcnqc2IQoYvApj8J.npy
WLP35P7Wcg0rB8bDx8UX,week,week,39,train,2703.0,asllex,sole gloss,WLP35P7Wcg0rB8bDx8UX.npy
WbReFMsCFp7EhZWDD1nZ,week,week,7,train,2297.0,asllex,sole gloss,WbReFMsCFp7EhZWDD1nZ.npy
XoMLZG32im48tV0xbrZf,week,week,11,train,1428.0,asllex,sole gloss,XoMLZG32im48tV0xbrZf.npy
YF14EGSnZb3T8goX6OtG,week,week,88,train,1832.0,asllex,sole gloss,YF14EGSnZb3T8goX6OtG.npy
apV1cJSFybp2MT2KKAAg,week,week,62,val,1254.0,asllex,sole gloss,apV1cJSFybp2MT2KKAAg.npy
bhA6FCMYTNR3ZUmOKRh4,week,week,42,train,1991.0,freetext,sole gloss,bhA6FCMYTNR3ZUmOKRh4.npy
cpdrRuutOJJkSuKJhOvm,week,week,50,test,2751.0,asllex,sole gloss,cpdrRuutOJJkSuKJhOvm.npy
eEDrkJMAV3nQLHgsQKsT,week,week,62,val,1892.0,asllex,sole gloss,eEDrkJMAV3nQLHgsQKsT.npy
edrdxs8iWRPTs1PhsLlc,week,week,62,train,1022.0,asllex,sole gloss,edrdxs8iWRPTs1PhsLlc.npy
f1PvyRrXFKjJUcl2KPPc,week,week,39,train,3011.0,asllex,sole gloss,f1PvyRrXFKjJUcl2KPPc.npy
fz3CGzFLk3DAuJJwl4Ar,week,week,49,train,1269.0,asllex,sole gloss,fz3CGzFLk3DAuJJwl4Ar.npy
hnjrBDTuuOM4KszlsuGz,week,week,35,train,1360.0,asllex,sole gloss,hnjrBDTuuOM4KszlsuGz.npy
j3S879WGdnDqkYYeLCFK,week,week,42,train,1431.0,asllex,sole gloss,j3S879WGdnDqkYYeLCFK.npy
jVtLNMfWf9BnDUAns9uK,week,week,62,train,1150.0,asllex,sole gloss,jVtLNMfWf9BnDUAns9uK.npy
jnduRFntwUH6ip8UNwhR,week,week,23,train,1710.0,asllex,sole gloss,jnduRFntwUH6ip8UNwhR.npy
jshqZwisY1k5Xm1u8zcN,week,week,7,train,2210.0,asllex,sole gloss,jshqZwisY1k5Xm1u8zcN.npy
mHVLkMr7bx1LJL4yYveK,week,week,88,train,3435.0,asllex,sole gloss,mHVLkMr7bx1LJL4yYveK.npy
mo4MSRDadbX5WGvgR5zh,week,week,11,val,1811.0,asllex,sole gloss,mo4MSRDadbX5WGvgR5zh.npy
ncf5e6ASVgj7iaLZUUd3,week,week,8,train,1578.0,asllex,sole gloss,ncf5e6ASVgj7iaLZUUd3.npy
piPaDzxjVQ8r1ETyU2eo,week,week,33,test,2532.0,asllex,sole gloss,piPaDzxjVQ8r1ETyU2eo.npy
quii2D7lbCqsLDDSRsRt,week,week,35,train,1267.0,asllex,sole gloss,quii2D7lbCqsLDDSRsRt.npy
uGjhpsYzeM53pvUo6PWn,week,week,11,val,2203.0,asllex,sole gloss,uGjhpsYzeM53pvUo6PWn.npy
wb8ilF3Uog8jiCUhmDjG,week,week,84,val,1793.0,asllex,sole gloss,wb8ilF3Uog8jiCUhmDjG.npy
wc5veO4qU1l1SLADU5iA,week,week,64,test,1864.0,asllex,sole gloss,wc5veO4qU1l1SLADU5iA.npy
xNPmJVMATHTQzWLSiWtN,week,week,57,test,1451.0,asllex,sole gloss,xNPmJVMATHTQzWLSiWtN.npy
xpwjW1brBc1nezXN1eb6,week,week,84,train,1091.0,asllex,sole gloss,xpwjW1brBc1nezXN1eb6.npy
zHAS328QyntIMlRik38X,week,week,42,train,1471.0,asllex,sole gloss,zHAS328QyntIMlRik38X.npy
5D5jGQDyWVUA4WL6z8ln,what,what,39,train,3055.0,freetext,sole gloss,5D5jGQDyWVUA4WL6z8ln.npy
6LnGEXfDnVBNeNrUf4p3,what,what,49,train,1329.0,freetext,sole gloss,6LnGEXfDnVBNeNrUf4p3.npy
A3InaLuuTOndlxEMFqOY,what,what,57,test,1587.0,freetext,sole gloss,A3InaLuuTOndlxEMFqOY.npy
AOSjTMPOt8BnYwYKsTrj,what,what,49,val,1464.0,freetext,sole gloss,AOSjTMPOt8BnYwYKsTrj.npy
Be4IRdrppnCkqNcjvyDX,what,what,39,train,2685.0,freetext,sole gloss,Be4IRdrppnCkqNcjvyDX.npy
BmWC1w2l4uRCOtxWPkGB,what,what,43,val,2601.0,freetext,sole gloss,BmWC1w2l4uRCOtxWPkGB.npy
EPIyL8C0Z4IvjnA1h9nK,what,what,57,test,1326.0,freetext,sole gloss,EPIyL8C0Z4IvjnA1h9nK.npy
EWR9Dv31e1IpeIh9nTJV,what,what,57,test,1848.0,freetext,sole gloss,EWR9Dv31e1IpeIh9nTJV.npy
H1C5ZvLRmSPOeDWQrSCK,what,what,36,test,1601.0,freetext,sole gloss,H1C5ZvLRmSPOeDWQrSCK.npy
HV2g0sWAjarz6TfWkDoL,what,what,57,test,1497.0,freetext,sole gloss,HV2g0sWAjarz6TfWkDoL.npy
OuzIQmqX9ZKrer3ICSqZ,what,what,53,test,1894.0,freetext,sole gloss,OuzIQmqX9ZKrer3ICSqZ.npy
P6E6QRjrh9ESfZx62SeB,what,what,39,train,2744.0,freetext,sole gloss,P6E6QRjrh9ESfZx62SeB.npy
Qy6TfksR2gFqS2frqUik,what,what,42,val,2128.0,freetext,sole gloss,Qy6TfksR2gFqS2frqUik.npy
T2figWpXi1dj4jGzmIMI,what,what,42,train,1728.0,freetext,sole gloss,T2figWpXi1dj4jGzmIMI.npy
X6D0MVGMqWaGWSfRrnG9,what,what,57,test,1260.0,freetext,sole gloss,X6D0MVGMqWaGWSfRrnG9.npy
Y29szAK8e0d7KHhEUniC,what,what,17,train,1885.0,freetext,sole gloss,Y29szAK8e0d7KHhEUniC.npy
Y6La2fVPl2u08lnegZFK,what,what,57,test,871.0,freetext,sole gloss,Y6La2fVPl2u08lnegZFK.npy
ab0tQL7cUb9vVOJt5fvk,what,what,42,train,1850.0,freetext,sole gloss,ab0tQL7cUb9vVOJt5fvk.npy
cxlIT1iHFeOcB6BF2XHP,what,what,42,train,2384.0,freetext,sole gloss,cxlIT1iHFeOcB6BF2XHP.npy
cz2jUoUKxfvkynYsAPcN,what,what,80,train,2449.0,freetext,sole gloss,cz2jUoUKxfvkynYsAPcN.npy
djPzTMG0cgTLKWrqa1a9,what,what,31,train,1272.0,freetext,sole gloss,djPzTMG0cgTLKWrqa1a9.npy
gagovokHoxGzigZ1Tl0m,what,what,42,train,1714.0,freetext,sole gloss,gagovokHoxGzigZ1Tl0m.npy
kyRMuoLIe8r4Pgy0Tyt8,what,what,54,val,2512.0,freetext,sole gloss,kyRMuoLIe8r4Pgy0Tyt8.npy
oGxMAbhLvdMDdw3hhBK6,what,what,57,test,1477.0,freetext,sole gloss,oGxMAbhLvdMDdw3hhBK6.npy
rshLqdt2R6aF4tjVezJX,what,what,38,train,3105.0,freetext,sole gloss,rshLqdt2R6aF4tjVezJX.npy
v0fNTRHgiUUOO66TTJw3,what,what,54,train,3669.0,freetext,sole gloss,v0fNTRHgiUUOO66TTJw3.npy
y18DkbY0gsz2CPLpy8bt,what,what,39,val,2402.0,freetext,sole gloss,y18DkbY0gsz2CPLpy8bt.npy
9l7fjUCI1jZTYIKxUqwi,wheelchair,wheelchair,50,test,3468.0,freetext,sole gloss,9l7fjUCI1jZTYIKxUqwi.npy
NQ37WxWLjmV1rigH97u2,wheelchair,wheelchair,30,train,1941.0,freetext,sole gloss,NQ37WxWLjmV1rigH97u2.npy
aUcaqmtVia6EFkouoAlQ,wheelchair,wheelchair,54,val,4832.0,freetext,sole gloss,aUcaqmtVia6EFkouoAlQ.npy
dBmVpcIM3XQUU0aW3VwS,wheelchair,wheelchair,85,val,4152.0,asllex,sole gloss,dBmVpcIM3XQUU0aW3VwS.npy
dOZGZLUQOxMuD9YqpaoQ,wheelchair,wheelchair,80,train,3105.0,asllex,sole gloss,dOZGZLUQOxMuD9YqpaoQ.npy
sYzsAp1y7hghjnhsDi1z,wheelchair,wheelchair,7,train,2757.0,freetext,sole gloss,sYzsAp1y7hghjnhsDi1z.npy
zicaUvD4DN0ZhYIq1cMm,wheelchair,wheelchair,46,train,3204.0,freetext,sole gloss,zicaUvD4DN0ZhYIq1cMm.npy
2LT2Gh7sCDi6qb8Iv4Ws,when,when,12,train,1897.0,asllex,sole gloss,2LT2Gh7sCDi6qb8Iv4Ws.npy
5HyTO5hrnlHoHn7yOmzC,when,when,38,val,2800.0,freetext,sole gloss,5HyTO5hrnlHoHn7yOmzC.npy
8eDu0XAGzjlJuuAycKaK,when,when,38,train,2677.0,freetext,sole gloss,8eDu0XAGzjlJuuAycKaK.npy
HPE8WDQhPaNVyapMxcET,when,when,30,train,1606.0,asllex,sole gloss,HPE8WDQhPaNVyapMxcET.npy
N4uuEmvB9AiM74zieTbs,when,when,7,train,2293.0,asllex,sole gloss,N4uuEmvB9AiM74zieTbs.npy
NYA00wxOcP2KfqlYPkdM,when,when,62,train,819.0,asllex,sole gloss,NYA00wxOcP2KfqlYPkdM.npy
OBxZGMA68utMbNd7JpEL,when,when,39,train,2441.0,freetext,sole gloss,OBxZGMA68utMbNd7JpEL.npy
PhalpNOyuH1yIv48U7Xn,when,when,17,train,1688.0,asllex,sole gloss,PhalpNOyuH1yIv48U7Xn.npy
PorqhbmO4Fwih08iwfIS,when,when,38,train,3157.0,asllex,sole gloss,PorqhbmO4Fwih08iwfIS.npy
Qai1peMnrKlbhxNSX6kw,when,when,49,train,2269.0,asllex,sole gloss,Qai1peMnrKlbhxNSX6kw.npy
QnzNMrVxaoaZYRSjp7qz,when,when,78,train,3337.0,asllex,sole gloss,QnzNMrVxaoaZYRSjp7qz.npy
UI5eyagv9EohjhKZfUBo,when,when,39,train,2455.0,freetext,sole gloss,UI5eyagv9EohjhKZfUBo.npy
XlQPVRRewAhpoooR6v7z,when,when,48,test,1044.0,asllex,sole gloss,XlQPVRRewAhpoooR6v7z.npy
ZQVI5U8VLBNIPVsa5bH9,when,when,8,train,1328.0,asllex,sole gloss,ZQVI5U8VLBNIPVsa5bH9.npy
ZwLvrZxA3YBEvRCrt0Fv,when,when,7,train,2490.0,asllex,sole gloss,ZwLvrZxA3YBEvRCrt0Fv.npy
bA27byqBwoP2VKllLdde,when,when,7,val,2446.0,asllex,sole gloss,bA27byqBwoP2VKllLdde.npy
bvTQo3viYnbQWdFVyFFf,when,when,57,test,1548.0,asllex,sole gloss,bvTQo3viYnbQWdFVyFFf.npy
dWBbXSd9Zm5IuqoVtZif,when,when,62,train,1420.0,asllex,sole gloss,dWBbXSd9Zm5IuqoVtZif.npy
eDS2i1uq3ZINVJ3p7tBQ,when,when,62,val,925.0,asllex,sole gloss,eDS2i1uq3ZINVJ3p7tBQ.npy
eh01VBRm2pwNJi2sBzvU,when,when,80,train,2457.0,asllex,sole gloss,eh01VBRm2pwNJi2sBzvU.npy
ffmClvouE5G4G9BwFI0B,when,when,17,val,2310.0,asllex,sole gloss,ffmClvouE5G4G9BwFI0B.npy
fvHy9LRllV4wlAybipYU,when,when,62,val,1085.0,asllex,sole gloss,fvHy9LRllV4wlAybipYU.npy
ghMtueJj4Mt4VxmIcT5I,when,when,30,train,1783.0,asllex,sole gloss,ghMtueJj4Mt4VxmIcT5I.npy
omTy1HcDJoNCdddRREeW,when,when,88,train,1858.0,asllex,sole gloss,omTy1HcDJoNCdddRREeW.npy
peEfeeeWIP7t3k9TJrRI,when,when,62,train,1183.0,asllex,sole gloss,peEfeeeWIP7t3k9TJrRI.npy
pjusO3daVh0EgAnm8mDv,when,when,30,train,1943.0,asllex,sole gloss,pjusO3daVh0EgAnm8mDv.npy
qHKGvA2searQ1V0AqPuz,when,when,17,train,1615.0,asllex,sole gloss,qHKGvA2searQ1V0AqPuz.npy
qwLMYYiKcf52PbPnky0G,when,when,11,val,1657.0,asllex,sole gloss,qwLMYYiKcf52PbPnky0G.npy
r3gAh06D8TudXZgpTTNW,when,when,62,val,1304.0,asllex,sole gloss,r3gAh06D8TudXZgpTTNW.npy
rb3Mk788vFqMovuk5Vtm,when,when,62,train,1054.0,asllex,sole gloss,rb3Mk788vFqMovuk5Vtm.npy
s4Ac1l2dA3KXKG55QIKa,when,when,7,train,2634.0,asllex,sole gloss,s4Ac1l2dA3KXKG55QIKa.npy
tRrULnzI568iCEhP4y4i,when,when,30,val,1553.0,asllex,sole gloss,tRrULnzI568iCEhP4y4i.npy
tfYHYcAa8enBDd349eOd,when,when,7,train,2150.0,asllex,sole gloss,tfYHYcAa8enBDd349eOd.npy
xLTLGReHG7V21Fzjp5HL,when,when,33,test,1996.0,asllex,sole gloss,xLTLGReHG7V21Fzjp5HL.npy
ynU67yxK6tIBduhxEirm,when,when,49,train,1345.0,asllex,sole gloss,ynU67yxK6tIBduhxEirm.npy
1TWfvnZLeVC0VZbZ2Czy,where,where,17,train,1573.0,asllex,sole gloss,1TWfvnZLeVC0VZbZ2Czy.npy
1jJRNyS3O7w0JEiuDSQb,where,where,88,train,1819.0,asllex,sole gloss,1jJRNyS3O7w0JEiuDSQb.npy
1pAukgB3Os4aK1gUrCv6,where,where,80,train,1707.0,asllex,sole gloss,1pAukgB3Os4aK1gUrCv6.npy
3XUJtI4lTkAF82Egp3oZ,where,where,49,train,1410.0,asllex,sole gloss,3XUJtI4lTkAF82Egp3oZ.npy
44ZXD5jdyLC3C06VHzGw,where,where,62,train,1376.0,asllex,sole gloss,44ZXD5jdyLC3C06VHzGw.npy
4oNgRV4E73sgeGJgdwTg,where,where,42,train,1223.0,asllex,sole gloss,4oNgRV4E73sgeGJgdwTg.npy
50JtfzSqGl6aVV2UOqun,where,where,38,train,3044.0,asllex,sole gloss,50JtfzSqGl6aVV2UOqun.npy
5dAE5SvZH3eQ5jjNixKg,where,where,7,train,1903.0,asllex,sole gloss,5dAE5SvZH3eQ5jjNixKg.npy
69nau8Zbr6K3a16gKIsl,where,where,62,train,1398.0,freetext,sole gloss,69nau8Zbr6K3a16gKIsl.npy
79fGsycluFoKkwgNop6g,where,where,35,train,1502.0,asllex,sole gloss,79fGsycluFoKkwgNop6g.npy
7cAWIt64Bpn1aCuQCUId,where,where,78,train,1867.0,asllex,sole gloss,7cAWIt64Bpn1aCuQCUId.npy
7tW9pS6Y4oVlA7YzjSsj,where,where,46,train,2441.0,asllex,sole gloss,7tW9pS6Y4oVlA7YzjSsj.npy
7vtFH6gMbJOuVt7OPWk8,where,where,88,val,1690.0,asllex,sole gloss,7vtFH6gMbJOuVt7OPWk8.npy
7yAFfnkpu7cItcr8vzrM,where,where,30,train,1773.0,asllex,sole gloss,7yAFfnkpu7cItcr8vzrM.npy
7zdacDZa6bRBetjWotZQ,where,where,78,train,2459.0,asllex,sole gloss,7zdacDZa6bRBetjWotZQ.npy
8915y5BQ8uUm8LhupF5Z,where,where,11,val,1355.0,asllex,sole gloss,8915y5BQ8uUm8LhupF5Z.npy
8rTUl3o9kl1d5L82IfMM,where,where,17,train,1260.0,asllex,sole gloss,8rTUl3o9kl1d5L82IfMM.npy
9K3LKihgAemuNCHF09yc,where,where,49,train,1352.0,asllex,sole gloss,9K3LKihgAemuNCHF09yc.npy
9lQUQ0jLEJ0EdAz9Hk3o,where,where,11,train,1565.0,asllex,sole gloss,9lQUQ0jLEJ0EdAz9Hk3o.npy
AcvejLQyTMPBL1hSEia4,where,where,48,test,1183.0,freetext,sole gloss,AcvejLQyTMPBL1hSEia4.npy
AhWg4ofGpwW6rxXIdDBB,where,where,46,train,3578.0,asllex,sole gloss,AhWg4ofGpwW6rxXIdDBB.npy
AkreU6WunkNzz7S2V8QZ,where,where,42,train,1248.0,asllex,sole gloss,AkreU6WunkNzz7S2V8QZ.npy
AwzYEWhruFeLWYHTLGKx,where,where,49,val,1118.0,asllex,sole gloss,AwzYEWhruFeLWYHTLGKx.npy
BNxBU3gD7sg5IWaRusmT,where,where,17,train,910.0,asllex,sole gloss,BNxBU3gD7sg5IWaRusmT.npy
COwq9aP6tqCMIcEvXmIt,where,where,17,train,1350.0,asllex,sole gloss,COwq9aP6tqCMIcEvXmIt.npy
CjtaLODoqg9ePbfyARvm,where,where,49,train,1443.0,asllex,sole gloss,CjtaLODoqg9ePbfyARvm.npy
CpYILBvJyfbQEHvImg7d,where,where,38,train,2833.0,asllex,sole gloss,CpYILBvJyfbQEHvImg7d.npy
DFRxkRU4gFNnlrj6huQW,where,where,49,train,1066.0,asllex,sole gloss,DFRxkRU4gFNnlrj6huQW.npy
DPyN6oTBNqkPGEPGC4IP,where,where,49,val,1428.0,asllex,sole gloss,DPyN6oTBNqkPGEPGC4IP.npy
DWnBMea4ZMRIXNIE2oWT,where,where,78,train,3829.0,asllex,sole gloss,DWnBMea4ZMRIXNIE2oWT.npy
DgZLIO6GStvjbXmdumI1,where,where,88,train,1939.0,asllex,sole gloss,DgZLIO6GStvjbXmdumI1.npy
DlgGCK8pJgWx05CmRh9b,where,where,35,train,1479.0,asllex,sole gloss,DlgGCK8pJgWx05CmRh9b.npy
EmrU0VljYK92KMiRTAsr,where,where,62,train,1216.0,asllex,sole gloss,EmrU0VljYK92KMiRTAsr.npy
Feo4dBz7ZJT7OcRj9AWi,where,where,49,train,1125.0,asllex,sole gloss,Feo4dBz7ZJT7OcRj9AWi.npy
FkF1pZgMyGg8BgmWPwbM,where,where,53,test,2296.0,asllex,sole gloss,FkF1pZgMyGg8BgmWPwbM.npy
I7D9wak3nVOJbbwKvjlP,where,where,48,test,1812.0,asllex,sole gloss,I7D9wak3nVOJbbwKvjlP.npy
Iu8Ha2Uf0fzQsgRYX02p,where,where,88,train,1777.0,asllex,sole gloss,Iu8Ha2Uf0fzQsgRYX02p.npy
Jtv0707BcG4kaCpC5AIF,where,where,88,val,3432.0,asllex,sole gloss,Jtv0707BcG4kaCpC5AIF.npy
KiIK1wYQFRTNQCgZ3XrE,where,where,35,train,1397.0,asllex,sole gloss,KiIK1wYQFRTNQCgZ3XrE.npy
L0ZcqAInlAFRt14C1CpV,where,where,11,train,1898.0,asllex,sole gloss,L0ZcqAInlAFRt14C1CpV.npy
Men295I1WuDK7ECTaVTn,where,where,17,train,937.0,asllex,sole gloss,Men295I1WuDK7ECTaVTn.npy
N7GHDgM0v6ji86BEi6nK,where,where,54,train,1688.0,asllex,sole gloss,N7GHDgM0v6ji86BEi6nK.npy
NACyi7x2smBhcqLhwHqA,where,where,57,test,1295.0,asllex,sole gloss,NACyi7x2smBhcqLhwHqA.npy
NcDW2T6VJaoq5B5NxAGG,where,where,57,test,1210.0,asllex,sole gloss,NcDW2T6VJaoq5B5NxAGG.npy
NjPLhdhCvZAq7pfcVAs4,where,where,48,test,1086.0,asllex,sole gloss,NjPLhdhCvZAq7pfcVAs4.npy
OZzKoNMPhu5kvoUgoNzH,where,where,17,train,1866.0,asllex,sole gloss,OZzKoNMPhu5kvoUgoNzH.npy
Oa755P9DErEinIZOgIVJ,where,where,17,train,1107.0,asllex,sole gloss,Oa755P9DErEinIZOgIVJ.npy
Ok4cp8qiwwrODeO2lsfD,where,where,17,train,908.0,asllex,sole gloss,Ok4cp8qiwwrODeO2lsfD.npy
QCYynqTeFxhDd7tqf6J5,where,where,17,train,1548.0,asllex,sole gloss,QCYynqTeFxhDd7tqf6J5.npy
QnOPMMGG7BrxoZ71Ymdr,where,where,88,train,4594.0,asllex,sole gloss,QnOPMMGG7BrxoZ71Ymdr.npy
RAGYfeWNWfs9mt1CY9ud,where,where,11,train,1338.0,asllex,sole gloss,RAGYfeWNWfs9mt1CY9ud.npy
ReOQ8OmX1QgZMqqYp5Og,where,where,11,val,1581.0,asllex,sole gloss,ReOQ8OmX1QgZMqqYp5Og.npy
S9D3MXshHnyIsGmQ5Jz2,where,where,46,train,1845.0,asllex,sole gloss,S9D3MXshHnyIsGmQ5Jz2.npy
SKiSTNL7y1alVoFRPnYL,where,where,49,val,865.0,asllex,sole gloss,SKiSTNL7y1alVoFRPnYL.npy
SsRj2gkCGXPgWoe0ZPEv,where,where,8,val,1376.0,asllex,sole gloss,SsRj2gkCGXPgWoe0ZPEv.npy
TfMA3mrVK8DTRzoeXdil,where,where,49,train,1251.0,asllex,sole gloss,TfMA3mrVK8DTRzoeXdil.npy
U3aJKMH7GXRgTDLeTTGT,where,where,57,test,1715.0,asllex,sole gloss,U3aJKMH7GXRgTDLeTTGT.npy
UHrpRKfGilcaX3jsvoKd,where,where,17,val,887.0,asllex,sole gloss,UHrpRKfGilcaX3jsvoKd.npy
ULEl67QVN6cqtzeZJVkw,where,where,88,train,1607.0,asllex,sole gloss,ULEl67QVN6cqtzeZJVkw.npy
UtrBc6I2ELoIcy5382Cs,where,where,88,val,2465.0,asllex,sole gloss,UtrBc6I2ELoIcy5382Cs.npy
VdChvBHzFxWMPF37pGPi,where,where,33,test,2515.0,asllex,sole gloss,VdChvBHzFxWMPF37pGPi.npy
VrLlTJ1OJTjSLv7VPyDu,where,where,57,test,2646.0,freetext,sole gloss,VrLlTJ1OJTjSLv7VPyDu.npy
Wig7V0QzP4K7XYW8kF5H,where,where,48,test,1072.0,asllex,sole gloss,Wig7V0QzP4K7XYW8kF5H.npy
XoN92bUyWsul0fD79v7u,where,where,11,train,1302.0,asllex,sole gloss,XoN92bUyWsul0fD79v7u.npy
YBaJcgEW4JvO7TwPn62f,where,where,39,train,3177.0,asllex,sole gloss,YBaJcgEW4JvO7TwPn62f.npy
YgCSPPGDuJ1RAY0qGqxF,where,where,49,train,742.0,asllex,sole gloss,YgCSPPGDuJ1RAY0qGqxF.npy
Ylww3Bbt7odg5jNGZcn3,where,where,59,train,1324.0,asllex,sole gloss,Ylww3Bbt7odg5jNGZcn3.npy
Yo0qbOkdpARNJ34tKfO8,where,where,39,train,2432.0,asllex,sole gloss,Yo0qbOkdpARNJ34tKfO8.npy
Z3skeH2E5hxxU8fIMKqE,where,where,88,train,3681.0,asllex,sole gloss,Z3skeH2E5hxxU8fIMKqE.npy
ZYe90r8C56I5R2shbSOE,where,where,17,train,1797.0,asllex,sole gloss,ZYe90r8C56I5R2shbSOE.npy
Zv8mAGhGiOnwRyPEExEe,where,where,17,val,1809.0,asllex,sole gloss,Zv8mAGhGiOnwRyPEExEe.npy
aRPyXFfpWAdmQZGfZA8H,where,where,88,train,4041.0,asllex,sole gloss,aRPyXFfpWAdmQZGfZA8H.npy
bYUEJXuasoDzsnuB2Dkj,where,where,17,train,2068.0,asllex,sole gloss,bYUEJXuasoDzsnuB2Dkj.npy
c0AKYbuoS3mvWbTXpkYu,where,where,60,train,753.0,asllex,sole gloss,c0AKYbuoS3mvWbTXpkYu.npy
cArvXqIbRRJW6g3cTZp2,where,where,57,test,1001.0,freetext,sole gloss,cArvXqIbRRJW6g3cTZp2.npy
cBUzWxBdf9Qgse4VAsix,where,where,42,train,2126.0,asllex,sole gloss,cBUzWxBdf9Qgse4VAsix.npy
dTOBL5hSDh6NkG3HKQRf,where,where,17,val,2012.0,asllex,sole gloss,dTOBL5hSDh6NkG3HKQRf.npy
eqsvSX1Feqf49dzYGK7q,where,where,7,train,2580.0,asllex,sole gloss,eqsvSX1Feqf49dzYGK7q.npy
gAlKzWc7OyGDKHwmkCEK,where,where,54,train,1703.0,asllex,sole gloss,gAlKzWc7OyGDKHwmkCEK.npy
hSrmsNj0RFFdcLX4LqHv,where,where,62,train,1171.0,asllex,sole gloss,hSrmsNj0RFFdcLX4LqHv.npy
hazfZ5LMnpaKWRbMZ9f9,where,where,17,train,911.0,asllex,sole gloss,hazfZ5LMnpaKWRbMZ9f9.npy
hjfrWAMbnOJAkgrdd7JH,where,where,60,val,1682.0,asllex,sole gloss,hjfrWAMbnOJAkgrdd7JH.npy
iAIWLjbsHUBcBOFpq3sP,where,where,49,val,870.0,asllex,sole gloss,iAIWLjbsHUBcBOFpq3sP.npy
icAkxpC2TwDFFWcLspgm,where,where,38,train,1921.0,asllex,sole gloss,icAkxpC2TwDFFWcLspgm.npy
icHmIdNjGZZIpBoRWNTE,where,where,7,train,1892.0,asllex,sole gloss,icHmIdNjGZZIpBoRWNTE.npy
ieBDvEOufcKfA7WepFMj,where,where,17,train,1072.0,asllex,sole gloss,ieBDvEOufcKfA7WepFMj.npy
ieEI0jli7fw1Iarlil3b,where,where,17,train,1821.0,asllex,sole gloss,ieEI0jli7fw1Iarlil3b.npy
ikIZKuMLnsTQyKIwF3LJ,where,where,88,val,4315.0,asllex,sole gloss,ikIZKuMLnsTQyKIwF3LJ.npy
jNH3ogkbXe9r3PKZD5kZ,where,where,61,test,1030.0,asllex,sole gloss,jNH3ogkbXe9r3PKZD5kZ.npy
kmRbPedrUWaH3ClGvH0u,where,where,17,train,1907.0,asllex,sole gloss,kmRbPedrUWaH3ClGvH0u.npy
kntbiSiuZHKwFtMAw1fK,where,where,17,train,2363.0,asllex,sole gloss,kntbiSiuZHKwFtMAw1fK.npy
kxBdKVUzxi7R3yF0CwUJ,where,where,33,test,2398.0,asllex,sole gloss,kxBdKVUzxi7R3yF0CwUJ.npy
lpqzgAtIX3TZouBnIhFI,where,where,49,train,1069.0,asllex,sole gloss,lpqzgAtIX3TZouBnIhFI.npy
mR35NXWtF9mzf5Uh2AZ9,where,where,17,train,981.0,asllex,sole gloss,mR35NXWtF9mzf5Uh2AZ9.npy
myZIMG6FSdtJN6AO8Cwe,where,where,46,train,2104.0,asllex,sole gloss,myZIMG6FSdtJN6AO8Cwe.npy
nCe7io52QGRAI3WTAEHP,where,where,17,val,1466.0,asllex,sole gloss,nCe7io52QGRAI3WTAEHP.npy
nHqZYFeHK7F9j4b2byIA,where,where,57,test,1341.0,freetext,sole gloss,nHqZYFeHK7F9j4b2byIA.npy
nZQg9BGnC6Mxu5S62IBd,where,where,17,val,1068.0,asllex,sole gloss,nZQg9BGnC6Mxu5S62IBd.npy
nZYpT6bWyxBjL5rsuemJ,where,where,49,train,1049.0,asllex,sole gloss,nZYpT6bWyxBjL5rsuemJ.npy
nmyWAo8YxtZxfljGPIhb,where,where,57,test,2210.0,asllex,sole gloss,nmyWAo8YxtZxfljGPIhb.npy
oOBl8XIRYasburBGE6Qo,where,where,62,train,1556.0,asllex,sole gloss,oOBl8XIRYasburBGE6Qo.npy
ob3olPmjAsfHGXIAw69p,where,where,39,train,4064.0,asllex,sole gloss,ob3olPmjAsfHGXIAw69p.npy
pTJYDcHTN5vhKwzBKJmC,where,where,17,val,1184.0,asllex,sole gloss,pTJYDcHTN5vhKwzBKJmC.npy
rDiv5OlLJUUunsHdHbgq,where,where,17,val,3167.0,asllex,sole gloss,rDiv5OlLJUUunsHdHbgq.npy
rI5iAWQALv1Yy7mD4x5g,where,where,39,val,2556.0,asllex,sole gloss,rI5iAWQALv1Yy7mD4x5g.npy
rpDPJE90f4wn6qgjLlUF,where,where,35,val,1143.0,asllex,sole gloss,rpDPJE90f4wn6qgjLlUF.npy
sL5vGcDv3KMJXM1ii05z,where,where,57,test,952.0,asllex,sole gloss,sL5vGcDv3KMJXM1ii05z.npy
sPu1CNJfsksDXFpZcT6I,where,where,17,train,2502.0,asllex,sole gloss,sPu1CNJfsksDXFpZcT6I.npy
syRhSdkDiQXKySrKNecA,where,where,78,train,2235.0,asllex,sole gloss,syRhSdkDiQXKySrKNecA.npy
tXqMCq2SYf8ckkqXkk3j,where,where,17,val,1226.0,asllex,sole gloss,tXqMCq2SYf8ckkqXkk3j.npy
tksivioombshkPf4Xjdh,where,where,39,train,3142.0,asllex,sole gloss,tksivioombshkPf4Xjdh.npy
tsL9PJmULxo2oGHwLBEx,where,where,38,train,2367.0,asllex,sole gloss,tsL9PJmULxo2oGHwLBEx.npy
vBkNrAIlv3NX7tHdxYB8,where,where,88,train,2568.0,asllex,sole gloss,vBkNrAIlv3NX7tHdxYB8.npy
vtCh1k0vTCV9zjasvyLy,where,where,42,val,1079.0,asllex,sole gloss,vtCh1k0vTCV9zjasvyLy.npy
vz24MP28GnUyAWvSamkh,where,where,49,train,1452.0,asllex,sole gloss,vz24MP28GnUyAWvSamkh.npy
wBAaNlBSoKzA0ecvEcyI,where,where,80,train,1694.0,asllex,sole gloss,wBAaNlBSoKzA0ecvEcyI.npy
wjWo9Cbb0sD7Si9WXEdB,where,where,17,train,1148.0,asllex,sole gloss,wjWo9Cbb0sD7Si9WXEdB.npy
wwij0CQmpYhq9uk17yXD,where,where,17,val,1722.0,asllex,sole gloss,wwij0CQmpYhq9uk17yXD.npy
wxk3UAz0MrbRXBJrqmac,where,where,61,test,1957.0,asllex,sole gloss,wxk3UAz0MrbRXBJrqmac.npy
xQPiq4KuvJr8PxoJWCT6,where,where,57,test,1450.0,asllex,sole gloss,xQPiq4KuvJr8PxoJWCT6.npy
yBBpCYtk7shFN3NbVJrZ,where,where,84,train,1039.0,asllex,sole gloss,yBBpCYtk7shFN3NbVJrZ.npy
ye5lN6ifrNfTfw57Zv0F,where,where,17,val,981.0,asllex,sole gloss,ye5lN6ifrNfTfw57Zv0F.npy
yhFFN8LhkOE6II9vByKP,where,where,17,train,1627.0,asllex,sole gloss,yhFFN8LhkOE6II9vByKP.npy
yw9hLOH7tCWFI5iV4gZk,where,where,46,train,2153.0,asllex,sole gloss,yw9hLOH7tCWFI5iV4gZk.npy
z1fc7MV8UxC5GmCNxLcu,where,where,57,test,1594.0,freetext,sole gloss,z1fc7MV8UxC5GmCNxLcu.npy
zL90HH3NOojOXFf5cl9h,where,where,7,val,1823.0,asllex,sole gloss,zL90HH3NOojOXFf5cl9h.npy
za7AuT28imGPOP0QDLz5,where,where,31,train,1052.0,asllex,sole gloss,za7AuT28imGPOP0QDLz5.npy
2fj44yGAYOtU7SuAQcRM,which,which,49,val,1549.0,asllex,sole gloss,2fj44yGAYOtU7SuAQcRM.npy
9rIc3VQH2DwtTSmY6kFP,which,which,17,train,2603.0,asllex,sole gloss,9rIc3VQH2DwtTSmY6kFP.npy
BFPcOG0P5xw319y1FMLF,which,which,11,train,1483.0,asllex,sole gloss,BFPcOG0P5xw319y1FMLF.npy
CZ6MRhwuHlq8tgIDPE4M,which,which,84,train,1482.0,asllex,sole gloss,CZ6MRhwuHlq8tgIDPE4M.npy
CuXNRU2mHBEDb3uRFspc,which,which,49,val,1507.0,asllex,sole gloss,CuXNRU2mHBEDb3uRFspc.npy
DHT3Q3lt8C4os8y8L72N,which,which,11,train,1852.0,asllex,sole gloss,DHT3Q3lt8C4os8y8L72N.npy
DUaLJt52lvKe0T8xjYDY,which,which,38,train,2855.0,freetext,sole gloss,DUaLJt52lvKe0T8xjYDY.npy
Gq10sHMYxPSh1sJcYzam,which,which,15,train,1415.0,asllex,sole gloss,Gq10sHMYxPSh1sJcYzam.npy
MVuRYz5ww5wsF4sxKWS8,which,which,49,train,1066.0,asllex,sole gloss,MVuRYz5ww5wsF4sxKWS8.npy
OtoDRPoUIDcW1XQnMhmU,which,which,35,train,1472.0,asllex,sole gloss,OtoDRPoUIDcW1XQnMhmU.npy
PTRafkuSkAH1sHniyMnp,which,which,42,train,1896.0,freetext,sole gloss,PTRafkuSkAH1sHniyMnp.npy
VWza3qneRn5MjXTE9rm0,which,which,31,val,1853.0,asllex,sole gloss,VWza3qneRn5MjXTE9rm0.npy
Yo9gx602z5M8To6yJVMW,which,which,49,train,1334.0,asllex,sole gloss,Yo9gx602z5M8To6yJVMW.npy
Zp3vKfo9qq8XS1ROpgqU,which,which,49,train,1959.0,asllex,sole gloss,Zp3vKfo9qq8XS1ROpgqU.npy
axlqM1Y0hxWEKUZnpLQu,which,which,62,train,1405.0,asllex,sole gloss,axlqM1Y0hxWEKUZnpLQu.npy
bLQhUER1BSuf1nL97LcD,which,which,17,val,1063.0,asllex,sole gloss,bLQhUER1BSuf1nL97LcD.npy
fSE9CifCeuCHFrqU12Ba,which,which,17,train,1128.0,asllex,sole gloss,fSE9CifCeuCHFrqU12Ba.npy
fyykC06963NN635RcKBC,which,which,88,train,4849.0,asllex,sole gloss,fyykC06963NN635RcKBC.npy
hJMA6GM6LdWGh9N5K5dV,which,which,42,val,2260.0,freetext,sole gloss,hJMA6GM6LdWGh9N5K5dV.npy
hXg4goAzO8FAFPyu3Vrf,which,which,84,train,2765.0,freetext,sole gloss,hXg4goAzO8FAFPyu3Vrf.npy
ksW8tNq3zL3WXw94PmD3,which,which,84,val,1597.0,asllex,sole gloss,ksW8tNq3zL3WXw94PmD3.npy
oL1suBkiywZZPTppQ5TZ,which,which,17,train,1022.0,asllex,sole gloss,oL1suBkiywZZPTppQ5TZ.npy
oMwIelArZezZsyZeXKc2,which,which,17,train,1882.0,asllex,sole gloss,oMwIelArZezZsyZeXKc2.npy
rpOV0CETFQCTRYDbQpNA,which,which,17,train,990.0,asllex,sole gloss,rpOV0CETFQCTRYDbQpNA.npy
sGegu2bHr4g1OOoSF9Fp,which,which,17,val,1260.0,asllex,sole gloss,sGegu2bHr4g1OOoSF9Fp.npy
vesSYaKqIgd67e5eEUAu,which,which,30,train,1993.0,freetext,sole gloss,vesSYaKqIgd67e5eEUAu.npy
xYPVaFACNn7Q5IaJ1wDd,which,which,17,train,1176.0,asllex,sole gloss,xYPVaFACNn7Q5IaJ1wDd.npy
0cuT9PONYL2oLFBWQnjp,who,who,39,train,2631.0,asllex,sole gloss,0cuT9PONYL2oLFBWQnjp.npy
10wHEGRCO3SlyDSUp8En,who,who,30,train,1365.0,asllex,sole gloss,10wHEGRCO3SlyDSUp8En.npy
1Etzh5PqN9O8vNupcS0V,who,who,57,test,1013.0,asllex,sole gloss,1Etzh5PqN9O8vNupcS0V.npy
29CtzugoCGEWvq03SHgD,who,who,17,train,2350.0,asllex,sole gloss,29CtzugoCGEWvq03SHgD.npy
2t8zutZVfwujMPIN2Jnj,who,who,88,train,1816.0,asllex,sole gloss,2t8zutZVfwujMPIN2Jnj.npy
3WkcAF88Efa31uaYaJ5N,who,who,48,test,1190.0,asllex,sole gloss,3WkcAF88Efa31uaYaJ5N.npy
3cV7bIWAKu4o89z9EsAT,who,who,46,train,2039.0,asllex,sole gloss,3cV7bIWAKu4o89z9EsAT.npy
4TGVWYFnUAJYFOU2OrwM,who,who,46,train,3819.0,asllex,sole gloss,4TGVWYFnUAJYFOU2OrwM.npy
4U4uSy3jQfFJvm7LkMjW,who,who,52,train,2494.0,asllex,sole gloss,4U4uSy3jQfFJvm7LkMjW.npy
5Qjqm7FgCZ2bod0yfAMM,who,who,48,test,1987.0,asllex,sole gloss,5Qjqm7FgCZ2bod0yfAMM.npy
5zOz0zV8fFK9P1gJOqMw,who,who,88,train,3538.0,asllex,sole gloss,5zOz0zV8fFK9P1gJOqMw.npy
6RUk8IvEghTExvZuX0E9,who,who,57,test,1331.0,asllex,sole gloss,6RUk8IvEghTExvZuX0E9.npy
7ugsqc8HLZXE5hHaaSBb,who,who,62,val,995.0,asllex,sole gloss,7ugsqc8HLZXE5hHaaSBb.npy
8zJaQep3gBHdX01TDMYz,who,who,17,train,1933.0,asllex,sole gloss,8zJaQep3gBHdX01TDMYz.npy
9iareBOgFC26lwnBcDNF,who,who,39,val,2574.0,asllex,sole gloss,9iareBOgFC26lwnBcDNF.npy
9rNyhWsSsbKX7KWLxRjD,who,who,11,train,1514.0,asllex,sole gloss,9rNyhWsSsbKX7KWLxRjD.npy
AvZliObAuuydJU3UKoEQ,who,who,64,test,1479.0,asllex,sole gloss,AvZliObAuuydJU3UKoEQ.npy
B05xkvKlQir21gw0opDn,who,who,17,train,1505.0,asllex,sole gloss,B05xkvKlQir21gw0opDn.npy
CEhBajLrWyOyYo5PmczW,who,who,17,train,1753.0,asllex,sole gloss,CEhBajLrWyOyYo5PmczW.npy
DayD3saRrPxgykA1vHaO,who,who,62,train,1136.0,asllex,sole gloss,DayD3saRrPxgykA1vHaO.npy
EVsPke5XMcVadcvgb9Fg,who,who,62,train,1104.0,asllex,sole gloss,EVsPke5XMcVadcvgb9Fg.npy
EvQcsqBloZ29PzFB4WKc,who,who,17,train,1083.0,asllex,sole gloss,EvQcsqBloZ29PzFB4WKc.npy
FJpheUe47KG8Uh7r4Lpj,who,who,49,train,1967.0,asllex,sole gloss,FJpheUe47KG8Uh7r4Lpj.npy
FTyWo8eP0jcGkV1OoYCJ,who,who,85,val,2955.0,asllex,sole gloss,FTyWo8eP0jcGkV1OoYCJ.npy
HUt36tlZsQZNrFHiHsAJ,who,who,35,train,1494.0,asllex,sole gloss,HUt36tlZsQZNrFHiHsAJ.npy
I0aM1sd9JLpq16utpabl,who,who,17,train,1116.0,asllex,sole gloss,I0aM1sd9JLpq16utpabl.npy
IXP7S9Z7WYLxFaoQQwV0,who,who,84,val,1484.0,asllex,sole gloss,IXP7S9Z7WYLxFaoQQwV0.npy
Ioubo5Mnqc6VI2snW8vp,who,who,80,train,2741.0,freetext,sole gloss,Ioubo5Mnqc6VI2snW8vp.npy
Ir5mDkzF5gEHoo799zJS,who,who,7,train,2407.0,asllex,sole gloss,Ir5mDkzF5gEHoo799zJS.npy
KsX8IrlrXYHwIZ3j0DQ1,who,who,17,train,1520.0,asllex,sole gloss,KsX8IrlrXYHwIZ3j0DQ1.npy
Kw3sj7RSHJrrHNn6b8fB,who,who,42,val,1543.0,freetext,sole gloss,Kw3sj7RSHJrrHNn6b8fB.npy
M5jeFynD7JvVcPg92mdi,who,who,17,val,1474.0,asllex,sole gloss,M5jeFynD7JvVcPg92mdi.npy
N0xXqLYhlp1ZcWhpvZIB,who,who,63,train,1302.0,asllex,sole gloss,N0xXqLYhlp1ZcWhpvZIB.npy
N8EFaYvvYBZqPLY90cQn,who,who,17,train,877.0,asllex,sole gloss,N8EFaYvvYBZqPLY90cQn.npy
PfGJiB2sSDa3h9pMILRf,who,who,46,train,2760.0,asllex,sole gloss,PfGJiB2sSDa3h9pMILRf.npy
Pjqylmtng5aplpTtFx5y,who,who,63,train,1102.0,asllex,sole gloss,Pjqylmtng5aplpTtFx5y.npy
RITYaKCKEabd7bYp8lun,who,who,17,train,1149.0,asllex,sole gloss,RITYaKCKEabd7bYp8lun.npy
Sfc6DlWIss0pw15nZF9m,who,who,38,train,2395.0,asllex,sole gloss,Sfc6DlWIss0pw15nZF9m.npy
SnEqMuJPSZAILB1PIJHP,who,who,60,val,1376.0,asllex,sole gloss,SnEqMuJPSZAILB1PIJHP.npy
TR4jsSl1UH1AC8b036w1,who,who,53,test,2243.0,asllex,sole gloss,TR4jsSl1UH1AC8b036w1.npy
TVcBDjReWn9Gq8Z5Gaqv,who,who,17,train,1116.0,asllex,sole gloss,TVcBDjReWn9Gq8Z5Gaqv.npy
TpQ0VzHnreU867PACtDN,who,who,17,train,1146.0,asllex,sole gloss,TpQ0VzHnreU867PACtDN.npy
UFfU1p1zq8E4Gr4m7msV,who,who,54,train,2336.0,asllex,sole gloss,UFfU1p1zq8E4Gr4m7msV.npy
UYbxb7kisyUGOSy8woPC,who,who,49,train,919.0,asllex,sole gloss,UYbxb7kisyUGOSy8woPC.npy
VUlXb2RdFqLcm1wMEajF,who,who,62,val,1246.0,asllex,sole gloss,VUlXb2RdFqLcm1wMEajF.npy
VcjPmQPi4SyXWbBRgL50,who,who,17,train,1794.0,asllex,sole gloss,VcjPmQPi4SyXWbBRgL50.npy
VkAzOiFUw4F1wD6qa5VO,who,who,17,val,1501.0,asllex,sole gloss,VkAzOiFUw4F1wD6qa5VO.npy
WTzHIKyeLJJO4PpviMh3,who,who,17,train,1642.0,asllex,sole gloss,WTzHIKyeLJJO4PpviMh3.npy
Wo9iIrDFkYELHUirwPkI,who,who,49,train,950.0,asllex,sole gloss,Wo9iIrDFkYELHUirwPkI.npy
Wol44555tYNEnRF6N64Q,who,who,17,train,1731.0,asllex,sole gloss,Wol44555tYNEnRF6N64Q.npy
XKdBveM88YNPXCt1Zp2s,who,who,57,test,1443.0,asllex,sole gloss,XKdBveM88YNPXCt1Zp2s.npy
Xmt2dN5v7jJ7Q4DsHN3J,who,who,42,train,1245.0,asllex,sole gloss,Xmt2dN5v7jJ7Q4DsHN3J.npy
Z5JfgB8lS3Mp0F2Z15zR,who,who,46,train,3032.0,asllex,sole gloss,Z5JfgB8lS3Mp0F2Z15zR.npy
ZAvrjEouo5VA7VUZUMJg,who,who,17,train,1971.0,asllex,sole gloss,ZAvrjEouo5VA7VUZUMJg.npy
awSzwzeaCFHCkmS7XgtT,who,who,17,train,903.0,asllex,sole gloss,awSzwzeaCFHCkmS7XgtT.npy
cDcsUUH1vviOIClnJRZO,who,who,17,train,1299.0,asllex,sole gloss,cDcsUUH1vviOIClnJRZO.npy
cURlvp2YmAGnYW1vHu5m,who,who,57,test,1446.0,asllex,sole gloss,cURlvp2YmAGnYW1vHu5m.npy
caV6ctXsRcisLWL5SOzG,who,who,60,val,1438.0,asllex,sole gloss,caV6ctXsRcisLWL5SOzG.npy
eQ4bybEkoM79X0jYB6lP,who,who,62,val,795.0,asllex,sole gloss,eQ4bybEkoM79X0jYB6lP.npy
eUDqvKgubcyae4g7Gfkg,who,who,46,val,2314.0,asllex,sole gloss,eUDqvKgubcyae4g7Gfkg.npy
evJ36Bb5l4ayM01aCcmm,who,who,46,train,1917.0,asllex,sole gloss,evJ36Bb5l4ayM01aCcmm.npy
fU4JocYbbT7zBQ1FqLRU,who,who,57,test,1049.0,asllex,sole gloss,fU4JocYbbT7zBQ1FqLRU.npy
hUvMgT5pRzjZ7zJkxvQ2,who,who,62,train,1238.0,asllex,sole gloss,hUvMgT5pRzjZ7zJkxvQ2.npy
i6zz5pOx0K8clk4WEkyD,who,who,48,test,1548.0,asllex,sole gloss,i6zz5pOx0K8clk4WEkyD.npy
j4mL19jxEJ78K1Sdynkq,who,who,39,train,3060.0,asllex,sole gloss,j4mL19jxEJ78K1Sdynkq.npy
jaYIllwfwkHbuYUIPFtW,who,who,35,train,1259.0,asllex,sole gloss,jaYIllwfwkHbuYUIPFtW.npy
kCQZmHbvlsfVI9IBYxR9,who,who,17,val,946.0,asllex,sole gloss,kCQZmHbvlsfVI9IBYxR9.npy
lQvuk0mGlBjUJoe8AeBK,who,who,43,train,3531.0,asllex,sole gloss,lQvuk0mGlBjUJoe8AeBK.npy
naSuexbyZkuJdwbEkhdK,who,who,61,test,832.0,asllex,sole gloss,naSuexbyZkuJdwbEkhdK.npy
nhKdF6Qpj1DzePohwCDp,who,who,61,test,1116.0,asllex,sole gloss,nhKdF6Qpj1DzePohwCDp.npy
oJYiDiQ5C5nHkktyzW7Y,who,who,46,val,2125.0,asllex,sole gloss,oJYiDiQ5C5nHkktyzW7Y.npy
oPZkYYvw4e1yNfv4uJ1b,who,who,17,train,1549.0,asllex,sole gloss,oPZkYYvw4e1yNfv4uJ1b.npy
ouLy17mXEq31mC7D73hx,who,who,33,test,2894.0,asllex,sole gloss,ouLy17mXEq31mC7D73hx.npy
rGNGpLRkNAsVgjl8riwq,who,who,31,train,1261.0,asllex,sole gloss,rGNGpLRkNAsVgjl8riwq.npy
rr5TXmcAohDse0oJydYa,who,who,64,test,1795.0,asllex,sole gloss,rr5TXmcAohDse0oJydYa.npy
sU5P7aakjNjuxq3PSnJB,who,who,17,train,1695.0,asllex,sole gloss,sU5P7aakjNjuxq3PSnJB.npy
vUOVGMTJf8laBwYGkiNH,who,who,39,train,2627.0,asllex,sole gloss,vUOVGMTJf8laBwYGkiNH.npy
w5Hfs97dQTgwVvMBRemK,who,who,57,test,1559.0,asllex,sole gloss,w5Hfs97dQTgwVvMBRemK.npy
wHQAcXzV0O4ITqZ7yFpR,who,who,49,train,1928.0,asllex,sole gloss,wHQAcXzV0O4ITqZ7yFpR.npy
xNr1Wx4gpS7z8trjQoju,who,who,11,val,1952.0,asllex,sole gloss,xNr1Wx4gpS7z8trjQoju.npy
y0GPXp1XS9uyx5Dyj4tc,who,who,7,val,1915.0,asllex,sole gloss,y0GPXp1XS9uyx5Dyj4tc.npy
z9kwxTwCUxKmeh4qpZSC,who,who,48,test,2220.0,asllex,sole gloss,z9kwxTwCUxKmeh4qpZSC.npy
zBrmZweq03jT3VGnnjls,who,who,39,val,2184.0,asllex,sole gloss,zBrmZweq03jT3VGnnjls.npy
1RX937LZsvcT4W5aa182,why,why,63,train,1608.0,asllex,sole gloss,1RX937LZsvcT4W5aa182.npy
1iM74EBOCneWug1UonFI,why,why,63,train,1387.0,freetext,sole gloss,1iM74EBOCneWug1UonFI.npy
2zdcfuS8XGM0spJEqdtQ,why,why,7,train,2500.0,asllex,sole gloss,2zdcfuS8XGM0spJEqdtQ.npy
32nW8beXiTtceQjKfc1z,why,why,48,test,1155.0,asllex,sole gloss,32nW8beXiTtceQjKfc1z.npy
8dsiG45Pj1p4jhkIlMKj,why,why,80,train,1990.0,asllex,sole gloss,8dsiG45Pj1p4jhkIlMKj.npy
96gtGCrB82oFOPQqVpy6,why,why,48,test,1152.0,asllex,sole gloss,96gtGCrB82oFOPQqVpy6.npy
AsP6BTVjzK03B3CiFotG,why,why,7,train,2195.0,asllex,sole gloss,AsP6BTVjzK03B3CiFotG.npy
Ban5CUllZLCpfmjzWJJZ,why,why,62,train,905.0,asllex,sole gloss,Ban5CUllZLCpfmjzWJJZ.npy
K5coTgA8wTOKTStf49zq,why,why,39,train,2438.0,asllex,sole gloss,K5coTgA8wTOKTStf49zq.npy
K8hsLGWv00oOiLKMRgh7,why,why,48,test,1142.0,asllex,sole gloss,K8hsLGWv00oOiLKMRgh7.npy
KGac0a2gpI9zAPHvSN9S,why,why,48,test,1385.0,asllex,sole gloss,KGac0a2gpI9zAPHvSN9S.npy
KZvlvjfmZplPDAa5ILQ3,why,why,57,test,1214.0,freetext,sole gloss,KZvlvjfmZplPDAa5ILQ3.npy
QFXhEXSwTCluAmgtNJmm,why,why,39,train,2532.0,asllex,sole gloss,QFXhEXSwTCluAmgtNJmm.npy
R9Tivjo5R8vy8WsAyE7f,why,why,88,val,1794.0,asllex,sole gloss,R9Tivjo5R8vy8WsAyE7f.npy
TPqIIH1y1XoY6Yaa850o,why,why,88,train,1913.0,asllex,sole gloss,TPqIIH1y1XoY6Yaa850o.npy
TdiDeuYIAtHYJIs64mD7,why,why,49,val,766.0,asllex,sole gloss,TdiDeuYIAtHYJIs64mD7.npy
XzNIj1ESdwZRmUqHKWFC,why,why,42,train,1538.0,asllex,sole gloss,XzNIj1ESdwZRmUqHKWFC.npy
YyxpittGCvqCJiP2rj1Y,why,why,43,train,3778.0,asllex,sole gloss,YyxpittGCvqCJiP2rj1Y.npy
ZQHAZw5FMxXrQ0VpQlt0,why,why,39,val,2778.0,asllex,sole gloss,ZQHAZw5FMxXrQ0VpQlt0.npy
cPQ5jEVLI0O1AGH9Cq9m,why,why,17,val,2071.0,asllex,sole gloss,cPQ5jEVLI0O1AGH9Cq9m.npy
cvJsfgNCezYhF593GNwW,why,why,48,test,2270.0,asllex,sole gloss,cvJsfgNCezYhF593GNwW.npy
gvm7XNh3sTdSlhM90b24,why,why,7,val,2386.0,asllex,sole gloss,gvm7XNh3sTdSlhM90b24.npy
hUTzdrzsw0wrR22oO4Cn,why,why,49,train,1169.0,asllex,sole gloss,hUTzdrzsw0wrR22oO4Cn.npy
iZSyGzQs2sag180RAkfK,why,why,7,train,2059.0,asllex,sole gloss,iZSyGzQs2sag180RAkfK.npy
lAnfHPc8fKpF4jQXmoi8,why,why,46,val,2565.0,freetext,sole gloss,lAnfHPc8fKpF4jQXmoi8.npy
lLxxzBRnNwJX08yyNEZP,why,why,46,train,2043.0,asllex,sole gloss,lLxxzBRnNwJX08yyNEZP.npy
o9Hvape5sBdkHC6uEw4r,why,why,57,test,1298.0,freetext,sole gloss,o9Hvape5sBdkHC6uEw4r.npy
q97ISy0w6RHrkSENYweU,why,why,49,train,1027.0,freetext,sole gloss,q97ISy0w6RHrkSENYweU.npy
sSKdJXTt6xICKJAKcP4U,why,why,42,train,1796.0,asllex,sole gloss,sSKdJXTt6xICKJAKcP4U.npy
sngfXGQIMIPMZC6SCqna,why,why,31,train,1938.0,asllex,sole gloss,sngfXGQIMIPMZC6SCqna.npy
stA84J3SkMm7fFiLtoeL,why,why,78,train,2032.0,asllex,sole gloss,stA84J3SkMm7fFiLtoeL.npy
tRZWmImjlmEIEpOT0iDj,why,why,11,val,1174.0,asllex,sole gloss,tRZWmImjlmEIEpOT0iDj.npy
v3tw1rBac0LSvsu5FcUu,why,why,17,train,2891.0,asllex,sole gloss,v3tw1rBac0LSvsu5FcUu.npy
xCRnkneaXZg7sWCDSob2,why,why,49,train,2039.0,asllex,sole gloss,xCRnkneaXZg7sWCDSob2.npy
xQRIBwcdQVVKweCTcc9M,why,why,62,train,957.0,freetext,sole gloss,xQRIBwcdQVVKweCTcc9M.npy
0klrGzMeTgBeVlGyZsNf,woman,woman,31,train,2298.0,asllex,sole gloss,0klrGzMeTgBeVlGyZsNf.npy
0sKfyOMsInvVjRSXkLLA,woman,woman,49,train,2104.0,asllex,sole gloss,0sKfyOMsInvVjRSXkLLA.npy
1dx3tLk6UuI8tJ9puXxC,woman,woman,52,train,3195.0,asllex,sole gloss,1dx3tLk6UuI8tJ9puXxC.npy
21HZYrKswRB8glWJsQgb,woman,woman,39,val,3264.0,asllex,sole gloss,21HZYrKswRB8glWJsQgb.npy
3Rs0hXsdFGBybLTaIBUQ,woman,woman,88,train,3809.0,freetext,sole gloss,3Rs0hXsdFGBybLTaIBUQ.npy
44wYsWamF9aHiIjt4WiS,woman,woman,49,train,1333.0,asllex,sole gloss,44wYsWamF9aHiIjt4WiS.npy
4h71YulOownW2fXl9vmZ,woman,woman,48,test,1820.0,asllex,sole gloss,4h71YulOownW2fXl9vmZ.npy
5xiGTBvZRgCX8wPbSRUN,woman,woman,49,train,1068.0,asllex,sole gloss,5xiGTBvZRgCX8wPbSRUN.npy
75azpt26cBMd2BVi9tvN,woman,woman,84,val,1704.0,asllex,sole gloss,75azpt26cBMd2BVi9tvN.npy
8yHbkV9OCqlLrnn1fb8U,woman,woman,39,train,2652.0,asllex,sole gloss,8yHbkV9OCqlLrnn1fb8U.npy
969FqpwqX7HN8hZcn6QV,woman,woman,57,test,1361.0,asllex,sole gloss,969FqpwqX7HN8hZcn6QV.npy
9uJtTCeZAB6rvRO2jpvq,woman,woman,17,val,1716.0,asllex,sole gloss,9uJtTCeZAB6rvRO2jpvq.npy
B2ZNX8Bas3i7qL2sADWD,woman,woman,80,train,2953.0,asllex,sole gloss,B2ZNX8Bas3i7qL2sADWD.npy
BgXBfxAlYwTMS17OirFI,woman,woman,59,train,1615.0,asllex,sole gloss,BgXBfxAlYwTMS17OirFI.npy
BxP0k2F7jtBSzOUcTCYk,woman,woman,59,train,1266.0,asllex,sole gloss,BxP0k2F7jtBSzOUcTCYk.npy
D0WPTCSilQcEXdYFfqYV,woman,woman,35,val,1399.0,asllex,sole gloss,D0WPTCSilQcEXdYFfqYV.npy
DemR8IFs5j93VVQdW702,woman,woman,7,train,2038.0,asllex,sole gloss,DemR8IFs5j93VVQdW702.npy
DygGjhxdk3MD9EQRoFk5,woman,woman,61,test,1898.0,asllex,sole gloss,DygGjhxdk3MD9EQRoFk5.npy
EBo5pylzlW0plfA8jFFj,woman,woman,14,train,2603.0,asllex,sole gloss,EBo5pylzlW0plfA8jFFj.npy
EG8ZeNpPTcXNy8zZnez9,woman,woman,62,train,1448.0,asllex,sole gloss,EG8ZeNpPTcXNy8zZnez9.npy
F1ho0P8rTBQu5kjTS2zv,woman,woman,35,train,1472.0,asllex,sole gloss,F1ho0P8rTBQu5kjTS2zv.npy
F8Ath6HwDLpBwTwFoibU,woman,woman,59,train,2782.0,asllex,sole gloss,F8Ath6HwDLpBwTwFoibU.npy
GggsQexAgJlsxpG2edAi,woman,woman,42,train,2816.0,asllex,sole gloss,GggsQexAgJlsxpG2edAi.npy
H6l8iqEXMxXryE5wFuSE,woman,woman,78,val,2259.0,asllex,sole gloss,H6l8iqEXMxXryE5wFuSE.npy
HWxQQa62hpDtWb6tFPuo,woman,woman,52,train,4292.0,asllex,sole gloss,HWxQQa62hpDtWb6tFPuo.npy
HgNOZtxcweEHxDaW2LKj,woman,woman,46,val,2681.0,asllex,sole gloss,HgNOZtxcweEHxDaW2LKj.npy
IM1LfqghvjGhRyBs2PNB,woman,woman,84,train,2094.0,asllex,sole gloss,IM1LfqghvjGhRyBs2PNB.npy
IqoLbESeAq3hmso6mG3j,woman,woman,78,train,2555.0,asllex,sole gloss,IqoLbESeAq3hmso6mG3j.npy
JJveyIC0LiB1P58oifll,woman,woman,17,val,969.0,asllex,sole gloss,JJveyIC0LiB1P58oifll.npy
LO5njkFsAWW7GOk9lNa8,woman,woman,84,train,1140.0,asllex,sole gloss,LO5njkFsAWW7GOk9lNa8.npy
M4XJJcWYw11O5YVD0I0T,woman,woman,84,val,1599.0,asllex,sole gloss,M4XJJcWYw11O5YVD0I0T.npy
MXuy32f9c5GkWfUBRPas,woman,woman,61,test,1258.0,asllex,sole gloss,MXuy32f9c5GkWfUBRPas.npy
NiBpTJ5IMMPpa5yDY1jf,woman,woman,38,train,2742.0,asllex,sole gloss,NiBpTJ5IMMPpa5yDY1jf.npy
NuQVpcNDmlnaKRkTj500,woman,woman,84,train,1584.0,asllex,sole gloss,NuQVpcNDmlnaKRkTj500.npy
S1qMLb1yA0U6So6wg1HZ,woman,woman,57,test,803.0,asllex,sole gloss,S1qMLb1yA0U6So6wg1HZ.npy
SBH3vOuwCGouZJd8aRvt,woman,woman,42,train,2124.0,freetext,sole gloss,SBH3vOuwCGouZJd8aRvt.npy
SQ5u5CiCRIxKItGfBejT,woman,woman,59,train,2253.0,asllex,sole gloss,SQ5u5CiCRIxKItGfBejT.npy
ThMGK2X9SSPa3QS0AXhT,woman,woman,17,train,1733.0,asllex,sole gloss,ThMGK2X9SSPa3QS0AXhT.npy
TkR58uWBrJRlDOGxqFUO,woman,woman,36,test,2372.0,asllex,sole gloss,TkR58uWBrJRlDOGxqFUO.npy
U5hv5QC4xerMLpuXxspK,woman,woman,61,test,1143.0,asllex,sole gloss,U5hv5QC4xerMLpuXxspK.npy
V81E70owlrVBtbKbcM6y,woman,woman,31,train,1634.0,asllex,sole gloss,V81E70owlrVBtbKbcM6y.npy
VT98V5uCxIVt7nVCctzA,woman,woman,42,train,1193.0,asllex,sole gloss,VT98V5uCxIVt7nVCctzA.npy
VyynGEPaOqEv2FvSvtCX,woman,woman,88,train,2498.0,asllex,sole gloss,VyynGEPaOqEv2FvSvtCX.npy
Vz14K0whbaLlSkdzR6J2,woman,woman,14,val,2223.0,asllex,sole gloss,Vz14K0whbaLlSkdzR6J2.npy
WSsBCx0yTVowyFnjxC4b,woman,woman,42,train,1878.0,asllex,sole gloss,WSsBCx0yTVowyFnjxC4b.npy
Xx4Lcrt27wixi3miKPFZ,woman,woman,46,train,3383.0,asllex,sole gloss,Xx4Lcrt27wixi3miKPFZ.npy
YVINg5FidvkXvOjyDzK2,woman,woman,42,train,1360.0,asllex,sole gloss,YVINg5FidvkXvOjyDzK2.npy
YZWbnnI0lLdVFCgRybUI,woman,woman,59,val,2404.0,asllex,sole gloss,YZWbnnI0lLdVFCgRybUI.npy
ZAuxmVp48bInkfhHyRFl,woman,woman,7,train,1722.0,asllex,sole gloss,ZAuxmVp48bInkfhHyRFl.npy
ZrfQTIUhXD0WM1yGm6NH,woman,woman,62,val,1359.0,asllex,sole gloss,ZrfQTIUhXD0WM1yGm6NH.npy
a9F6xDLzkirxN1SuXBDi,woman,woman,49,val,1121.0,asllex,sole gloss,a9F6xDLzkirxN1SuXBDi.npy
bZ2pO9gR5GmdCo2VHGxf,woman,woman,39,val,2443.0,asllex,sole gloss,bZ2pO9gR5GmdCo2VHGxf.npy
bzbPFhMPdrl6iab16OeN,woman,woman,61,test,1519.0,asllex,sole gloss,bzbPFhMPdrl6iab16OeN.npy
cnyhy7dfdPk1FqMnx8wD,woman,woman,49,train,1396.0,asllex,sole gloss,cnyhy7dfdPk1FqMnx8wD.npy
dgitp1Os2TDoTUzU5B9W,woman,woman,61,test,1884.0,asllex,sole gloss,dgitp1Os2TDoTUzU5B9W.npy
gceFmons2jLC2Zo7NAXV,woman,woman,78,train,1846.0,asllex,sole gloss,gceFmons2jLC2Zo7NAXV.npy
hubG4n7We5Hw7nR6Ah66,woman,woman,7,train,2348.0,asllex,sole gloss,hubG4n7We5Hw7nR6Ah66.npy
iiGnWwb7n5pVvYoqeQs1,woman,woman,31,train,1255.0,asllex,sole gloss,iiGnWwb7n5pVvYoqeQs1.npy
jHdUh3fxHtPwrhSw3KMs,woman,woman,42,train,2053.0,asllex,sole gloss,jHdUh3fxHtPwrhSw3KMs.npy
k4QW0Q91BKj8URRPAAZv,woman,woman,39,train,3129.0,asllex,sole gloss,k4QW0Q91BKj8URRPAAZv.npy
kddivYkSaqCrnjH24iNo,woman,woman,43,train,2904.0,asllex,sole gloss,kddivYkSaqCrnjH24iNo.npy
l4NDFBT1H8Mkwbl6fcrs,woman,woman,35,train,1182.0,asllex,sole gloss,l4NDFBT1H8Mkwbl6fcrs.npy
l4kIWjTFj7mJt6hLdgqp,woman,woman,38,train,2950.0,asllex,sole gloss,l4kIWjTFj7mJt6hLdgqp.npy
mnO3gOIQxnQt1KNU0gNL,woman,woman,59,train,1329.0,asllex,sole gloss,mnO3gOIQxnQt1KNU0gNL.npy
p3dYjVpAqTMwRsfdrEJT,woman,woman,59,val,1658.0,asllex,sole gloss,p3dYjVpAqTMwRsfdrEJT.npy
p7bi9K8dKudV9lRZVGsO,woman,woman,49,train,1151.0,asllex,sole gloss,p7bi9K8dKudV9lRZVGsO.npy
p9lEJ48k0pW6SbM3JAJ2,woman,woman,84,val,1028.0,asllex,sole gloss,p9lEJ48k0pW6SbM3JAJ2.npy
pmILEzO62eE4Cu2jpPhK,woman,woman,47,test,3052.0,asllex,sole gloss,pmILEzO62eE4Cu2jpPhK.npy
pmgLmOXGFUfJbE5H8DDl,woman,woman,88,train,4049.0,asllex,sole gloss,pmgLmOXGFUfJbE5H8DDl.npy
sX3A7PnHCy1hPbB7V41M,woman,woman,60,train,1294.0,asllex,sole gloss,sX3A7PnHCy1hPbB7V41M.npy
t5OxNnqTSJdf9g0ODekC,woman,woman,11,train,1582.0,asllex,sole gloss,t5OxNnqTSJdf9g0ODekC.npy
uBKf8MudT07sVtXd1J5i,woman,woman,17,train,1133.0,asllex,sole gloss,uBKf8MudT07sVtXd1J5i.npy
ukWfMbF1SSPKq0YEcKGp,woman,woman,42,train,1685.0,asllex,sole gloss,ukWfMbF1SSPKq0YEcKGp.npy
uvHFHhbOXvAEnVUeZPmn,woman,woman,61,test,2822.0,asllex,sole gloss,uvHFHhbOXvAEnVUeZPmn.npy
uyPuAauCjg3qcQbHaIRy,woman,woman,17,train,1283.0,asllex,sole gloss,uyPuAauCjg3qcQbHaIRy.npy
vDHdgxIJYqbCFYRmc4GX,woman,woman,46,train,1542.0,asllex,sole gloss,vDHdgxIJYqbCFYRmc4GX.npy
vni192mEFBVghyPrINMM,woman,woman,54,val,2416.0,freetext,sole gloss,vni192mEFBVghyPrINMM.npy
vuDM6vUcRO4L99jCOCEd,woman,woman,30,train,1813.0,asllex,sole gloss,vuDM6vUcRO4L99jCOCEd.npy
wiWFQQrA7wtIGFVhXRCu,woman,woman,8,val,1218.0,asllex,sole gloss,wiWFQQrA7wtIGFVhXRCu.npy
yU9CzIzhzrz340EL7rDT,woman,woman,15,train,914.0,asllex,sole gloss,yU9CzIzhzrz340EL7rDT.npy
zAdS2CWwYdvRXL4U24aI,woman,woman,59,val,2307.0,asllex,sole gloss,zAdS2CWwYdvRXL4U24aI.npy
zXO41tgjT8vzOjlh1FPM,woman,woman,17,val,1360.0,asllex,sole gloss,zXO41tgjT8vzOjlh1FPM.npy
zpsYqownkA7wv6UXLvjq,woman,woman,17,train,1614.0,asllex,sole gloss,zpsYqownkA7wv6UXLvjq.npy
0SrQPYvpzSHQEcPBbATe,worse,worse,84,train,2914.0,asllex,sole gloss,0SrQPYvpzSHQEcPBbATe.npy
2P7ATKSNVemnjXVQfro4,worse,worse,46,val,2950.0,asllex,sole gloss,2P7ATKSNVemnjXVQfro4.npy
9Q6NFNHNrlAuRa1xH0lP,worse,worse,39,val,3118.0,asllex,sole gloss,9Q6NFNHNrlAuRa1xH0lP.npy
BqL4XzBGJrBbCYrCbS6J,worse,worse,39,train,2986.0,asllex,sole gloss,BqL4XzBGJrBbCYrCbS6J.npy
CfSqK15wrE3FOibxgJtV,worse,worse,39,train,2509.0,asllex,sole gloss,CfSqK15wrE3FOibxgJtV.npy
ILjkasUmooj41GW1bpHb,worse,worse,38,train,3646.0,asllex,sole gloss,ILjkasUmooj41GW1bpHb.npy
RbUqpd610eaikeQoJhEp,worse,worse,57,test,1054.0,asllex,sole gloss,RbUqpd610eaikeQoJhEp.npy
Yrr0hv26UJYChAuG89dU,worse,worse,57,test,1423.0,freetext,sole gloss,Yrr0hv26UJYChAuG89dU.npy
ZCBaM6TOcf7onbeEXlgP,worse,worse,84,train,1822.0,asllex,sole gloss,ZCBaM6TOcf7onbeEXlgP.npy
j4hxAO60zlYs9ly1SmEJ,worse,worse,39,train,4576.0,asllex,sole gloss,j4hxAO60zlYs9ly1SmEJ.npy
k0vO7tNnrxC6DFxLMRFE,worse,worse,49,val,1301.0,asllex,sole gloss,k0vO7tNnrxC6DFxLMRFE.npy
lSHxDBQLfgeIHbQdLIzJ,worse,worse,88,train,2698.0,asllex,sole gloss,lSHxDBQLfgeIHbQdLIzJ.npy
opcQpPio2m2VrnIRHDmI,worse,worse,48,test,1579.0,asllex,sole gloss,opcQpPio2m2VrnIRHDmI.npy
tcJ1USGoKn4P48gD0LcY,worse,worse,57,test,1444.0,asllex,sole gloss,tcJ1USGoKn4P48gD0LcY.npy
twtKPTBhHz14AlccddCh,worse,worse,30,train,1975.0,asllex,sole gloss,twtKPTBhHz14AlccddCh.npy
17xNYRTgNquFCUPW4geU,year,year,7,train,2586.0,asllex,sole gloss,17xNYRTgNquFCUPW4geU.npy
4VkIz0BwASDPZCZrc5XJ,year,year,35,train,1951.0,asllex,sole gloss,4VkIz0BwASDPZCZrc5XJ.npy
5h681JLoFKOyt83yGXgt,year,year,11,val,1384.0,asllex,sole gloss,5h681JLoFKOyt83yGXgt.npy
7qGgaoCDECfbbSjDM0cr,year,year,46,train,2584.0,asllex,sole gloss,7qGgaoCDECfbbSjDM0cr.npy
9kJoV9eVWO5KDIRbpeiv,year,year,61,test,2128.0,asllex,sole gloss,9kJoV9eVWO5KDIRbpeiv.npy
BsRRIv5EPtTrfV5ClEHw,year,year,84,val,1499.0,asllex,sole gloss,BsRRIv5EPtTrfV5ClEHw.npy
H76LlnExs6rJbN3T14kk,year,year,46,train,2339.0,asllex,sole gloss,H76LlnExs6rJbN3T14kk.npy
K8iYKwNobuBPi1QQM1Tr,year,year,52,val,2771.0,asllex,sole gloss,K8iYKwNobuBPi1QQM1Tr.npy
KjYIr0hTBTmWfHDoRTGd,year,year,39,val,3303.0,asllex,sole gloss,KjYIr0hTBTmWfHDoRTGd.npy
MwF27V8K60c5jT36AbLE,year,year,62,train,1297.0,asllex,sole gloss,MwF27V8K60c5jT36AbLE.npy
NpcgYikU9DtOyp57o9D5,year,year,11,train,1658.0,asllex,sole gloss,NpcgYikU9DtOyp57o9D5.npy
QmHVactJFlycJrhEGO6C,year,year,7,train,2274.0,asllex,sole gloss,QmHVactJFlycJrhEGO6C.npy
R7z9lmD69JYtoY28kHjo,year,year,78,val,2239.0,asllex,sole gloss,R7z9lmD69JYtoY28kHjo.npy
RsaBNXtFKWf17V9W3qgm,year,year,38,train,3508.0,asllex,sole gloss,RsaBNXtFKWf17V9W3qgm.npy
S14ntEmRytXBAnU48izI,year,year,54,val,2248.0,asllex,sole gloss,S14ntEmRytXBAnU48izI.npy
SOal3SiwEzNg9WzhCWYb,year,year,11,train,2051.0,asllex,sole gloss,SOal3SiwEzNg9WzhCWYb.npy
TXOIx17H7nhBRRrtYrkf,year,year,49,val,1615.0,asllex,sole gloss,TXOIx17H7nhBRRrtYrkf.npy
UmJhbIzgwzI1BG9XQ0ps,year,year,63,train,2175.0,asllex,sole gloss,UmJhbIzgwzI1BG9XQ0ps.npy
WqFC1VU8vwVmKexV7UxP,year,year,46,train,2752.0,asllex,sole gloss,WqFC1VU8vwVmKexV7UxP.npy
bMPtIM0PdmPrt7LeQj0a,year,year,17,train,1283.0,asllex,sole gloss,bMPtIM0PdmPrt7LeQj0a.npy
bzyUcFd7FLoO72Mm7WMj,year,year,57,test,1628.0,asllex,sole gloss,bzyUcFd7FLoO72Mm7WMj.npy
gRkjLdgUzxTMl0OXUq29,year,year,17,train,1816.0,asllex,sole gloss,gRkjLdgUzxTMl0OXUq29.npy
hM8KMRvuazVmmBt6MCkA,year,year,7,train,2364.0,asllex,sole gloss,hM8KMRvuazVmmBt6MCkA.npy
hPD7XLhUJypF09KO82y9,year,year,84,train,1485.0,asllex,sole gloss,hPD7XLhUJypF09KO82y9.npy
htm05VaigGTgaloh37f5,year,year,42,train,1680.0,freetext,sole gloss,htm05VaigGTgaloh37f5.npy
hzS4oPtcV8O0mSrOmdrw,year,year,84,train,1499.0,asllex,sole gloss,hzS4oPtcV8O0mSrOmdrw.npy
iJ7PXBssXsU44EDTimHH,year,year,48,test,1611.0,asllex,sole gloss,iJ7PXBssXsU44EDTimHH.npy
lt7knDifnjWbq8C1pfad,year,year,7,train,2184.0,asllex,sole gloss,lt7knDifnjWbq8C1pfad.npy
q3Sh0yGW8bbtmMqqkQpf,year,year,50,test,3459.0,asllex,sole gloss,q3Sh0yGW8bbtmMqqkQpf.npy
qP6MjFLZjAIVZxb8zMLe,year,year,49,train,2186.0,asllex,sole gloss,qP6MjFLZjAIVZxb8zMLe.npy
sQyzOYqkn5ij4HrP0EjG,year,year,39,val,2479.0,freetext,sole gloss,sQyzOYqkn5ij4HrP0EjG.npy
spLSFBlHHA1O8TUzXejo,year,year,7,train,2521.0,asllex,sole gloss,spLSFBlHHA1O8TUzXejo.npy
sybm7ScrAst1cqd4MjcB,year,year,30,train,1794.0,asllex,sole gloss,sybm7ScrAst1cqd4MjcB.npy
vl4N44O8moluzTZDWnLE,year,year,57,test,1413.0,asllex,sole gloss,vl4N44O8moluzTZDWnLE.npy
zZ0xFHGCiH54ucvI0Chg,year,year,84,train,2119.0,asllex,sole gloss,zZ0xFHGCiH54ucvI0Chg.npy
0ZNSWsQ9m6HdjpyemOo1,yes,yes,80,train,1927.0,asllex,sole gloss,0ZNSWsQ9m6HdjpyemOo1.npy
0gSB4gnFIyxIZTq4Iop0,yes,yes,50,test,2455.0,asllex,sole gloss,0gSB4gnFIyxIZTq4Iop0.npy
16dAOxHWWIonRq2NCDZB,yes,yes,57,test,2063.0,asllex,sole gloss,16dAOxHWWIonRq2NCDZB.npy
28f7kBZIFyPT1T7EViqh,yes,yes,39,val,2681.0,freetext,sole gloss,28f7kBZIFyPT1T7EViqh.npy
2zRH0Xm2qYFB309PZXSj,yes,yes,46,train,2028.0,asllex,sole gloss,2zRH0Xm2qYFB309PZXSj.npy
4IAdaojLYv2jPPbDwVmd,yes,yes,49,train,794.0,asllex,sole gloss,4IAdaojLYv2jPPbDwVmd.npy
52eyzRFun6wM5Fl0gbhM,yes,yes,50,test,2190.0,asllex,sole gloss,52eyzRFun6wM5Fl0gbhM.npy
5EJwI8CIzQV0kVFo5cjW,yes,yes,62,train,866.0,asllex,sole gloss,5EJwI8CIzQV0kVFo5cjW.npy
8Q29lQD1Eof5bSb10RNu,yes,yes,42,train,1513.0,freetext,sole gloss,8Q29lQD1Eof5bSb10RNu.npy
AIs8DGxGu1oVqdOra9vW,yes,yes,57,test,1033.0,asllex,sole gloss,AIs8DGxGu1oVqdOra9vW.npy
AivDMXU3lOXA3y1SursO,yes,yes,42,train,1975.0,freetext,sole gloss,AivDMXU3lOXA3y1SursO.npy
CUBiMYxzhKtfCPY8HTNS,yes,yes,88,train,1801.0,asllex,sole gloss,CUBiMYxzhKtfCPY8HTNS.npy
DqegxScg9iazgxgaHtJo,yes,yes,46,train,2102.0,asllex,sole gloss,DqegxScg9iazgxgaHtJo.npy
Fgxq1VFtRlCir2IzfTIj,yes,yes,30,val,2174.0,asllex,sole gloss,Fgxq1VFtRlCir2IzfTIj.npy
GrNKNqepzRE3LwYxqaAZ,yes,yes,42,train,2431.0,freetext,sole gloss,GrNKNqepzRE3LwYxqaAZ.npy
GyW8wZfMdc3KBhCRUAug,yes,yes,57,test,1087.0,asllex,sole gloss,GyW8wZfMdc3KBhCRUAug.npy
HFPQiQLlaJL72jDvrrcl,yes,yes,88,train,1690.0,asllex,sole gloss,HFPQiQLlaJL72jDvrrcl.npy
ILbm1DpboTnSH62XVOUN,yes,yes,7,val,2931.0,asllex,sole gloss,ILbm1DpboTnSH62XVOUN.npy
JVPt8zsjPafJWynhNmMM,yes,yes,17,train,861.0,asllex,sole gloss,JVPt8zsjPafJWynhNmMM.npy
LvPFYlmObE1M7WLFwNbb,yes,yes,38,train,2646.0,freetext,sole gloss,LvPFYlmObE1M7WLFwNbb.npy
M7gQBdzyd6zZCm09omjN,yes,yes,80,val,1657.0,asllex,sole gloss,M7gQBdzyd6zZCm09omjN.npy
MUYalfWVh7gUYh66yu72,yes,yes,62,train,1093.0,asllex,sole gloss,MUYalfWVh7gUYh66yu72.npy
NTH7VBALTwUiwluqkyIg,yes,yes,39,train,2360.0,freetext,sole gloss,NTH7VBALTwUiwluqkyIg.npy
OqYQd0yg2OSBiaXoRBI9,yes,yes,78,val,1757.0,asllex,sole gloss,OqYQd0yg2OSBiaXoRBI9.npy
Osj24WVpE21FDeFcmTOt,yes,yes,42,train,2033.0,asllex,sole gloss,Osj24WVpE21FDeFcmTOt.npy
P6z5AVMhi276u4jL6RTx,yes,yes,30,train,1646.0,asllex,sole gloss,P6z5AVMhi276u4jL6RTx.npy
POqO3SMIiW3XLVCQI62D,yes,yes,88,train,1794.0,asllex,sole gloss,POqO3SMIiW3XLVCQI62D.npy
Q3A4to6IhNIC4FHuOezB,yes,yes,38,val,2876.0,freetext,sole gloss,Q3A4to6IhNIC4FHuOezB.npy
QjvMgxW2WJMOCogLG5Yj,yes,yes,8,train,1818.0,freetext,sole gloss,QjvMgxW2WJMOCogLG5Yj.npy
RjoKIwh3MavZtCAeyrEi,yes,yes,8,val,1434.0,freetext,sole gloss,RjoKIwh3MavZtCAeyrEi.npy
RoJYEtsny38aE6Afbq3W,yes,yes,23,val,1561.0,asllex,sole gloss,RoJYEtsny38aE6Afbq3W.npy
Tc8JBmLKLxnIPlPxjWfr,yes,yes,17,train,1674.0,asllex,sole gloss,Tc8JBmLKLxnIPlPxjWfr.npy
To94F6AxIWVJogaId8qL,yes,yes,57,test,1936.0,asllex,sole gloss,To94F6AxIWVJogaId8qL.npy
UnSrmwkrCAGAYb669bCU,yes,yes,57,test,883.0,asllex,sole gloss,UnSrmwkrCAGAYb669bCU.npy
Vke5SViNarOXpL9UuC65,yes,yes,17,train,1581.0,asllex,sole gloss,Vke5SViNarOXpL9UuC65.npy
WKQVgLAouezTiogevolM,yes,yes,49,train,1196.0,asllex,sole gloss,WKQVgLAouezTiogevolM.npy
WPPkBYiiWoziocRU8zCy,yes,yes,57,test,2023.0,asllex,sole gloss,WPPkBYiiWoziocRU8zCy.npy
ZldGox2rguc6NNAGZ6LO,yes,yes,7,train,2626.0,asllex,sole gloss,ZldGox2rguc6NNAGZ6LO.npy
aW3m63Zo61qyukGaMx8V,yes,yes,17,train,1651.0,asllex,sole gloss,aW3m63Zo61qyukGaMx8V.npy
bhBZ8SR8VicQo0fz4vr4,yes,yes,88,train,1728.0,asllex,sole gloss,bhBZ8SR8VicQo0fz4vr4.npy
buqKSULqN6koBo97a9NM,yes,yes,57,test,1812.0,asllex,sole gloss,buqKSULqN6koBo97a9NM.npy
dJlXfg1OekqYgp444eaj,yes,yes,84,train,1740.0,asllex,sole gloss,dJlXfg1OekqYgp444eaj.npy
e87yySKtNKJ42b8V74ip,yes,yes,42,val,1718.0,asllex,sole gloss,e87yySKtNKJ42b8V74ip.npy
f90VtpcWnZBOOjSrWUQz,yes,yes,39,train,2408.0,freetext,sole gloss,f90VtpcWnZBOOjSrWUQz.npy
g10TepUQ564agUVFlzyR,yes,yes,11,train,1680.0,asllex,sole gloss,g10TepUQ564agUVFlzyR.npy
gSnqXbMf3GeQuIQbGndH,yes,yes,38,train,2591.0,asllex,sole gloss,gSnqXbMf3GeQuIQbGndH.npy
htg1Mxrf2mJzFt3CJvC7,yes,yes,43,train,3931.0,asllex,sole gloss,htg1Mxrf2mJzFt3CJvC7.npy
iIUulXs6fCTIeptjXFoF,yes,yes,57,test,920.0,asllex,sole gloss,iIUulXs6fCTIeptjXFoF.npy
lnpOc0JQq703sMetR6G6,yes,yes,49,train,1501.0,asllex,sole gloss,lnpOc0JQq703sMetR6G6.npy
mnYZMJ3HK5r22lOyNncc,yes,yes,57,test,648.0,asllex,sole gloss,mnYZMJ3HK5r22lOyNncc.npy
mx9c6VzrYIkKI3bSvOnG,yes,yes,61,test,933.0,freetext,sole gloss,mx9c6VzrYIkKI3bSvOnG.npy
naub9sWEpoItj03IMDvv,yes,yes,88,train,2404.0,asllex,sole gloss,naub9sWEpoItj03IMDvv.npy
qAWELMyZMJs8iYtH5umN,yes,yes,59,train,2115.0,asllex,sole gloss,qAWELMyZMJs8iYtH5umN.npy
rUNpmVtLdcYnrJKzNG1i,yes,yes,8,train,1321.0,asllex,sole gloss,rUNpmVtLdcYnrJKzNG1i.npy
uOXQYB6oF4P9LzsfPbVG,yes,yes,38,train,3325.0,asllex,sole gloss,uOXQYB6oF4P9LzsfPbVG.npy
wRLL5bj2qnvdXbOH6BJv,yes,yes,57,test,911.0,asllex,sole gloss,wRLL5bj2qnvdXbOH6BJv.npy
xT1PcyFiHDgkfmoInwIg,yes,yes,39,train,3011.0,freetext,sole gloss,xT1PcyFiHDgkfmoInwIg.npy
xjEmDYe3iEJ4gZ26jYKQ,yes,yes,53,test,1661.0,asllex,sole gloss,xjEmDYe3iEJ4gZ26jYKQ.npy
xrENXhFrofrCwXd2W5TW,yes,yes,57,test,752.0,asllex,sole gloss,xrENXhFrofrCwXd2W5TW.npy
y1Ey5BitT6JpQrEveD7n,yes,yes,42,val,1496.0,asllex,sole gloss,y1Ey5BitT6JpQrEveD7n.npy
y5sHGaZqFSVk89tx77pe,yes,yes,88,train,1959.0,asllex,sole gloss,y5sHGaZqFSVk89tx77pe.npy
zTC5ZgpAw4ft1Dx1AOBE,yes,yes,57,test,1687.0,asllex,sole gloss,zTC5ZgpAw4ft1Dx1AOBE.npy
2ZOPwsYclII467SuFg05,yesterday,yesterday,39,train,2329.0,asllex,sole gloss,2ZOPwsYclII467SuFg05.npy
9tXDAM0fuSCUNq9yLOod,yesterday,yesterday,31,val,1524.0,asllex,sole gloss,9tXDAM0fuSCUNq9yLOod.npy
JQ05Q5S2psDFEASVVWx3,yesterday,yesterday,49,val,1571.0,asllex,sole gloss,JQ05Q5S2psDFEASVVWx3.npy
K2EI6LS2CZMeqoEwr5w7,yesterday,yesterday,63,train,1324.0,asllex,sole gloss,K2EI6LS2CZMeqoEwr5w7.npy
LBksQe3dxeGKwiFQJnhk,yesterday,yesterday,23,val,1836.0,asllex,sole gloss,LBksQe3dxeGKwiFQJnhk.npy
R0Jm3uMETGsTCEBJ6cG3,yesterday,yesterday,80,val,2000.0,asllex,sole gloss,R0Jm3uMETGsTCEBJ6cG3.npy
XcsIZu31eBUp5CXqlBO4,yesterday,yesterday,35,train,1305.0,asllex,sole gloss,XcsIZu31eBUp5CXqlBO4.npy
Xow01KwZtkWXixaGumhg,yesterday,yesterday,31,train,1389.0,asllex,sole gloss,Xow01KwZtkWXixaGumhg.npy
bJzlqlO5ERBWgrQBF7kX,yesterday,yesterday,88,train,1425.0,asllex,sole gloss,bJzlqlO5ERBWgrQBF7kX.npy
bo5aycSowrKh3nazC4ja,yesterday,yesterday,7,train,2156.0,asllex,sole gloss,bo5aycSowrKh3nazC4ja.npy
eHy3zmLOHx8nvUHV1vrF,yesterday,yesterday,30,train,1686.0,asllex,sole gloss,eHy3zmLOHx8nvUHV1vrF.npy
gPdkEzzk2O8vMlYxh10T,yesterday,yesterday,80,train,2418.0,asllex,sole gloss,gPdkEzzk2O8vMlYxh10T.npy
i0lliiPaeFbpVzgCRQto,yesterday,yesterday,31,train,2385.0,asllex,sole gloss,i0lliiPaeFbpVzgCRQto.npy
p1I0VKC4AtgZ0M626afY,yesterday,yesterday,57,test,1356.0,asllex,sole gloss,p1I0VKC4AtgZ0M626afY.npy
p54sH42xanmrmoRo3Qeb,yesterday,yesterday,39,val,2301.0,asllex,sole gloss,p54sH42xanmrmoRo3Qeb.npy
s4fBxPLEUJFIraIqy5TZ,yesterday,yesterday,57,test,1502.0,asllex,sole gloss,s4fBxPLEUJFIraIqy5TZ.npy
uN5UEstsa03u2rvFfpWo,yesterday,yesterday,48,test,1251.0,asllex,sole gloss,uN5UEstsa03u2rvFfpWo.npy
uNpBEDK3PBRweiacpYmj,yesterday,yesterday,63,train,1482.0,asllex,sole gloss,uNpBEDK3PBRweiacpYmj.npy
uS0jOXuft4WYhVUNFgol,yesterday,yesterday,8,train,2103.0,asllex,sole gloss,uS0jOXuft4WYhVUNFgol.npy
wRikYY3fxo6pGkzVvGoA,yesterday,yesterday,14,train,1989.0,asllex,sole gloss,wRikYY3fxo6pGkzVvGoA.npy
zFfUFoelyEBU5idt9MST,yesterday,yesterday,62,train,1428.0,asllex,sole gloss,zFfUFoelyEBU5idt9MST.npy
