video_id,label,signer_id,split,npy
pMgWjiqEGVjafHCZAW53,water,46,train,pMgWjiqEGVjafHCZAW53.npy
jQ4eaAH6jhJkfZAIKRnL,hot,84,train,jQ4eaAH6jhJkfZAIKRnL.npy
apMDH1vuYFEtrW4lepji,baby,59,train,apMDH1vuYFEtrW4lepji.npy
DiGFCMJs2JfzP33RhUL8,man,46,train,DiGFCMJs2JfzP33RhUL8.npy
51UMZtHaOqrehaD2ZwMB,doctor,7,train,51UMZtHaOqrehaD2ZwMB.npy
GTQHfVUaXhr5wZZ1oLRk,hands,84,train,GTQHfVUaXhr5wZZ1oLRk.npy
yNWynfkoM4srCzafY0pO,water,7,val,yNWynfkoM4srCzafY0pO.npy
OcGPMrKZerhnqusUy4mH,hurt,46,train,OcGPMrKZerhnqusUy4mH.npy
Wig7V0QzP4K7XYW8kF5H,where,48,test,Wig7V0QzP4K7XYW8kF5H.npy
BNxBU3gD7sg5IWaRusmT,where,17,train,BNxBU3gD7sg5IWaRusmT.npy
QIajzeRIUDXvgNYs87yE,more,62,train,QIajzeRIUDXvgNYs87yE.npy
5JFsWlzPm4Kshs3dXVae,medicine,61,test,5JFsWlzPm4Kshs3dXVae.npy
W14jEY56iArWvgbH1eJX,hurt,46,val,W14jEY56iArWvgbH1eJX.npy
UAXobqPrzO5Q05RG94Ls,want,63,train,UAXobqPrzO5Q05RG94Ls.npy
XF79M4uad9bdgoFajYgm,eat,38,train,XF79M4uad9bdgoFajYgm.npy
glTq0tDsquHqvkwLOJmx,hospital,38,train,glTq0tDsquHqvkwLOJmx.npy
DAZ4VSftwEi9prcQHzql,water,35,train,DAZ4VSftwEi9prcQHzql.npy
Lzq4CJGEA2SSL6ZscsJf,pain,61,test,Lzq4CJGEA2SSL6ZscsJf.npy
O9TRiGBbwTkLSW4lUAeI,how,62,train,O9TRiGBbwTkLSW4lUAeI.npy
tz91FBE88gZw509dzalf,eyes,64,test,tz91FBE88gZw509dzalf.npy
NwLPqAIXWSBUV7XZ08T3,baby,11,val,NwLPqAIXWSBUV7XZ08T3.npy
pVKEE04LvL9HvuDc3D92,hurt,7,train,pVKEE04LvL9HvuDc3D92.npy
ulYXEcr3gYYbHz8TOkMt,family,63,train,ulYXEcr3gYYbHz8TOkMt.npy
zenn54mHnXCIAn1AQb3Y,sick,30,train,zenn54mHnXCIAn1AQb3Y.npy
cArvXqIbRRJW6g3cTZp2,where,57,test,cArvXqIbRRJW6g3cTZp2.npy
FJcNzzBe2ZmxCO2QXRHX,drink,17,train,FJcNzzBe2ZmxCO2QXRHX.npy
sX3A7PnHCy1hPbB7V41M,woman,60,train,sX3A7PnHCy1hPbB7V41M.npy
tzQe8d8PfngcM8rqKUiQ,bed,12,train,tzQe8d8PfngcM8rqKUiQ.npy
qX5VcTVI4BYttXBAA6Yg,family,48,test,qX5VcTVI4BYttXBAA6Yg.npy
QfF83xOdfJ9tGhDpyDdV,give,30,train,QfF83xOdfJ9tGhDpyDdV.npy
CHD1Gk0XU6XY0EvO13GY,medicine,46,train,CHD1Gk0XU6XY0EvO13GY.npy
xKc15Rt1Nne8SrtVyqnb,sick,8,val,xKc15Rt1Nne8SrtVyqnb.npy
vUitmyzH3BZuJ6eGdzhE,sleep,49,train,vUitmyzH3BZuJ6eGdzhE.npy
3W88yxVPB8wOZRlSWVl1,feel,35,train,3W88yxVPB8wOZRlSWVl1.npy
yWWfEiom77CCEIP655R6,water,35,train,yWWfEiom77CCEIP655R6.npy
5UPYNnS8P8WeCwFlpIZO,cold,7,train,5UPYNnS8P8WeCwFlpIZO.npy
TFqLHQAZ22eX8g7ZAnrD,eyes,88,train,TFqLHQAZ22eX8g7ZAnrD.npy
sStFLtCFRYBar5nbrkel,show,76,train,sStFLtCFRYBar5nbrkel.npy
kx4tHf5FRsxhGpnLxKTc,move,84,train,kx4tHf5FRsxhGpnLxKTc.npy
nnvI7h1y8CrBsCYJFW4n,surgery,12,train,nnvI7h1y8CrBsCYJFW4n.npy
EsKuI3xbezrTSq94UQC6,tongue,88,train,EsKuI3xbezrTSq94UQC6.npy
zes7kHSKXTBPxKKPr4EG,bad,62,train,zes7kHSKXTBPxKKPr4EG.npy
YFDjHojnQyJQcis3HDMb,hurt,39,train,YFDjHojnQyJQcis3HDMb.npy
7OXH7HYSHue97veVEa2X,sick,17,train,7OXH7HYSHue97veVEa2X.npy
xb5i68T2JMLqeVVZgiY0,back,30,train,xb5i68T2JMLqeVVZgiY0.npy
LPMnJpWxDIpA1YGEaNDn,give,39,train,LPMnJpWxDIpA1YGEaNDn.npy
aTaKzWZqh8ajeyifNv7u,water,11,train,aTaKzWZqh8ajeyifNv7u.npy
PUb43yXzAe6pBiuancq3,cold,63,val,PUb43yXzAe6pBiuancq3.npy
Uo3q6V6NznjHhCeG9NiD,hands,57,test,Uo3q6V6NznjHhCeG9NiD.npy
8ssLMFTf4EgxkK1WhFaI,day,64,test,8ssLMFTf4EgxkK1WhFaI.npy
J05qyYFyXCnds7KqlcHZ,hot,63,val,J05qyYFyXCnds7KqlcHZ.npy
vmGsz0KHuU7Vi3vULxMf,morning,61,test,vmGsz0KHuU7Vi3vULxMf.npy
UjUUesw6ZQsWu0bKd7nS,bad,80,val,UjUUesw6ZQsWu0bKd7nS.npy
bPszC8GVsUFe6SOujxKa,man,60,val,bPszC8GVsUFe6SOujxKa.npy
qfc29Q6buZwzO116HbA0,cold,17,train,qfc29Q6buZwzO116HbA0.npy
wkWGVcUlHi66fO295Afm,feel,7,val,wkWGVcUlHi66fO295Afm.npy
bZ8Fg7FtrS2f4E0EVf3i,always,38,train,bZ8Fg7FtrS2f4E0EVf3i.npy
rn3qNhRPXQg6TG1fF7Et,drink,78,train,rn3qNhRPXQg6TG1fF7Et.npy
GFdRagQ9CR6liBtNO4on,long,38,train,GFdRagQ9CR6liBtNO4on.npy
qD9HWf2rAzPMf8mOeSZm,big,30,train,qD9HWf2rAzPMf8mOeSZm.npy
PJMMlBTYA9iO9i1aLLzF,tired,84,train,PJMMlBTYA9iO9i1aLLzF.npy
WKQVgLAouezTiogevolM,yes,49,train,WKQVgLAouezTiogevolM.npy
qNwWzqqNRRCTkm3czXmE,water,38,val,qNwWzqqNRRCTkm3czXmE.npy
cQssZcefS9jWRnpKxNFv,big,39,train,cQssZcefS9jWRnpKxNFv.npy
jAUO9jA2Dnqe5JHNd6io,day,84,train,jAUO9jA2Dnqe5JHNd6io.npy
U7Fb95hhABm1NVpzrpyd,sick,49,train,U7Fb95hhABm1NVpzrpyd.npy
vDQnlDnB4PqFwONnT8Yw,face,61,test,vDQnlDnB4PqFwONnT8Yw.npy
0cx2eegdr4va4BnZ91vG,show,61,test,0cx2eegdr4va4BnZ91vG.npy
OSLiulGksFnSXrYiKOcq,bad,60,train,OSLiulGksFnSXrYiKOcq.npy
Wo9iIrDFkYELHUirwPkI,who,49,train,Wo9iIrDFkYELHUirwPkI.npy
CIo2I8pXNYJIQtllScJ1,sleep,49,val,CIo2I8pXNYJIQtllScJ1.npy
oBhhNKj5JE63Td4Gnnns,mother,36,test,oBhhNKj5JE63Td4Gnnns.npy
bk20b3q4hNgDfpxyIcHW,stop,43,train,bk20b3q4hNgDfpxyIcHW.npy
AdlRA8jXGMXEffsb34oH,show,15,val,AdlRA8jXGMXEffsb34oH.npy
ZmrY9EDxukZ34Pj26ldN,headache,46,train,ZmrY9EDxukZ34Pj26ldN.npy
ZxaylDOJR8I0GFS7sydV,afternoon,36,test,ZxaylDOJR8I0GFS7sydV.npy
3ms06tVrjJClhy2GvApn,water,88,train,3ms06tVrjJClhy2GvApn.npy
ynDEh87s2fwt68apDEdE,better,30,train,ynDEh87s2fwt68apDEdE.npy
FruiLGfEsXA24XClJmj9,skin,52,train,FruiLGfEsXA24XClJmj9.npy
WIajgqhOtlXkUijLYet5,big,84,val,WIajgqhOtlXkUijLYet5.npy
IXP7S9Z7WYLxFaoQQwV0,who,84,val,IXP7S9Z7WYLxFaoQQwV0.npy
X8vg6DAARm2LkZrMtnh2,hot,61,test,X8vg6DAARm2LkZrMtnh2.npy
kjttqZgpwB33y1dFSff3,morning,49,train,kjttqZgpwB33y1dFSff3.npy
yxpNcuOsSJ3clhNylTTQ,feel,80,train,yxpNcuOsSJ3clhNylTTQ.npy
YDRDL2xr7h4fYv0Ae8EU,doctor,60,val,YDRDL2xr7h4fYv0Ae8EU.npy
V1izegGySCI5L8Lqaymp,sit,61,test,V1izegGySCI5L8Lqaymp.npy
M9yjkBiZXqh1JGQtCQaD,all,62,train,M9yjkBiZXqh1JGQtCQaD.npy
d4jUUPUqdElHDqUOcc11,long,17,val,d4jUUPUqdElHDqUOcc11.npy
rg9YpCq7r5TLsgGfF6Jc,water,57,test,rg9YpCq7r5TLsgGfF6Jc.npy
vEiLiVfzboYrx3v7xku0,finish,46,train,vEiLiVfzboYrx3v7xku0.npy
R6rKgC2D2cX7A7MpTga0,stop,17,val,R6rKgC2D2cX7A7MpTga0.npy
CYIMzU64s3apQVNuQy4a,maybe,49,train,CYIMzU64s3apQVNuQy4a.npy
IcuuGKViwV1bV7HkQeFc,throat,42,train,IcuuGKViwV1bV7HkQeFc.npy
3liOUXVSsjyYGEsSO8pE,can,39,train,3liOUXVSsjyYGEsSO8pE.npy
rXFcoA6xPUtZpvXLm2z9,some,14,train,rXFcoA6xPUtZpvXLm2z9.npy
A1q38z5Q42ZZt4df3W0z,take,30,train,A1q38z5Q42ZZt4df3W0z.npy
G93f8emnpjrcYeAQEtwi,eat,8,val,G93f8emnpjrcYeAQEtwi.npy
0HnTA3QeRzdZo8Lq0NVz,water,52,train,0HnTA3QeRzdZo8Lq0NVz.npy
9CKX6ArgOUt8f8GfNzHC,night,23,train,9CKX6ArgOUt8f8GfNzHC.npy
tRGu5vHT855tJog4uoWW,baby,35,train,tRGu5vHT855tJog4uoWW.npy
FA5zuBft6JH2g4HeUKZi,water,31,train,FA5zuBft6JH2g4HeUKZi.npy
oP7hL337arIwGI6vJPou,long,63,train,oP7hL337arIwGI6vJPou.npy
hWfpJJCl5pGg9ps9Qzgo,water,57,test,hWfpJJCl5pGg9ps9Qzgo.npy
czQhAX1ynbiiKXBPwnBe,sick,57,test,czQhAX1ynbiiKXBPwnBe.npy
YU4VsAInb53Z2WZj65cX,nurse,31,train,YU4VsAInb53Z2WZj65cX.npy
JJoNJjFavfbZvjUW1S2l,morning,43,val,JJoNJjFavfbZvjUW1S2l.npy
xzLPeERyn1mJbXyumyZk,month,49,train,xzLPeERyn1mJbXyumyZk.npy
w7MNOb1XQnv0eeTHakYW,cold,35,train,w7MNOb1XQnv0eeTHakYW.npy
00yHesqHSUb6D4SZX1VX,stop,59,train,00yHesqHSUb6D4SZX1VX.npy
z40udgqyhrvGPjWwXDLq,night,39,val,z40udgqyhrvGPjWwXDLq.npy
dNckxyr3k1sz0SNcMTAS,tired,17,val,dNckxyr3k1sz0SNcMTAS.npy
skso1gVI8ek6cd5Anfk7,tired,8,train,skso1gVI8ek6cd5Anfk7.npy
Evjj2cpmPD7tJqUZ15Nj,drink,88,val,Evjj2cpmPD7tJqUZ15Nj.npy
GKEoFTgd90sGVOo7KhUo,look,57,test,GKEoFTgd90sGVOo7KhUo.npy
gRHymK9LaAdDVTr7KAOv,sleep,30,train,gRHymK9LaAdDVTr7KAOv.npy
OqYQd0yg2OSBiaXoRBI9,yes,78,val,OqYQd0yg2OSBiaXoRBI9.npy
YspjoJOXuyRsBgex9DNK,sick,80,train,YspjoJOXuyRsBgex9DNK.npy
qXKAr7fs4NK3qDyJV7x0,help,57,test,qXKAr7fs4NK3qDyJV7x0.npy
QyIy9DGTyGBH7Q0reSXi,much,88,train,QyIy9DGTyGBH7Q0reSXi.npy
qlsRSWajmdclTmjT2ILX,sit,15,train,qlsRSWajmdclTmjT2ILX.npy
SLB9aPpK7bVY4wjpCtvn,family,36,test,SLB9aPpK7bVY4wjpCtvn.npy
cTblwUx7hejqOvpj2UeA,test,62,train,cTblwUx7hejqOvpj2UeA.npy
dhxgzIbiaZkPLEgso6Cb,bad,42,train,dhxgzIbiaZkPLEgso6Cb.npy
e2exZUWv0aeiI8PYbYfI,feel,46,train,e2exZUWv0aeiI8PYbYfI.npy
N913XnfFMyshdz1Ndg8D,man,7,train,N913XnfFMyshdz1Ndg8D.npy
M5WVXWcEy1sX4RYxlBvp,breathe,7,train,M5WVXWcEy1sX4RYxlBvp.npy
NkKpxhUz4fHJKLhhBS1e,bleed,57,test,NkKpxhUz4fHJKLhhBS1e.npy
ccRRncu9ScZSICtViZbe,water,84,val,ccRRncu9ScZSICtViZbe.npy
BE4GsP89VuTyO5AKNLbU,sorry,78,train,BE4GsP89VuTyO5AKNLbU.npy
mh2LgjbV7QCy9dbM6TCg,glasses,54,train,mh2LgjbV7QCy9dbM6TCg.npy
kqECs74gjahriKMxXlYv,water,59,train,kqECs74gjahriKMxXlYv.npy
W0FKMnAPezCVOmbbdMFk,start,35,train,W0FKMnAPezCVOmbbdMFk.npy
ahGB393YqlJg8nTBcVZa,face,84,train,ahGB393YqlJg8nTBcVZa.npy
5bEvRYnBbXBOf3A5eX70,throat,31,val,5bEvRYnBbXBOf3A5eX70.npy
cTKKjO5CPx4Mlk5YA3wm,night,7,train,cTKKjO5CPx4Mlk5YA3wm.npy
TMbCgteOfuzzmXVKiCIT,family,30,val,TMbCgteOfuzzmXVKiCIT.npy
TBLKtdHTlrREaUJHDRFJ,weak,35,train,TBLKtdHTlrREaUJHDRFJ.npy
qeagQzZxDdwfg9JxL7d8,hospital,62,val,qeagQzZxDdwfg9JxL7d8.npy
B05xkvKlQir21gw0opDn,who,17,train,B05xkvKlQir21gw0opDn.npy
4QljxAD43QtRQLe5qInx,sick,57,test,4QljxAD43QtRQLe5qInx.npy
gUQNlN5MBy114dkH70j2,help,39,train,gUQNlN5MBy114dkH70j2.npy
JJveyIC0LiB1P58oifll,woman,17,val,JJveyIC0LiB1P58oifll.npy
b2QtzTKYu7KaGaFxSML2,move,84,val,b2QtzTKYu7KaGaFxSML2.npy
yJ00TSsfdfEqhFaCOI6K,big,14,train,yJ00TSsfdfEqhFaCOI6K.npy
nEm2Ky1T9Y3FqdIavjyk,drink,7,train,nEm2Ky1T9Y3FqdIavjyk.npy
cm17iq0Th3Z9hPKVa0YH,morning,84,train,cm17iq0Th3Z9hPKVa0YH.npy
Hho1R9F2C7PbOl3rniQU,water,88,train,Hho1R9F2C7PbOl3rniQU.npy
NuQVpcNDmlnaKRkTj500,woman,84,train,NuQVpcNDmlnaKRkTj500.npy
sShLqwf70sHQ2aJBKWPf,help,50,test,sShLqwf70sHQ2aJBKWPf.npy
DYq2Id80b7yPf0m6QNgs,sick,7,val,DYq2Id80b7yPf0m6QNgs.npy
YrOZg3HmMxLkiEwZWFTd,some,62,val,YrOZg3HmMxLkiEwZWFTd.npy
trK8zC2fWSUslaQVFSau,arm,88,train,trK8zC2fWSUslaQVFSau.npy
qv0KuCiti8YQUCzIYpR2,go,42,train,qv0KuCiti8YQUCzIYpR2.npy
he8l99RQWf6Ge4Nebzz7,help,46,val,he8l99RQWf6Ge4Nebzz7.npy
MqH5cTuAr31xKYFy6Nrs,sorry,49,val,MqH5cTuAr31xKYFy6Nrs.npy
KDcacRyifMOylp5hBqR3,breathe,57,test,KDcacRyifMOylp5hBqR3.npy
KZIj9Czh2IrYnPO5YkbH,need,57,test,KZIj9Czh2IrYnPO5YkbH.npy
wRLL5bj2qnvdXbOH6BJv,yes,57,test,wRLL5bj2qnvdXbOH6BJv.npy
k59qwGzZpSJCIwjN8Am6,can,8,val,k59qwGzZpSJCIwjN8Am6.npy
im5inW6nSY0S3UNE2lYC,move,64,test,im5inW6nSY0S3UNE2lYC.npy
uxeVl2RcxlhgvnXpz57l,hot,62,train,uxeVl2RcxlhgvnXpz57l.npy
lwHtTd2p8Qe3VtUXOJhU,stop,88,train,lwHtTd2p8Qe3VtUXOJhU.npy
QxtIfYvFPl27tSPPsSEC,feel,52,train,QxtIfYvFPl27tSPPsSEC.npy
WzCWr7kDR8w0J0rdAOot,drink,57,test,WzCWr7kDR8w0J0rdAOot.npy
CHZ9cjFAJNkCReoNSPxm,wait,35,train,CHZ9cjFAJNkCReoNSPxm.npy
toUFYQuOmmEOKqAuiZlH,month,7,val,toUFYQuOmmEOKqAuiZlH.npy
KLMhbcQRsZHwFSXVkRM5,finish,39,val,KLMhbcQRsZHwFSXVkRM5.npy
M5pRji5urXEs1aG2N02L,understand,39,train,M5pRji5urXEs1aG2N02L.npy
UBqekoTeu2dzYNYY0naH,family,31,train,UBqekoTeu2dzYNYY0naH.npy
MGleAI7rYDes1NXN2Dkq,week,84,train,MGleAI7rYDes1NXN2Dkq.npy
RUfjUYXrDwqNzLvUouqz,pain,48,test,RUfjUYXrDwqNzLvUouqz.npy
gFCdqgbnXXB84qxZzkO1,cold,49,train,gFCdqgbnXXB84qxZzkO1.npy
dlIiu8aYECm0I5xyNq1j,water,7,train,dlIiu8aYECm0I5xyNq1j.npy
HVmxv6IWZXPsAfyG0J2j,long,84,train,HVmxv6IWZXPsAfyG0J2j.npy
sUKKc4MXHsxo5vbWvO59,man,49,train,sUKKc4MXHsxo5vbWvO59.npy
eedcjFHU640n9aWVO25u,need,49,train,eedcjFHU640n9aWVO25u.npy
59xYkoWiEwUpU9vABCuk,minute,7,train,59xYkoWiEwUpU9vABCuk.npy
tFBoheR6Azy25ZIUBmTb,baby,49,train,tFBoheR6Azy25ZIUBmTb.npy
UWkQ0Ga0Zqt29DzSKFPW,cold,39,val,UWkQ0Ga0Zqt29DzSKFPW.npy
fLMb6QVTmKZlkgQxbcy6,stop,35,train,fLMb6QVTmKZlkgQxbcy6.npy
7yy6lkl8ki6dkTm1RYYN,no,49,train,7yy6lkl8ki6dkTm1RYYN.npy
vOsGpJbzLzDENUh9kcxw,cough,48,test,vOsGpJbzLzDENUh9kcxw.npy
kBRVRSWrr3SikqekKOZp,long,49,train,kBRVRSWrr3SikqekKOZp.npy
VTJAVp92r7d8jStlPHxN,cold,17,train,VTJAVp92r7d8jStlPHxN.npy
Zp82NyXMdEDehQc0WWwm,family,85,train,Zp82NyXMdEDehQc0WWwm.npy
NeDfR8tngZe4fTozyARq,medicine,36,test,NeDfR8tngZe4fTozyARq.npy
xCRnkneaXZg7sWCDSob2,why,49,train,xCRnkneaXZg7sWCDSob2.npy
VvmhIaWk0gfJOncKYWuc,hurt,38,train,VvmhIaWk0gfJOncKYWuc.npy
yXPTdNEmSQUzhuHGjO5R,stop,84,val,yXPTdNEmSQUzhuHGjO5R.npy
3KptbOIUNBA9dqUbVcGC,close,39,train,3KptbOIUNBA9dqUbVcGC.npy
LUgtTw1LIfklLOQXxiVg,water,7,val,LUgtTw1LIfklLOQXxiVg.npy
0zuXJuB0MA4HyiJgd8FJ,wait,62,val,0zuXJuB0MA4HyiJgd8FJ.npy
9XLIU63xVm1EEt7fMX4h,water,12,train,9XLIU63xVm1EEt7fMX4h.npy
KF4jJkVJOq70mOpyqBPq,hurt,59,train,KF4jJkVJOq70mOpyqBPq.npy
KmCxD2ZDkbdYxJynHnhs,hurt,8,val,KmCxD2ZDkbdYxJynHnhs.npy
wwij0CQmpYhq9uk17yXD,where,17,val,wwij0CQmpYhq9uk17yXD.npy
OMFUAKCGb27WyHz6YWTw,understand,39,val,OMFUAKCGb27WyHz6YWTw.npy
0qTm0URI96hUyWdHANTp,show,7,train,0qTm0URI96hUyWdHANTp.npy
kPtDAjSiIw2MnPrYHjhf,baby,31,train,kPtDAjSiIw2MnPrYHjhf.npy
7EDwbCNZlPH7bEMPhKGR,sleep,39,train,7EDwbCNZlPH7bEMPhKGR.npy
COwq9aP6tqCMIcEvXmIt,where,17,train,COwq9aP6tqCMIcEvXmIt.npy
BmLffrOLixl555JzoCos,help,33,test,BmLffrOLixl555JzoCos.npy
Ec94kbgjH48kuWM7eATt,bathroom,46,train,Ec94kbgjH48kuWM7eATt.npy
nj8cLTLF49wYFiwHCwdE,bad,50,test,nj8cLTLF49wYFiwHCwdE.npy
0seHN5Gs9l50UJvcJaUi,medicine,7,val,0seHN5Gs9l50UJvcJaUi.npy
5dAE5SvZH3eQ5jjNixKg,where,7,train,5dAE5SvZH3eQ5jjNixKg.npy
Fd5I68YxNg4MiksslSKO,afternoon,7,train,Fd5I68YxNg4MiksslSKO.npy
VPfawybNqifljozysUVJ,hot,35,train,VPfawybNqifljozysUVJ.npy
wU5a9yZWN0Co3Eyl980s,month,36,test,wU5a9yZWN0Co3Eyl980s.npy
9K3LKihgAemuNCHF09yc,where,49,train,9K3LKihgAemuNCHF09yc.npy
WZpJjPsLt4mmuNMb8d1w,wait,35,train,WZpJjPsLt4mmuNMb8d1w.npy
k2iM3neKAPtDsT4YC7nj,faint,50,test,k2iM3neKAPtDsT4YC7nj.npy
ewzFfhDVzfW2lMHdezGw,feel,39,val,ewzFfhDVzfW2lMHdezGw.npy
vn4Qr7KkTVQJudAEJhdS,maybe,49,val,vn4Qr7KkTVQJudAEJhdS.npy
avYjTgyA4lK8HbW62GZB,hurt,39,train,avYjTgyA4lK8HbW62GZB.npy
MAJkKwaFRCnFc8ilNBtg,big,57,test,MAJkKwaFRCnFc8ilNBtg.npy
GZIEyeHq2aH4aqVbkRVC,hurt,46,train,GZIEyeHq2aH4aqVbkRVC.npy
BQWxQlPAkXmhsgxtfGr3,hospital,61,test,BQWxQlPAkXmhsgxtfGr3.npy
OfRR7SKjiibqAMEgad57,medicine,46,train,OfRR7SKjiibqAMEgad57.npy
nuVBDy60436OqacanXrv,give,49,val,nuVBDy60436OqacanXrv.npy
uveRPeVboigU4wi6wbre,stop,88,train,uveRPeVboigU4wi6wbre.npy
YChPDgjVHa6Mk6mzQWvg,doctor,42,train,YChPDgjVHa6Mk6mzQWvg.npy
i8iXTVxtjEZgF6gneGw0,medicine,35,train,i8iXTVxtjEZgF6gneGw0.npy
30FaVGbijYvEXYZwhV7b,night,49,train,30FaVGbijYvEXYZwhV7b.npy
1hj2TQk7zYB4ww8Y3mbJ,breathe,31,val,1hj2TQk7zYB4ww8Y3mbJ.npy
9dAaMhyVVhNCfcmBayIq,show,50,test,9dAaMhyVVhNCfcmBayIq.npy
pb9sbzT3BvEvqyJsYSbe,doctor,35,train,pb9sbzT3BvEvqyJsYSbe.npy
FgzAViCds93T3xQo6L7V,man,17,train,FgzAViCds93T3xQo6L7V.npy
ynmuJX3s9c4lkrjDlgIA,lungs,17,train,ynmuJX3s9c4lkrjDlgIA.npy
MpOFca77LqpibOzKxlSQ,long,84,val,MpOFca77LqpibOzKxlSQ.npy
zXHgZ4NGKDC4ctBD1Btb,give,84,train,zXHgZ4NGKDC4ctBD1Btb.npy
eo2H0dT3ZUbPGmTyw6oG,strong,61,test,eo2H0dT3ZUbPGmTyw6oG.npy
4yM80atV593O6GvHi6CF,family,11,train,4yM80atV593O6GvHi6CF.npy
ghMtueJj4Mt4VxmIcT5I,when,30,train,ghMtueJj4Mt4VxmIcT5I.npy
5Um80Qyu5UpnsrII3hKf,bad,17,train,5Um80Qyu5UpnsrII3hKf.npy
Mmy33EZDdmZUly5dWfnY,hurt,84,train,Mmy33EZDdmZUly5dWfnY.npy
xINaSpxmwJdJuFj7wPME,hurt,60,val,xINaSpxmwJdJuFj7wPME.npy
YdnwbORQhzk4YVGezkZH,hot,57,test,YdnwbORQhzk4YVGezkZH.npy
VIZgf8GPFH4Jjznc1XEb,finish,61,test,VIZgf8GPFH4Jjznc1XEb.npy
awgFROlP40NaaejHGz54,bad,63,train,awgFROlP40NaaejHGz54.npy
TstGS3kqyox5KHUOyVJI,today,30,train,TstGS3kqyox5KHUOyVJI.npy
GmC4DKJYdp3HDsmFw18T,blood,43,train,GmC4DKJYdp3HDsmFw18T.npy
EIOTaRNQzT3jQRMzKO6f,hurt,84,val,EIOTaRNQzT3jQRMzKO6f.npy
0BfiFMOPrlRzUwVU7dkM,cold,11,train,0BfiFMOPrlRzUwVU7dkM.npy
ev1jaFXUAuVvagKqcOjL,finish,17,train,ev1jaFXUAuVvagKqcOjL.npy
Zogiuy8ZlLB5lw6SYMXY,tired,85,train,Zogiuy8ZlLB5lw6SYMXY.npy
Y1UT3vb96gfh1Cm2HQBo,cough,30,train,Y1UT3vb96gfh1Cm2HQBo.npy
b7ZFG733ERLOQLzWqHTC,again,84,train,b7ZFG733ERLOQLzWqHTC.npy
n3sfx2GNehGFywCyJX5F,test,48,test,n3sfx2GNehGFywCyJX5F.npy
TXd1odIbLxiZmR4vbTD9,dentist,49,train,TXd1odIbLxiZmR4vbTD9.npy
oXaOfESAMIyOLIkzjIKU,throat,59,train,oXaOfESAMIyOLIkzjIKU.npy
sOVc0qaRAEA9tMkYdIu5,nurse,7,val,sOVc0qaRAEA9tMkYdIu5.npy
CTgkH4QZZ4M2BCPajOIU,close,17,val,CTgkH4QZZ4M2BCPajOIU.npy
c3aen4Cv99MJkYTy8OmY,always,49,val,c3aen4Cv99MJkYTy8OmY.npy
DE97WSlrIL4eiWQTbE8j,hot,57,test,DE97WSlrIL4eiWQTbE8j.npy
sMQe5b206lUF5huh1VmC,need,49,val,sMQe5b206lUF5huh1VmC.npy
pMeL6NfA6jvn8ZMw2hV5,head,62,train,pMeL6NfA6jvn8ZMw2hV5.npy
rrKuGDJlE3bH9Jplgf61,drink,30,train,rrKuGDJlE3bH9Jplgf61.npy
jiXv3ZoSUG5CUxUqhHRS,dentist,8,val,jiXv3ZoSUG5CUxUqhHRS.npy
jHdUh3fxHtPwrhSw3KMs,woman,42,train,jHdUh3fxHtPwrhSw3KMs.npy
BpphEZ22D6M67KweohQk,man,49,val,BpphEZ22D6M67KweohQk.npy
I7D9wak3nVOJbbwKvjlP,where,48,test,I7D9wak3nVOJbbwKvjlP.npy
69nau8Zbr6K3a16gKIsl,where,62,train,69nau8Zbr6K3a16gKIsl.npy
AqMhM23WnyiYSkYpf7qv,water,88,train,AqMhM23WnyiYSkYpf7qv.npy
15jv1IXjlon71AfTrBBY,wait,39,train,15jv1IXjlon71AfTrBBY.npy
uDXIhhlUg1rfYiYmT5hX,weak,85,val,uDXIhhlUg1rfYiYmT5hX.npy
HCPYxNqUB9LwGMC2hOYD,nose,7,train,HCPYxNqUB9LwGMC2hOYD.npy
fjqBNIt1YZ5kSZNejA0b,cough,80,val,fjqBNIt1YZ5kSZNejA0b.npy
WGDxsn2qKJq6qBSG4RMJ,teeth,62,train,WGDxsn2qKJq6qBSG4RMJ.npy
3BNl9SysXqfcbWVRiSPK,mouth,7,train,3BNl9SysXqfcbWVRiSPK.npy
8yHbkV9OCqlLrnn1fb8U,woman,39,train,8yHbkV9OCqlLrnn1fb8U.npy
GGFUkBpUQgRP55zg2wbq,big,61,test,GGFUkBpUQgRP55zg2wbq.npy
Dg6wZFoh3V7ZQLeyhyev,month,78,train,Dg6wZFoh3V7ZQLeyhyev.npy
bs8r8R0S8mfIZPEt9OUI,baby,8,val,bs8r8R0S8mfIZPEt9OUI.npy
zYAh0LwNK1iP9QF5Uh7G,head,50,test,zYAh0LwNK1iP9QF5Uh7G.npy
d19PrG9ozqehSFynPuG4,water,23,train,d19PrG9ozqehSFynPuG4.npy
Czdlj3SnHYrcwEp0HmT1,bad,76,val,Czdlj3SnHYrcwEp0HmT1.npy
ST7cfp6OBobMPPMjAhC5,breathe,31,train,ST7cfp6OBobMPPMjAhC5.npy
imh7JJv1e5wqcsoBQPHl,throat,84,train,imh7JJv1e5wqcsoBQPHl.npy
wpPDTiBpYNgURg9powEy,show,7,train,wpPDTiBpYNgURg9powEy.npy
QDMjYvubk2S6RswII2sx,water,53,test,QDMjYvubk2S6RswII2sx.npy
bhmCRLPzT6ACLUh02Npb,day,7,val,bhmCRLPzT6ACLUh02Npb.npy
jeYApPeYm1Q8eWVXeYfC,cold,30,train,jeYApPeYm1Q8eWVXeYfC.npy
qZ4wkg97QPmiQOJ0J2Wm,long,84,train,qZ4wkg97QPmiQOJ0J2Wm.npy
3jfDvM2hH6ySqcsTlqkZ,baby,17,train,3jfDvM2hH6ySqcsTlqkZ.npy
e05D7pcgDXuJEPMAAFxR,cough,84,train,e05D7pcgDXuJEPMAAFxR.npy
jL7MEc9l2usVZZ3zNhOs,sleep,60,train,jL7MEc9l2usVZZ3zNhOs.npy
impkGaM36qMDgtf66Lcf,understand,7,train,impkGaM36qMDgtf66Lcf.npy
I4ZcGFcymNXSfKltwsWr,can,27,train,I4ZcGFcymNXSfKltwsWr.npy
mHVL68a7tiZBxdYQUNtO,sick,60,train,mHVL68a7tiZBxdYQUNtO.npy
QDQzqUXO5cYDv1jnuiqf,back,46,train,QDQzqUXO5cYDv1jnuiqf.npy
cz2jUoUKxfvkynYsAPcN,what,80,train,cz2jUoUKxfvkynYsAPcN.npy
ZImbnmoo7LO1chPJPcCh,sleep,17,val,ZImbnmoo7LO1chPJPcCh.npy
Gq10sHMYxPSh1sJcYzam,which,15,train,Gq10sHMYxPSh1sJcYzam.npy
nRM1t7OZXM029uQdfmSu,can,84,train,nRM1t7OZXM029uQdfmSu.npy
qtSK25v8YtRoxZxuyNui,not,49,train,qtSK25v8YtRoxZxuyNui.npy
Yb8ysltIH11dN0OtI70r,move,27,train,Yb8ysltIH11dN0OtI70r.npy
69vnICxHsECQl2rPhCNC,water,85,val,69vnICxHsECQl2rPhCNC.npy
m30wKcOk4zPt0b6p3GBw,interpreter,59,train,m30wKcOk4zPt0b6p3GBw.npy
41SMrZhayxC1GeBrM0qT,go,57,test,41SMrZhayxC1GeBrM0qT.npy
yT9cqeeGPVRfXwzuGHYy,muscle,84,train,yT9cqeeGPVRfXwzuGHYy.npy
E0BGNjKfhL5N7OW5V0bC,walk,49,train,E0BGNjKfhL5N7OW5V0bC.npy
M2mFnIo3NkqgMZ6eRKtB,teeth,88,train,M2mFnIo3NkqgMZ6eRKtB.npy
eXVE1RauDb6M9Fd9u2Fj,move,62,train,eXVE1RauDb6M9Fd9u2Fj.npy
cM1uL8NOVO2mUjzKO5qe,muscle,84,val,cM1uL8NOVO2mUjzKO5qe.npy
EgAT3ye2iT4sK1vfgoW0,surgery,49,val,EgAT3ye2iT4sK1vfgoW0.npy
VfMYAyvvMtTgxoRuSZKf,not,78,val,VfMYAyvvMtTgxoRuSZKf.npy
6se9DpemT1ToEXYKihB3,ear,84,train,6se9DpemT1ToEXYKihB3.npy
Xwd4SOTPKhev4bXiEV7G,some,62,train,Xwd4SOTPKhev4bXiEV7G.npy
eUk56jZuikVEowmeTC3p,lungs,31,val,eUk56jZuikVEowmeTC3p.npy
1R7EFiS3TGnTWTu3JOXd,wait,42,train,1R7EFiS3TGnTWTu3JOXd.npy
dptluE1Ds9OVAvwcz6IX,go,17,train,dptluE1Ds9OVAvwcz6IX.npy
iRrDeQU3wnI8Ud9I5X2O,baby,39,train,iRrDeQU3wnI8Ud9I5X2O.npy
Vij5exJBZaO4ueIMsjRN,sorry,30,train,Vij5exJBZaO4ueIMsjRN.npy
OAfVeO9ErcyQiTGJ5xyN,test,88,val,OAfVeO9ErcyQiTGJ5xyN.npy
Mg3FDXKnKYVmQZRSEECF,drink,84,train,Mg3FDXKnKYVmQZRSEECF.npy
ppPw3uqZNj3hMAGNoIyO,food,42,train,ppPw3uqZNj3hMAGNoIyO.npy
Sb6vzW5PjOcfl7gA7IsU,sick,49,train,Sb6vzW5PjOcfl7gA7IsU.npy
9pwmzDD8W9Kvx7vtBzAE,muscle,39,train,9pwmzDD8W9Kvx7vtBzAE.npy
4IAdaojLYv2jPPbDwVmd,yes,49,train,4IAdaojLYv2jPPbDwVmd.npy
rycvnmProKHEVWUHiX38,water,43,train,rycvnmProKHEVWUHiX38.npy
nCe7io52QGRAI3WTAEHP,where,17,val,nCe7io52QGRAI3WTAEHP.npy
jMlLwoeCkt01CwvLedCr,want,57,test,jMlLwoeCkt01CwvLedCr.npy
ESpZ1NfP4qMSIUaiPFBa,not,38,train,ESpZ1NfP4qMSIUaiPFBa.npy
WGLmjJoQuSo50i499KHn,some,23,train,WGLmjJoQuSo50i499KHn.npy
3df80iL4fK8GuQRfZXHA,look,80,train,3df80iL4fK8GuQRfZXHA.npy
5mVLnP87nUNNg9VXPmys,some,49,train,5mVLnP87nUNNg9VXPmys.npy
eSE3M0O8ujbBPKIhrfs5,doctor,35,train,eSE3M0O8ujbBPKIhrfs5.npy
dnIXmjddNL7P0sQFiPwB,sharp,30,train,dnIXmjddNL7P0sQFiPwB.npy
MMcaFsD2zA62LnkEYmm5,need,35,train,MMcaFsD2zA62LnkEYmm5.npy
Iu8Ha2Uf0fzQsgRYX02p,where,88,train,Iu8Ha2Uf0fzQsgRYX02p.npy
4VZ2mNmgAjU8Q3Y8lbyX,strong,39,train,4VZ2mNmgAjU8Q3Y8lbyX.npy
ueCzhxOVXXKf2fG3VXtb,want,36,test,ueCzhxOVXXKf2fG3VXtb.npy
nVYyDmjLdvxotOCQgoqD,medicine,61,test,nVYyDmjLdvxotOCQgoqD.npy
Drth20inXDjmDTWKHc1o,tired,57,test,Drth20inXDjmDTWKHc1o.npy
uqDtHKd9TfyqNdjdEXNm,family,57,test,uqDtHKd9TfyqNdjdEXNm.npy
GJlj8V0Roa7k7MM4JWcR,long,48,test,GJlj8V0Roa7k7MM4JWcR.npy
5WlubzHBsOY0hylR9waZ,bad,64,test,5WlubzHBsOY0hylR9waZ.npy
72EUIdzpNKp7rHOtyOFT,sleep,8,train,72EUIdzpNKp7rHOtyOFT.npy
UsxctR4kr3FJLafm53dK,water,84,train,UsxctR4kr3FJLafm53dK.npy
AX2baSa9l88mtC1sAhPt,water,62,train,AX2baSa9l88mtC1sAhPt.npy
SetKYy5EKkOFPFuDJ0tS,tired,60,train,SetKYy5EKkOFPFuDJ0tS.npy
vuhGkvsJObONhAFNcc6R,today,33,test,vuhGkvsJObONhAFNcc6R.npy
WUgXGr1GImMWVYNi23V6,hour,49,train,WUgXGr1GImMWVYNi23V6.npy
k3sKf5R7ztyfAQxB0jWc,drink,7,val,k3sKf5R7ztyfAQxB0jWc.npy
sTrti0kodIhp0aRYu1EK,move,39,train,sTrti0kodIhp0aRYu1EK.npy
srf2p9bjNjQmKTh68tai,sick,60,train,srf2p9bjNjQmKTh68tai.npy
UEE5zFHkSO2VCvQKfm2u,drink,12,train,UEE5zFHkSO2VCvQKfm2u.npy
2T999aBpBlP12tTHWk0s,close,84,train,2T999aBpBlP12tTHWk0s.npy
ClZpqPjH6mVb3TCQrAHc,pill,7,train,ClZpqPjH6mVb3TCQrAHc.npy
hGN8aKbmZPbIgLYznX0g,how,17,val,hGN8aKbmZPbIgLYznX0g.npy
4oNgRV4E73sgeGJgdwTg,where,42,train,4oNgRV4E73sgeGJgdwTg.npy
yILZRDsz0ZiEdZooOPgc,move,57,test,yILZRDsz0ZiEdZooOPgc.npy
x7myBIFOrJ9OSUde3kQ4,hurt,84,train,x7myBIFOrJ9OSUde3kQ4.npy
Lz0BUpPS5YLNfeASx8aw,medicine,31,train,Lz0BUpPS5YLNfeASx8aw.npy
KEJYO29qisbrkyq4nq2p,give,31,train,KEJYO29qisbrkyq4nq2p.npy
vl4N44O8moluzTZDWnLE,year,57,test,vl4N44O8moluzTZDWnLE.npy
yJ0uaWVaAieL8Q37F4Iz,need,31,train,yJ0uaWVaAieL8Q37F4Iz.npy
QH5KhKt5IxnNC50h8Jbc,hospital,7,train,QH5KhKt5IxnNC50h8Jbc.npy
QRCqSz7JsOfgJ0JdyjNb,walk,49,val,QRCqSz7JsOfgJ0JdyjNb.npy
HGGUzD20x77eT7GPV1ib,can,57,test,HGGUzD20x77eT7GPV1ib.npy
rJICgsZmy5TeUuY8L589,give,39,train,rJICgsZmy5TeUuY8L589.npy
2OoOX4WgA1Ucg76Qc8Yf,please,42,train,2OoOX4WgA1Ucg76Qc8Yf.npy
NWlPXs7LVtOo5j6PdqlR,doctor,39,val,NWlPXs7LVtOo5j6PdqlR.npy
VmbP6Dhk7OggSCovryWF,father,49,train,VmbP6Dhk7OggSCovryWF.npy
BfKDMi34lAFQ5OmMe4ZY,sleep,43,train,BfKDMi34lAFQ5OmMe4ZY.npy
waEi50rohqJ2ersl80LK,ask,39,train,waEi50rohqJ2ersl80LK.npy
fR7RUj9d5HTCysBgYsKs,hurt,7,train,fR7RUj9d5HTCysBgYsKs.npy
q97ISy0w6RHrkSENYweU,why,49,train,q97ISy0w6RHrkSENYweU.npy
5QADnYlUe2gitPwJ199e,nose,31,val,5QADnYlUe2gitPwJ199e.npy
6hgRt1EiJ5WgZy7SSvA3,long,8,train,6hgRt1EiJ5WgZy7SSvA3.npy
PovBn5l6FQXPl9NP04xz,pain,36,test,PovBn5l6FQXPl9NP04xz.npy
aQq8GJkm5sL6fL3kBdzv,maybe,39,train,aQq8GJkm5sL6fL3kBdzv.npy
JULnCdUfBlJsGMXGi2xN,strong,62,train,JULnCdUfBlJsGMXGi2xN.npy
EWR9Dv31e1IpeIh9nTJV,what,57,test,EWR9Dv31e1IpeIh9nTJV.npy
HXX3RpbyjQvAoOBIH0vq,cold,61,test,HXX3RpbyjQvAoOBIH0vq.npy
ZwJKQoSJ7BbJ6JLvhGVd,wait,49,val,ZwJKQoSJ7BbJ6JLvhGVd.npy
lVKgRsXCzN8PfFyWwUa1,day,84,train,lVKgRsXCzN8PfFyWwUa1.npy
VDJV76JCDWuxZ6WxU7PO,go,50,test,VDJV76JCDWuxZ6WxU7PO.npy
T5rbVAKAEnaPWRykBecr,tired,57,test,T5rbVAKAEnaPWRykBecr.npy
cdDlpfgjHDjHD876g3z9,arm,8,val,cdDlpfgjHDjHD876g3z9.npy
FTJBu46VZo6wrmgZMExx,baby,35,train,FTJBu46VZo6wrmgZMExx.npy
8NCkR3RzeoTink83BNyv,hot,57,test,8NCkR3RzeoTink83BNyv.npy
CSTdzPvq1kk9UNMzlVB3,water,49,val,CSTdzPvq1kk9UNMzlVB3.npy
XT9G7ANdnLsie3bgjQym,baby,61,test,XT9G7ANdnLsie3bgjQym.npy
dTOmMZo0NWoRO0SsJQ59,start,39,val,dTOmMZo0NWoRO0SsJQ59.npy
JrupmkIjbePN9jnH33Ui,medicine,88,val,JrupmkIjbePN9jnH33Ui.npy
vDlUITQhrZJjNfyoEVzL,more,35,val,vDlUITQhrZJjNfyoEVzL.npy
VOHSQXHyRomhOch2uxIJ,open,63,train,VOHSQXHyRomhOch2uxIJ.npy
d1GeOWkqtXhyb7mZN6K5,help,57,test,d1GeOWkqtXhyb7mZN6K5.npy
ImIIQXnjLUtCIlJtsbsc,hurt,84,train,ImIIQXnjLUtCIlJtsbsc.npy
a4gRHX1SzAZjxHt8ILSI,light,39,train,a4gRHX1SzAZjxHt8ILSI.npy
8k4W9wCozeLB5nljGbHf,take,8,val,8k4W9wCozeLB5nljGbHf.npy
mcr0LzBb5pQ8N3sW3ji1,big,63,train,mcr0LzBb5pQ8N3sW3ji1.npy
BOR78FJnxrI5mpxH6h6m,doctor,59,train,BOR78FJnxrI5mpxH6h6m.npy
vdLW8WGlW7p6TOetIHKB,want,8,val,vdLW8WGlW7p6TOetIHKB.npy
DGfGoi7GtNAe1i2FkC8u,come,85,train,DGfGoi7GtNAe1i2FkC8u.npy
WWwcX5moPrAmiihPtXPR,surgery,50,test,WWwcX5moPrAmiihPtXPR.npy
QVG2XDTiBZB8uqwPIkMQ,baby,57,test,QVG2XDTiBZB8uqwPIkMQ.npy
0ZNSWsQ9m6HdjpyemOo1,yes,80,train,0ZNSWsQ9m6HdjpyemOo1.npy
0arvTjedb3RknLzt63tN,today,48,test,0arvTjedb3RknLzt63tN.npy
xZHJbqTdNeizVPmjOdXe,breathe,39,train,xZHJbqTdNeizVPmjOdXe.npy
2fj44yGAYOtU7SuAQcRM,which,49,val,2fj44yGAYOtU7SuAQcRM.npy
tJzResVsbQUybBGiyklN,hospital,62,train,tJzResVsbQUybBGiyklN.npy
ivmAdiCzO8l7AOe7O5gL,family,61,test,ivmAdiCzO8l7AOe7O5gL.npy
xeeUt6RZ7EJo38Mfp5j9,understand,88,train,xeeUt6RZ7EJo38Mfp5j9.npy
IIncwAesrUsUtGNlfiXN,month,42,train,IIncwAesrUsUtGNlfiXN.npy
D1I8ZvhgaFR9r1OrK5vQ,arm,8,train,D1I8ZvhgaFR9r1OrK5vQ.npy
eEDrkJMAV3nQLHgsQKsT,week,62,val,eEDrkJMAV3nQLHgsQKsT.npy
AnvTwprnTgzVeYQCu6Up,better,39,val,AnvTwprnTgzVeYQCu6Up.npy
3IadIys0DyNWMsz3XDkE,hurt,84,val,3IadIys0DyNWMsz3XDkE.npy
s26Daj0XpKd1Tq1IBxs6,cold,46,val,s26Daj0XpKd1Tq1IBxs6.npy
wXrruQAu3jS8Ert5cJ6X,hot,84,train,wXrruQAu3jS8Ert5cJ6X.npy
4vvHdxolnmdJXLsXHZrM,walk,59,train,4vvHdxolnmdJXLsXHZrM.npy
kGdoZgbtp4JL5kQ8bHyH,tired,35,train,kGdoZgbtp4JL5kQ8bHyH.npy
myf1jlTEtdGq2EuBccen,sleep,30,train,myf1jlTEtdGq2EuBccen.npy
LMuvzr6RkmGCi9GEGNEm,hurt,42,train,LMuvzr6RkmGCi9GEGNEm.npy
NFWoN1zyuirSfgADqGDO,can,42,train,NFWoN1zyuirSfgADqGDO.npy
v1KrI4HspVkQAUl7CAv4,finish,85,train,v1KrI4HspVkQAUl7CAv4.npy
BfxVx44cfdPtSMGoxwU9,dizzy,39,train,BfxVx44cfdPtSMGoxwU9.npy
TuuJJiVT5Kd9ZIrvgrDm,sleep,88,val,TuuJJiVT5Kd9ZIrvgrDm.npy
S9D3MXshHnyIsGmQ5Jz2,where,46,train,S9D3MXshHnyIsGmQ5Jz2.npy
VEJHbJoquum7CzdtzZqH,water,57,test,VEJHbJoquum7CzdtzZqH.npy
TVOn9R4L3cy1EmE5ptuT,family,60,val,TVOn9R4L3cy1EmE5ptuT.npy
OrokAxKBJEbHKoiHRDtX,take,42,train,OrokAxKBJEbHKoiHRDtX.npy
OuLZIC3GirskXt3KyNqL,bad,84,train,OuLZIC3GirskXt3KyNqL.npy
yWfN3Y0xjzOLl3W6OTFQ,teeth,46,val,yWfN3Y0xjzOLl3W6OTFQ.npy
aAiZPPeLBrfEpnOUa5uU,bed,30,val,aAiZPPeLBrfEpnOUa5uU.npy
4RINqJuWJnBWIl9VXVrd,finish,42,train,4RINqJuWJnBWIl9VXVrd.npy
EBd4cx9T9sP6BnNFmXWp,sick,39,train,EBd4cx9T9sP6BnNFmXWp.npy
ixGe9nK3eLXF8o8YqMzw,man,11,train,ixGe9nK3eLXF8o8YqMzw.npy
6eug4C4EDbRGeDZ0J3tI,doctor,14,train,6eug4C4EDbRGeDZ0J3tI.npy
9UhfrwQOtXMR898kUNfw,how,39,train,9UhfrwQOtXMR898kUNfw.npy
H1C5ZvLRmSPOeDWQrSCK,what,36,test,H1C5ZvLRmSPOeDWQrSCK.npy
Zh52PLKOvdcY7DeuvcDv,doctor,85,train,Zh52PLKOvdcY7DeuvcDv.npy
TSEiKFF94HbydgtEvAPk,mother,63,train,TSEiKFF94HbydgtEvAPk.npy
krf2vqF7COKTLAeGB2FM,tell,46,train,krf2vqF7COKTLAeGB2FM.npy
75azpt26cBMd2BVi9tvN,woman,84,val,75azpt26cBMd2BVi9tvN.npy
hZuu1QtQqLtAOzpTs79A,sleep,59,train,hZuu1QtQqLtAOzpTs79A.npy
vcvq6kCFkFf6uhbkQaUA,understand,62,train,vcvq6kCFkFf6uhbkQaUA.npy
3f628zp2l21v789tB6z5,pain,39,train,3f628zp2l21v789tB6z5.npy
f9IpLMwVyl3YnMN0FBK4,hot,39,val,f9IpLMwVyl3YnMN0FBK4.npy
IeWDsB7V0efYDVI7SjOh,cold,61,test,IeWDsB7V0efYDVI7SjOh.npy
2Cq0LRxkVIHq51kRLkUo,ask,84,val,2Cq0LRxkVIHq51kRLkUo.npy
FFNr8roxQVfN4icclF5C,move,48,test,FFNr8roxQVfN4icclF5C.npy
aLIR2SkS5pVN0r1Djzi4,cough,57,test,aLIR2SkS5pVN0r1Djzi4.npy
1KMUi6mE1ZSE8cMcvwKP,water,49,train,1KMUi6mE1ZSE8cMcvwKP.npy
mbr2S0nVhkx23XDPSURC,weak,57,test,mbr2S0nVhkx23XDPSURC.npy
c2O3iFdnh7QDZ3GTNBfn,hospital,46,train,c2O3iFdnh7QDZ3GTNBfn.npy
Ik5tVFHjmdsIhiDl4SK1,family,7,train,Ik5tVFHjmdsIhiDl4SK1.npy
vYvL3olAAmwhJ3dYqtRr,hot,48,test,vYvL3olAAmwhJ3dYqtRr.npy
7PNY89YW4BtjBO0MbcZt,night,85,train,7PNY89YW4BtjBO0MbcZt.npy
J3uQw25gZ6svnMevTe8X,move,48,test,J3uQw25gZ6svnMevTe8X.npy
UyzBytIvQoqPp8IexZHx,day,88,train,UyzBytIvQoqPp8IexZHx.npy
YD6YcQkWd3B7dfHD34gr,big,46,train,YD6YcQkWd3B7dfHD34gr.npy
JhUMY5WvNapW9CUOBjZj,want,39,train,JhUMY5WvNapW9CUOBjZj.npy
qz7WJQnYeoi7UbrHmBcP,sick,63,val,qz7WJQnYeoi7UbrHmBcP.npy
x6ZOIx15EGeeUby1lbc2,sleep,49,train,x6ZOIx15EGeeUby1lbc2.npy
BuklFtf4pQRFCqwG1o9y,hurt,62,train,BuklFtf4pQRFCqwG1o9y.npy
rBtrc3FSy95qdmiVmYw0,cold,12,train,rBtrc3FSy95qdmiVmYw0.npy
oD9XiN0AcM4V4CDa4265,no,57,test,oD9XiN0AcM4V4CDa4265.npy
bBf4v1JUy0leNEOyRMm6,finish,49,val,bBf4v1JUy0leNEOyRMm6.npy
dY34qf8vQUuKbOLLLKx3,sleep,35,train,dY34qf8vQUuKbOLLLKx3.npy
AN1jrFxRWNx1jZ6H315w,cold,17,train,AN1jrFxRWNx1jZ6H315w.npy
WK1B7oXv2ewS51E01EQR,start,7,train,WK1B7oXv2ewS51E01EQR.npy
rwBLxYsWVFra9cL1JMuv,surgery,38,train,rwBLxYsWVFra9cL1JMuv.npy
T06dNLYfjco1LbqV3dsn,now,49,train,T06dNLYfjco1LbqV3dsn.npy
buMrsmK01UBNNeQfpax3,touch,62,train,buMrsmK01UBNNeQfpax3.npy
XCbXb8OBvwVEqulEaJZf,thank_you,46,train,XCbXb8OBvwVEqulEaJZf.npy
QRwPKZJfc68Z6K2MS7o1,baby,42,train,QRwPKZJfc68Z6K2MS7o1.npy
OQ3SBt1JWQXCI3feTK5F,sorry,17,train,OQ3SBt1JWQXCI3feTK5F.npy
WYwHmLqdocH3j6km612H,breathe,33,test,WYwHmLqdocH3j6km612H.npy
RwCkXBY2KYtltAyxOJO9,give,17,val,RwCkXBY2KYtltAyxOJO9.npy
SB5LwUWYaS58ptmaQg1h,water,39,train,SB5LwUWYaS58ptmaQg1h.npy
19Ya5WA6zUBJbg01oerA,ask,39,train,19Ya5WA6zUBJbg01oerA.npy
w5iCpKGS6xOISv5rsVYg,water,84,train,w5iCpKGS6xOISv5rsVYg.npy
2ZOPwsYclII467SuFg05,yesterday,39,train,2ZOPwsYclII467SuFg05.npy
mSzdOkVlXFqjwQxfpQep,walk,39,train,mSzdOkVlXFqjwQxfpQep.npy
eknlFkOxfK2cy7Ws0fty,family,62,train,eknlFkOxfK2cy7Ws0fty.npy
F1SwKsyF7LGhBGSzZRH1,feel,88,train,F1SwKsyF7LGhBGSzZRH1.npy
SGxSUQ48hBGRrcXtDW4h,sit,85,val,SGxSUQ48hBGRrcXtDW4h.npy
ngTlweea0Sido2hb81Zk,long,84,train,ngTlweea0Sido2hb81Zk.npy
44Gk9ZUlj9oI0NW04zs3,baby,57,test,44Gk9ZUlj9oI0NW04zs3.npy
MxkuQgXuRUoxwk7mSNQJ,morning,49,train,MxkuQgXuRUoxwk7mSNQJ.npy
lfsMykPUNPv6zR3uwDrv,strong,84,val,lfsMykPUNPv6zR3uwDrv.npy
GLznlBxYEHNFPQ4P0eYm,drink,23,train,GLznlBxYEHNFPQ4P0eYm.npy
tn5ULGxOnqw24LP4bT8B,sit,17,train,tn5ULGxOnqw24LP4bT8B.npy
fLZOFl6ETPo9WAh1ttbM,no,57,test,fLZOFl6ETPo9WAh1ttbM.npy
nlFNHsgoJgGB8slBfACW,ask,30,train,nlFNHsgoJgGB8slBfACW.npy
fQGqNYRieoUYsnASRBNB,nose,7,train,fQGqNYRieoUYsnASRBNB.npy
siK365GN27FE2IMl55Cr,cold,43,train,siK365GN27FE2IMl55Cr.npy
KdHn4LrBrxnWNlNgtgP4,hot,54,train,KdHn4LrBrxnWNlNgtgP4.npy
b4x6i9728aVFmEBbcnSM,walk,52,train,b4x6i9728aVFmEBbcnSM.npy
cbu7ajHJm68AUtByNXwj,understand,84,val,cbu7ajHJm68AUtByNXwj.npy
2qS9O5SxFVFfJhv2gVMZ,tired,60,val,2qS9O5SxFVFfJhv2gVMZ.npy
81xXAgJkX13J1ojiMitG,wait,31,train,81xXAgJkX13J1ojiMitG.npy
UP34sS9HnEutlVWvTEgI,now,39,val,UP34sS9HnEutlVWvTEgI.npy
GvTduIpD75qkSAbkoi9V,help,17,train,GvTduIpD75qkSAbkoi9V.npy
5NwkM5u8W9j0vvnWPESM,water,61,test,5NwkM5u8W9j0vvnWPESM.npy
3VyHWVazAHnxspuph1yZ,man,48,test,3VyHWVazAHnxspuph1yZ.npy
lhpgWVzOdiTef9uKSJ8L,sleep,48,test,lhpgWVzOdiTef9uKSJ8L.npy
7nGG7eLS7QejTVHo9LaK,drink,14,train,7nGG7eLS7QejTVHo9LaK.npy
iWgZxRm2VWfnvuPLDudv,big,61,test,iWgZxRm2VWfnvuPLDudv.npy
1MUKaPbt4MHMrsX0gIoD,always,49,train,1MUKaPbt4MHMrsX0gIoD.npy
HbALXQb1JvuB1X52XiIr,dentist,15,train,HbALXQb1JvuB1X52XiIr.npy
lm6ixsU6WZ1CwTYkOF3J,all,85,train,lm6ixsU6WZ1CwTYkOF3J.npy
TPIwYRY0bbreP6vrKQ8b,show,78,train,TPIwYRY0bbreP6vrKQ8b.npy
zVh3pUP6ra9YR7UaMzRx,doctor,62,val,zVh3pUP6ra9YR7UaMzRx.npy
iSRYaON25dgS2Lnv3Unz,drink,80,val,iSRYaON25dgS2Lnv3Unz.npy
8b1a9ziZA3RxvGyWi0ke,water,48,test,8b1a9ziZA3RxvGyWi0ke.npy
Ho1ThFocb5H5RoFdHlMc,need,17,train,Ho1ThFocb5H5RoFdHlMc.npy
wgRYAaQRmmxMsriZBEVE,sleep,35,val,wgRYAaQRmmxMsriZBEVE.npy
7W1i8g3eehHXbPc7mRbd,sit,62,train,7W1i8g3eehHXbPc7mRbd.npy
9kdgkDYgB3ID4cvmusCY,morning,46,train,9kdgkDYgB3ID4cvmusCY.npy
oTJQgN4fUoBKs6KDCsQ1,breathe,35,train,oTJQgN4fUoBKs6KDCsQ1.npy
bDT4QFaTObDjTrMLFf0B,month,15,train,bDT4QFaTObDjTrMLFf0B.npy
S0wbTneaVAziaOS7gUmD,father,30,val,S0wbTneaVAziaOS7gUmD.npy
O3HourEurI5vF6x3rYGm,hands,24,val,O3HourEurI5vF6x3rYGm.npy
c0G9CMoLaCiBtFnCAf8r,again,61,test,c0G9CMoLaCiBtFnCAf8r.npy
5Ji80WS3f2yVs6gQ9nFq,nose,46,train,5Ji80WS3f2yVs6gQ9nFq.npy
naycWEg5Q59UG67DHoBa,hot,80,train,naycWEg5Q59UG67DHoBa.npy
ZzJN5dNGWA7tNcHlt88Y,start,64,test,ZzJN5dNGWA7tNcHlt88Y.npy
wGxWgADDcnfuTp3rPWnh,tired,61,test,wGxWgADDcnfuTp3rPWnh.npy
VevsvoSzT2J7iacSJxVr,bad,30,train,VevsvoSzT2J7iacSJxVr.npy
IbGIcWyInX8WFbVdajaC,feel,46,train,IbGIcWyInX8WFbVdajaC.npy
rDiv5OlLJUUunsHdHbgq,where,17,val,rDiv5OlLJUUunsHdHbgq.npy
VMCpEyZ0js0aIccTeLoY,hot,64,test,VMCpEyZ0js0aIccTeLoY.npy
Gffjat2FYmGS1zCLeeJZ,now,39,train,Gffjat2FYmGS1zCLeeJZ.npy
57kFRGuSEEAPLuCif8G1,again,57,test,57kFRGuSEEAPLuCif8G1.npy
SOal3SiwEzNg9WzhCWYb,year,11,train,SOal3SiwEzNg9WzhCWYb.npy
aLsTNBQ2Z4noQKHB2eT0,breathe,31,val,aLsTNBQ2Z4noQKHB2eT0.npy
kcJ3wjDRbrr11etLtRXE,bleed,33,test,kcJ3wjDRbrr11etLtRXE.npy
o8t49D4I1Q1SeINEECrp,open,8,val,o8t49D4I1Q1SeINEECrp.npy
yTKo3Pkrx1mYuZulftUk,wait,48,test,yTKo3Pkrx1mYuZulftUk.npy
UbiMnCOrMVqmX5XnmK0m,long,84,val,UbiMnCOrMVqmX5XnmK0m.npy
7wxjoYOzv8XwLpqoasYO,move,61,test,7wxjoYOzv8XwLpqoasYO.npy
DE0CilcJ43bhBS1EOpBa,cold,42,val,DE0CilcJ43bhBS1EOpBa.npy
bImZg5fkecwayIHi7o2w,water,88,val,bImZg5fkecwayIHi7o2w.npy
IKK4AdEBGCwUblsV5GEw,feel,57,test,IKK4AdEBGCwUblsV5GEw.npy
ILjkasUmooj41GW1bpHb,worse,38,train,ILjkasUmooj41GW1bpHb.npy
tGgkq2pjuADR28TQywnV,hot,59,train,tGgkq2pjuADR28TQywnV.npy
RPeGYn6y8OD1whek9NUL,move,48,test,RPeGYn6y8OD1whek9NUL.npy
B2ZNX8Bas3i7qL2sADWD,woman,80,train,B2ZNX8Bas3i7qL2sADWD.npy
oGQvXYhsbcBjsATbIjFR,give,52,train,oGQvXYhsbcBjsATbIjFR.npy
9za7e1CCT7yvduQuMsIu,day,35,train,9za7e1CCT7yvduQuMsIu.npy
g6w0m4q6IxvrfjBUdPip,sorry,53,test,g6w0m4q6IxvrfjBUdPip.npy
99FDf2ZOmXI0qn5fembC,baby,88,val,99FDf2ZOmXI0qn5fembC.npy
zKMS9QFbFUqV7OdFEV5w,night,84,val,zKMS9QFbFUqV7OdFEV5w.npy
IzZtTMqrBqaHTEddQ0mi,sleep,12,train,IzZtTMqrBqaHTEddQ0mi.npy
YRZOgNem0yOJW8v6waQA,take,11,train,YRZOgNem0yOJW8v6waQA.npy
jRjMx8IqdlUKVVcUnxku,feel,57,test,jRjMx8IqdlUKVVcUnxku.npy
hhaxnuPNHlmJK6nR3OXx,take,63,train,hhaxnuPNHlmJK6nR3OXx.npy
RV9om8gFHo0fYBSsXnwh,strong,11,val,RV9om8gFHo0fYBSsXnwh.npy
nEEOhTUYBjxJ0MkWyyxB,go,46,val,nEEOhTUYBjxJ0MkWyyxB.npy
VoAnF9mqEx97bkesmonL,man,42,train,VoAnF9mqEx97bkesmonL.npy
UGSSLBj6Gr9MUacTSYnZ,doctor,62,train,UGSSLBj6Gr9MUacTSYnZ.npy
A9i4eK9oIG4CcmjHsBRi,sleep,85,train,A9i4eK9oIG4CcmjHsBRi.npy
1tjARt57LW7WQJG43Tcu,arm,30,train,1tjARt57LW7WQJG43Tcu.npy
2z4YhRQE004ufkgS1grn,understand,64,test,2z4YhRQE004ufkgS1grn.npy
jshqZwisY1k5Xm1u8zcN,week,7,train,jshqZwisY1k5Xm1u8zcN.npy
3dXhyBhFW68YmZ21eKTL,now,49,train,3dXhyBhFW68YmZ21eKTL.npy
A1UtVAHvL9V7o9rj8ZBb,father,49,train,A1UtVAHvL9V7o9rj8ZBb.npy
uk69lejtrZn7I8aFpVK6,breathe,31,train,uk69lejtrZn7I8aFpVK6.npy
MnRIk1LOeQ8j567apV6O,sleep,57,test,MnRIk1LOeQ8j567apV6O.npy
cEii15j2ncfXrpfVJ3hP,tired,48,test,cEii15j2ncfXrpfVJ3hP.npy
avmplXcWB3ZnkmTSuzZR,hot,48,test,avmplXcWB3ZnkmTSuzZR.npy
zZDepqkrlVsVvHKXHgg9,hurt,84,train,zZDepqkrlVsVvHKXHgg9.npy
XXwtynk5q67CMUkvaY21,drink,39,val,XXwtynk5q67CMUkvaY21.npy
cPF0BxVYgELiKk6NQo5S,baby,42,train,cPF0BxVYgELiKk6NQo5S.npy
c8uGaGj2YMqaLQuJqmen,teeth,8,train,c8uGaGj2YMqaLQuJqmen.npy
Bw7L3Fy7TI1TdblT9plZ,morning,49,val,Bw7L3Fy7TI1TdblT9plZ.npy
UgMDoCVrQUhUYjPNQ2PV,help,31,train,UgMDoCVrQUhUYjPNQ2PV.npy
JUOpRIlYKw7nZuI4wemz,surgery,7,train,JUOpRIlYKw7nZuI4wemz.npy
D1d7p4QXttrzzbYiTfCY,again,15,val,D1d7p4QXttrzzbYiTfCY.npy
Iwnn5togSejDQFYZxInv,wait,78,train,Iwnn5togSejDQFYZxInv.npy
bpbZF4vdZlTCwloaked2,day,39,val,bpbZF4vdZlTCwloaked2.npy
b87m4BqgFDwV81QaWQMd,feel,62,train,b87m4BqgFDwV81QaWQMd.npy
8n4N744iHvjeRuO0AJAe,long,39,train,8n4N744iHvjeRuO0AJAe.npy
i9zZyR42ciYSv4K4lDOr,water,31,train,i9zZyR42ciYSv4K4lDOr.npy
FjlByBK8qb4jkKbbJxR7,sometimes,49,train,FjlByBK8qb4jkKbbJxR7.npy
gN3ubS3ma0NWgHkeEvl3,go,31,val,gN3ubS3ma0NWgHkeEvl3.npy
7yyR2IZVX0bCUHKhdHPX,eyes,12,val,7yyR2IZVX0bCUHKhdHPX.npy
tgENwXqYMrCYrEeW7jqB,doctor,62,train,tgENwXqYMrCYrEeW7jqB.npy
lBuZHsBM6Aqs14BgzkFP,give,30,train,lBuZHsBM6Aqs14BgzkFP.npy
Rh59KYC3jiWvSdtmdsNT,lungs,49,train,Rh59KYC3jiWvSdtmdsNT.npy
p3TmbkEr4YV7CeQIPM90,sit,62,train,p3TmbkEr4YV7CeQIPM90.npy
vMrMGr3oNsxZ5cnrcxnv,go,39,train,vMrMGr3oNsxZ5cnrcxnv.npy
OA73VaNypRSiUxZXHCJU,tomorrow,48,test,OA73VaNypRSiUxZXHCJU.npy
rua658hesrpPxnF5u74n,not,49,train,rua658hesrpPxnF5u74n.npy
16dAOxHWWIonRq2NCDZB,yes,57,test,16dAOxHWWIonRq2NCDZB.npy
4jLZmIYwafphVYrHp9GL,baby,31,train,4jLZmIYwafphVYrHp9GL.npy
yFCLbY185S6Zl6C8QTNc,strong,38,train,yFCLbY185S6Zl6C8QTNc.npy
tR3TdaoeUwp4WlOfu9rU,bleed,17,train,tR3TdaoeUwp4WlOfu9rU.npy
5TTdrtEzN1elRh4qAQTL,water,60,train,5TTdrtEzN1elRh4qAQTL.npy
noyRpzvQRixJmiPkGOCg,test,49,train,noyRpzvQRixJmiPkGOCg.npy
75iw6l3g1C3NLaz3IxEg,finish,39,train,75iw6l3g1C3NLaz3IxEg.npy
iI3v1aADP3N4OhKGzYpX,afternoon,39,val,iI3v1aADP3N4OhKGzYpX.npy
wQzpJPCY857rsrIe5yTp,bed,62,train,wQzpJPCY857rsrIe5yTp.npy
am09KNqYWU5Ui3TsOfGi,feel,36,test,am09KNqYWU5Ui3TsOfGi.npy
EVjZQdytYxicLP2dk9jM,want,46,train,EVjZQdytYxicLP2dk9jM.npy
21ue6gJDsYfZNFoxLNVn,sick,48,test,21ue6gJDsYfZNFoxLNVn.npy
3WkcAF88Efa31uaYaJ5N,who,48,test,3WkcAF88Efa31uaYaJ5N.npy
8AIJQwfHYqjSoL8sAlOz,sleep,42,train,8AIJQwfHYqjSoL8sAlOz.npy
b6sSa33VYDBdYuMskkmW,finish,17,train,b6sSa33VYDBdYuMskkmW.npy
i4Gz2dQQakvaUmEl6MT6,bathroom,88,val,i4Gz2dQQakvaUmEl6MT6.npy
1OCxnd091zyx7PdlTDpz,move,39,train,1OCxnd091zyx7PdlTDpz.npy
ayTEWVWMlAMzh5bGODVJ,feel,8,val,ayTEWVWMlAMzh5bGODVJ.npy
hj7JbCJgvffdm27biCm4,drink,39,train,hj7JbCJgvffdm27biCm4.npy
aAMsC70ZYY7C9jonT4um,water,62,train,aAMsC70ZYY7C9jonT4um.npy
P8vOZEiTWeDcK70lhB7S,not,62,train,P8vOZEiTWeDcK70lhB7S.npy
J8Eu1I2cj4fAAq7XnV7D,look,57,test,J8Eu1I2cj4fAAq7XnV7D.npy
tdizzQbGEiKj3hIBGd6H,thank_you,62,val,tdizzQbGEiKj3hIBGd6H.npy
lq0sSjavEZz9XrE3LjdN,bleed,48,test,lq0sSjavEZz9XrE3LjdN.npy
xXe1rwHXbZyVTs8EJPDl,cold,23,train,xXe1rwHXbZyVTs8EJPDl.npy
KmbiLnqM8y0jr9CVo4M9,hot,8,val,KmbiLnqM8y0jr9CVo4M9.npy
hXg4goAzO8FAFPyu3Vrf,which,84,train,hXg4goAzO8FAFPyu3Vrf.npy
xT1PcyFiHDgkfmoInwIg,yes,39,train,xT1PcyFiHDgkfmoInwIg.npy
OPhfmcm3VczZZHoAoDcb,sleep,30,val,OPhfmcm3VczZZHoAoDcb.npy
yLmPYprJvwRxvQXLiMK5,sick,39,train,yLmPYprJvwRxvQXLiMK5.npy
056HyM1ih6tiqd7dbtKW,strong,12,train,056HyM1ih6tiqd7dbtKW.npy
LWKbdkTFM8uvDQIZojhR,mouth,7,val,LWKbdkTFM8uvDQIZojhR.npy
JybW6cXFgDXFCIvYk6yd,tired,8,train,JybW6cXFgDXFCIvYk6yd.npy
SVhFyfch8fidJzqXi1JB,cold,46,train,SVhFyfch8fidJzqXi1JB.npy
5h681JLoFKOyt83yGXgt,year,11,val,5h681JLoFKOyt83yGXgt.npy
2Jvj8zBtqVAQpwfA1pFQ,bed,57,test,2Jvj8zBtqVAQpwfA1pFQ.npy
dWRkQfV67HzJSIhBETIz,sleep,62,train,dWRkQfV67HzJSIhBETIz.npy
f7WdlRtsMZwz2BPo3nSw,need,62,val,f7WdlRtsMZwz2BPo3nSw.npy
jUcWKshR1sY0VJlJIAig,breathe,54,train,jUcWKshR1sY0VJlJIAig.npy
xIyWl3EDCG5sH51Vlu8J,wait,39,train,xIyWl3EDCG5sH51Vlu8J.npy
EzaMoQA2ChRIKMMhjE2A,long,17,train,EzaMoQA2ChRIKMMhjE2A.npy
YQwxyMxPXBzfIu3szzen,go,88,train,YQwxyMxPXBzfIu3szzen.npy
jGcYiyfOliVK04EthWEK,open,49,train,jGcYiyfOliVK04EthWEK.npy
ycMjG4bXnaPdx5mRodUc,understand,39,train,ycMjG4bXnaPdx5mRodUc.npy
Q8TfJPCgMaI0gTZovOI1,skin,84,val,Q8TfJPCgMaI0gTZovOI1.npy
O5wC1XLQ8sYypDIugRuD,help,78,train,O5wC1XLQ8sYypDIugRuD.npy
jwvUUKrO17femWNMNeVY,drink,59,train,jwvUUKrO17femWNMNeVY.npy
PlP87yzBeFOYHBZUkLpx,more,59,train,PlP87yzBeFOYHBZUkLpx.npy
wuErnsKFho3kphH0PbCw,eyes,42,train,wuErnsKFho3kphH0PbCw.npy
EnE6I7odDzWtIeunNy3d,finish,17,train,EnE6I7odDzWtIeunNy3d.npy
uMec6dIY8b0Cr08v4VpO,headache,49,val,uMec6dIY8b0Cr08v4VpO.npy
5G5ExdFHrOt8V5yMoMiV,bathroom,85,train,5G5ExdFHrOt8V5yMoMiV.npy
lCppNh6rBfrNdHhkkizq,touch,17,val,lCppNh6rBfrNdHhkkizq.npy
DM5tqg1P1fgxzLRF1ga1,face,39,train,DM5tqg1P1fgxzLRF1ga1.npy
qyck33twfzpXExXQmSnp,test,50,test,qyck33twfzpXExXQmSnp.npy
JiJtkBHPWpNmk7aWdoGT,finish,62,train,JiJtkBHPWpNmk7aWdoGT.npy
fNvdOnFCgCjUiFnKNJD0,stop,39,train,fNvdOnFCgCjUiFnKNJD0.npy
5J2cdjwNdlbknOYdy4Zv,ask,11,train,5J2cdjwNdlbknOYdy4Zv.npy
GEcGDcvp1vUC27dj6bkt,understand,63,train,GEcGDcvp1vUC27dj6bkt.npy
n4kNoWOEXHeU2SBRHNMe,help,60,train,n4kNoWOEXHeU2SBRHNMe.npy
wfdkd9K9jcWxzbRy8fS2,man,7,train,wfdkd9K9jcWxzbRy8fS2.npy
fwW4oEsStKvKRiJekDHA,understand,61,test,fwW4oEsStKvKRiJekDHA.npy
tRZWmImjlmEIEpOT0iDj,why,11,val,tRZWmImjlmEIEpOT0iDj.npy
0D879OakPYapLSRsFdxi,back,88,val,0D879OakPYapLSRsFdxi.npy
ltD3FWqUJg0Jz8nOoBQ3,hurt,8,val,ltD3FWqUJg0Jz8nOoBQ3.npy
AhWg4ofGpwW6rxXIdDBB,where,46,train,AhWg4ofGpwW6rxXIdDBB.npy
QbDyUeAgO6vdKcdgToR3,give,39,train,QbDyUeAgO6vdKcdgToR3.npy
mS08trqQ9bCNbiUmjMQS,ear,7,val,mS08trqQ9bCNbiUmjMQS.npy
ebtGUmJLawFJjnVMfFs3,hot,85,train,ebtGUmJLawFJjnVMfFs3.npy
xo4ekhVAI45VISYqfn7h,burn,42,train,xo4ekhVAI45VISYqfn7h.npy
stOyto0b9CQAq1ya3LTK,pain,49,val,stOyto0b9CQAq1ya3LTK.npy
Mdf5CcL97SAdCgwcf6xd,no,80,train,Mdf5CcL97SAdCgwcf6xd.npy
v4fF4SoIXkMM3GvDfEIK,big,36,test,v4fF4SoIXkMM3GvDfEIK.npy
NOwoXIHPaJ5rKEZ9pUeC,cold,8,train,NOwoXIHPaJ5rKEZ9pUeC.npy
bNjD5XmJzurdluj7gotJ,sick,57,test,bNjD5XmJzurdluj7gotJ.npy
sSKdJXTt6xICKJAKcP4U,why,42,train,sSKdJXTt6xICKJAKcP4U.npy
tMFDSQpt3eYOrdBiQ4Ms,drink,59,train,tMFDSQpt3eYOrdBiQ4Ms.npy
KqYJ5OAHdplYQgqD0Pwh,hour,7,val,KqYJ5OAHdplYQgqD0Pwh.npy
xLTLGReHG7V21Fzjp5HL,when,33,test,xLTLGReHG7V21Fzjp5HL.npy
UO2ej2wpjNZGsc3jTWFn,sick,52,train,UO2ej2wpjNZGsc3jTWFn.npy
MfSyqfx3Xqvo5KwArnNK,help,42,val,MfSyqfx3Xqvo5KwArnNK.npy
ccuKX9CuEXzWvr3uPf7H,blood,84,val,ccuKX9CuEXzWvr3uPf7H.npy
C3jdO5Xmt8ezDnUkOzov,family,61,test,C3jdO5Xmt8ezDnUkOzov.npy
7qmcRJEJCuNwQxrni1mw,bad,48,test,7qmcRJEJCuNwQxrni1mw.npy
NKYS5UnYr8FS5PuGdF9h,now,17,train,NKYS5UnYr8FS5PuGdF9h.npy
Xc23B11afJ7wAGYmpE3F,morning,57,test,Xc23B11afJ7wAGYmpE3F.npy
F1OKT3JJ2vrspqS9dumz,family,11,train,F1OKT3JJ2vrspqS9dumz.npy
mGpRjGmCwE2Y7SpZZgnl,blood,17,train,mGpRjGmCwE2Y7SpZZgnl.npy
57jxrLXdQ9nauhVzhoVg,no,53,test,57jxrLXdQ9nauhVzhoVg.npy
xgKKxQFSihQe12esbS5o,sleep,88,train,xgKKxQFSihQe12esbS5o.npy
0sGSdivnc5d1z0oxuMYk,walk,39,val,0sGSdivnc5d1z0oxuMYk.npy
XhHlugKKtglsNQrLCAyK,night,60,train,XhHlugKKtglsNQrLCAyK.npy
4aeKsEyehBvGXeAf6dun,throat,54,train,4aeKsEyehBvGXeAf6dun.npy
JMQwQoNsuTgz129LGfkO,open,39,train,JMQwQoNsuTgz129LGfkO.npy
ESTvxUNxx2aKUvkGA87j,sick,85,train,ESTvxUNxx2aKUvkGA87j.npy
SANCjDQLMf6klSn4kcF5,water,88,val,SANCjDQLMf6klSn4kcF5.npy
jaYIllwfwkHbuYUIPFtW,who,35,train,jaYIllwfwkHbuYUIPFtW.npy
pPNU8JCmNjwkwtUrjpF7,breathe,88,train,pPNU8JCmNjwkwtUrjpF7.npy
1bHhpcExJmBg15CgJAy0,nose,8,train,1bHhpcExJmBg15CgJAy0.npy
SpusV896fejJ5a1KxpDt,big,17,val,SpusV896fejJ5a1KxpDt.npy
qMVyt4912dQu55KU06iA,show,7,val,qMVyt4912dQu55KU06iA.npy
iVeHi95pc2q0Ggjk24Lv,water,23,train,iVeHi95pc2q0Ggjk24Lv.npy
7D7GEag8APKTyFa6S3Ep,sick,49,val,7D7GEag8APKTyFa6S3Ep.npy
sXuqPMHyBEZZhusfh3hI,eat,49,train,sXuqPMHyBEZZhusfh3hI.npy
BPDGtAhAz8JnuQg8MbVy,baby,84,train,BPDGtAhAz8JnuQg8MbVy.npy
kHvPr7prIyDTWDKsWTGt,eyes,84,train,kHvPr7prIyDTWDKsWTGt.npy
mMHGbO7zp3xYoZ4uzQ2S,water,61,test,mMHGbO7zp3xYoZ4uzQ2S.npy
gfZGsKAe0y86WoJDTHB0,night,62,train,gfZGsKAe0y86WoJDTHB0.npy
3k3dix0KVYhWZA8I1hBy,eat,42,train,3k3dix0KVYhWZA8I1hBy.npy
GcfpPqZ3VT6pZGKpJ4Lk,give,57,test,GcfpPqZ3VT6pZGKpJ4Lk.npy
19dZGigDdAwT5NNmBBjH,man,14,val,19dZGigDdAwT5NNmBBjH.npy
lu1PW4Fd4wnb8lbYjKPI,family,57,test,lu1PW4Fd4wnb8lbYjKPI.npy
WPrfMkEAKfWnHGP0auZo,ask,60,val,WPrfMkEAKfWnHGP0auZo.npy
1K73Gefoj4FZNfRNXaIM,burn,50,test,1K73Gefoj4FZNfRNXaIM.npy
MeIty9DXc2uSVvqzXi7f,finish,60,val,MeIty9DXc2uSVvqzXi7f.npy
pRiRtQOsGq9UsTN56Ul1,want,46,train,pRiRtQOsGq9UsTN56Ul1.npy
J0tD3gZEYaW3Gx22KdjB,again,50,test,J0tD3gZEYaW3Gx22KdjB.npy
ESFjjsErZlc7KwunOKAI,all,49,val,ESFjjsErZlc7KwunOKAI.npy
WqTByPTasJg0wFL0RJxw,hospital,88,val,WqTByPTasJg0wFL0RJxw.npy
KniDGhSR4zwd5ZoWdff3,feel,39,train,KniDGhSR4zwd5ZoWdff3.npy
r99Dz0ZEOxrjwJu26df7,always,52,train,r99Dz0ZEOxrjwJu26df7.npy
Fgtz28sNJCfDsFWm9rxm,give,8,val,Fgtz28sNJCfDsFWm9rxm.npy
fZVSmMIXF5hWKjNbAt5O,breathe,88,val,fZVSmMIXF5hWKjNbAt5O.npy
U3aJKMH7GXRgTDLeTTGT,where,57,test,U3aJKMH7GXRgTDLeTTGT.npy
sSREHh8KdphNxSM34eMf,family,17,val,sSREHh8KdphNxSM34eMf.npy
LOeu5HkBLXlKWMRi5dSr,hot,57,test,LOeu5HkBLXlKWMRi5dSr.npy
ewCIizKt6tYuNgxdcEf3,teeth,59,train,ewCIizKt6tYuNgxdcEf3.npy
pnqjTqXkBYRdxlTrmDv0,tell,84,val,pnqjTqXkBYRdxlTrmDv0.npy
NgID9mP3XnLUqqxk6Qsp,day,7,train,NgID9mP3XnLUqqxk6Qsp.npy
fSLImsBDLtEUzW1VIPaa,family,17,train,fSLImsBDLtEUzW1VIPaa.npy
iZfwwOOjLs6HIjfV2BPr,feel,36,test,iZfwwOOjLs6HIjfV2BPr.npy
yOOrFyIoC9pCSIIOLl04,no,80,val,yOOrFyIoC9pCSIIOLl04.npy
qEDfqg1lN7oLMwR8AFne,hot,8,train,qEDfqg1lN7oLMwR8AFne.npy
Xku2Z48vOd1CoZRIiQyq,close,60,train,Xku2Z48vOd1CoZRIiQyq.npy
NpOc1VYun3njE341YdM8,blood,85,train,NpOc1VYun3njE341YdM8.npy
yk2UyNq7tR8vMtrPfbxo,hurt,62,train,yk2UyNq7tR8vMtrPfbxo.npy
mF2QuDZpMMd6AEtBVAhe,want,76,val,mF2QuDZpMMd6AEtBVAhe.npy
nrVuZBqy9WbLZFp0doqO,itch,7,train,nrVuZBqy9WbLZFp0doqO.npy
7NH2jHdhkKpIInCNPxBl,bone,39,train,7NH2jHdhkKpIInCNPxBl.npy
4tqt0r7b9HzAJMZ11jHw,finish,57,test,4tqt0r7b9HzAJMZ11jHw.npy
gzAtPJlURaYYCMGupDfa,big,60,train,gzAtPJlURaYYCMGupDfa.npy
M4XGWZxmASgjhbhjpyqk,again,84,train,M4XGWZxmASgjhbhjpyqk.npy
oL1suBkiywZZPTppQ5TZ,which,17,train,oL1suBkiywZZPTppQ5TZ.npy
Cr44lKZqX9sFntfdR3qZ,no,39,train,Cr44lKZqX9sFntfdR3qZ.npy
13aOdaASLOxLkcujbPTj,mother,14,val,13aOdaASLOxLkcujbPTj.npy
TsSUFkyHxuUgVMUiEUGv,give,62,train,TsSUFkyHxuUgVMUiEUGv.npy
e00mifpzDGLNuMScPxpH,bad,8,train,e00mifpzDGLNuMScPxpH.npy
TzTjg1h3hs4T9fKNJ9Xr,come,15,val,TzTjg1h3hs4T9fKNJ9Xr.npy
k0yJ1xEeJDWRYet1NkxO,night,7,train,k0yJ1xEeJDWRYet1NkxO.npy
P7mS65mcw36DVWIhtz5I,sick,46,train,P7mS65mcw36DVWIhtz5I.npy
Udp7lPSgvelxHDU5pYyh,again,62,train,Udp7lPSgvelxHDU5pYyh.npy
Uy4rrlq9fuBCKk9dubvy,tell,23,train,Uy4rrlq9fuBCKk9dubvy.npy
xmNPqaPsUcIutp04Vln9,bad,85,val,xmNPqaPsUcIutp04Vln9.npy
IUQRQUOdnP8zOqAUikps,water,84,train,IUQRQUOdnP8zOqAUikps.npy
JuRe9NFfm74D3vnswOLK,back,30,val,JuRe9NFfm74D3vnswOLK.npy
nZYpT6bWyxBjL5rsuemJ,where,49,train,nZYpT6bWyxBjL5rsuemJ.npy
s4tGqlEyywZoJj7fQQap,water,7,train,s4tGqlEyywZoJj7fQQap.npy
a5vIR9qak7zTRhSEwIXh,please,11,train,a5vIR9qak7zTRhSEwIXh.npy
CxXGwF8zzSkqC5gPBCMB,baby,59,val,CxXGwF8zzSkqC5gPBCMB.npy
079T1lDkMl97OOowtd1J,test,84,train,079T1lDkMl97OOowtd1J.npy
TKQMNvGYnANQygFpKMJr,dentist,50,test,TKQMNvGYnANQygFpKMJr.npy
VcjPmQPi4SyXWbBRgL50,who,17,train,VcjPmQPi4SyXWbBRgL50.npy
sq3izC2Cf3Ugqnmq4ns4,father,84,train,sq3izC2Cf3Ugqnmq4ns4.npy
n5uAq5JyVudnSoxkQdP3,drink,49,train,n5uAq5JyVudnSoxkQdP3.npy
2zESlw0sJsc8ex9VxHX9,much,48,test,2zESlw0sJsc8ex9VxHX9.npy
49zw7Vq8T3uteTq73Abm,face,49,val,49zw7Vq8T3uteTq73Abm.npy
TMNMrNxhLqU1SmSFHeut,bone,49,val,TMNMrNxhLqU1SmSFHeut.npy
oF9fEvL3FcBPyBaiWEYc,water,64,test,oF9fEvL3FcBPyBaiWEYc.npy
q8rpPOLUWj24KsrBgCNK,sleep,12,train,q8rpPOLUWj24KsrBgCNK.npy
GsTH2alB9VLz49IDoeRr,pain,31,train,GsTH2alB9VLz49IDoeRr.npy
Ht6rLC9RleEe0BrJ6vC8,baby,84,train,Ht6rLC9RleEe0BrJ6vC8.npy
JHKX7zPwEQ5FAq6mADe3,sleep,15,val,JHKX7zPwEQ5FAq6mADe3.npy
yKOOob2uarohCDW7KBKK,open,62,train,yKOOob2uarohCDW7KBKK.npy
SBH3vOuwCGouZJd8aRvt,woman,42,train,SBH3vOuwCGouZJd8aRvt.npy
TaBmSicP0t3aQayqd0s7,drink,57,test,TaBmSicP0t3aQayqd0s7.npy
o9Hvape5sBdkHC6uEw4r,why,57,test,o9Hvape5sBdkHC6uEw4r.npy
pgy0paYLZyBJfDlOurYc,go,62,train,pgy0paYLZyBJfDlOurYc.npy
IPS6aPKAO0qCK4YE9KM3,sick,38,train,IPS6aPKAO0qCK4YE9KM3.npy
5xiGTBvZRgCX8wPbSRUN,woman,49,train,5xiGTBvZRgCX8wPbSRUN.npy
FHrJ28ftZRC8rGhkGsux,bone,88,train,FHrJ28ftZRC8rGhkGsux.npy
UcQXSoH8mfdwrrBnpAqc,now,61,test,UcQXSoH8mfdwrrBnpAqc.npy
cV1x2mXkS6lKTA1oAkeN,sorry,39,train,cV1x2mXkS6lKTA1oAkeN.npy
ob4IYr634h5BjkYiEZUb,can,17,train,ob4IYr634h5BjkYiEZUb.npy
YkbhejO6p83xXg2edD3F,afternoon,46,train,YkbhejO6p83xXg2edD3F.npy
hnjrBDTuuOM4KszlsuGz,week,35,train,hnjrBDTuuOM4KszlsuGz.npy
V1LssKIJ9N5VP2cN0qQQ,night,35,val,V1LssKIJ9N5VP2cN0qQQ.npy
DjdcoLsk1u0ZUibSc6J8,cold,88,val,DjdcoLsk1u0ZUibSc6J8.npy
cC3PLQldQ6jZSUGmPzZz,doctor,11,train,cC3PLQldQ6jZSUGmPzZz.npy
EuWm8omRZpHfX9ncoQpR,bathroom,85,train,EuWm8omRZpHfX9ncoQpR.npy
bVkZSKpmH959Px7uSe7Y,doctor,38,val,bVkZSKpmH959Px7uSe7Y.npy
xNr1Wx4gpS7z8trjQoju,who,11,val,xNr1Wx4gpS7z8trjQoju.npy
QKlGhM1MRl7m01wPr8Z9,family,50,test,QKlGhM1MRl7m01wPr8Z9.npy
ySnUSH7ijk8xe2OdjJ0Y,ask,31,train,ySnUSH7ijk8xe2OdjJ0Y.npy
XZACPN6KEw9tvt6Sppu5,dentist,80,train,XZACPN6KEw9tvt6Sppu5.npy
SUarIksohBowfhtnWvRk,big,7,train,SUarIksohBowfhtnWvRk.npy
4VkIz0BwASDPZCZrc5XJ,year,35,train,4VkIz0BwASDPZCZrc5XJ.npy
V64VrFPRQ4f9IeLQEelr,muscle,39,train,V64VrFPRQ4f9IeLQEelr.npy
Owd8VbQhnF1sInTBrBXD,tired,17,train,Owd8VbQhnF1sInTBrBXD.npy
ojhDwfmtJY8Ay3aJ322C,family,33,test,ojhDwfmtJY8Ay3aJ322C.npy
9lQUQ0jLEJ0EdAz9Hk3o,where,11,train,9lQUQ0jLEJ0EdAz9Hk3o.npy
BCIk2uQs7EhC0sznTLyZ,today,57,test,BCIk2uQs7EhC0sznTLyZ.npy
QAOcISlQqP793jHEurdb,move,62,val,QAOcISlQqP793jHEurdb.npy
Wol44555tYNEnRF6N64Q,who,17,train,Wol44555tYNEnRF6N64Q.npy
DuEcjXH6fBzIK56dIsS0,hurt,48,test,DuEcjXH6fBzIK56dIsS0.npy
yUERZEIVaFptzYzi0v5p,pain,64,test,yUERZEIVaFptzYzi0v5p.npy
1oCUTjSal7zcRkymnStr,finish,42,train,1oCUTjSal7zcRkymnStr.npy
rUWA0lT5wnTvso1leOBg,hospital,88,train,rUWA0lT5wnTvso1leOBg.npy
rXMDoPRIBRy1r3codmUW,pill,30,val,rXMDoPRIBRy1r3codmUW.npy
DRZPHfZIrAcRTgUGPKoo,hot,39,train,DRZPHfZIrAcRTgUGPKoo.npy
vTXZAX9LqPNHMtux9Fys,drink,88,val,vTXZAX9LqPNHMtux9Fys.npy
ZEX1hO6HSxgTerjcMoXN,sick,17,train,ZEX1hO6HSxgTerjcMoXN.npy
lWTjZxYspFq23NCa2cJ0,pill,30,train,lWTjZxYspFq23NCa2cJ0.npy
qxQi45WteGASoBtGPwzh,feel,39,train,qxQi45WteGASoBtGPwzh.npy
qQmLzoaA9whY5ulzcIJM,tired,17,train,qQmLzoaA9whY5ulzcIJM.npy
ioMXtrDHx96Mi4ozCXna,show,49,train,ioMXtrDHx96Mi4ozCXna.npy
rncSCsmPMGCxDrWYAQyX,again,53,test,rncSCsmPMGCxDrWYAQyX.npy
ISQXyPXXQdaRINDdYDsh,bleed,61,test,ISQXyPXXQdaRINDdYDsh.npy
js90KVhiNmiRItUTyEXC,man,84,train,js90KVhiNmiRItUTyEXC.npy
yPo1hybLTJZciI95oruD,cold,62,train,yPo1hybLTJZciI95oruD.npy
LfSocsXM7jDCKP1ssZLc,arm,76,train,LfSocsXM7jDCKP1ssZLc.npy
fSVgM6JBnnoXtMQy7yO1,wait,30,val,fSVgM6JBnnoXtMQy7yO1.npy
NwuULpShky0AZhdbp6yV,night,61,test,NwuULpShky0AZhdbp6yV.npy
UGfslfaAcXYTVp0NsXcM,hurt,36,test,UGfslfaAcXYTVp0NsXcM.npy
Vw35Q9xsjRV4cv6ewTLu,please,7,val,Vw35Q9xsjRV4cv6ewTLu.npy
GXpZDFiN7oi8Prh87f58,tired,84,val,GXpZDFiN7oi8Prh87f58.npy
JMkfvqeT3YSS74NHxrze,sleep,57,test,JMkfvqeT3YSS74NHxrze.npy
CgQ3rYItjdUjhemY8LD2,eyes,84,train,CgQ3rYItjdUjhemY8LD2.npy
Kd8pzCNn0LOs8AhwRzEL,big,39,train,Kd8pzCNn0LOs8AhwRzEL.npy
AfukyW4d6lRNx41tiIL3,pill,23,train,AfukyW4d6lRNx41tiIL3.npy
IzsRIXG7P75HvI5nGfmM,hurt,84,train,IzsRIXG7P75HvI5nGfmM.npy
CFVPhpeLsXhHBpAIJxxk,open,84,val,CFVPhpeLsXhHBpAIJxxk.npy
M63XEjTgcP4YAk8kORfQ,blood,42,train,M63XEjTgcP4YAk8kORfQ.npy
g02GOpGkz6KXQbWFmkD4,dentist,48,test,g02GOpGkz6KXQbWFmkD4.npy
QcPHQj9uHBaUTo7WbbHG,hot,57,test,QcPHQj9uHBaUTo7WbbHG.npy
xaL2Al3wI0vb21uC8pqI,cold,57,test,xaL2Al3wI0vb21uC8pqI.npy
NFazLCj7gKExNDLjIuEc,again,78,train,NFazLCj7gKExNDLjIuEc.npy
pyNikQuR2h500AQHFhrW,weak,39,train,pyNikQuR2h500AQHFhrW.npy
QNZbx36ycfKv3oiFTHCN,night,7,train,QNZbx36ycfKv3oiFTHCN.npy
VvrLHe9tupQwog24kNfe,bad,49,train,VvrLHe9tupQwog24kNfe.npy
qDQdogpO4djxEY4qmVum,hot,84,val,qDQdogpO4djxEY4qmVum.npy
lZ5kkz2IjU6u7hfa6scj,baby,30,train,lZ5kkz2IjU6u7hfa6scj.npy
KkATv9AbXKBaWqY3Ezwx,water,46,val,KkATv9AbXKBaWqY3Ezwx.npy
LVtUNi7CqFKDefaTg7Xb,understand,7,train,LVtUNi7CqFKDefaTg7Xb.npy
XYUTdreVKpEIcWCUPUFb,eyes,7,val,XYUTdreVKpEIcWCUPUFb.npy
giuKs6DT5Zdh3J84JE0w,family,84,train,giuKs6DT5Zdh3J84JE0w.npy
Pjqylmtng5aplpTtFx5y,who,63,train,Pjqylmtng5aplpTtFx5y.npy
OlqRfB6rh8cni5WrmpZm,bad,35,train,OlqRfB6rh8cni5WrmpZm.npy
vpipQxqrqnW5Tg3S9DY2,cold,63,train,vpipQxqrqnW5Tg3S9DY2.npy
k0vO7tNnrxC6DFxLMRFE,worse,49,val,k0vO7tNnrxC6DFxLMRFE.npy
cFxKBGpaF3fW7Rt77vqV,finish,61,test,cFxKBGpaF3fW7Rt77vqV.npy
7mYDREgC97I0bT5GMdAk,maybe,7,train,7mYDREgC97I0bT5GMdAk.npy
Gt7XbEp7JhhpF2jQHQ09,wait,57,test,Gt7XbEp7JhhpF2jQHQ09.npy
44wYsWamF9aHiIjt4WiS,woman,49,train,44wYsWamF9aHiIjt4WiS.npy
bLFP48nwCSGeVYxVDewO,stop,46,train,bLFP48nwCSGeVYxVDewO.npy
zeqMZNx7LSlpoQlDytjT,man,49,train,zeqMZNx7LSlpoQlDytjT.npy
Zr7p2fiP40WkPBLfXvmP,stop,49,val,Zr7p2fiP40WkPBLfXvmP.npy
17xNYRTgNquFCUPW4geU,year,7,train,17xNYRTgNquFCUPW4geU.npy
35HzWW78uFNxpIZzvxUQ,drink,30,train,35HzWW78uFNxpIZzvxUQ.npy
EK5iwtFj92qbzKTryaYG,big,39,val,EK5iwtFj92qbzKTryaYG.npy
BmXe4jItnfFRgZjpSUYy,water,64,test,BmXe4jItnfFRgZjpSUYy.npy
Rbyz00RtrDeFqUDTYB8R,mother,38,train,Rbyz00RtrDeFqUDTYB8R.npy
O7Rts68niqz1Nmuf9oPf,pill,84,train,O7Rts68niqz1Nmuf9oPf.npy
ECtYPRdRefwcJqmEtF5L,father,78,train,ECtYPRdRefwcJqmEtF5L.npy
0iGv5iStkBAso4lKaX1s,sick,85,val,0iGv5iStkBAso4lKaX1s.npy
URl6Gu3BVq2xjONurVNu,water,84,train,URl6Gu3BVq2xjONurVNu.npy
GlfixN04OzsRGQd6Tcs1,sick,7,train,GlfixN04OzsRGQd6Tcs1.npy
Ad9vbUgKRUaWYhuYKtwR,open,84,train,Ad9vbUgKRUaWYhuYKtwR.npy
rthMiwMV8umQvivZ1WVN,water,35,train,rthMiwMV8umQvivZ1WVN.npy
uCGfWafG0VyFX5T4DUMm,doctor,61,test,uCGfWafG0VyFX5T4DUMm.npy
csiS6Hm0w8YNROOkf3u8,bad,49,train,csiS6Hm0w8YNROOkf3u8.npy
zqGtfNKvDxktW26oYKBm,can,61,test,zqGtfNKvDxktW26oYKBm.npy
OweuAZ4TQLYfQ8NE9hP7,breathe,84,train,OweuAZ4TQLYfQ8NE9hP7.npy
9uqc2xkARRgx5Eq5W2T1,big,57,test,9uqc2xkARRgx5Eq5W2T1.npy
ECMSF7ScPg1WVOfhglza,breathe,33,test,ECMSF7ScPg1WVOfhglza.npy
Gz5do8cBQlYXsMOnJicE,sit,76,val,Gz5do8cBQlYXsMOnJicE.npy
qlqYdDItA5KlRuK2YPmM,sorry,46,val,qlqYdDItA5KlRuK2YPmM.npy
rFTrapvdlxlH2soE94op,man,84,train,rFTrapvdlxlH2soE94op.npy
eb3pgk4me53MDdWKCsLW,dentist,38,val,eb3pgk4me53MDdWKCsLW.npy
P7iGrymHx2YwOc0OHLaT,water,88,train,P7iGrymHx2YwOc0OHLaT.npy
J9iIoPptkPkJ6smkvzRc,test,48,test,J9iIoPptkPkJ6smkvzRc.npy
8qpQsOPBA9hno2WVyLWO,family,17,train,8qpQsOPBA9hno2WVyLWO.npy
kiyLZhORKAPRX6YYtR2Q,wait,57,test,kiyLZhORKAPRX6YYtR2Q.npy
pl93Nf39FC1hoSuOSvsE,stop,30,train,pl93Nf39FC1hoSuOSvsE.npy
7l7QWGbfuC4o4ow7FG5o,sit,17,train,7l7QWGbfuC4o4ow7FG5o.npy
sRfqUXqbxYWfs967Nzvk,maybe,85,train,sRfqUXqbxYWfs967Nzvk.npy
vVW4DTQqhPwptX3MUdMF,medicine,57,test,vVW4DTQqhPwptX3MUdMF.npy
RBbg23kIBJO030taZwno,close,31,train,RBbg23kIBJO030taZwno.npy
xxlXJ1Lb0nt7aO66ypj3,hurt,8,train,xxlXJ1Lb0nt7aO66ypj3.npy
xW9XEHOdpjCA33rzjlPY,pill,42,val,xW9XEHOdpjCA33rzjlPY.npy
NI4PSWGLpaNfYn3tM3KQ,water,7,val,NI4PSWGLpaNfYn3tM3KQ.npy
hwEzOm9GHwgy0AdraTdL,sleep,88,train,hwEzOm9GHwgy0AdraTdL.npy
DzYIr1EFwKBABp2FlVOf,sleep,52,train,DzYIr1EFwKBABp2FlVOf.npy
VYt4u0XtM99832kbtaoi,hot,63,train,VYt4u0XtM99832kbtaoi.npy
kNuFoOOeUaMClhCiKwnJ,wait,57,test,kNuFoOOeUaMClhCiKwnJ.npy
C4xmKbQxU7WpWPk1Zgbv,mother,50,test,C4xmKbQxU7WpWPk1Zgbv.npy
KUmfchOhzvMjecdmF3w0,wait,14,train,KUmfchOhzvMjecdmF3w0.npy
CaqqvPBjSYTRyQ5RuueG,baby,84,train,CaqqvPBjSYTRyQ5RuueG.npy
UI5eyagv9EohjhKZfUBo,when,39,train,UI5eyagv9EohjhKZfUBo.npy
Cs25KOdDCU78g0mvMzvf,wait,17,train,Cs25KOdDCU78g0mvMzvf.npy
6Gvjl3CoS72tvMgU0iDZ,light,31,val,6Gvjl3CoS72tvMgU0iDZ.npy
FavpCgUbSxtvnaMfelOe,morning,85,train,FavpCgUbSxtvnaMfelOe.npy
UtiB8y716GJM0jMD36By,go,49,train,UtiB8y716GJM0jMD36By.npy
MjGr2uzbUVARCm71F3eL,family,46,val,MjGr2uzbUVARCm71F3eL.npy
kfWuVvQFyI7ppjZNtd9j,tomorrow,88,train,kfWuVvQFyI7ppjZNtd9j.npy
vAzw7nXM45rMTV24MvMB,tomorrow,11,val,vAzw7nXM45rMTV24MvMB.npy
tjBbBIp86Cg6ifxptwWL,always,57,test,tjBbBIp86Cg6ifxptwWL.npy
EKb9oigiBxktJyCJiboI,cold,17,train,EKb9oigiBxktJyCJiboI.npy
UFYezPkvy3qmSGJp8VTB,more,62,train,UFYezPkvy3qmSGJp8VTB.npy
Gnl8tz3PUhx8yMXuqBLw,bed,88,train,Gnl8tz3PUhx8yMXuqBLw.npy
Q1h1UzJnnjdrrgJjv8IF,sorry,46,train,Q1h1UzJnnjdrrgJjv8IF.npy
skDAT5Rh5EHNIWv3ia2S,water,62,train,skDAT5Rh5EHNIWv3ia2S.npy
PWGpuX6UVMiDxutILBLE,tomorrow,31,train,PWGpuX6UVMiDxutILBLE.npy
pdVEephwmk77lCeNmqAf,doctor,39,train,pdVEephwmk77lCeNmqAf.npy
s4pZxh7v52qpd39WZJSA,surgery,88,train,s4pZxh7v52qpd39WZJSA.npy
DBCpU3wa869JrHeTsGTl,baby,63,val,DBCpU3wa869JrHeTsGTl.npy
ii0lpuvCV4ByLaVcuiSU,need,49,train,ii0lpuvCV4ByLaVcuiSU.npy
vNrco81ZkxItZH0vvMR2,drink,49,train,vNrco81ZkxItZH0vvMR2.npy
LFx8NcUVG4v3u1DLI105,faint,35,train,LFx8NcUVG4v3u1DLI105.npy
ylKamKmUgDwlrFSsmM8F,teeth,88,train,ylKamKmUgDwlrFSsmM8F.npy
TuDB8xIY0GWQ9pwvwGKk,ear,35,train,TuDB8xIY0GWQ9pwvwGKk.npy
Tc8JBmLKLxnIPlPxjWfr,yes,17,train,Tc8JBmLKLxnIPlPxjWfr.npy
IOzkGn36GhatqnPUO1Zx,big,48,test,IOzkGn36GhatqnPUO1Zx.npy
H2CaPGWV60DGZhxBsyyz,tired,63,train,H2CaPGWV60DGZhxBsyyz.npy
LTa0w7FVk5lFaY0PVpMv,give,39,train,LTa0w7FVk5lFaY0PVpMv.npy
dcv7ha4elZDllUyLCNU3,sometimes,36,test,dcv7ha4elZDllUyLCNU3.npy
Toww0gfV8Wo0UK0voSkb,move,57,test,Toww0gfV8Wo0UK0voSkb.npy
bTW9lEHydYDxSnigyQng,thank_you,57,test,bTW9lEHydYDxSnigyQng.npy
1gNVD1pp1jW04Wg9PahJ,open,49,train,1gNVD1pp1jW04Wg9PahJ.npy
ZHUE8BFyONQ5FwaZTSEU,hurt,88,val,ZHUE8BFyONQ5FwaZTSEU.npy
drzFFckEPuAsJusJoxmx,teeth,54,val,drzFFckEPuAsJusJoxmx.npy
FNILI26EFHAgfgblNXE1,sit,84,train,FNILI26EFHAgfgblNXE1.npy
jwkZXZ1Q9C5bmHOAFAhC,cold,59,val,jwkZXZ1Q9C5bmHOAFAhC.npy
DfkgTiXiKndilspoTy1S,hot,49,train,DfkgTiXiKndilspoTy1S.npy
th0tvDWw0BwNRLNbKMpH,water,61,test,th0tvDWw0BwNRLNbKMpH.npy
p9lEJ48k0pW6SbM3JAJ2,woman,84,val,p9lEJ48k0pW6SbM3JAJ2.npy
KwsSSt62JYshs2IrFr5h,hurt,80,train,KwsSSt62JYshs2IrFr5h.npy
m8nyfx4SoW19A1e8O76T,tired,52,train,m8nyfx4SoW19A1e8O76T.npy
4KvDLdC6ClTvDYRY147R,water,8,train,4KvDLdC6ClTvDYRY147R.npy
xux2TbFwN5di6ncpOFsg,drink,84,train,xux2TbFwN5di6ncpOFsg.npy
4Bh9R2FJJ2ipBesD0aNW,go,49,train,4Bh9R2FJJ2ipBesD0aNW.npy
0h7Wp4jZvkoniNVIus7J,hot,84,train,0h7Wp4jZvkoniNVIus7J.npy
DemR8IFs5j93VVQdW702,woman,7,train,DemR8IFs5j93VVQdW702.npy
Fs9aIc1NnZK9GCv7rGLe,ask,42,train,Fs9aIc1NnZK9GCv7rGLe.npy
94PVMSoPiADWjL9PYTMm,night,52,train,94PVMSoPiADWjL9PYTMm.npy
3cV7bIWAKu4o89z9EsAT,who,46,train,3cV7bIWAKu4o89z9EsAT.npy
5usebiyK2pMg7wGFAlFr,cold,39,train,5usebiyK2pMg7wGFAlFr.npy
vpF2dW0cSbGKCb77fFyj,drink,8,train,vpF2dW0cSbGKCb77fFyj.npy
45jj544qNXeOrNGRhxmf,hurt,17,train,45jj544qNXeOrNGRhxmf.npy
aAOFcg88Din7LJGohVSJ,move,62,train,aAOFcg88Din7LJGohVSJ.npy
wdARQYiMpvlB4dsHTYvy,baby,62,train,wdARQYiMpvlB4dsHTYvy.npy
zL90HH3NOojOXFf5cl9h,where,7,val,zL90HH3NOojOXFf5cl9h.npy
ugEUxFW1IgopE53SHlJM,baby,17,train,ugEUxFW1IgopE53SHlJM.npy
J8qWpKprpH1GMz0JDzm3,more,17,train,J8qWpKprpH1GMz0JDzm3.npy
2JlCZsAdlGHMBS8ya7yy,pain,61,test,2JlCZsAdlGHMBS8ya7yy.npy
AZ7rrBoLwAu19PtJoBYH,big,84,train,AZ7rrBoLwAu19PtJoBYH.npy
cjeGQLpT7vxenfZWugHG,open,57,test,cjeGQLpT7vxenfZWugHG.npy
2UuU8Gk5u4SjzpjRp1Ye,big,57,test,2UuU8Gk5u4SjzpjRp1Ye.npy
P1gccKHHZzqYVMRQTV3s,always,50,test,P1gccKHHZzqYVMRQTV3s.npy
2VCLDucv3uE16GfcmZtP,glasses,80,val,2VCLDucv3uE16GfcmZtP.npy
MNY8MxqvKMG0WIqToHWU,stop,53,test,MNY8MxqvKMG0WIqToHWU.npy
uPrz6BMQdfAV5KtprEOb,some,84,val,uPrz6BMQdfAV5KtprEOb.npy
ifOSx2seahgAAJXU4PIr,need,46,train,ifOSx2seahgAAJXU4PIr.npy
nV8KAtcF10THP2Fdp5hM,big,31,train,nV8KAtcF10THP2Fdp5hM.npy
39CtMDEl6nSYLQFh6ESm,drink,8,val,39CtMDEl6nSYLQFh6ESm.npy
gEmCwtFedyiIpnWlIvD6,how,31,val,gEmCwtFedyiIpnWlIvD6.npy
jLBBDgkV5s8KXG01i1HF,strong,57,test,jLBBDgkV5s8KXG01i1HF.npy
lmwqB5TSCwYWJCgrZmU2,drink,80,train,lmwqB5TSCwYWJCgrZmU2.npy
mYnzUU1PHNtSlPU7wDwL,bed,49,train,mYnzUU1PHNtSlPU7wDwL.npy
V81E70owlrVBtbKbcM6y,woman,31,train,V81E70owlrVBtbKbcM6y.npy
DNpyLxpYla7FC6GjiZwf,needle,59,train,DNpyLxpYla7FC6GjiZwf.npy
gca0ARIwLUJzqOQhi2QE,water,39,train,gca0ARIwLUJzqOQhi2QE.npy
fvHy9LRllV4wlAybipYU,when,62,val,fvHy9LRllV4wlAybipYU.npy
sDKDOgOkS6S6XnJt8Dtq,hot,63,val,sDKDOgOkS6S6XnJt8Dtq.npy
PB2uH69eBfAhedpLdW5B,week,39,train,PB2uH69eBfAhedpLdW5B.npy
eTbkhejywD080RiUG1fD,finish,62,train,eTbkhejywD080RiUG1fD.npy
SvVuLW8lIsjosb0c9uG3,test,88,train,SvVuLW8lIsjosb0c9uG3.npy
2Z7OOJag0pSx53Zc7dBR,night,57,test,2Z7OOJag0pSx53Zc7dBR.npy
86F6aQk0RN3tbDcedvjc,come,39,train,86F6aQk0RN3tbDcedvjc.npy
jX0TlcrcgcZhwXfvYiKi,bleed,84,train,jX0TlcrcgcZhwXfvYiKi.npy
jQ5W9vbeS5L0tYJreakY,dentist,49,train,jQ5W9vbeS5L0tYJreakY.npy
9XVbJgFGlM5jyBGaLeq8,family,57,test,9XVbJgFGlM5jyBGaLeq8.npy
u9P7febSWXnCozO6URyZ,water,84,val,u9P7febSWXnCozO6URyZ.npy
M7lq6ekWu3cJmyPZVuXU,can,46,val,M7lq6ekWu3cJmyPZVuXU.npy
RDDcoEoQD4s25PXhot3X,big,48,test,RDDcoEoQD4s25PXhot3X.npy
i7hibo0kN30XmFRsTjIi,bad,48,test,i7hibo0kN30XmFRsTjIi.npy
XuR4B4LQAJNZ6OVC6l8E,doctor,57,test,XuR4B4LQAJNZ6OVC6l8E.npy
ThMGK2X9SSPa3QS0AXhT,woman,17,train,ThMGK2X9SSPa3QS0AXhT.npy
sRlJg9k2865IrCF1Cud4,thank_you,36,test,sRlJg9k2865IrCF1Cud4.npy
w5wUDkojwDgZVQgPlDHo,move,38,train,w5wUDkojwDgZVQgPlDHo.npy
WnMdwMebduVRXmIERTmE,hot,84,train,WnMdwMebduVRXmIERTmE.npy
mMfq8bHUACwHw49ENksU,medicine,48,test,mMfq8bHUACwHw49ENksU.npy
oiYfH3zApkRiqKLJhL77,understand,7,val,oiYfH3zApkRiqKLJhL77.npy
SRZgwW6jdNxW1omGAbU0,how,48,test,SRZgwW6jdNxW1omGAbU0.npy
KSsCpJgAFXKWZI5iKiZj,day,49,train,KSsCpJgAFXKWZI5iKiZj.npy
TMXKwmtKJihcSe97LMKB,long,57,test,TMXKwmtKJihcSe97LMKB.npy
409SEnMpYIxaFsPU1Lbr,water,84,train,409SEnMpYIxaFsPU1Lbr.npy
lhLMRk5aUJWVdivKhAxa,family,49,train,lhLMRk5aUJWVdivKhAxa.npy
aH4Uz82havCxZYRTiGYY,water,64,test,aH4Uz82havCxZYRTiGYY.npy
BRqSzJZE0DVzmGnKVN3X,mother,30,train,BRqSzJZE0DVzmGnKVN3X.npy
EPIyL8C0Z4IvjnA1h9nK,what,57,test,EPIyL8C0Z4IvjnA1h9nK.npy
lbn9K1w4AQN19PXfriSl,better,84,train,lbn9K1w4AQN19PXfriSl.npy
6N4H4400pfW1bjQbjs4R,always,46,train,6N4H4400pfW1bjQbjs4R.npy
S2SdZbLQo99uE0MTS581,breathe,62,train,S2SdZbLQo99uE0MTS581.npy
C7FdA2teDMrpZ0wk3y72,surgery,63,val,C7FdA2teDMrpZ0wk3y72.npy
spyKFFftr57njTPrn2MN,eyes,62,train,spyKFFftr57njTPrn2MN.npy
ff6vx4t1iI2v98w6YhUB,tired,15,train,ff6vx4t1iI2v98w6YhUB.npy
Pftb5ZApew3rzS5Wl1L0,more,88,train,Pftb5ZApew3rzS5Wl1L0.npy
fem5ZjNchYlqb1DZaY5R,sleep,35,train,fem5ZjNchYlqb1DZaY5R.npy
jKXiA87AiyRfMNzpBUIZ,show,61,test,jKXiA87AiyRfMNzpBUIZ.npy
SPgpzsDor0bXUxkqPQUj,doctor,52,train,SPgpzsDor0bXUxkqPQUj.npy
To94F6AxIWVJogaId8qL,yes,57,test,To94F6AxIWVJogaId8qL.npy
o3o4GedvhZHAq1KruIgA,sleep,8,val,o3o4GedvhZHAq1KruIgA.npy
mo4MSRDadbX5WGvgR5zh,week,11,val,mo4MSRDadbX5WGvgR5zh.npy
Rc4SaJBtcapXLmmUwPg7,man,48,test,Rc4SaJBtcapXLmmUwPg7.npy
c1COJEGI6Zz7AJRwI1K5,big,61,test,c1COJEGI6Zz7AJRwI1K5.npy
9YBwBGD6umMFGVaKm7G8,ask,39,train,9YBwBGD6umMFGVaKm7G8.npy
dNiva3LAtRLj89DN8o0Q,long,39,train,dNiva3LAtRLj89DN8o0Q.npy
tNDlMTa6pCGgd5IgmrKx,long,39,val,tNDlMTa6pCGgd5IgmrKx.npy
ox5ySwCxicd3nXaL0DgS,water,53,test,ox5ySwCxicd3nXaL0DgS.npy
0X72oNEc5tRGjfl1QSCj,hot,80,train,0X72oNEc5tRGjfl1QSCj.npy
gQuZ8ZFgt0DriD2lvrm1,head,88,val,gQuZ8ZFgt0DriD2lvrm1.npy
stoFdHxFs5i4i1Gbsko9,family,48,test,stoFdHxFs5i4i1Gbsko9.npy
BjDnfmrnN2NlwQMIAsSM,water,52,train,BjDnfmrnN2NlwQMIAsSM.npy
m7PGCLgmk1RDdvQkb7wd,water,35,train,m7PGCLgmk1RDdvQkb7wd.npy
tvdZ6pqNKzs1tDD76l4p,always,61,test,tvdZ6pqNKzs1tDD76l4p.npy
D3Wiy5dvtjxmy5ZkmwQj,open,62,train,D3Wiy5dvtjxmy5ZkmwQj.npy
MsHQtdgspBTBsxfJmyav,month,88,val,MsHQtdgspBTBsxfJmyav.npy
aPJDUvmBGk1DPjhebJXO,family,14,train,aPJDUvmBGk1DPjhebJXO.npy
s2e1EZVWOgw3MNQIAyup,hurt,62,train,s2e1EZVWOgw3MNQIAyup.npy
XbyiMiDXRuAjfvjQOXBp,mother,88,train,XbyiMiDXRuAjfvjQOXBp.npy
rRapBPzUldgu7dyC4CIi,baby,62,train,rRapBPzUldgu7dyC4CIi.npy
JW4M8JOGd2XBH2iynGvq,now,88,val,JW4M8JOGd2XBH2iynGvq.npy
dDpT90hxE3hwhZTnz2Yr,big,84,train,dDpT90hxE3hwhZTnz2Yr.npy
J5fm1Wd5pK6gXL4Aewpu,baby,62,val,J5fm1Wd5pK6gXL4Aewpu.npy
sDTggxDsazr5teDR7PRF,child,33,test,sDTggxDsazr5teDR7PRF.npy
S55nUtKsYvMHRjgzxJ0d,lungs,64,test,S55nUtKsYvMHRjgzxJ0d.npy
b2plS9MNhmEP5sw6nynG,hurt,84,val,b2plS9MNhmEP5sw6nynG.npy
PpLgudUD9Itrp40ULjRl,finish,49,train,PpLgudUD9Itrp40ULjRl.npy
mWBu5o8IMtn2h7aMH8eE,sleep,84,train,mWBu5o8IMtn2h7aMH8eE.npy
JYuOOqPiXEH79kKljdRq,heart,49,train,JYuOOqPiXEH79kKljdRq.npy
ncf5e6ASVgj7iaLZUUd3,week,8,train,ncf5e6ASVgj7iaLZUUd3.npy
oYI5ukuzyOhXd4hns7Cm,sleep,84,train,oYI5ukuzyOhXd4hns7Cm.npy
e3nrqmKtYbdLNoWaen0B,breathe,38,train,e3nrqmKtYbdLNoWaen0B.npy
tVgVrnuMZ9f8jUZ1vJHo,not,23,val,tVgVrnuMZ9f8jUZ1vJHo.npy
JgIGkJWZaTV6VsqL3RaB,ask,17,train,JgIGkJWZaTV6VsqL3RaB.npy
zHAS328QyntIMlRik38X,week,42,train,zHAS328QyntIMlRik38X.npy
SFQgF6HiX2t0FSpHRw4N,cough,42,train,SFQgF6HiX2t0FSpHRw4N.npy
Mx4eNgT10hP9Gq9IjJm4,need,17,train,Mx4eNgT10hP9Gq9IjJm4.npy
WbReFMsCFp7EhZWDD1nZ,week,7,train,WbReFMsCFp7EhZWDD1nZ.npy
EtYIlRSph00OIdxfpkdj,hour,49,train,EtYIlRSph00OIdxfpkdj.npy
lAnfHPc8fKpF4jQXmoi8,why,46,val,lAnfHPc8fKpF4jQXmoi8.npy
48mSDybapwaQ7otyNtKx,family,14,train,48mSDybapwaQ7otyNtKx.npy
qrXS00XOqxmow0Htgf5t,finish,49,val,qrXS00XOqxmow0Htgf5t.npy
xJJznUWVmbQVjHv3bgdZ,morning,17,train,xJJznUWVmbQVjHv3bgdZ.npy
wCNitctlJcJsAuLc5eoQ,cold,61,test,wCNitctlJcJsAuLc5eoQ.npy
4cdfUuWnvfmMMDZM3toS,now,49,train,4cdfUuWnvfmMMDZM3toS.npy
GRPEHt5fYB0qmYXpnM5g,finish,12,train,GRPEHt5fYB0qmYXpnM5g.npy
1tB0MuQjmSl7FlvkSsLA,head,57,test,1tB0MuQjmSl7FlvkSsLA.npy
ApnCgRodY8BUDjpiSHP4,sit,39,train,ApnCgRodY8BUDjpiSHP4.npy
kCQZmHbvlsfVI9IBYxR9,who,17,val,kCQZmHbvlsfVI9IBYxR9.npy
QnOPMMGG7BrxoZ71Ymdr,where,88,train,QnOPMMGG7BrxoZ71Ymdr.npy
ZnOrBSsAGDtBHcfqtz5u,sleep,38,train,ZnOrBSsAGDtBHcfqtz5u.npy
IeE0qhue3BfwgLVzDfPb,day,31,train,IeE0qhue3BfwgLVzDfPb.npy
5SVfUa8pxc85oHiwTQAs,hurt,84,train,5SVfUa8pxc85oHiwTQAs.npy
spLSFBlHHA1O8TUzXejo,year,7,train,spLSFBlHHA1O8TUzXejo.npy
FShuB4IWx5frztYyuWRb,heart,31,train,FShuB4IWx5frztYyuWRb.npy
qQBhKE2gB6QqHFtk1Ucu,sick,11,train,qQBhKE2gB6QqHFtk1Ucu.npy
HFiaJeOESnKzDYZiHDtc,arm,88,val,HFiaJeOESnKzDYZiHDtc.npy
BiUcxY8h8JzbH1eSqqbM,start,7,train,BiUcxY8h8JzbH1eSqqbM.npy
eXE16kZIcuhX7N6zaDSu,long,84,train,eXE16kZIcuhX7N6zaDSu.npy
UA8vscBSw0gBSzccSwQ5,cold,84,train,UA8vscBSw0gBSzccSwQ5.npy
OdA49YC8TOEnDaRog1pX,feel,57,test,OdA49YC8TOEnDaRog1pX.npy
5OHeFu6DWA6EWphEUuf7,please,61,test,5OHeFu6DWA6EWphEUuf7.npy
F6VGYU2kGhvn38YvtxEM,strong,39,train,F6VGYU2kGhvn38YvtxEM.npy
O5ZiuYtV7kXNCAs8I633,food,35,val,O5ZiuYtV7kXNCAs8I633.npy
h78G2UjWKHcjNKJ1RlTT,water,88,val,h78G2UjWKHcjNKJ1RlTT.npy
FJbFKrgumqgJlJl0jYUs,bad,63,val,FJbFKrgumqgJlJl0jYUs.npy
C8qaax60Gx383iHya3RC,big,88,val,C8qaax60Gx383iHya3RC.npy
niFtchlpS2C8qBEVaXz8,drink,14,train,niFtchlpS2C8qBEVaXz8.npy
dg59ea8E24PbV4WqFfaV,understand,30,train,dg59ea8E24PbV4WqFfaV.npy
Kz4oNMV2APESN5zZdZ8o,hands,8,train,Kz4oNMV2APESN5zZdZ8o.npy
l7KS9bBrdoiky70S0mnV,night,7,train,l7KS9bBrdoiky70S0mnV.npy
4gnVohq7Pq0VM382IziF,water,7,train,4gnVohq7Pq0VM382IziF.npy
QgZpFvaTwVqJZyvN8mu7,finish,61,test,QgZpFvaTwVqJZyvN8mu7.npy
Ydvu16z7zFlsrk4Oj3fN,big,46,train,Ydvu16z7zFlsrk4Oj3fN.npy
SphnXpSONjD3zVyD6h4g,long,57,test,SphnXpSONjD3zVyD6h4g.npy
2s7r79NVuwbIx5EHeCR0,some,84,train,2s7r79NVuwbIx5EHeCR0.npy
U2bivmSTCfFUUv8KgBwH,arm,8,train,U2bivmSTCfFUUv8KgBwH.npy
oPdlGvUltprgmSRauMpv,baby,39,train,oPdlGvUltprgmSRauMpv.npy
39X2UJDbj0b1HlBORncd,bed,7,val,39X2UJDbj0b1HlBORncd.npy
jwYQVDbPsZldb8uIdbvH,today,38,val,jwYQVDbPsZldb8uIdbvH.npy
p66hqj4jaWXlsFE2oLn4,drink,57,test,p66hqj4jaWXlsFE2oLn4.npy
t5OHITDKAvuan50UPRi7,no,57,test,t5OHITDKAvuan50UPRi7.npy
10Jx9yltQ8Dl9Gq1c8Mn,cold,35,train,10Jx9yltQ8Dl9Gq1c8Mn.npy
BeJTZg2Lgfo0712qH17V,pill,7,train,BeJTZg2Lgfo0712qH17V.npy
dsF7vHfpKViTufRHTWyU,family,50,test,dsF7vHfpKViTufRHTWyU.npy
ZYxg4QS8aTHObIXoeOH6,long,61,test,ZYxg4QS8aTHObIXoeOH6.npy
RQNwZuWi82C4pc3D2G7A,cold,39,val,RQNwZuWi82C4pc3D2G7A.npy
V8uglRsoiXmYD4lIUPGX,move,84,train,V8uglRsoiXmYD4lIUPGX.npy
QrAsq9fGG8HafqIlVAUt,father,35,val,QrAsq9fGG8HafqIlVAUt.npy
S0w5gBzvunpAps0yxYXb,day,64,test,S0w5gBzvunpAps0yxYXb.npy
xC9ZucXex1bXRp2xGFb3,test,49,val,xC9ZucXex1bXRp2xGFb3.npy
Y7FLLzu3k3tR36C7HFxe,water,38,train,Y7FLLzu3k3tR36C7HFxe.npy
Yv8oOSYwJU8t2fGHauEL,sharp,30,val,Yv8oOSYwJU8t2fGHauEL.npy
iOUclOpgiS19GOhzTtFs,doctor,14,train,iOUclOpgiS19GOhzTtFs.npy
K6F4zE7XaujMM2OZAcKP,tongue,84,val,K6F4zE7XaujMM2OZAcKP.npy
XgrU5WyyBMWlnCLQwYJj,water,30,train,XgrU5WyyBMWlnCLQwYJj.npy
qsxDbPqSOsyVv64lZKju,no,8,train,qsxDbPqSOsyVv64lZKju.npy
WoxoPqiRYr3Oyo32KF4x,day,23,val,WoxoPqiRYr3Oyo32KF4x.npy
FWrdHZxOriUOMMSmnew3,today,11,train,FWrdHZxOriUOMMSmnew3.npy
KsX8IrlrXYHwIZ3j0DQ1,who,17,train,KsX8IrlrXYHwIZ3j0DQ1.npy
sJrTOnsLLcO41NRPdLpw,water,62,val,sJrTOnsLLcO41NRPdLpw.npy
E7EcEMcKB6yo5b8fRVzB,water,8,train,E7EcEMcKB6yo5b8fRVzB.npy
q6vrENkyfz6gCieMHDRH,eat,31,train,q6vrENkyfz6gCieMHDRH.npy
M3a80YIs4MVwsmgCD3LH,interpreter,39,val,M3a80YIs4MVwsmgCD3LH.npy
VVY92ZBEwXzkc8HRIZZd,want,42,train,VVY92ZBEwXzkc8HRIZZd.npy
0dmahsh2zrioSwIi7e2n,water,64,test,0dmahsh2zrioSwIi7e2n.npy
Nhq8XEq37fNIXLEdMH83,tired,84,val,Nhq8XEq37fNIXLEdMH83.npy
UuB29szEEmK8z35FO3ZC,weak,88,train,UuB29szEEmK8z35FO3ZC.npy
c4O0lzNFYHYY2JZIxr3d,tired,49,train,c4O0lzNFYHYY2JZIxr3d.npy
8kQScCGmvnZX3XHegIlo,doctor,53,test,8kQScCGmvnZX3XHegIlo.npy
CGlxa3UwdI6GKawAuViW,hurt,48,test,CGlxa3UwdI6GKawAuViW.npy
8rTUl3o9kl1d5L82IfMM,where,17,train,8rTUl3o9kl1d5L82IfMM.npy
7AiQYs4WntsF896yTa4i,water,63,train,7AiQYs4WntsF896yTa4i.npy
8SkkQ51R8JxFeybPJd9W,water,84,train,8SkkQ51R8JxFeybPJd9W.npy
xYyo8iOpq3nvXCdQRufH,sleep,49,val,xYyo8iOpq3nvXCdQRufH.npy
cU8Brn0EaedzFFiScu9m,finish,30,train,cU8Brn0EaedzFFiScu9m.npy
P4UB626AuoYFBDYNudZz,hot,78,train,P4UB626AuoYFBDYNudZz.npy
9KZZPjy67LubIKKDywXn,all,57,test,9KZZPjy67LubIKKDywXn.npy
prDZVLcOONYTGNsZF7u8,doctor,49,val,prDZVLcOONYTGNsZF7u8.npy
SVWJTwg5hE5oQDiw5hgx,sleep,46,train,SVWJTwg5hE5oQDiw5hgx.npy
ShEesHWJQUdbaeR3Foqs,tired,39,train,ShEesHWJQUdbaeR3Foqs.npy
57YL2UASmlwtQCJLwITL,hot,88,val,57YL2UASmlwtQCJLwITL.npy
iFRgNPvlsboe5vElYMhJ,family,57,test,iFRgNPvlsboe5vElYMhJ.npy
Mnyw3wZlOkEBy39ZdiGs,eat,62,val,Mnyw3wZlOkEBy39ZdiGs.npy
JJM4bUw6SE81EjrGYFDb,bad,8,train,JJM4bUw6SE81EjrGYFDb.npy
uALKQ2xHleE0YyEH32rJ,again,17,val,uALKQ2xHleE0YyEH32rJ.npy
Ua65uvYHn6SEjkhqopLv,baby,14,train,Ua65uvYHn6SEjkhqopLv.npy
jm41xq7bmsR6IetgsrQc,finish,49,train,jm41xq7bmsR6IetgsrQc.npy
IijsGH2XAJHVVR8IOLQS,tired,17,train,IijsGH2XAJHVVR8IOLQS.npy
j5Wa3mri4wGyLpH9O3is,water,59,val,j5Wa3mri4wGyLpH9O3is.npy
O81iVvk8Lv5UEJtfLXHO,water,14,train,O81iVvk8Lv5UEJtfLXHO.npy
4iyRrsURMBoolciqhUHv,understand,57,test,4iyRrsURMBoolciqhUHv.npy
5VvQNN9SRJIcTsbJMSOD,water,57,test,5VvQNN9SRJIcTsbJMSOD.npy
h7jqGegQCmQE6lvm5tbQ,nose,31,val,h7jqGegQCmQE6lvm5tbQ.npy
tYS1TOct8NrDXfsyACWQ,throat,12,val,tYS1TOct8NrDXfsyACWQ.npy
KqyiAyeWY6MRqhuAX3Rq,sick,57,test,KqyiAyeWY6MRqhuAX3Rq.npy
P6VudZpoCiE85HYrSIsZ,show,49,train,P6VudZpoCiE85HYrSIsZ.npy
BFPcOG0P5xw319y1FMLF,which,11,train,BFPcOG0P5xw319y1FMLF.npy
qxnLg6GxDddueeq9NeER,water,88,train,qxnLg6GxDddueeq9NeER.npy
KDY7Mp1p0ck8ORvNZSYs,big,17,val,KDY7Mp1p0ck8ORvNZSYs.npy
oQJ2wt2wjbikxZwIdR9s,again,11,train,oQJ2wt2wjbikxZwIdR9s.npy
jIGSi4ntNnBvSjgEXI6O,all,88,train,jIGSi4ntNnBvSjgEXI6O.npy
RW9o62Of4xneN7ZEzz26,sick,62,train,RW9o62Of4xneN7ZEzz26.npy
AXUfDtWaZl89sJHM5eV7,wait,35,train,AXUfDtWaZl89sJHM5eV7.npy
D1AZZ1ZFX1AJkc5dVLs2,child,61,test,D1AZZ1ZFX1AJkc5dVLs2.npy
JEeHP3bumsHeWN9kEl0T,face,14,train,JEeHP3bumsHeWN9kEl0T.npy
Dn0T0zn9Mk15bFzC4nuQ,sick,30,val,Dn0T0zn9Mk15bFzC4nuQ.npy
y1Ey5BitT6JpQrEveD7n,yes,42,val,y1Ey5BitT6JpQrEveD7n.npy
L7IfL9FhXz6pl6aPPt51,night,49,val,L7IfL9FhXz6pl6aPPt51.npy
ZnHRM6D1mSRdHwoXeSiu,bleed,57,test,ZnHRM6D1mSRdHwoXeSiu.npy
fr4Bap32uqBQ3sDssWoI,bad,39,train,fr4Bap32uqBQ3sDssWoI.npy
SS31vB8be8RcZRIEJJg4,hurt,8,train,SS31vB8be8RcZRIEJJg4.npy
aw9wXPJdBqsWS1U8FspP,eat,35,train,aw9wXPJdBqsWS1U8FspP.npy
i4xFZalZSYgpxth9r6Xy,test,49,train,i4xFZalZSYgpxth9r6Xy.npy
rpndYeYBn0AD9MeT4iBp,back,42,train,rpndYeYBn0AD9MeT4iBp.npy
GiJ1AQunhTVscn1XD6li,open,7,train,GiJ1AQunhTVscn1XD6li.npy
x7Z9y1cV8teEAxfjf2eX,water,84,train,x7Z9y1cV8teEAxfjf2eX.npy
zkv0EWrkvsRVcq0o6vmH,sorry,7,train,zkv0EWrkvsRVcq0o6vmH.npy
8c9zfvYfID87cxa5NeWV,weak,39,train,8c9zfvYfID87cxa5NeWV.npy
79wvvVJ0JEV0xGAKFNv6,sleep,54,train,79wvvVJ0JEV0xGAKFNv6.npy
69eQa4EBwCb8rfag5v3L,cold,35,train,69eQa4EBwCb8rfag5v3L.npy
bQSgzoFllxrx40VgnF5L,doctor,80,train,bQSgzoFllxrx40VgnF5L.npy
kEsd8Qzkg7S6ZtoW8V7K,feel,53,test,kEsd8Qzkg7S6ZtoW8V7K.npy
5GYWnOiAqE60a3sGoByB,all,49,val,5GYWnOiAqE60a3sGoByB.npy
TGEWjmdhFX18ji9cvlbO,need,49,val,TGEWjmdhFX18ji9cvlbO.npy
s3RTDFAKkOOwhKR2MOtI,bone,48,test,s3RTDFAKkOOwhKR2MOtI.npy
oEFC3i2RwY1bsDK0t4cy,finish,60,val,oEFC3i2RwY1bsDK0t4cy.npy
UUPjhrKTdNrPtUkCg87j,week,17,val,UUPjhrKTdNrPtUkCg87j.npy
cBzy0WAbo5c4pgdqT8Pa,medicine,80,train,cBzy0WAbo5c4pgdqT8Pa.npy
urjtUYh5X3dW0awf2eIL,can,84,train,urjtUYh5X3dW0awf2eIL.npy
w1qpNc1qLR4GyCsBkv7W,tomorrow,62,train,w1qpNc1qLR4GyCsBkv7W.npy
yXH7rykKUxmGqAUagnc8,dentist,39,train,yXH7rykKUxmGqAUagnc8.npy
SFYok067DDcBjdBPEe8D,finish,11,train,SFYok067DDcBjdBPEe8D.npy
j8ndLrJ6imvawY9M1JrV,cold,62,train,j8ndLrJ6imvawY9M1JrV.npy
BEMA75sT91A7WEo1RZUL,night,30,train,BEMA75sT91A7WEo1RZUL.npy
YtEoVBpcxvRYm7SipoFt,hospital,53,test,YtEoVBpcxvRYm7SipoFt.npy
wU5yLqqAG3qOARYZJiJ0,drink,38,train,wU5yLqqAG3qOARYZJiJ0.npy
5U4AARwFeuLa3YMQTBlL,water,57,test,5U4AARwFeuLa3YMQTBlL.npy
VlXE2Ok79ayVz4GHKA8w,night,49,train,VlXE2Ok79ayVz4GHKA8w.npy
p3dYjVpAqTMwRsfdrEJT,woman,59,val,p3dYjVpAqTMwRsfdrEJT.npy
ufmI1xQw3T8AnaS0Hb1k,afternoon,39,train,ufmI1xQw3T8AnaS0Hb1k.npy
nCAqF34p9YJKeox1GJD6,skin,30,train,nCAqF34p9YJKeox1GJD6.npy
er6Bj2aKNNw8CXPVG8ut,sick,17,val,er6Bj2aKNNw8CXPVG8ut.npy
EGc1MC6V7aOYFe3PJsK2,help,39,val,EGc1MC6V7aOYFe3PJsK2.npy
EHi2JmVkb6mW3bntt6ii,understand,39,train,EHi2JmVkb6mW3bntt6ii.npy
gJbDeTsWX8QAJtKVFxTz,big,84,train,gJbDeTsWX8QAJtKVFxTz.npy
HbYNPJxlzToPtHN94PHl,eyes,46,train,HbYNPJxlzToPtHN94PHl.npy
Fi2vijP0DNDLeAWM05sM,tired,48,test,Fi2vijP0DNDLeAWM05sM.npy
AWBbNrcCpwWwSlBHDFOB,show,49,train,AWBbNrcCpwWwSlBHDFOB.npy
ZYe90r8C56I5R2shbSOE,where,17,train,ZYe90r8C56I5R2shbSOE.npy
1MJobd3V14KcFZZbDOAx,strong,46,train,1MJobd3V14KcFZZbDOAx.npy
naQdhPEFZXqNlxq7g6RB,big,46,train,naQdhPEFZXqNlxq7g6RB.npy
gginV5J1wryDYtJ3v2RO,open,8,val,gginV5J1wryDYtJ3v2RO.npy
YY5LywDJjYXsxKMKm3Ye,blood,48,test,YY5LywDJjYXsxKMKm3Ye.npy
roqH5X4pGeMH3bOrE1iY,show,7,val,roqH5X4pGeMH3bOrE1iY.npy
tmAcQmun3Hyhz1Om6Ilq,nose,63,train,tmAcQmun3Hyhz1Om6Ilq.npy
nm6b3aqRg2ogk8aO1aTs,pain,17,train,nm6b3aqRg2ogk8aO1aTs.npy
bhslpgLdjuMvTHmO5Le3,can,88,train,bhslpgLdjuMvTHmO5Le3.npy
nMUWtW8v1BG0vJb8SYZI,doctor,49,train,nMUWtW8v1BG0vJb8SYZI.npy
XW2lMnGixXOD9I57HmOg,sick,14,train,XW2lMnGixXOD9I57HmOg.npy
dPSLyX7ObokHOKI8q6Uq,maybe,7,train,dPSLyX7ObokHOKI8q6Uq.npy
D078VdlY8YhEpR47zW6K,drink,7,train,D078VdlY8YhEpR47zW6K.npy
Jtv0707BcG4kaCpC5AIF,where,88,val,Jtv0707BcG4kaCpC5AIF.npy
WxXAfxoRGbtXtZGZhkal,blood,54,val,WxXAfxoRGbtXtZGZhkal.npy
zK7UtMbtjHZ8DuBV6LHx,sleep,46,train,zK7UtMbtjHZ8DuBV6LHx.npy
LsFNzaxYTNoLdqaaIc6W,maybe,57,test,LsFNzaxYTNoLdqaaIc6W.npy
DUTwZUNf6e4EsOZgXx0E,tired,38,val,DUTwZUNf6e4EsOZgXx0E.npy
XzZ0jYqQAYqPnnXAtMkN,morning,61,test,XzZ0jYqQAYqPnnXAtMkN.npy
OoKcWoc1GC2MDopmh3PU,tired,7,train,OoKcWoc1GC2MDopmh3PU.npy
HY19hH8McUc60AXU8f5w,wait,49,val,HY19hH8McUc60AXU8f5w.npy
bHbrs6HAksON7ySCWmhK,teeth,39,val,bHbrs6HAksON7ySCWmhK.npy
tujXuBmXdRN5FI966GWY,family,42,val,tujXuBmXdRN5FI966GWY.npy
fNxGej6AVq6haNEMyosN,sometimes,36,test,fNxGej6AVq6haNEMyosN.npy
UGrdDvqE0tCZXKQCA8JK,dentist,49,val,UGrdDvqE0tCZXKQCA8JK.npy
6Fz2Lh6xHyf6aVwDs0bv,sleep,49,val,6Fz2Lh6xHyf6aVwDs0bv.npy
wqfzJXpfuJr7IedwwTVQ,help,57,test,wqfzJXpfuJr7IedwwTVQ.npy
1QxX1Ra55pEFP8b5lJnh,better,31,train,1QxX1Ra55pEFP8b5lJnh.npy
Ts5ImiZafO5FqvYtHzNs,strong,57,test,Ts5ImiZafO5FqvYtHzNs.npy
fmbywLzHnVBrzvASQB9U,take,88,train,fmbywLzHnVBrzvASQB9U.npy
0O32h007nL7QYpRdMy4V,morning,49,train,0O32h007nL7QYpRdMy4V.npy
WeqvQGEjrNPr62S2cuDM,teeth,64,test,WeqvQGEjrNPr62S2cuDM.npy
xHwUncrKoWVGeTYctKyu,start,62,train,xHwUncrKoWVGeTYctKyu.npy
6lxBiZnDPfE6oslGNNfT,sleep,7,train,6lxBiZnDPfE6oslGNNfT.npy
SbxW7mnM3elRVuHwiQk4,sorry,84,train,SbxW7mnM3elRVuHwiQk4.npy
4ooqvCpej4IYakaawsuE,man,49,val,4ooqvCpej4IYakaawsuE.npy
ybIXyjAP49lTbyGQuA9y,baby,38,train,ybIXyjAP49lTbyGQuA9y.npy
xs0yg04TFNogxWLy4tiM,medicine,84,train,xs0yg04TFNogxWLy4tiM.npy
PBY5QdghzN83DYQQ8ZNL,walk,63,train,PBY5QdghzN83DYQQ8ZNL.npy
K7diq36resiKv5qQzbu8,minute,7,val,K7diq36resiKv5qQzbu8.npy
c9ompZ5MfqlG2aTEtCwv,long,17,train,c9ompZ5MfqlG2aTEtCwv.npy
ZY8Zzor0cnb3CRns4ccW,sleep,54,train,ZY8Zzor0cnb3CRns4ccW.npy
4ShXyVUPOyyntOXCGBcv,sleep,57,test,4ShXyVUPOyyntOXCGBcv.npy
FyzmP9bFX4GngsEj6T08,cold,17,train,FyzmP9bFX4GngsEj6T08.npy
ChAb2nN8o0ub8sPMjp1m,again,84,train,ChAb2nN8o0ub8sPMjp1m.npy
QNTcLhrZ1lXRR4SJaHmS,skin,57,test,QNTcLhrZ1lXRR4SJaHmS.npy
P4MvhMKdcfXT74G1qtAm,understand,39,train,P4MvhMKdcfXT74G1qtAm.npy
47FlF4JIMFy2xYbupfI7,itch,31,train,47FlF4JIMFy2xYbupfI7.npy
02tyK7GASuUcaI5glmnZ,sick,35,train,02tyK7GASuUcaI5glmnZ.npy
6rQU4lX2W1ChgCOOw5HB,feet,7,train,6rQU4lX2W1ChgCOOw5HB.npy
l4f5SyF7qRyKgomDPL1d,tomorrow,31,train,l4f5SyF7qRyKgomDPL1d.npy
B30n41qZEJDlo9pYu3An,breathe,57,test,B30n41qZEJDlo9pYu3An.npy
SSnode6tRygK5FA53cI5,back,64,test,SSnode6tRygK5FA53cI5.npy
fzjbQtc4vrt6Ijh1GZwC,more,42,val,fzjbQtc4vrt6Ijh1GZwC.npy
g10TepUQ564agUVFlzyR,yes,11,train,g10TepUQ564agUVFlzyR.npy
ljUGjKMAKzxVQF8e56Va,more,35,val,ljUGjKMAKzxVQF8e56Va.npy
L6rvnvvddxddcgOytXiO,take,57,test,L6rvnvvddxddcgOytXiO.npy
cVpU1I7e9lTp1tCYtRVG,night,62,train,cVpU1I7e9lTp1tCYtRVG.npy
5gq7IVzcpvLJnEMpsbsu,sick,7,train,5gq7IVzcpvLJnEMpsbsu.npy
Ja0OTDfoBvntWi9Cnue0,blood,57,test,Ja0OTDfoBvntWi9Cnue0.npy
vlOZQa1H0SqvLsicc0Xi,ask,84,val,vlOZQa1H0SqvLsicc0Xi.npy
OTdRmDCNMsCd0w12BEuM,go,49,train,OTdRmDCNMsCd0w12BEuM.npy
Ol744TtLTnHZguuVjHLl,hurt,84,train,Ol744TtLTnHZguuVjHLl.npy
2iwGZXLKC3Y6bVBywBLs,bleed,59,val,2iwGZXLKC3Y6bVBywBLs.npy
GJd6JbaSaV6GnLOtlHt9,baby,84,val,GJd6JbaSaV6GnLOtlHt9.npy
3MKCBLlzreVeXo1x9y27,blood,62,train,3MKCBLlzreVeXo1x9y27.npy
3Hm1XGDrokOL3PiPbe4N,eyes,84,train,3Hm1XGDrokOL3PiPbe4N.npy
q0nSZ4oyowwcYtIzvihP,blood,62,val,q0nSZ4oyowwcYtIzvihP.npy
DqpvsYHX6EXtIWHbo74D,medicine,57,test,DqpvsYHX6EXtIWHbo74D.npy
yVWVCVP1K1DlJtLC80AW,want,57,test,yVWVCVP1K1DlJtLC80AW.npy
P2ztVsGi4EIr6KpLahb7,hospital,49,train,P2ztVsGi4EIr6KpLahb7.npy
08BdPoDvbHyNQRRecMQn,not,46,train,08BdPoDvbHyNQRRecMQn.npy
1eEayCvOhJusGU2UUv0A,all,62,train,1eEayCvOhJusGU2UUv0A.npy
AoRkGlPgWKVVCkmuUQVl,cold,35,val,AoRkGlPgWKVVCkmuUQVl.npy
4kwLwe7CVGLB7bbEYx5N,hurt,88,val,4kwLwe7CVGLB7bbEYx5N.npy
h2dpOCMqypTfmJo2Wb5V,baby,31,train,h2dpOCMqypTfmJo2Wb5V.npy
8cnOI5KU7iN1GEftKwMT,take,88,val,8cnOI5KU7iN1GEftKwMT.npy
cIGAmcSTRpT8QE7t7fO4,big,39,val,cIGAmcSTRpT8QE7t7fO4.npy
6JrQi3Aw3Hd7Da47YUzF,choke,62,train,6JrQi3Aw3Hd7Da47YUzF.npy
pnlLAQYxWfPCW47ki0Mo,go,62,val,pnlLAQYxWfPCW47ki0Mo.npy
d9DQKHxXEFXmG3rvVSrB,water,39,val,d9DQKHxXEFXmG3rvVSrB.npy
08H103rcktPkfPImghMR,bed,14,train,08H103rcktPkfPImghMR.npy
LJusHE2dZjJgFKmlaA3V,baby,38,train,LJusHE2dZjJgFKmlaA3V.npy
TenayrdQsmV45IgS2NRk,more,15,train,TenayrdQsmV45IgS2NRk.npy
Q2NXPFNIya292PszWgrf,back,84,train,Q2NXPFNIya292PszWgrf.npy
whRHr94g47M5o3TYQ1Nk,need,17,train,whRHr94g47M5o3TYQ1Nk.npy
1dGTHxqyI2KSvLtjRQoH,strong,8,val,1dGTHxqyI2KSvLtjRQoH.npy
jNNvC1YUliXWrwN0mqEi,finish,57,test,jNNvC1YUliXWrwN0mqEi.npy
xAlfhTJoJ2Am04Hl8eju,drink,57,test,xAlfhTJoJ2Am04Hl8eju.npy
3gkQLCfl80eZ1hrXiQ5G,sleep,8,train,3gkQLCfl80eZ1hrXiQ5G.npy
0GlY9kyDbmrfIqcoNlzv,finish,60,train,0GlY9kyDbmrfIqcoNlzv.npy
Kvik7qfpTwxGkGBsjubS,big,17,train,Kvik7qfpTwxGkGBsjubS.npy
6Tw4aEEyfrYebmSV9XyP,sick,31,val,6Tw4aEEyfrYebmSV9XyP.npy
eVGztr4mDPy9IwFjqgRv,skin,61,test,eVGztr4mDPy9IwFjqgRv.npy
SQe1HYcUTeAEPjFWCFWA,drink,39,val,SQe1HYcUTeAEPjFWCFWA.npy
2grI3FYNeFpx0XLytuvr,pain,48,test,2grI3FYNeFpx0XLytuvr.npy
u0N03kDlsCR0JH0422S7,sleep,31,val,u0N03kDlsCR0JH0422S7.npy
Ej33cH4R5DJczbF5rNIC,day,14,train,Ej33cH4R5DJczbF5rNIC.npy
utDDLqOng0P5ZCGwDxxA,man,35,train,utDDLqOng0P5ZCGwDxxA.npy
7Axd2Y67zLwXk3d1xrLe,cold,39,train,7Axd2Y67zLwXk3d1xrLe.npy
SbpMjqPMYqf5Lev6lYaI,teeth,62,train,SbpMjqPMYqf5Lev6lYaI.npy
VdycJHKLzbcaorESLpPt,water,48,test,VdycJHKLzbcaorESLpPt.npy
kzmWkaarsfXDsvYgFsYA,test,60,train,kzmWkaarsfXDsvYgFsYA.npy
ede1vJ3UHQk54UHqMsGO,tired,49,train,ede1vJ3UHQk54UHqMsGO.npy
8Hv2yfrgcphHe32qc7aK,water,88,train,8Hv2yfrgcphHe32qc7aK.npy
Qtv4yp0OHiOzv2c2nykW,move,57,test,Qtv4yp0OHiOzv2c2nykW.npy
7TdWW8FkAPon46X9bX04,show,62,train,7TdWW8FkAPon46X9bX04.npy
RodRFWQAT9NOOmcd28Cf,water,84,train,RodRFWQAT9NOOmcd28Cf.npy
JHyoabMJIPbSumayLRmV,baby,49,val,JHyoabMJIPbSumayLRmV.npy
lUAw6ZGLoknIc2JE88Ss,water,7,train,lUAw6ZGLoknIc2JE88Ss.npy
MFGNPor0WBfuaxvCLhpm,finish,46,train,MFGNPor0WBfuaxvCLhpm.npy
SfnTX8liynXoOZdoMIky,dentist,80,train,SfnTX8liynXoOZdoMIky.npy
yss30aTpwSUS2nGEllzS,give,62,train,yss30aTpwSUS2nGEllzS.npy
IzwM92KgioCqYs23ulG9,feel,84,val,IzwM92KgioCqYs23ulG9.npy
hZzeBHHqxbtPcpGVsKTI,sick,84,train,hZzeBHHqxbtPcpGVsKTI.npy
9tXDAM0fuSCUNq9yLOod,yesterday,31,val,9tXDAM0fuSCUNq9yLOod.npy
1pAukgB3Os4aK1gUrCv6,where,80,train,1pAukgB3Os4aK1gUrCv6.npy
Rz16mj6fXeelVUkQvWzP,test,31,train,Rz16mj6fXeelVUkQvWzP.npy
gRTiPkVe2quy4qTSp5Uh,drink,7,train,gRTiPkVe2quy4qTSp5Uh.npy
LB0T0JToNdKkZ8YzJf4d,sick,14,train,LB0T0JToNdKkZ8YzJf4d.npy
RASq7JPzhMuf679RX767,blood,49,train,RASq7JPzhMuf679RX767.npy
j8rbqyuAi2QpaljOfPrV,sleep,80,train,j8rbqyuAi2QpaljOfPrV.npy
jrutHi685hYkgMluoIvR,move,46,val,jrutHi685hYkgMluoIvR.npy
MYaHPuXw2r6ZKp2PO9bG,finish,17,val,MYaHPuXw2r6ZKp2PO9bG.npy
ZERZMPn4zXJwP9UoGBkR,man,7,train,ZERZMPn4zXJwP9UoGBkR.npy
bjPLwHsVu4oozsGdka7E,cold,11,train,bjPLwHsVu4oozsGdka7E.npy
YwZB6VmU3h2g2NfRbQ9R,sorry,39,val,YwZB6VmU3h2g2NfRbQ9R.npy
dNxxez5nSccPl0A3bAr6,better,62,train,dNxxez5nSccPl0A3bAr6.npy
YlnuAiq1CjVMT9jhIu85,understand,30,val,YlnuAiq1CjVMT9jhIu85.npy
E65YSwl91qWyIPt5Qdzw,breathe,49,val,E65YSwl91qWyIPt5Qdzw.npy
ClRWPf0GBo7vfaZq7BrA,water,84,val,ClRWPf0GBo7vfaZq7BrA.npy
EfQ7oB2jx1so3LU6qote,sleep,42,train,EfQ7oB2jx1so3LU6qote.npy
8PNZeRD679FnlZ9NFceg,family,48,test,8PNZeRD679FnlZ9NFceg.npy
ZweMkfZIKGGKWR2lqNzV,go,49,val,ZweMkfZIKGGKWR2lqNzV.npy
lzFPd6OWDCbMkWRT18GS,day,11,train,lzFPd6OWDCbMkWRT18GS.npy
p7Qk8Bqfugdkv36YuKNP,family,17,train,p7Qk8Bqfugdkv36YuKNP.npy
PZVQBGaFmzmy6zRgb7l8,sleep,31,train,PZVQBGaFmzmy6zRgb7l8.npy
yoIezQHvKecrwKd6Phot,sleep,48,test,yoIezQHvKecrwKd6Phot.npy
uN5UEstsa03u2rvFfpWo,yesterday,48,test,uN5UEstsa03u2rvFfpWo.npy
c0AKYbuoS3mvWbTXpkYu,where,60,train,c0AKYbuoS3mvWbTXpkYu.npy
0vI5CQwLW2lyJvwMvEnt,hour,30,train,0vI5CQwLW2lyJvwMvEnt.npy
C7N0l4rgE7Wmf8Cj13Ci,sleep,31,val,C7N0l4rgE7Wmf8Cj13Ci.npy
2NgaUlkdJBx4Mb4qeYJA,wait,30,train,2NgaUlkdJBx4Mb4qeYJA.npy
MNoivQqlXAsYEWT44N6h,medicine,49,train,MNoivQqlXAsYEWT44N6h.npy
gTCAcFUxYgzib9V1Gwi7,come,85,train,gTCAcFUxYgzib9V1Gwi7.npy
6ZISO82LjDquQoGjrLGz,baby,59,train,6ZISO82LjDquQoGjrLGz.npy
3XlCm8HC4HhwlLuVbMob,start,84,train,3XlCm8HC4HhwlLuVbMob.npy
MKi5cTpjLYJ1N93NZhpN,much,39,train,MKi5cTpjLYJ1N93NZhpN.npy
rJsU1S4DRk08svYhHbis,night,61,test,rJsU1S4DRk08svYhHbis.npy
ovee0U6ZCpiCDx5amalW,glasses,38,train,ovee0U6ZCpiCDx5amalW.npy
ze8hZV6PET4cAsV0j0Xt,finish,84,val,ze8hZV6PET4cAsV0j0Xt.npy
UTEoHBmA04cZKPeGNRAa,open,61,test,UTEoHBmA04cZKPeGNRAa.npy
sCeVlbk6hS3pdWfzfmzx,big,59,train,sCeVlbk6hS3pdWfzfmzx.npy
4Mm88uG8qG38AkTOJBrQ,sleep,64,test,4Mm88uG8qG38AkTOJBrQ.npy
17pa9Lp2HNMGmtVj8kRa,no,11,train,17pa9Lp2HNMGmtVj8kRa.npy
PD1JtsO2kHrxJWYURUK3,tomorrow,62,val,PD1JtsO2kHrxJWYURUK3.npy
EWnHASpclGNtkFvIv7eU,bed,62,train,EWnHASpclGNtkFvIv7eU.npy
IqoLbESeAq3hmso6mG3j,woman,78,train,IqoLbESeAq3hmso6mG3j.npy
QTgpVTK3p4vCXrcIHdW8,sick,78,train,QTgpVTK3p4vCXrcIHdW8.npy
BTndoDhGijnaHqVsR9hY,cold,38,train,BTndoDhGijnaHqVsR9hY.npy
Z0wkbWpdhr6b3g6BuD9q,heart,78,train,Z0wkbWpdhr6b3g6BuD9q.npy
Me8JANuFEyFChW6QuUIk,come,39,train,Me8JANuFEyFChW6QuUIk.npy
E5U1nfTOWXwivN7Ir9Mw,muscle,46,train,E5U1nfTOWXwivN7Ir9Mw.npy
qyMeyDbQhTXHUudbN7AP,touch,11,train,qyMeyDbQhTXHUudbN7AP.npy
1kS5xQRt2rz2kgAPquCd,test,46,val,1kS5xQRt2rz2kgAPquCd.npy
LlC095VCBnf2AsSBvVop,open,80,val,LlC095VCBnf2AsSBvVop.npy
SdQ4UA45dS3R2DmfTCoz,now,39,train,SdQ4UA45dS3R2DmfTCoz.npy
VtwDeKPghCycXVZMtONl,big,84,train,VtwDeKPghCycXVZMtONl.npy
j4hxAO60zlYs9ly1SmEJ,worse,39,train,j4hxAO60zlYs9ly1SmEJ.npy
Bf2iCfbacXu7NV8Hu8Iv,bad,88,train,Bf2iCfbacXu7NV8Hu8Iv.npy
Lfk1yFWioOqjeyssXskF,tired,88,train,Lfk1yFWioOqjeyssXskF.npy
NjhDTtuu6BU6cRxFoPPi,ask,15,train,NjhDTtuu6BU6cRxFoPPi.npy
Y2wloaaWVizNij3cJzQv,family,7,train,Y2wloaaWVizNij3cJzQv.npy
7hDWBsdl7MNPU0NXy4Dw,cold,84,val,7hDWBsdl7MNPU0NXy4Dw.npy
SlXYqImkF5P1yyrcnp98,water,84,train,SlXYqImkF5P1yyrcnp98.npy
KTWJcsfuSMnwVTvtzWja,sleep,62,train,KTWJcsfuSMnwVTvtzWja.npy
DYdt44PpggEh5YTWYssh,day,35,train,DYdt44PpggEh5YTWYssh.npy
BZ6vUKpdAO0ExTDAPREY,move,49,val,BZ6vUKpdAO0ExTDAPREY.npy
bnUm83rTs73NsJcqqIDD,month,88,train,bnUm83rTs73NsJcqqIDD.npy
7dVHbb8n3F3pKzf9UDpN,mother,49,val,7dVHbb8n3F3pKzf9UDpN.npy
opKwAiHTRkxJ0VQwq6of,mouth,8,train,opKwAiHTRkxJ0VQwq6of.npy
k4QW0Q91BKj8URRPAAZv,woman,39,train,k4QW0Q91BKj8URRPAAZv.npy
iwrix8bpm93IwZoowVw5,want,35,train,iwrix8bpm93IwZoowVw5.npy
2vkTkxp50kNqRpuODSLw,tired,36,test,2vkTkxp50kNqRpuODSLw.npy
KJRZhiYHHQN73JqmgChG,feel,7,train,KJRZhiYHHQN73JqmgChG.npy
OXyMAPsJgnQe40DQsXIy,water,84,train,OXyMAPsJgnQe40DQsXIy.npy
IrKiTwzIKC3NMYSRjv6E,today,57,test,IrKiTwzIKC3NMYSRjv6E.npy
14dNFeEyYtOFqwYCAeFI,give,33,test,14dNFeEyYtOFqwYCAeFI.npy
Y8wKWk4wFZA2GOuxWaoL,open,57,test,Y8wKWk4wFZA2GOuxWaoL.npy
y18DkbY0gsz2CPLpy8bt,what,39,val,y18DkbY0gsz2CPLpy8bt.npy
rk6rCEUtjD8KCbCxJQms,thank_you,84,train,rk6rCEUtjD8KCbCxJQms.npy
BDJOWWabyHfuQ3qZcbwr,walk,31,train,BDJOWWabyHfuQ3qZcbwr.npy
ZoGApH85WYX1Sq9LygmC,much,39,val,ZoGApH85WYX1Sq9LygmC.npy
6Ma1aeWylis6Q0Ig1UPr,sleep,88,train,6Ma1aeWylis6Q0Ig1UPr.npy
gfAgnNNQpAymTTRc5Af5,now,39,train,gfAgnNNQpAymTTRc5Af5.npy
Z3Z75NV8LF5jBwyG0FJ9,long,57,test,Z3Z75NV8LF5jBwyG0FJ9.npy
zarSZjpna3dLjSqEdpGA,hurt,84,train,zarSZjpna3dLjSqEdpGA.npy
hMp3Py3gWoZL1dJUnJ5k,headache,49,train,hMp3Py3gWoZL1dJUnJ5k.npy
iIblC2u12fKom98xRn36,family,11,train,iIblC2u12fKom98xRn36.npy
qKiDEOprTce5TSw40OPj,better,84,val,qKiDEOprTce5TSw40OPj.npy
0XX2OTVHXEuWAr4p0kZd,finish,17,train,0XX2OTVHXEuWAr4p0kZd.npy
ozyxm3mOwBlMWxKROaAH,finish,30,train,ozyxm3mOwBlMWxKROaAH.npy
r3YVSk8GN9Ot0W56yWPX,help,49,train,r3YVSk8GN9Ot0W56yWPX.npy
TPiZyoy0EPlfHcG0EKaC,week,17,train,TPiZyoy0EPlfHcG0EKaC.npy
tp9xWgQKamNY2TeFE50D,family,11,val,tp9xWgQKamNY2TeFE50D.npy
UImETGa6ANbSNTF3mUJy,open,57,test,UImETGa6ANbSNTF3mUJy.npy
myQBBX4u7VfYJTohrgMs,muscle,39,val,myQBBX4u7VfYJTohrgMs.npy
ptNcO8xB3yPebjv3O6ax,glasses,7,train,ptNcO8xB3yPebjv3O6ax.npy
RQCWZboa2vjAYF4g8niY,start,61,test,RQCWZboa2vjAYF4g8niY.npy
7n8TSCsXzez4z11fWMyV,doctor,35,train,7n8TSCsXzez4z11fWMyV.npy
L3cTRYGCWs82kqGuLq9f,understand,88,train,L3cTRYGCWs82kqGuLq9f.npy
vXj3FHp8hWuLFI6UN2gk,hands,84,train,vXj3FHp8hWuLFI6UN2gk.npy
DgZLIO6GStvjbXmdumI1,where,88,train,DgZLIO6GStvjbXmdumI1.npy
Q2ByTBUmkPQJslAIOzfJ,teeth,88,train,Q2ByTBUmkPQJslAIOzfJ.npy
IUxHzrKEUfgcttAVRrC8,show,57,test,IUxHzrKEUfgcttAVRrC8.npy
O0bIidPdrfFL4Qr1Dq2N,finish,57,test,O0bIidPdrfFL4Qr1Dq2N.npy
olQ1jPKw7j59lt7LtjAW,help,17,train,olQ1jPKw7j59lt7LtjAW.npy
paicqy2TJPsVtIyl7Anf,tell,57,test,paicqy2TJPsVtIyl7Anf.npy
6ZXl3BGfKqatUxoXMxUU,big,60,val,6ZXl3BGfKqatUxoXMxUU.npy
XoMLZG32im48tV0xbrZf,week,11,train,XoMLZG32im48tV0xbrZf.npy
xtKByHDaKuGlNgwhGM8E,drink,35,train,xtKByHDaKuGlNgwhGM8E.npy
Ww96uZvDB02dddqXhT4j,hands,62,train,Ww96uZvDB02dddqXhT4j.npy
cXAhYvgu7cV8VcxS1Xhu,drink,11,train,cXAhYvgu7cV8VcxS1Xhu.npy
SY2aXSk8BlnEoAwYaTF7,need,35,train,SY2aXSk8BlnEoAwYaTF7.npy
RITYaKCKEabd7bYp8lun,who,17,train,RITYaKCKEabd7bYp8lun.npy
C9NIVonEyBjVMJpcrOhG,doctor,57,test,C9NIVonEyBjVMJpcrOhG.npy
rXf0jNesbT6iD7i70vID,bad,84,val,rXf0jNesbT6iD7i70vID.npy
CeEaH39CQLO7vJ1GLUVM,glasses,57,test,CeEaH39CQLO7vJ1GLUVM.npy
lvjeePYjnQi0D4lRlLQi,drink,84,val,lvjeePYjnQi0D4lRlLQi.npy
KqnhnymJYUiQhuEProlX,pain,52,train,KqnhnymJYUiQhuEProlX.npy
YoavKE2pm2BjJxLYpoGD,breathe,62,train,YoavKE2pm2BjJxLYpoGD.npy
0lAiNKXKmgGeSJ8pjLtt,man,7,train,0lAiNKXKmgGeSJ8pjLtt.npy
OfR0dPkxZZSzWRYzG067,test,78,train,OfR0dPkxZZSzWRYzG067.npy
bhBZ8SR8VicQo0fz4vr4,yes,88,train,bhBZ8SR8VicQo0fz4vr4.npy
cjDgMVcCFHDfvpePhnC8,help,84,train,cjDgMVcCFHDfvpePhnC8.npy
fe0COl06CIcA06tJmhJv,big,8,train,fe0COl06CIcA06tJmhJv.npy
hFrcG45NbvFeT6hrImzD,month,84,train,hFrcG45NbvFeT6hrImzD.npy
T3hmOflYVvJyqYsHoiCz,all,33,test,T3hmOflYVvJyqYsHoiCz.npy
ltKRUKQO99kBtULPLclf,faint,38,val,ltKRUKQO99kBtULPLclf.npy
8U0SA3oMzcy4WMNdQeot,family,57,test,8U0SA3oMzcy4WMNdQeot.npy
uT6ugPgZbV0Dq47vC5HI,doctor,14,val,uT6ugPgZbV0Dq47vC5HI.npy
S7uAwuMCuhUTzVDyqre9,hands,8,val,S7uAwuMCuhUTzVDyqre9.npy
DQasKyWjQJmQ8RsNagtE,hurt,84,train,DQasKyWjQJmQ8RsNagtE.npy
kk4cfi2CwiecM627Jadg,not,49,train,kk4cfi2CwiecM627Jadg.npy
cwNj5du2UlA25mLHTs9j,more,7,train,cwNj5du2UlA25mLHTs9j.npy
plrAZI0Q94ke12A3LZ8T,water,59,train,plrAZI0Q94ke12A3LZ8T.npy
IH994gyU1FTXx5urpDxb,finish,61,test,IH994gyU1FTXx5urpDxb.npy
yEU0mR8VJP8T13JJQGCD,nose,61,test,yEU0mR8VJP8T13JJQGCD.npy
xCOM2s7JwibxaokWtNe6,eyes,84,val,xCOM2s7JwibxaokWtNe6.npy
DPyN6oTBNqkPGEPGC4IP,where,49,val,DPyN6oTBNqkPGEPGC4IP.npy
lzdlCcEejDjXumV4ZBgi,water,64,test,lzdlCcEejDjXumV4ZBgi.npy
xKwwB9VeRaf0Ow2HuVzZ,go,49,train,xKwwB9VeRaf0Ow2HuVzZ.npy
RrSfWdulDpYR3PTrNIci,medicine,46,val,RrSfWdulDpYR3PTrNIci.npy
ZwUi5pjtQ5FquQbHAttw,water,31,val,ZwUi5pjtQ5FquQbHAttw.npy
jwfYFbMhOucBFJXci7cj,baby,48,test,jwfYFbMhOucBFJXci7cj.npy
d5Pvrtbgke7G63HGaE4h,no,39,val,d5Pvrtbgke7G63HGaE4h.npy
tQmRsz4BNWsRIKikqGN6,man,84,val,tQmRsz4BNWsRIKikqGN6.npy
08oeb4YsXFBgSjKpjxzf,baby,78,val,08oeb4YsXFBgSjKpjxzf.npy
zvdr8JbrkF24cUWAdUwv,help,84,val,zvdr8JbrkF24cUWAdUwv.npy
TEG4Ac0huk6INsotopbj,man,42,train,TEG4Ac0huk6INsotopbj.npy
Q4nYXQENAFBtsrqhw8w9,baby,39,train,Q4nYXQENAFBtsrqhw8w9.npy
NiIoX3hxZHlqAZrGaPMc,sleep,78,train,NiIoX3hxZHlqAZrGaPMc.npy
Z9KRI1HtIwI3r6Qcuzvf,water,63,train,Z9KRI1HtIwI3r6Qcuzvf.npy
6RzvHlLJdASjw7rqadQz,look,84,val,6RzvHlLJdASjw7rqadQz.npy
YA0ydlXVk9XpiCnXpAQg,hurt,39,train,YA0ydlXVk9XpiCnXpAQg.npy
xXkBj3bmzkvwnSydaWj8,touch,57,test,xXkBj3bmzkvwnSydaWj8.npy
D0jbVdCEOSPPP7rl9JAZ,doctor,84,train,D0jbVdCEOSPPP7rl9JAZ.npy
qB0XobYmfsk0wLpDROcw,show,17,train,qB0XobYmfsk0wLpDROcw.npy
CpYILBvJyfbQEHvImg7d,where,38,train,CpYILBvJyfbQEHvImg7d.npy
naub9sWEpoItj03IMDvv,yes,88,train,naub9sWEpoItj03IMDvv.npy
iPkxVUMxIQFEWSqyWvKv,now,39,val,iPkxVUMxIQFEWSqyWvKv.npy
YBqY4Qr8FZLtdEy4i3kN,eyes,84,train,YBqY4Qr8FZLtdEy4i3kN.npy
65NylrkCaW2FPnyBukLD,hurt,12,val,65NylrkCaW2FPnyBukLD.npy
fP1tab0tFlgware1dbIb,hospital,50,test,fP1tab0tFlgware1dbIb.npy
Cl8LtYy4UTonGAHOGRqQ,water,49,train,Cl8LtYy4UTonGAHOGRqQ.npy
OjvuotBAtgP5Ct0jJwJz,medicine,39,train,OjvuotBAtgP5Ct0jJwJz.npy
9tA7U2HmwPXO9sxJth1q,want,17,train,9tA7U2HmwPXO9sxJth1q.npy
za85jrMOumOlxV9ysh1W,tired,7,val,za85jrMOumOlxV9ysh1W.npy
ftoy4qu41HiVpaCzWXjo,again,49,train,ftoy4qu41HiVpaCzWXjo.npy
UGNMZHOm0L0uN90dIYH1,open,31,train,UGNMZHOm0L0uN90dIYH1.npy
qvhd6CCGwoRNLJaIB2kv,man,53,test,qvhd6CCGwoRNLJaIB2kv.npy
cTPJKUHT6pWWKmUIQzBD,wait,57,test,cTPJKUHT6pWWKmUIQzBD.npy
n9GAOCbzAG9Y9O9CqyUU,faint,49,train,n9GAOCbzAG9Y9O9CqyUU.npy
pSrZj5XEfFWepqOIFV0i,help,17,train,pSrZj5XEfFWepqOIFV0i.npy
DCfie5LhK88xgC41y9Bp,baby,85,train,DCfie5LhK88xgC41y9Bp.npy
MlFZnzKuWOYIcV5b5F5R,come,88,val,MlFZnzKuWOYIcV5b5F5R.npy
EgS24nbXDilx5rH42gTb,help,57,test,EgS24nbXDilx5rH42gTb.npy
E5sZv7nbY7v6gnvz5f59,tired,30,train,E5sZv7nbY7v6gnvz5f59.npy
sUNaPXqNncUIKa7unbkI,hurt,84,train,sUNaPXqNncUIKa7unbkI.npy
1iM74EBOCneWug1UonFI,why,63,train,1iM74EBOCneWug1UonFI.npy
23QiT2gVQXjJObXP1h0M,breathe,52,train,23QiT2gVQXjJObXP1h0M.npy
dKIebdsjm1EhixQCIMhq,big,31,train,dKIebdsjm1EhixQCIMhq.npy
TInWo3OxNDd6vePDmz4a,tired,46,train,TInWo3OxNDd6vePDmz4a.npy
LbzGByXZvTOwsuidev2U,morning,61,test,LbzGByXZvTOwsuidev2U.npy
HQqbIh2JBbmm9jCEBEo7,help,39,train,HQqbIh2JBbmm9jCEBEo7.npy
8f4R1hi5e5m6yvgZaEjW,sleep,61,test,8f4R1hi5e5m6yvgZaEjW.npy
CaHsi8cIr9AftTgN4T7k,doctor,7,train,CaHsi8cIr9AftTgN4T7k.npy
rQ6ZhSfIAYu6I6SgLbPV,lungs,11,train,rQ6ZhSfIAYu6I6SgLbPV.npy
gGku9LFswMGhup2uOUSO,hospital,48,test,gGku9LFswMGhup2uOUSO.npy
zYWb3ezers6afBDjiJoH,feel,39,train,zYWb3ezers6afBDjiJoH.npy
RjoKIwh3MavZtCAeyrEi,yes,8,val,RjoKIwh3MavZtCAeyrEi.npy
Ax7mCteHyhd5H3toALbw,tongue,38,train,Ax7mCteHyhd5H3toALbw.npy
mnWBKQasss4A3srGSKZM,wait,57,test,mnWBKQasss4A3srGSKZM.npy
1iuUJP4hm624eDAsxsXX,teeth,88,train,1iuUJP4hm624eDAsxsXX.npy
OGRiLwzaSzpV8fEBQmKL,big,8,train,OGRiLwzaSzpV8fEBQmKL.npy
uC0gruVqwJjKQ5wjhY7s,test,38,train,uC0gruVqwJjKQ5wjhY7s.npy
PxEY6YsUJlzEeoWKgVTV,week,49,val,PxEY6YsUJlzEeoWKgVTV.npy
sX672XOTzsl1yB0wX4nR,maybe,49,val,sX672XOTzsl1yB0wX4nR.npy
YD4ldy427mIIlz45DYrp,baby,63,train,YD4ldy427mIIlz45DYrp.npy
r5Zq0idsYTITis2VtVsr,no,88,train,r5Zq0idsYTITis2VtVsr.npy
GGALehWltqvDAYN9uUea,can,7,train,GGALehWltqvDAYN9uUea.npy
YVmJSRSgziCBGInbBIBV,water,17,train,YVmJSRSgziCBGInbBIBV.npy
uaehCqIOS1f6VDSY0cyY,understand,62,train,uaehCqIOS1f6VDSY0cyY.npy
FLT4NwVMcJ84vh167wUc,sleep,30,val,FLT4NwVMcJ84vh167wUc.npy
OATbRMbiZXmvy04a3ZXr,ear,23,train,OATbRMbiZXmvy04a3ZXr.npy
rSasfGuxeisstXh0GUzP,sleep,59,train,rSasfGuxeisstXh0GUzP.npy
ut7lPieJ8D0nHZq2Aukt,drink,54,train,ut7lPieJ8D0nHZq2Aukt.npy
fgRFns0iZeV8mX4bRHBf,eyes,62,train,fgRFns0iZeV8mX4bRHBf.npy
LvL5EvhHT3gFCLL3pOfs,tell,7,train,LvL5EvhHT3gFCLL3pOfs.npy
eAqzLQob0ncL8Itb4Dm7,show,84,train,eAqzLQob0ncL8Itb4Dm7.npy
wRzyw0twVKbdixawxlgd,dentist,35,train,wRzyw0twVKbdixawxlgd.npy
IexSKqPqG6j2he5ze26e,glasses,30,train,IexSKqPqG6j2he5ze26e.npy
UZR1n02uSXqFGVrHX26z,ask,84,train,UZR1n02uSXqFGVrHX26z.npy
vuDM6vUcRO4L99jCOCEd,woman,30,train,vuDM6vUcRO4L99jCOCEd.npy
ztz0HwZreXWwgnic3yhM,sleep,85,train,ztz0HwZreXWwgnic3yhM.npy
K2ZNef5bqWQoHUeqSKmC,open,62,train,K2ZNef5bqWQoHUeqSKmC.npy
sGZP6zKupJbDsucCGEsb,finish,53,test,sGZP6zKupJbDsucCGEsb.npy
bO9959iztuve2qGAxjOP,open,61,test,bO9959iztuve2qGAxjOP.npy
ta7vqzvEdbeOn89iyWLo,finish,59,train,ta7vqzvEdbeOn89iyWLo.npy
18eMC4N3oHfDCShAtoJ8,week,35,train,18eMC4N3oHfDCShAtoJ8.npy
YKlZja1cmZHwe1eeFMvW,baby,46,val,YKlZja1cmZHwe1eeFMvW.npy
qMcehrJsyJnGHjqeeti7,maybe,49,train,qMcehrJsyJnGHjqeeti7.npy
4nSt4JO34x10JukpzftZ,take,17,val,4nSt4JO34x10JukpzftZ.npy
Iu83aL1II86OjLLtIeNc,help,85,train,Iu83aL1II86OjLLtIeNc.npy
wgRLo16vxmPYfKWIT78d,arm,49,train,wgRLo16vxmPYfKWIT78d.npy
zZs5rt799QXeWbq8fRLN,feel,57,test,zZs5rt799QXeWbq8fRLN.npy
Qw0B3pvbwYC6sJ7PnkFu,drink,54,train,Qw0B3pvbwYC6sJ7PnkFu.npy
NQOHvELORfiEkNY9d8D2,give,84,val,NQOHvELORfiEkNY9d8D2.npy
Gsm8KiHAQ0GQ5R2rf0L2,understand,38,train,Gsm8KiHAQ0GQ5R2rf0L2.npy
vvww2kb67pgQDQCZgBrv,sorry,38,train,vvww2kb67pgQDQCZgBrv.npy
bpDvbcR9C6aGc7SD1H6X,finish,46,val,bpDvbcR9C6aGc7SD1H6X.npy
WJGPnU2LWAxP42zVOn4i,no,84,train,WJGPnU2LWAxP42zVOn4i.npy
ZRo3vzmsdAE5FsYEAAHq,face,7,train,ZRo3vzmsdAE5FsYEAAHq.npy
AsP6BTVjzK03B3CiFotG,why,7,train,AsP6BTVjzK03B3CiFotG.npy
12Q7ArA1qKXHds9yVvUA,walk,31,train,12Q7ArA1qKXHds9yVvUA.npy
AQblIS7OQhdUiInwQcVb,tired,50,test,AQblIS7OQhdUiInwQcVb.npy
SKujFCWAe2DuvXCZcLBJ,open,7,train,SKujFCWAe2DuvXCZcLBJ.npy
uKf0O5a9kYOHq6o32daX,water,31,val,uKf0O5a9kYOHq6o32daX.npy
hrkKzAhxQgOOXAUU3Fjf,finish,30,train,hrkKzAhxQgOOXAUU3Fjf.npy
RHxzVZ6BRuxjhBrtun4t,walk,64,test,RHxzVZ6BRuxjhBrtun4t.npy
mNIyTD4Ln1uVpsDGp88m,hurt,17,train,mNIyTD4Ln1uVpsDGp88m.npy
dRrdRCQlheaxZ2p98jpl,much,7,train,dRrdRCQlheaxZ2p98jpl.npy
3pjNIkNbbKgEVsjn105E,sleep,35,train,3pjNIkNbbKgEVsjn105E.npy
OGeXlQ0p1KIBQKvLeq8U,look,78,train,OGeXlQ0p1KIBQKvLeq8U.npy
Y6La2fVPl2u08lnegZFK,what,57,test,Y6La2fVPl2u08lnegZFK.npy
4ygKX142vdK38sKkKzeY,long,46,train,4ygKX142vdK38sKkKzeY.npy
Uy1ngRHCaa9DZdBVt3Zq,feel,7,train,Uy1ngRHCaa9DZdBVt3Zq.npy
MXOQdc6ARcwuEejOi2Ws,long,43,val,MXOQdc6ARcwuEejOi2Ws.npy
OtoDRPoUIDcW1XQnMhmU,which,35,train,OtoDRPoUIDcW1XQnMhmU.npy
WSjhfNivrIz5jQQUSLIi,man,84,train,WSjhfNivrIz5jQQUSLIi.npy
8o2MfM0QdpUzCz8RAsoO,long,84,train,8o2MfM0QdpUzCz8RAsoO.npy
SFThyq7vYkIh5FwUA4Uz,sleep,11,val,SFThyq7vYkIh5FwUA4Uz.npy
gVt3u6hFEH4wXfezSS8O,nose,8,train,gVt3u6hFEH4wXfezSS8O.npy
WfY2RLl2P6mxnab0ya1M,man,84,train,WfY2RLl2P6mxnab0ya1M.npy
WEVggMzWwOlsSnWKHGWm,water,17,train,WEVggMzWwOlsSnWKHGWm.npy
7vMxVnExujChRXxIXAG9,eyes,7,train,7vMxVnExujChRXxIXAG9.npy
eXCs4bbiOWF4Z5PPYBf9,faint,50,test,eXCs4bbiOWF4Z5PPYBf9.npy
OBjLB3j3YrXSxdKHiIPC,hot,54,train,OBjLB3j3YrXSxdKHiIPC.npy
j3dfMSziKaiMsk7DpdeT,strong,46,train,j3dfMSziKaiMsk7DpdeT.npy
JiOMi8bhVYUUsbi5OqqU,night,46,val,JiOMi8bhVYUUsbi5OqqU.npy
zjZhvGes13K1DK3TlHkf,help,35,val,zjZhvGes13K1DK3TlHkf.npy
FvrAavj6gvMpPhhhNsAm,understand,36,test,FvrAavj6gvMpPhhhNsAm.npy
dpIX8ty9l99AgJwQQdUF,start,48,test,dpIX8ty9l99AgJwQQdUF.npy
5e3nbhwrHvOdbBcIflWb,water,39,train,5e3nbhwrHvOdbBcIflWb.npy
AVkPdjVtGtSVBFHh3WyL,sleep,60,train,AVkPdjVtGtSVBFHh3WyL.npy
7C1DoUtADtBjqH4esHVc,want,49,train,7C1DoUtADtBjqH4esHVc.npy
DBbFnBU9gAxtsL9shKOK,week,49,train,DBbFnBU9gAxtsL9shKOK.npy
Xbq8d8d187oXIxxS70o9,hot,8,train,Xbq8d8d187oXIxxS70o9.npy
UHOg0QMbTKuNSA8j8ij2,cold,46,train,UHOg0QMbTKuNSA8j8ij2.npy
QL3n8rS4kfdC7hXvbrTy,move,61,test,QL3n8rS4kfdC7hXvbrTy.npy
JayJFrmrEXc69IPqcHfg,sleep,63,train,JayJFrmrEXc69IPqcHfg.npy
3rEVJUql3QN7GGDZdl62,sleep,49,train,3rEVJUql3QN7GGDZdl62.npy
ALhFhkKXUv5zOzgT34Qo,hospital,36,test,ALhFhkKXUv5zOzgT34Qo.npy
wwFmU9NpYWful4nzAruP,sick,48,test,wwFmU9NpYWful4nzAruP.npy
9CAOj2tf8fIP8E8tcycf,big,84,train,9CAOj2tf8fIP8E8tcycf.npy
xvqfmTlk6w1uTT2vr0E0,hot,84,train,xvqfmTlk6w1uTT2vr0E0.npy
YA4kz6ryftjGT8IxTLuk,night,62,train,YA4kz6ryftjGT8IxTLuk.npy
BF5gUsl7Km3vldDlrQrC,maybe,39,train,BF5gUsl7Km3vldDlrQrC.npy
MVm7LM7DFxpaUNkULSmG,stop,53,test,MVm7LM7DFxpaUNkULSmG.npy
ctqG1JGf8WDcXGQXm2CI,water,84,train,ctqG1JGf8WDcXGQXm2CI.npy
4GBNyqYCuwQm6eYvDHYt,hospital,30,train,4GBNyqYCuwQm6eYvDHYt.npy
RcEF6V2AXoOMkYGFEnHm,wait,61,test,RcEF6V2AXoOMkYGFEnHm.npy
mvuAWc2TrDlqVZ2NmCZd,finish,62,train,mvuAWc2TrDlqVZ2NmCZd.npy
Pf2Uiqxflbd2N3QCl53c,drink,35,train,Pf2Uiqxflbd2N3QCl53c.npy
ZAvrjEouo5VA7VUZUMJg,who,17,train,ZAvrjEouo5VA7VUZUMJg.npy
Rb9uEZJnZuIrfWM3U8mF,sleep,62,val,Rb9uEZJnZuIrfWM3U8mF.npy
m7vDjRLWryUtuBF1IdSL,big,49,val,m7vDjRLWryUtuBF1IdSL.npy
NlEX4altvJvZYLR1DM5i,muscle,57,test,NlEX4altvJvZYLR1DM5i.npy
bLQhUER1BSuf1nL97LcD,which,17,val,bLQhUER1BSuf1nL97LcD.npy
zBrmZweq03jT3VGnnjls,who,39,val,zBrmZweq03jT3VGnnjls.npy
PoBld8uhXrS8ly7vX9FX,surgery,63,train,PoBld8uhXrS8ly7vX9FX.npy
L5NoOLhdjMJ90QS1eX6P,give,11,train,L5NoOLhdjMJ90QS1eX6P.npy
7EOOwpvLXItxVqpKPOFQ,hot,80,val,7EOOwpvLXItxVqpKPOFQ.npy
efbtl0Ft7dVMKXygEmZS,bathroom,85,train,efbtl0Ft7dVMKXygEmZS.npy
kNGSDdgMKkHdl3xckk8v,day,23,val,kNGSDdgMKkHdl3xckk8v.npy
clYIeXDFb7MD3iqRsoKe,drink,84,val,clYIeXDFb7MD3iqRsoKe.npy
CmoJmZaSZoQYUrHEc8Ne,choke,63,val,CmoJmZaSZoQYUrHEc8Ne.npy
XeQs0girlGP902jzRqPz,maybe,42,val,XeQs0girlGP902jzRqPz.npy
ucy2pyICir2Xd404sMjK,tired,39,train,ucy2pyICir2Xd404sMjK.npy
rMPIh6060cHmzx7XQyfn,sit,78,val,rMPIh6060cHmzx7XQyfn.npy
5HyTO5hrnlHoHn7yOmzC,when,38,val,5HyTO5hrnlHoHn7yOmzC.npy
HkmpGGVRHwlkHb8YIUqO,teeth,88,val,HkmpGGVRHwlkHb8YIUqO.npy
fXh0xWsjdyPlZncNvlpA,water,61,test,fXh0xWsjdyPlZncNvlpA.npy
1zFuoBDvuFpmZ00dy6Mk,choke,38,train,1zFuoBDvuFpmZ00dy6Mk.npy
Ids7nfVpRhHKxGv2RZwm,want,39,val,Ids7nfVpRhHKxGv2RZwm.npy
pcvUigeA7H47Ego0YugZ,open,76,train,pcvUigeA7H47Ego0YugZ.npy
aBV9q31iUBq52iKtLvUI,sick,46,train,aBV9q31iUBq52iKtLvUI.npy
KGac0a2gpI9zAPHvSN9S,why,48,test,KGac0a2gpI9zAPHvSN9S.npy
U5hv5QC4xerMLpuXxspK,woman,61,test,U5hv5QC4xerMLpuXxspK.npy
8VrUscTs53IWK2TOxPTP,big,35,train,8VrUscTs53IWK2TOxPTP.npy
76MQDNYXyelFNV9STnMN,go,17,train,76MQDNYXyelFNV9STnMN.npy
0lhGywh9g5ZnhZ78neC7,family,59,train,0lhGywh9g5ZnhZ78neC7.npy
du4dqCP7eJHLWaKk0MZ3,cold,23,train,du4dqCP7eJHLWaKk0MZ3.npy
vWheIWKVCPQ8Fia7qRB4,baby,61,test,vWheIWKVCPQ8Fia7qRB4.npy
Pwek61JEfTfjvXQXG3GF,sick,46,val,Pwek61JEfTfjvXQXG3GF.npy
XKdBveM88YNPXCt1Zp2s,who,57,test,XKdBveM88YNPXCt1Zp2s.npy
ssWnrVWYp9bCFitVB4G2,can,62,val,ssWnrVWYp9bCFitVB4G2.npy
HHBEosFZcwsl1frBXwzf,night,62,train,HHBEosFZcwsl1frBXwzf.npy
AF1LSzDBHJ7xRvyjGEt8,drink,61,test,AF1LSzDBHJ7xRvyjGEt8.npy
3L3IqMvzf4sUzRBq0E42,strong,57,test,3L3IqMvzf4sUzRBq0E42.npy
UwxdGZTFkywSwwqV874L,sick,84,train,UwxdGZTFkywSwwqV874L.npy
H8yR1GmLAeaai9ttNveQ,cold,39,train,H8yR1GmLAeaai9ttNveQ.npy
k8MWO06lAi3W5dE6LLDk,bathroom,7,val,k8MWO06lAi3W5dE6LLDk.npy
Xla2OURljxfgoZjPll0O,sick,59,train,Xla2OURljxfgoZjPll0O.npy
f90VtpcWnZBOOjSrWUQz,yes,39,train,f90VtpcWnZBOOjSrWUQz.npy
lmXHCFRPDFA6aTgB5a9i,night,76,train,lmXHCFRPDFA6aTgB5a9i.npy
AFBXBcB2VrtbILrHQ4Uo,water,7,val,AFBXBcB2VrtbILrHQ4Uo.npy
TN899xFgue0vb72uvOoE,can,17,train,TN899xFgue0vb72uvOoE.npy
G1E04QuPjdCh5qcbQeIr,cough,46,train,G1E04QuPjdCh5qcbQeIr.npy
DOa8jNv9NqKA0tCvd0HQ,tongue,49,train,DOa8jNv9NqKA0tCvd0HQ.npy
oVlWG8NeaR8gXtkecFFw,father,49,train,oVlWG8NeaR8gXtkecFFw.npy
mncouspHweEl4G05YyEo,wait,49,train,mncouspHweEl4G05YyEo.npy
OFU8vTvA2Xfe01mZWn97,bathroom,35,train,OFU8vTvA2Xfe01mZWn97.npy
nPtAuYotLMvsexUUOPA3,water,57,test,nPtAuYotLMvsexUUOPA3.npy
165XANUEs2BwxAfLDkXV,want,57,test,165XANUEs2BwxAfLDkXV.npy
TqicxK7v4hu9SumskcMD,feet,49,val,TqicxK7v4hu9SumskcMD.npy
8XpasLvOcV7ZPVyDchbr,ear,46,train,8XpasLvOcV7ZPVyDchbr.npy
ZfGhWxM6FLudcH1xICd2,cold,53,test,ZfGhWxM6FLudcH1xICd2.npy
uje409EMAGODUQVTdvTJ,stop,62,train,uje409EMAGODUQVTdvTJ.npy
hAMvivF0wHCPFPeTdgTo,finish,39,train,hAMvivF0wHCPFPeTdgTo.npy
xBG8JM8jsLCcVGN19b0B,not,84,train,xBG8JM8jsLCcVGN19b0B.npy
PeZWQQnufKGW2gIIe1Q0,long,39,train,PeZWQQnufKGW2gIIe1Q0.npy
CPEIgtKBwnf3P0hNdhmw,stop,49,train,CPEIgtKBwnf3P0hNdhmw.npy
XSnY1QRtBFlwaoxEhxlf,move,84,train,XSnY1QRtBFlwaoxEhxlf.npy
ZQVI5U8VLBNIPVsa5bH9,when,8,train,ZQVI5U8VLBNIPVsa5bH9.npy
KEWbpuyTemRXQT9SFL10,ask,62,train,KEWbpuyTemRXQT9SFL10.npy
aSBTsVMgUm0dSvxTmHNm,finish,30,train,aSBTsVMgUm0dSvxTmHNm.npy
ILLLWZnQUUDkaGzxpAYu,sick,61,test,ILLLWZnQUUDkaGzxpAYu.npy
UUYqXUE3NTZ9S5yNw8Uf,close,60,val,UUYqXUE3NTZ9S5yNw8Uf.npy
Wd7DVqEdbyWcbwuHpxgs,day,84,train,Wd7DVqEdbyWcbwuHpxgs.npy
sUXO34CPMQ782HeXj26z,stop,7,val,sUXO34CPMQ782HeXj26z.npy
RypwQrY4Pkqld70vLPDe,nurse,88,train,RypwQrY4Pkqld70vLPDe.npy
PfGJiB2sSDa3h9pMILRf,who,46,train,PfGJiB2sSDa3h9pMILRf.npy
AAHGpFQCVB7YLD9Yc7KL,need,8,train,AAHGpFQCVB7YLD9Yc7KL.npy
35QxCVvG2ZwlUDeRz0rh,stop,38,train,35QxCVvG2ZwlUDeRz0rh.npy
7aj2azNGF6iP0m75mIaa,hurt,52,val,7aj2azNGF6iP0m75mIaa.npy
40NUoGm2C3kglAnw1Mcw,come,11,train,40NUoGm2C3kglAnw1Mcw.npy
mHVLkMr7bx1LJL4yYveK,week,88,train,mHVLkMr7bx1LJL4yYveK.npy
FqUNkVKQl4IeNYvnAU0M,stop,47,test,FqUNkVKQl4IeNYvnAU0M.npy
oPI5XFb3fYkkLvSEB7gf,hurt,61,test,oPI5XFb3fYkkLvSEB7gf.npy
33E3HQR8K2omsCaAmvhC,cold,46,val,33E3HQR8K2omsCaAmvhC.npy
Ooa54e3AF3GJ0brMlzzg,bad,49,train,Ooa54e3AF3GJ0brMlzzg.npy
6IsgEhtIC5jPsrQuZcpT,finish,12,train,6IsgEhtIC5jPsrQuZcpT.npy
KEyayWYeYu9Iugd65lx2,man,49,val,KEyayWYeYu9Iugd65lx2.npy
QuwVoQD9lUyg08zDnKHY,better,39,train,QuwVoQD9lUyg08zDnKHY.npy
95TxXtPbOWmMRCfR9Izl,morning,17,val,95TxXtPbOWmMRCfR9Izl.npy
Rcm0UDpXlfDyOu3L26MB,doctor,84,train,Rcm0UDpXlfDyOu3L26MB.npy
OedDGqXGcICYjeUEujbj,cold,39,train,OedDGqXGcICYjeUEujbj.npy
kz2ekg6S4DsgrtTHvirv,sleep,84,train,kz2ekg6S4DsgrtTHvirv.npy
UwGgnotZ3vhkp0l568LZ,doctor,35,val,UwGgnotZ3vhkp0l568LZ.npy
uw5EKkbl52SR1NNpjdbl,sit,84,train,uw5EKkbl52SR1NNpjdbl.npy
VacEMNba25lhGe4KMJ3H,hands,84,train,VacEMNba25lhGe4KMJ3H.npy
vHYKu9Q3AkhucrLX2OJL,more,61,test,vHYKu9Q3AkhucrLX2OJL.npy
h1PpuS6OJjxH5mbz4ovp,want,46,train,h1PpuS6OJjxH5mbz4ovp.npy
dsFOVtOUcI1ntMVOg1uS,hurt,46,train,dsFOVtOUcI1ntMVOg1uS.npy
hlMqHCIx3YCfvuLZ6Gxh,no,57,test,hlMqHCIx3YCfvuLZ6Gxh.npy
M5IweMRkxdFfY5mPm6Vf,thank_you,8,train,M5IweMRkxdFfY5mPm6Vf.npy
cEpKf9L6aSKMlqPFIiGM,now,7,train,cEpKf9L6aSKMlqPFIiGM.npy
TbHDK2lMCARWTN0v7Hbl,today,49,train,TbHDK2lMCARWTN0v7Hbl.npy
gcntx3eWrAivEwUf8Ouy,feel,61,test,gcntx3eWrAivEwUf8Ouy.npy
jCER6jHMWwfUffPGzNW9,pain,14,val,jCER6jHMWwfUffPGzNW9.npy
kNaAQa2BVaeQjC8MVtgh,family,7,train,kNaAQa2BVaeQjC8MVtgh.npy
T9qkD4JMKcvEI6yOUtsz,finish,57,test,T9qkD4JMKcvEI6yOUtsz.npy
R3DX2KGEMW1Pz1j7AiSs,leg,85,train,R3DX2KGEMW1Pz1j7AiSs.npy
gc3uBLw26gLhTgbLmqip,long,57,test,gc3uBLw26gLhTgbLmqip.npy
TfQN49CsLEIgPfaHXQap,walk,17,val,TfQN49CsLEIgPfaHXQap.npy
RZ28rYiqBHB0BgAWQpCx,water,8,train,RZ28rYiqBHB0BgAWQpCx.npy
HRvxCxppoOcg5x5PjDaI,ask,88,val,HRvxCxppoOcg5x5PjDaI.npy
z2kuijPutfYWsOBRvLzN,please,57,test,z2kuijPutfYWsOBRvLzN.npy
ADJvLpQm5QsWstHn1AWM,day,57,test,ADJvLpQm5QsWstHn1AWM.npy
H4izBzfyN5QFKZTBvrRB,blood,48,test,H4izBzfyN5QFKZTBvrRB.npy
aRPyXFfpWAdmQZGfZA8H,where,88,train,aRPyXFfpWAdmQZGfZA8H.npy
CTYbbBiBzOdV6hmdMUgA,mouth,62,train,CTYbbBiBzOdV6hmdMUgA.npy
nVbretBMREoBQvR2mOWH,choke,84,train,nVbretBMREoBQvR2mOWH.npy
E6GNRl6Zs1UCB8guI0ZW,sit,35,train,E6GNRl6Zs1UCB8guI0ZW.npy
BRTxWWZF25mEC67OEHYQ,drink,88,train,BRTxWWZF25mEC67OEHYQ.npy
WmooUoaqbIhqRdvBTg5A,big,17,train,WmooUoaqbIhqRdvBTg5A.npy
2MPl6fCsM0ashjrPZLyk,close,43,train,2MPl6fCsM0ashjrPZLyk.npy
y46LB23fFBrODsAh6CXl,want,49,train,y46LB23fFBrODsAh6CXl.npy
KpL6GlZzs9IXE4GMe5LI,blood,38,train,KpL6GlZzs9IXE4GMe5LI.npy
BVKnSuHYRUSGwtGZQxxj,doctor,17,train,BVKnSuHYRUSGwtGZQxxj.npy
MpV5cqKfBIT4bcIzyoqs,night,52,val,MpV5cqKfBIT4bcIzyoqs.npy
s2QsmgociJUm55Hb2LoT,finish,46,val,s2QsmgociJUm55Hb2LoT.npy
Vt5GDaHHjBsjDDIudcDq,take,8,train,Vt5GDaHHjBsjDDIudcDq.npy
zRUvlS2xaEORTdBj2k4k,move,11,train,zRUvlS2xaEORTdBj2k4k.npy
XJA3cb3NAYxId0iLtw0x,test,62,train,XJA3cb3NAYxId0iLtw0x.npy
BsRRIv5EPtTrfV5ClEHw,year,84,val,BsRRIv5EPtTrfV5ClEHw.npy
D0WPTCSilQcEXdYFfqYV,woman,35,val,D0WPTCSilQcEXdYFfqYV.npy
DGV7eEEOMcOlgAEoFrkF,hot,62,train,DGV7eEEOMcOlgAEoFrkF.npy
kcs4Rqnl8ldrJxvGEm4y,doctor,80,train,kcs4Rqnl8ldrJxvGEm4y.npy
J8QC3xU8KtnhaMqPl7fp,day,11,train,J8QC3xU8KtnhaMqPl7fp.npy
ajKdoO6yNXY1HSN23wWg,start,84,val,ajKdoO6yNXY1HSN23wWg.npy
Ir5mDkzF5gEHoo799zJS,who,7,train,Ir5mDkzF5gEHoo799zJS.npy
uRy9JahI341KaHFh0PZW,bed,62,train,uRy9JahI341KaHFh0PZW.npy
CTzpwTb367ykjHVJXd9j,give,11,train,CTzpwTb367ykjHVJXd9j.npy
w9BlbDf4eVZEJAqI7g0L,test,61,test,w9BlbDf4eVZEJAqI7g0L.npy
uYziTkYQpVAhR7CSp3CD,tired,59,val,uYziTkYQpVAhR7CSp3CD.npy
CSzoQdjUr0o3g06iWADM,tired,11,train,CSzoQdjUr0o3g06iWADM.npy
auRSww5rSubPZvAOC65M,drink,35,train,auRSww5rSubPZvAOC65M.npy
lsm7pvrc2MxfZ9fESgdc,feel,46,val,lsm7pvrc2MxfZ9fESgdc.npy
kjT8HwmzYCefYolKLa5H,mouth,46,val,kjT8HwmzYCefYolKLa5H.npy
FdPS9SxRILRTjhRGaY9G,tired,14,train,FdPS9SxRILRTjhRGaY9G.npy
ZU9OuhUdU8UrIsDWcCC7,breathe,38,train,ZU9OuhUdU8UrIsDWcCC7.npy
7C2pd3fNCzWH5vLL8EbE,sick,14,train,7C2pd3fNCzWH5vLL8EbE.npy
omTy1HcDJoNCdddRREeW,when,88,train,omTy1HcDJoNCdddRREeW.npy
vhJVqjUin6lre6wxqxJb,cough,35,val,vhJVqjUin6lre6wxqxJb.npy
nnzsX9pIalwBul7rwOAJ,family,48,test,nnzsX9pIalwBul7rwOAJ.npy
TB10DjLEuyQKC9mega7e,head,7,train,TB10DjLEuyQKC9mega7e.npy
GfvVPXeEgAWy9xocBQVG,week,39,val,GfvVPXeEgAWy9xocBQVG.npy
zTC5ZgpAw4ft1Dx1AOBE,yes,57,test,zTC5ZgpAw4ft1Dx1AOBE.npy
GpxPTrb0pL3WVUKYkMb5,need,62,val,GpxPTrb0pL3WVUKYkMb5.npy
y1l50yqvwycBdTQK9gwI,can,39,train,y1l50yqvwycBdTQK9gwI.npy
piPaDzxjVQ8r1ETyU2eo,week,33,test,piPaDzxjVQ8r1ETyU2eo.npy
cl5alOauC9rcFgZoyp7o,better,62,train,cl5alOauC9rcFgZoyp7o.npy
EuP6ZeR78kgQPtJ2skSD,go,84,train,EuP6ZeR78kgQPtJ2skSD.npy
q2dbjamc0aNfyrmTqLCe,go,42,train,q2dbjamc0aNfyrmTqLCe.npy
Pt59whW8kDF9O9cuferU,pill,88,train,Pt59whW8kDF9O9cuferU.npy
Vh2J6HCuv9ftupdLZjoa,cold,54,train,Vh2J6HCuv9ftupdLZjoa.npy
aMdvyToTHMrPGylYi9nl,water,39,train,aMdvyToTHMrPGylYi9nl.npy
FqbxNJq3w5Jdyrab3RhB,want,54,train,FqbxNJq3w5Jdyrab3RhB.npy
ogxmXYx7WwJEUFnSkhL2,take,53,test,ogxmXYx7WwJEUFnSkhL2.npy
ufIn1njV9TbFOPZEnxyQ,doctor,49,train,ufIn1njV9TbFOPZEnxyQ.npy
D82xezfUG7nNx7Y2wkqB,big,48,test,D82xezfUG7nNx7Y2wkqB.npy
UiL5AI56dL5Z6wlh3mWe,not,23,val,UiL5AI56dL5Z6wlh3mWe.npy
MMqctOohaD1Yk1lYZNzU,morning,17,train,MMqctOohaD1Yk1lYZNzU.npy
qG8SZNDXsYyKYyDi0iDU,finish,46,train,qG8SZNDXsYyKYyDi0iDU.npy
8zwEulgOpAi4HsnMOzTs,heart,49,train,8zwEulgOpAi4HsnMOzTs.npy
8NUTvCFXvqNFp3MOmCJM,please,31,train,8NUTvCFXvqNFp3MOmCJM.npy
seMQpPKbHG8WsraiJKcg,pain,64,test,seMQpPKbHG8WsraiJKcg.npy
z1fc7MV8UxC5GmCNxLcu,where,57,test,z1fc7MV8UxC5GmCNxLcu.npy
PLLJqxbcKTLUusQSawHp,want,35,val,PLLJqxbcKTLUusQSawHp.npy
fUTEiM9Um9FDT3QCF79t,hurt,61,test,fUTEiM9Um9FDT3QCF79t.npy
8OYVikWeqerxfYhnRocm,feel,46,train,8OYVikWeqerxfYhnRocm.npy
dAPMfck83AuQtPGuLb1j,drink,62,train,dAPMfck83AuQtPGuLb1j.npy
rm1PwJ5aMlKRXiJWc1Rj,sorry,7,train,rm1PwJ5aMlKRXiJWc1Rj.npy
fCLa0cCSlZpJ5r4i0Ypq,big,35,train,fCLa0cCSlZpJ5r4i0Ypq.npy
Z68GBmnYFDJUqUi769ae,drink,62,val,Z68GBmnYFDJUqUi769ae.npy
TdvWvOOmwQuZ8QSriTbY,go,49,val,TdvWvOOmwQuZ8QSriTbY.npy
Ok4cp8qiwwrODeO2lsfD,where,17,train,Ok4cp8qiwwrODeO2lsfD.npy
czjxDnWNPy8JKhfEzmNR,tired,60,train,czjxDnWNPy8JKhfEzmNR.npy
ilGropp0J1TawSVZZ6fM,baby,84,train,ilGropp0J1TawSVZZ6fM.npy
VJbvrktq9cDqM0C5DMrf,feel,57,test,VJbvrktq9cDqM0C5DMrf.npy
ZmXXasELPAXugAPj57dn,open,57,test,ZmXXasELPAXugAPj57dn.npy
za8ZdWznAC22n8m8ZJnY,finish,63,train,za8ZdWznAC22n8m8ZJnY.npy
S2KZW6xGkEUUIBRiG1rS,medicine,80,train,S2KZW6xGkEUUIBRiG1rS.npy
BldH34k34PWDWfYhPHQ1,long,60,train,BldH34k34PWDWfYhPHQ1.npy
fiAWuzeIs13BfvZoZSj8,mother,85,train,fiAWuzeIs13BfvZoZSj8.npy
wvzqrMbS5RKmTLQG0JL3,test,85,val,wvzqrMbS5RKmTLQG0JL3.npy
wPklRmgCvj6CdDtTJ686,tomorrow,7,train,wPklRmgCvj6CdDtTJ686.npy
DG5EmntpabAsYugtIqnZ,blood,88,train,DG5EmntpabAsYugtIqnZ.npy
YYMwZiWhPjw0rVV5nQux,minute,49,train,YYMwZiWhPjw0rVV5nQux.npy
H3D9PRz8GTLRnBqdTNtT,father,62,train,H3D9PRz8GTLRnBqdTNtT.npy
GJ3PnERHD8E1tthOO1wp,more,62,train,GJ3PnERHD8E1tthOO1wp.npy
WMudSpaht5km45P5h8cL,hurt,46,train,WMudSpaht5km45P5h8cL.npy
oIMS2Fr5QMmsI1jE3zrB,take,39,train,oIMS2Fr5QMmsI1jE3zrB.npy
7BGVSNeEFIIcrwUYNXSs,wait,61,test,7BGVSNeEFIIcrwUYNXSs.npy
YSwG2O30pJn8ieIvfQPF,morning,30,train,YSwG2O30pJn8ieIvfQPF.npy
wwPrC0r9UDSS5nzt6SUu,finish,84,train,wwPrC0r9UDSS5nzt6SUu.npy
8vTLZl24qrdaBjipZ8jb,finish,84,val,8vTLZl24qrdaBjipZ8jb.npy
ZTQDqCtrX0g5mM5aEDym,need,17,train,ZTQDqCtrX0g5mM5aEDym.npy
mMDji36Vqed7chu1wSsk,tired,46,val,mMDji36Vqed7chu1wSsk.npy
KOR8jNh1hw3nYxXqDyd8,long,39,val,KOR8jNh1hw3nYxXqDyd8.npy
3AABrLorVpUmlvvaF9Rs,family,7,train,3AABrLorVpUmlvvaF9Rs.npy
TAuz3gOsA0IpxWgTuBoE,face,39,train,TAuz3gOsA0IpxWgTuBoE.npy
ILoelyeix2BpJp28xCsO,come,39,train,ILoelyeix2BpJp28xCsO.npy
1e7uoZqFUC2Oe8MtcuAF,show,38,val,1e7uoZqFUC2Oe8MtcuAF.npy
o1hBXJrBNyVas6DGxYNs,big,46,val,o1hBXJrBNyVas6DGxYNs.npy
EHcQLmpdD6SaxFXbRnME,drink,33,test,EHcQLmpdD6SaxFXbRnME.npy
fFGR43UAP3E4oNiX7y0j,show,39,train,fFGR43UAP3E4oNiX7y0j.npy
evRU424efxL1UYjEMPAR,water,59,train,evRU424efxL1UYjEMPAR.npy
KVpu8FCtTus5aeCufrOM,cold,57,test,KVpu8FCtTus5aeCufrOM.npy
iWH9lVwD6QsDZk2mvFfr,hot,49,train,iWH9lVwD6QsDZk2mvFfr.npy
UZiFKx7Vth0YqW61Dk5U,take,85,train,UZiFKx7Vth0YqW61Dk5U.npy
3L3kqL3UXIagkbaYr6ds,feel,49,train,3L3kqL3UXIagkbaYr6ds.npy
4zsejeFJigyqmzrPKiMR,night,39,train,4zsejeFJigyqmzrPKiMR.npy
xaF9cPSEKQ6WcU2WyjJP,hurt,14,train,xaF9cPSEKQ6WcU2WyjJP.npy
NiT3xVXp4jZMygXJQHlp,show,49,train,NiT3xVXp4jZMygXJQHlp.npy
GjL7h8TmNaIY9dPj5USZ,cold,11,train,GjL7h8TmNaIY9dPj5USZ.npy
oVHg2oI6E8beQ3K9bXbp,feel,7,train,oVHg2oI6E8beQ3K9bXbp.npy
Jy9EmQU376kdNb7SPjnu,water,48,test,Jy9EmQU376kdNb7SPjnu.npy
859FXzmtS7PhwQDpRKxY,bleed,7,train,859FXzmtS7PhwQDpRKxY.npy
GJtrajvbrPdhjfcMij1l,doctor,49,val,GJtrajvbrPdhjfcMij1l.npy
7MHM5Nye94kFUsidwzTK,wait,78,train,7MHM5Nye94kFUsidwzTK.npy
uAOiFQy4z5ulxBqG6mv2,breathe,14,val,uAOiFQy4z5ulxBqG6mv2.npy
eB4ZtBrYj5fQP17sCFTm,water,8,val,eB4ZtBrYj5fQP17sCFTm.npy
1PDhgjjndyiNE5QzZZum,head,46,train,1PDhgjjndyiNE5QzZZum.npy
kKC3zP46PMM992i1mTHA,finish,39,train,kKC3zP46PMM992i1mTHA.npy
fJGoo89LMBVZYclYx6Er,month,43,train,fJGoo89LMBVZYclYx6Er.npy
KKY3tNuXZgIALC23Bfsa,now,84,train,KKY3tNuXZgIALC23Bfsa.npy
Vi6Pjak9NnygGwNzPLJE,family,59,val,Vi6Pjak9NnygGwNzPLJE.npy
F3EkfEaucUVX7V30KYJ4,move,39,train,F3EkfEaucUVX7V30KYJ4.npy
gpA3tM6uP4ts5RcGb6GP,go,46,train,gpA3tM6uP4ts5RcGb6GP.npy
p2BmV2S33JJqYzkBayIp,glasses,49,train,p2BmV2S33JJqYzkBayIp.npy
7h8xY29LSbArDIVG7OmY,need,49,train,7h8xY29LSbArDIVG7OmY.npy
3EpYOiRsQLj8WzEnQBmV,hospital,48,test,3EpYOiRsQLj8WzEnQBmV.npy
4jDIR1XsQ5yjFz5jJixj,water,48,test,4jDIR1XsQ5yjFz5jJixj.npy
WwVHQGfJvVKppzlAHpHq,hurt,38,val,WwVHQGfJvVKppzlAHpHq.npy
AEMTia6vzJbAsVNVNI1L,cold,80,val,AEMTia6vzJbAsVNVNI1L.npy
A7XAxHMwc3FX5XxAMgbj,thank_you,11,train,A7XAxHMwc3FX5XxAMgbj.npy
CPrHJoL8NTMKKlJ6kKXl,finish,38,val,CPrHJoL8NTMKKlJ6kKXl.npy
Jt5q4ChbjCi5DYF31Xu0,understand,62,val,Jt5q4ChbjCi5DYF31Xu0.npy
8UfKkNilUlw8pmkk619A,start,49,train,8UfKkNilUlw8pmkk619A.npy
3iGBZwC5cZfRnHwdGAdY,feel,57,test,3iGBZwC5cZfRnHwdGAdY.npy
UUAOxjKre9v8oY60zN6S,pain,39,train,UUAOxjKre9v8oY60zN6S.npy
04Bndgg5NzQcY3hGd38w,today,88,train,04Bndgg5NzQcY3hGd38w.npy
M9f1T6GnzIz2eL9kjn3A,hurt,48,test,M9f1T6GnzIz2eL9kjn3A.npy
Y7AoLwkNnSZBrKf3UDB2,doctor,49,train,Y7AoLwkNnSZBrKf3UDB2.npy
ykpCybEtNSkYiVjZQG7P,much,42,train,ykpCybEtNSkYiVjZQG7P.npy
WvOM9NmnMaPzXF7YzMTz,water,31,train,WvOM9NmnMaPzXF7YzMTz.npy
XsPWKJeSa1hFzFUOvFSK,cold,35,train,XsPWKJeSa1hFzFUOvFSK.npy
xGJSJ0qT7YZk35obGs8V,family,57,test,xGJSJ0qT7YZk35obGs8V.npy
E65zZ8fWo7YKywVPk6q2,open,62,val,E65zZ8fWo7YKywVPk6q2.npy
B4mq4fWuqk4R21tTtW18,hurt,35,train,B4mq4fWuqk4R21tTtW18.npy
iwOhJ6dcBn2NF9HIvEjO,back,46,train,iwOhJ6dcBn2NF9HIvEjO.npy
xUan0ZgLMbiWrVgktAY1,sleep,42,train,xUan0ZgLMbiWrVgktAY1.npy
qaP4W0XKH5XgMp4AY43C,give,30,train,qaP4W0XKH5XgMp4AY43C.npy
WSsBCx0yTVowyFnjxC4b,woman,42,train,WSsBCx0yTVowyFnjxC4b.npy
0Nhi1SPFTZPzffG4BjkP,drink,30,val,0Nhi1SPFTZPzffG4BjkP.npy
WTzHIKyeLJJO4PpviMh3,who,17,train,WTzHIKyeLJJO4PpviMh3.npy
HoxV6q3wmTiXZKH8OGh6,choke,17,train,HoxV6q3wmTiXZKH8OGh6.npy
PCGHZ0QRRk6fTROHspTI,help,49,train,PCGHZ0QRRk6fTROHspTI.npy
fPTDXqt554cTIN1cin06,family,35,train,fPTDXqt554cTIN1cin06.npy
Hg8PFwdJjonVd28rKVv6,feel,30,val,Hg8PFwdJjonVd28rKVv6.npy
IJvAoMf6rWKM1pVG1LzZ,hurt,17,train,IJvAoMf6rWKM1pVG1LzZ.npy
Ar6hi5rzNSlXd5tXanii,understand,46,train,Ar6hi5rzNSlXd5tXanii.npy
w3cTB0N2qh8zhcf04PFe,family,57,test,w3cTB0N2qh8zhcf04PFe.npy
RoJYEtsny38aE6Afbq3W,yes,23,val,RoJYEtsny38aE6Afbq3W.npy
7nooRyLRI77puN6bm8Ir,cold,8,train,7nooRyLRI77puN6bm8Ir.npy
gHMMqsibSwYVQhdTJAqm,big,61,test,gHMMqsibSwYVQhdTJAqm.npy
DvvXsJHXbdrbe09dbJF4,need,48,test,DvvXsJHXbdrbe09dbJF4.npy
fmz0LjwLp8PeEVpIkmbw,long,84,train,fmz0LjwLp8PeEVpIkmbw.npy
bIoimz5Yp0eBcccZFSJq,need,88,train,bIoimz5Yp0eBcccZFSJq.npy
52qmkV1ovTe9tW7qn284,month,46,val,52qmkV1ovTe9tW7qn284.npy
px22cPFwoP1unaf3guch,sorry,49,train,px22cPFwoP1unaf3guch.npy
Y8BZqJdLQ7lBKlTIqmeK,sit,31,train,Y8BZqJdLQ7lBKlTIqmeK.npy
ZZdw6raZVYTVVWg0YJh8,medicine,17,train,ZZdw6raZVYTVVWg0YJh8.npy
wsipxBqA1OXPCz9nWdHE,show,31,train,wsipxBqA1OXPCz9nWdHE.npy
8915y5BQ8uUm8LhupF5Z,where,11,val,8915y5BQ8uUm8LhupF5Z.npy
poEnFcfCW2kfML3vZ8lG,bad,39,train,poEnFcfCW2kfML3vZ8lG.npy
6CuUQO4mGsaDzho8k89V,sick,7,val,6CuUQO4mGsaDzho8k89V.npy
Z9H2obXDCWkpwDISj3Bi,feel,53,test,Z9H2obXDCWkpwDISj3Bi.npy
QGJ2BPK2S0DLvsD3uNYL,week,42,train,QGJ2BPK2S0DLvsD3uNYL.npy
m8KnyuUsoZSWKAjoQTgm,hurt,52,train,m8KnyuUsoZSWKAjoQTgm.npy
7NVVnCRPtkNS7OMjTzuL,bad,57,test,7NVVnCRPtkNS7OMjTzuL.npy
fKJgjyHJIycsxvJTfoox,dentist,35,train,fKJgjyHJIycsxvJTfoox.npy
5mJWHi0mSQnMxOjpeGZK,bad,46,train,5mJWHi0mSQnMxOjpeGZK.npy
Uy3xQSnVDd5h2rshMNiJ,water,63,train,Uy3xQSnVDd5h2rshMNiJ.npy
YFirkcwpDkkVtIdUSy7D,wait,60,val,YFirkcwpDkkVtIdUSy7D.npy
7Otl2BYtpQBahIJrEmxL,finish,38,train,7Otl2BYtpQBahIJrEmxL.npy
2YNuvrvKJZBpjPRCbLed,hurt,64,test,2YNuvrvKJZBpjPRCbLed.npy
71NPaV91nvkMtHiiCIjT,hurt,39,val,71NPaV91nvkMtHiiCIjT.npy
WxQQHhWtbXPUtFBqU3rX,hot,30,train,WxQQHhWtbXPUtFBqU3rX.npy
rOanRO3mRNEGh6oSjtZh,start,42,train,rOanRO3mRNEGh6oSjtZh.npy
6w0kWQas4dqHzEvvxQd2,move,57,test,6w0kWQas4dqHzEvvxQd2.npy
CHloTq8yTN81TlCndhnj,hurt,62,train,CHloTq8yTN81TlCndhnj.npy
clxk1uUZGzf7L1iqBFb2,throat,39,train,clxk1uUZGzf7L1iqBFb2.npy
whbbj20KufDteYVblpvI,family,30,train,whbbj20KufDteYVblpvI.npy
Tj2Q0KMQhTJ80qrW2Jte,hot,85,val,Tj2Q0KMQhTJ80qrW2Jte.npy
kZIvZBrVdzVZn8g6MemP,big,49,train,kZIvZBrVdzVZn8g6MemP.npy
n5frmVcFVVn1XrHSwLUc,hot,48,test,n5frmVcFVVn1XrHSwLUc.npy
zsN1SVx5mahoCYYiwnm8,hospital,49,val,zsN1SVx5mahoCYYiwnm8.npy
RDalRmERftyUIKrlvNTk,strong,39,train,RDalRmERftyUIKrlvNTk.npy
H6WjUMh4mLJlR5LZrgVg,want,39,train,H6WjUMh4mLJlR5LZrgVg.npy
9rq9N3TtOqmrvoGTVYXp,drink,59,train,9rq9N3TtOqmrvoGTVYXp.npy
wkPaj4AsLhEC6KnAqCgA,family,48,test,wkPaj4AsLhEC6KnAqCgA.npy
QHip3Zagkua3LzG3m11N,show,36,test,QHip3Zagkua3LzG3m11N.npy
1kCeQiIfCaGCx1XcmPtc,tell,57,test,1kCeQiIfCaGCx1XcmPtc.npy
MAxV79lPzwgJNbnG6WPt,baby,38,train,MAxV79lPzwgJNbnG6WPt.npy
V5XMcoCE0a8XrK5nELEr,come,80,train,V5XMcoCE0a8XrK5nELEr.npy
WSJSD3brDvwb75NXiBWP,much,46,train,WSJSD3brDvwb75NXiBWP.npy
4FeWoVEB6tc5mhgNF60G,more,50,test,4FeWoVEB6tc5mhgNF60G.npy
Ht5L5W9tjrMBRegcyNX2,muscle,39,train,Ht5L5W9tjrMBRegcyNX2.npy
RmVMnynYq3EO5azQn2fe,now,39,train,RmVMnynYq3EO5azQn2fe.npy
io5POThGKz8qUayIMkfr,test,39,train,io5POThGKz8qUayIMkfr.npy
6kfQv7FlXhTJ9DG5f1UE,today,38,val,6kfQv7FlXhTJ9DG5f1UE.npy
2PNLB5hZfbbvhGRtTVzE,head,7,train,2PNLB5hZfbbvhGRtTVzE.npy
lWCsNwJhGIRTaBZzzthI,morning,84,train,lWCsNwJhGIRTaBZzzthI.npy
KL1nNEm1qROWZBhIYNb1,baby,14,train,KL1nNEm1qROWZBhIYNb1.npy
Vh8LoKGQtqzi3ySyfBMT,feet,7,train,Vh8LoKGQtqzi3ySyfBMT.npy
wBAaNlBSoKzA0ecvEcyI,where,80,train,wBAaNlBSoKzA0ecvEcyI.npy
KJ8sGjCKn8QE2A6zRt1o,again,60,val,KJ8sGjCKn8QE2A6zRt1o.npy
tq1fOcbj5bGN2aIeNlkF,water,30,train,tq1fOcbj5bGN2aIeNlkF.npy
80YsLmM6EKoGmIseQfpX,test,62,train,80YsLmM6EKoGmIseQfpX.npy
BtIFXjeiM8BVyweLnHJB,open,39,train,BtIFXjeiM8BVyweLnHJB.npy
AMbTRoC7GAdGnUpBPRIY,water,80,val,AMbTRoC7GAdGnUpBPRIY.npy
GxvghT9He2OrVVpwv8qw,need,14,val,GxvghT9He2OrVVpwv8qw.npy
n2k3JEqLqG1HKGtatDbM,sit,84,val,n2k3JEqLqG1HKGtatDbM.npy
Uhbu1yhGEZsNUIkCDseb,sleep,7,train,Uhbu1yhGEZsNUIkCDseb.npy
mnvQmO8hIcJIjq0D1gWq,eat,78,train,mnvQmO8hIcJIjq0D1gWq.npy
O1fHdz7fFjiFp1fcghNv,ask,30,train,O1fHdz7fFjiFp1fcghNv.npy
OoSsacQM6Hyg6A1J5Vhi,long,64,test,OoSsacQM6Hyg6A1J5Vhi.npy
XAGRSUtGBC8bXLmMYu6Z,hot,49,train,XAGRSUtGBC8bXLmMYu6Z.npy
s498CsT39D3GPQ30JTbF,eyes,88,val,s498CsT39D3GPQ30JTbF.npy
TYPjuf5tU6RJolGWPNRG,water,7,train,TYPjuf5tU6RJolGWPNRG.npy
P8MdFqeI2Tyd59Dv9L9M,nose,62,train,P8MdFqeI2Tyd59Dv9L9M.npy
JRSugxZxMWrxdf8iDc1E,hands,31,train,JRSugxZxMWrxdf8iDc1E.npy
9wfintrwK5LN4oBrjEY5,month,88,train,9wfintrwK5LN4oBrjEY5.npy
HShaZSPfnydor36Vz6VO,water,23,train,HShaZSPfnydor36Vz6VO.npy
ieBDvEOufcKfA7WepFMj,where,17,train,ieBDvEOufcKfA7WepFMj.npy
AnQWCYPdkOETqSFp1h8z,skin,7,train,AnQWCYPdkOETqSFp1h8z.npy
65VbnbGe7fVhMItdWYfd,eyes,62,train,65VbnbGe7fVhMItdWYfd.npy
XiHeYtCdMw9kcsPApHMG,understand,62,train,XiHeYtCdMw9kcsPApHMG.npy
PPvCbaMIZX82rrzKhv0w,teeth,43,train,PPvCbaMIZX82rrzKhv0w.npy
nHqZYFeHK7F9j4b2byIA,where,57,test,nHqZYFeHK7F9j4b2byIA.npy
MfmrLTdwWjpMZzb0iZiK,tell,57,test,MfmrLTdwWjpMZzb0iZiK.npy
qAWELMyZMJs8iYtH5umN,yes,59,train,qAWELMyZMJs8iYtH5umN.npy
uKyKnVlzoEq9EAK1F0iQ,finish,38,train,uKyKnVlzoEq9EAK1F0iQ.npy
6Kv3bzAlwPQLVh8pPuTS,doctor,78,train,6Kv3bzAlwPQLVh8pPuTS.npy
NiBpTJ5IMMPpa5yDY1jf,woman,38,train,NiBpTJ5IMMPpa5yDY1jf.npy
cJVAvsRiKgHoQihRja8A,drink,48,test,cJVAvsRiKgHoQihRja8A.npy
Zso3e8KEqm9y4TWqlwxM,tired,43,train,Zso3e8KEqm9y4TWqlwxM.npy
a8oEetoTYhaT6XcANDjI,big,11,train,a8oEetoTYhaT6XcANDjI.npy
KE818UXq7wo1sSAuZYw3,bed,49,val,KE818UXq7wo1sSAuZYw3.npy
C7jXfY2rP75SN6WBND5U,open,39,train,C7jXfY2rP75SN6WBND5U.npy
hJMA6GM6LdWGh9N5K5dV,which,42,val,hJMA6GM6LdWGh9N5K5dV.npy
za7AuT28imGPOP0QDLz5,where,31,train,za7AuT28imGPOP0QDLz5.npy
VQ0PitZSvDgOaXowjVN5,wait,49,train,VQ0PitZSvDgOaXowjVN5.npy
uBkaSRmDqY2GbHRBJqDp,back,57,test,uBkaSRmDqY2GbHRBJqDp.npy
f5Tngn3pBjWQfptwbrlD,finish,11,train,f5Tngn3pBjWQfptwbrlD.npy
LyLUz7c60uTpnCTq85Q0,eyes,62,train,LyLUz7c60uTpnCTq85Q0.npy
4wa4KWHRCns6rZ3Rt0q1,back,11,train,4wa4KWHRCns6rZ3Rt0q1.npy
blBKVH5OPmfjbsNSvM1v,skin,84,train,blBKVH5OPmfjbsNSvM1v.npy
bUMvA8TyA3nAvyVcJ4dT,wait,11,train,bUMvA8TyA3nAvyVcJ4dT.npy
d0qDfV0Z2rk4Armhlle3,bad,17,val,d0qDfV0Z2rk4Armhlle3.npy
J4DACjYpKxIHFXpAQVBd,tell,49,train,J4DACjYpKxIHFXpAQVBd.npy
y7PBXWIzMx5b91G0gozW,feel,48,test,y7PBXWIzMx5b91G0gozW.npy
TLH55BrAN9pE5zCFOO25,weak,39,train,TLH55BrAN9pE5zCFOO25.npy
4Vs3bpnbkeBMsV6vPZrM,back,49,val,4Vs3bpnbkeBMsV6vPZrM.npy
H20BvLTd2ReVWJHCbdqI,day,23,val,H20BvLTd2ReVWJHCbdqI.npy
v65JekGnuyBqeNY2X2AZ,show,31,val,v65JekGnuyBqeNY2X2AZ.npy
uGenOIMqo42s5T2vIcO9,drink,62,train,uGenOIMqo42s5T2vIcO9.npy
2egJID7Fiiqldz7h6CUX,bed,46,train,2egJID7Fiiqldz7h6CUX.npy
Mo5pwwuIoaoGLA7qn7Sq,bleed,11,train,Mo5pwwuIoaoGLA7qn7Sq.npy
HDeCdaWGGMhyHRVKSbWv,breathe,49,train,HDeCdaWGGMhyHRVKSbWv.npy
Xg3LEkDClLDg56rwBvjp,mother,11,train,Xg3LEkDClLDg56rwBvjp.npy
QuDHuSIQzedDvMoCiMix,muscle,61,test,QuDHuSIQzedDvMoCiMix.npy
YXTbsOhiKAb1CmMYQwLJ,no,11,train,YXTbsOhiKAb1CmMYQwLJ.npy
4M73axEf0rK4cXArVNsC,some,57,test,4M73axEf0rK4cXArVNsC.npy
WwRe2IXugex8rJzxEjqh,hot,39,train,WwRe2IXugex8rJzxEjqh.npy
5DXY2Mc44ZNLqEjg2QFN,drink,35,train,5DXY2Mc44ZNLqEjg2QFN.npy
ukuUBOlPxZBHRWqSiWim,eat,39,train,ukuUBOlPxZBHRWqSiWim.npy
7RvD6tzYT3nKB6uce4tl,drink,42,val,7RvD6tzYT3nKB6uce4tl.npy
FZkemy4GCqbrCovlrwxF,feel,61,test,FZkemy4GCqbrCovlrwxF.npy
VEwZ30mBUtYcH9TNVDRm,more,61,test,VEwZ30mBUtYcH9TNVDRm.npy
rdi1XSlj2CNPheAe7Vjv,no,61,test,rdi1XSlj2CNPheAe7Vjv.npy
KSJkPgB7liuHCI6zpJRo,drink,11,train,KSJkPgB7liuHCI6zpJRo.npy
ATeveLVdibgTyH5vpQbQ,night,14,train,ATeveLVdibgTyH5vpQbQ.npy
bQvl7YRAA8hJKbBhw53L,finish,46,val,bQvl7YRAA8hJKbBhw53L.npy
q2Ba4b6KAVJAOWB4IXhK,child,43,train,q2Ba4b6KAVJAOWB4IXhK.npy
tBztd8lvKTkbW0QJ4FK2,hospital,7,train,tBztd8lvKTkbW0QJ4FK2.npy
k5OM2qxKYzGb8LKFj7vR,sit,54,train,k5OM2qxKYzGb8LKFj7vR.npy
WZ7DBTMDCvHofcXQr34d,long,76,train,WZ7DBTMDCvHofcXQr34d.npy
8eDu0XAGzjlJuuAycKaK,when,38,train,8eDu0XAGzjlJuuAycKaK.npy
oEJfYxbrZ7AHDPk2nqTC,water,11,train,oEJfYxbrZ7AHDPk2nqTC.npy
5HhvAimI43uTQWYmJLTd,baby,30,val,5HhvAimI43uTQWYmJLTd.npy
maXLdDyKWsSYkXOkXvpo,drink,62,train,maXLdDyKWsSYkXOkXvpo.npy
KpVrpBboe3ymtK5pPihh,burn,49,val,KpVrpBboe3ymtK5pPihh.npy
htm05VaigGTgaloh37f5,year,42,train,htm05VaigGTgaloh37f5.npy
aoNR0bOKxDfKuuwsuuWk,teeth,39,train,aoNR0bOKxDfKuuwsuuWk.npy
i9EfKPvquC5m0iEYMMTz,need,17,train,i9EfKPvquC5m0iEYMMTz.npy
FKYQwXFG1iWIF0mlu017,long,12,train,FKYQwXFG1iWIF0mlu017.npy
oJYiDiQ5C5nHkktyzW7Y,who,46,val,oJYiDiQ5C5nHkktyzW7Y.npy
dJlXfg1OekqYgp444eaj,yes,84,train,dJlXfg1OekqYgp444eaj.npy
vMIdTApflo3ky3i7Niut,eat,38,val,vMIdTApflo3ky3i7Niut.npy
YxRlCAeJsPkZXAvO7Su8,sit,30,train,YxRlCAeJsPkZXAvO7Su8.npy
wf9iQSBUS3aSinwAxPy5,baby,88,train,wf9iQSBUS3aSinwAxPy5.npy
WIQgUcl15O7cja1q611t,please,36,test,WIQgUcl15O7cja1q611t.npy
7ElRHrJK7fXtq9LKFUl3,bad,48,test,7ElRHrJK7fXtq9LKFUl3.npy
CBaeSMSz4JpRSgPxMUwe,again,30,train,CBaeSMSz4JpRSgPxMUwe.npy
2A9kNvrU30WxcFOGJb3s,sit,59,train,2A9kNvrU30WxcFOGJb3s.npy
LRQqlGmsPt2q8KLAA3xI,man,46,train,LRQqlGmsPt2q8KLAA3xI.npy
LVI0AOjGZJQI6AsEgSTn,move,84,val,LVI0AOjGZJQI6AsEgSTn.npy
2tacoaNksWOzcCg2ktKL,hot,8,train,2tacoaNksWOzcCg2ktKL.npy
6lfnW3fRbwreslyA4dTs,water,12,val,6lfnW3fRbwreslyA4dTs.npy
dub3yL1FASccewUMBhMY,wait,88,train,dub3yL1FASccewUMBhMY.npy
2IY6DTbsZt5495oTRdH3,sick,84,train,2IY6DTbsZt5495oTRdH3.npy
54UAidgRwrqRLCu8IEpE,water,84,train,54UAidgRwrqRLCu8IEpE.npy
qHjSNcxFqh6hnQBtU7dB,cold,57,test,qHjSNcxFqh6hnQBtU7dB.npy
My3gqjkomViHVXdi2141,sick,50,test,My3gqjkomViHVXdi2141.npy
uTDkpqOu0oZzY3SEWFNO,finish,57,test,uTDkpqOu0oZzY3SEWFNO.npy
zdKcp9gvLwZTZpRObZAZ,tomorrow,59,train,zdKcp9gvLwZTZpRObZAZ.npy
PTRafkuSkAH1sHniyMnp,which,42,train,PTRafkuSkAH1sHniyMnp.npy
8p815wsys8BULhZ7JuOQ,man,61,test,8p815wsys8BULhZ7JuOQ.npy
GfkOhrerQWB08jJZ9m4H,big,50,test,GfkOhrerQWB08jJZ9m4H.npy
8cs0bV8SdLkATwMaJZZ0,heart,38,val,8cs0bV8SdLkATwMaJZZ0.npy
HakQwwLtblSsIbd8Q4mw,bathroom,35,train,HakQwwLtblSsIbd8Q4mw.npy
EJewd5CgR0hXzBmeehfb,water,31,train,EJewd5CgR0hXzBmeehfb.npy
6YLA0HRHhV4I9qrzht5C,want,57,test,6YLA0HRHhV4I9qrzht5C.npy
cwonmQecmpbn8rV2RET4,water,39,train,cwonmQecmpbn8rV2RET4.npy
gqFhn8OplmFnYtqjg2ww,doctor,62,train,gqFhn8OplmFnYtqjg2ww.npy
FJJIaYQRr6KGboukVUbK,strong,11,train,FJJIaYQRr6KGboukVUbK.npy
BQKPkRf4IdETJvrTEVZJ,water,60,val,BQKPkRf4IdETJvrTEVZJ.npy
PbJEhkkPyckiA2aBixCj,finish,15,train,PbJEhkkPyckiA2aBixCj.npy
PmLYw0Y9xW6efMzioKCT,sleep,36,test,PmLYw0Y9xW6efMzioKCT.npy
Go1SuBga7sdttrwQWhoR,look,42,train,Go1SuBga7sdttrwQWhoR.npy
CjbAzISlG2tdEODAA2yU,doctor,42,val,CjbAzISlG2tdEODAA2yU.npy
FVjVsiuSttYLlEv3Bdyy,drink,84,train,FVjVsiuSttYLlEv3Bdyy.npy
uwRtRnSEyRyJEWq4lqOC,weak,84,val,uwRtRnSEyRyJEWq4lqOC.npy
wfjTVoyYrAykOiEWXl6C,give,11,val,wfjTVoyYrAykOiEWXl6C.npy
eLLObl0ht3w130jtfWvd,sleep,48,test,eLLObl0ht3w130jtfWvd.npy
Xj7QehhqlN3igHChSafN,morning,48,test,Xj7QehhqlN3igHChSafN.npy
qUcxrjVwtuDyYzcXF54q,water,17,train,qUcxrjVwtuDyYzcXF54q.npy
ZOzkIysXU3n7RDUB0mvq,muscle,31,train,ZOzkIysXU3n7RDUB0mvq.npy
e9bJi2oDdiIZXimsvvTH,much,7,val,e9bJi2oDdiIZXimsvvTH.npy
7F9Kfyk9TQ9m4OZ6PhbL,burn,39,train,7F9Kfyk9TQ9m4OZ6PhbL.npy
WPOhdK7spkMBhVJtoY2I,hot,80,val,WPOhdK7spkMBhVJtoY2I.npy
dAcMKQpoLLuDG3oKMSk1,blood,52,train,dAcMKQpoLLuDG3oKMSk1.npy
UoSmn3HjvT1H3r5tGKKq,tell,84,val,UoSmn3HjvT1H3r5tGKKq.npy
Y8n1z9lLV7rc6oBpTuRo,baby,31,train,Y8n1z9lLV7rc6oBpTuRo.npy
JVPt8zsjPafJWynhNmMM,yes,17,train,JVPt8zsjPafJWynhNmMM.npy
tAVaba4UGxZH0c0bb094,big,63,train,tAVaba4UGxZH0c0bb094.npy
Ispg78gQr0NjxOEWSYcI,weak,62,train,Ispg78gQr0NjxOEWSYcI.npy
dJGqea3mnSNX3pTDO7gg,show,59,train,dJGqea3mnSNX3pTDO7gg.npy
nxLqnXC3YN8M4Px1XpO6,understand,42,train,nxLqnXC3YN8M4Px1XpO6.npy
a6zltjNoGN36ysHF8940,feel,46,train,a6zltjNoGN36ysHF8940.npy
oSLsKgi6ealV8fQ5T2rG,hurt,84,train,oSLsKgi6ealV8fQ5T2rG.npy
skPiDpfID0yuDhFoBlbe,eat,62,train,skPiDpfID0yuDhFoBlbe.npy
l8zCDGlV7lorrf0tR4XN,tired,17,train,l8zCDGlV7lorrf0tR4XN.npy
xx6m9MkBpNcC0Uqk14pj,want,84,train,xx6m9MkBpNcC0Uqk14pj.npy
piBJdL4uoOywJoI9ih8c,night,84,train,piBJdL4uoOywJoI9ih8c.npy
8ocGn7nrwBW9El6TLzLX,bone,46,train,8ocGn7nrwBW9El6TLzLX.npy
VT98V5uCxIVt7nVCctzA,woman,42,train,VT98V5uCxIVt7nVCctzA.npy
bZ2pO9gR5GmdCo2VHGxf,woman,39,val,bZ2pO9gR5GmdCo2VHGxf.npy
taxT65FibernSwpm8dxV,test,84,train,taxT65FibernSwpm8dxV.npy
Wgr5FTH7EFMokq6IgCvX,morning,39,val,Wgr5FTH7EFMokq6IgCvX.npy
xZ4bBou4ZSUwiF2xIxnE,sick,62,train,xZ4bBou4ZSUwiF2xIxnE.npy
RMpWxrM9kIrQGkxzy0Ai,sick,57,test,RMpWxrM9kIrQGkxzy0Ai.npy
ZXpEpb8rCNck5HjL4EoL,not,23,train,ZXpEpb8rCNck5HjL4EoL.npy
yFvuwbsQFMhTbRYpoRh5,sleep,62,val,yFvuwbsQFMhTbRYpoRh5.npy
Q9578HewBoA7xGj1opaD,bed,57,test,Q9578HewBoA7xGj1opaD.npy
7Q7j9DE8zfv6V8vTLdAX,hurt,30,train,7Q7j9DE8zfv6V8vTLdAX.npy
pB4xUeqVSb1VzD50Xrih,teeth,84,train,pB4xUeqVSb1VzD50Xrih.npy
nsf8BFUCDZfkT99E8sdK,nose,46,val,nsf8BFUCDZfkT99E8sdK.npy
WA0n55O8mVueu9mqBoIS,cold,23,train,WA0n55O8mVueu9mqBoIS.npy
Efxxk5aXGc55MLF9RtpM,need,17,train,Efxxk5aXGc55MLF9RtpM.npy
EmojWEBHuwMoXGmR2MN3,today,11,train,EmojWEBHuwMoXGmR2MN3.npy
dpysXtuyNQS2jZ8Cs10A,open,84,train,dpysXtuyNQS2jZ8Cs10A.npy
eIloJ71rTnJb72ksDjxs,bed,39,train,eIloJ71rTnJb72ksDjxs.npy
4A5VQ7N9owkub0TgdjyG,eyes,85,train,4A5VQ7N9owkub0TgdjyG.npy
RlpQuOKXCm5MLxIzclGN,cold,7,val,RlpQuOKXCm5MLxIzclGN.npy
Tsg3XCVkccUkcz1ty9N9,baby,17,train,Tsg3XCVkccUkcz1ty9N9.npy
J2V1W5wOjLHUVy0k4VJ5,baby,46,val,J2V1W5wOjLHUVy0k4VJ5.npy
jBYVx7OXm5fvCYufWEXQ,big,53,test,jBYVx7OXm5fvCYufWEXQ.npy
pTJYDcHTN5vhKwzBKJmC,where,17,val,pTJYDcHTN5vhKwzBKJmC.npy
Df4gza0X4YFnAaczFPI5,sick,62,train,Df4gza0X4YFnAaczFPI5.npy
4FaMi6eLr4NS3HdJQuuc,bathroom,46,train,4FaMi6eLr4NS3HdJQuuc.npy
KKCu1L7AZf6mZWkSaFEw,big,85,train,KKCu1L7AZf6mZWkSaFEw.npy
aMcHBvfqoFTmzHKw0EvS,can,57,test,aMcHBvfqoFTmzHKw0EvS.npy
J3pSFvTVhW9262bWLyk2,today,88,train,J3pSFvTVhW9262bWLyk2.npy
G2FF0HNJomsvjOSbiUdi,head,63,val,G2FF0HNJomsvjOSbiUdi.npy
ibeD66oLvyzTY6GA9HB3,move,62,train,ibeD66oLvyzTY6GA9HB3.npy
6nqVp8g7rxdnNPDSnQrU,go,49,train,6nqVp8g7rxdnNPDSnQrU.npy
DlgGCK8pJgWx05CmRh9b,where,35,train,DlgGCK8pJgWx05CmRh9b.npy
D4QXZhPfr9b7M1Cgh1uf,open,49,val,D4QXZhPfr9b7M1Cgh1uf.npy
ok5X2EvB6x315N1DSsuE,hurt,23,train,ok5X2EvB6x315N1DSsuE.npy
p6F0KWdKsK0tarK0VYly,start,49,train,p6F0KWdKsK0tarK0VYly.npy
FgWkPG72pe8CvpyGxQoQ,father,49,train,FgWkPG72pe8CvpyGxQoQ.npy
9oq2uFEq8aDRO4YhhjP1,finish,84,train,9oq2uFEq8aDRO4YhhjP1.npy
F5uPE5SX3exmC1iBBpJ2,need,46,train,F5uPE5SX3exmC1iBBpJ2.npy
YF14EGSnZb3T8goX6OtG,week,88,train,YF14EGSnZb3T8goX6OtG.npy
T4FWOSZ7b9cKv8uLsSFn,hurt,84,val,T4FWOSZ7b9cKv8uLsSFn.npy
GAayJ6F5nGy83uKmo4gT,maybe,80,train,GAayJ6F5nGy83uKmo4gT.npy
zUAM16Q8qnKpizjQGRXb,long,49,val,zUAM16Q8qnKpizjQGRXb.npy
FsypNHCkfRPwDE2x9mYA,mother,30,train,FsypNHCkfRPwDE2x9mYA.npy
7fyk56KT2bRu628DuKcX,lungs,53,test,7fyk56KT2bRu628DuKcX.npy
eUb3CHwXwfAlvbL6ComS,tired,88,train,eUb3CHwXwfAlvbL6ComS.npy
lfZnpEOdoj4E93ad5Lvk,big,48,test,lfZnpEOdoj4E93ad5Lvk.npy
xztb5ijsUUvLkxvlYGxB,can,36,test,xztb5ijsUUvLkxvlYGxB.npy
LCGoTsWfRDMVxcEBOXxB,feet,39,train,LCGoTsWfRDMVxcEBOXxB.npy
Gq78dHH2ztYKWRnwgwPX,big,8,val,Gq78dHH2ztYKWRnwgwPX.npy
9yNmE1yL4vAsa0xuyHWc,move,84,train,9yNmE1yL4vAsa0xuyHWc.npy
6HZg6h5lAxTgksikJNha,water,8,train,6HZg6h5lAxTgksikJNha.npy
5cPC7GXktrI43yXUH95S,sick,53,test,5cPC7GXktrI43yXUH95S.npy
Kyiyz7Q0PduNj95PulQh,blood,39,val,Kyiyz7Q0PduNj95PulQh.npy
XvSOqbgghN2V3bta1DVN,surgery,62,train,XvSOqbgghN2V3bta1DVN.npy
MW0L4MPaTI8FOCbhXbV2,more,49,val,MW0L4MPaTI8FOCbhXbV2.npy
PLYdcX7eNgfFjzQTZqdJ,give,49,train,PLYdcX7eNgfFjzQTZqdJ.npy
B9azjL2tL2H3Y1CVMHMW,today,7,train,B9azjL2tL2H3Y1CVMHMW.npy
ejDlFZz6rbacoG7ILeF3,open,30,train,ejDlFZz6rbacoG7ILeF3.npy
AO99BYPAQYoDhd6nRSOM,bathroom,31,val,AO99BYPAQYoDhd6nRSOM.npy
TfrQhuaURqlmPJ9JQhm1,drink,62,val,TfrQhuaURqlmPJ9JQhm1.npy
9ZgQCcRAxqGUbtVTEKcX,sleep,57,test,9ZgQCcRAxqGUbtVTEKcX.npy
E0awts2xfUOCsIggSc6c,want,88,train,E0awts2xfUOCsIggSc6c.npy
4OOAZ4UqVSRMCHLZqiGs,finish,62,train,4OOAZ4UqVSRMCHLZqiGs.npy
4jqEw1io7O0GgzjHDDAa,hurt,60,train,4jqEw1io7O0GgzjHDDAa.npy
fjr0NodRKoZeKJ6GnKVe,better,88,train,fjr0NodRKoZeKJ6GnKVe.npy
q7Y2DgOeiUYWvkbh4RzJ,hot,38,train,q7Y2DgOeiUYWvkbh4RzJ.npy
gZi0gXII3FifCFxmaarv,understand,8,val,gZi0gXII3FifCFxmaarv.npy
sqqtiSZtOPlr299smwcn,please,61,test,sqqtiSZtOPlr299smwcn.npy
hwHUSrWLAoLEL7Gdjy9g,man,38,train,hwHUSrWLAoLEL7Gdjy9g.npy
6NrrwTyx6mQDRBPFrpF0,hot,88,train,6NrrwTyx6mQDRBPFrpF0.npy
PttUb1ySTdT2zJB9TlCv,breathe,57,test,PttUb1ySTdT2zJB9TlCv.npy
BOQwNP4wTb9Tmsj3bQvb,sometimes,49,val,BOQwNP4wTb9Tmsj3bQvb.npy
GKtPVCgT2hJCmaYtA3pM,hot,49,train,GKtPVCgT2hJCmaYtA3pM.npy
bglSfXB6OiV9w5OPYw4O,sharp,84,train,bglSfXB6OiV9w5OPYw4O.npy
8v82mDNgixYJZ5Kkwkfc,nurse,7,train,8v82mDNgixYJZ5Kkwkfc.npy
alX11mds3Icwkf0mnwg1,baby,46,train,alX11mds3Icwkf0mnwg1.npy
F8QsInYLHZezNdOS9D9z,no,17,val,F8QsInYLHZezNdOS9D9z.npy
SZoTYtRuVCF4D3i1dYK7,breathe,57,test,SZoTYtRuVCF4D3i1dYK7.npy
hYL0HRPJuOShtbir2bsT,move,64,test,hYL0HRPJuOShtbir2bsT.npy
SPBSEBQ3dMVDzCOwtSSz,long,38,train,SPBSEBQ3dMVDzCOwtSSz.npy
PDnXMVWwkzJkuYosSkR0,sleep,88,train,PDnXMVWwkzJkuYosSkR0.npy
uuF39RqLOvl49z4QsLoy,tired,57,test,uuF39RqLOvl49z4QsLoy.npy
pmhkm0zEaDYJbqaOLSz7,morning,39,train,pmhkm0zEaDYJbqaOLSz7.npy
LMS2PkbF0h6WUO8XrIUA,child,7,val,LMS2PkbF0h6WUO8XrIUA.npy
i848guAROoeJfyspKzUW,family,39,train,i848guAROoeJfyspKzUW.npy
DFgmT8tMVA8Msb4x3onl,family,33,test,DFgmT8tMVA8Msb4x3onl.npy
SbmWJYBJW7VNhJIDSvp2,morning,84,train,SbmWJYBJW7VNhJIDSvp2.npy
aezeVGlZ2SkHwsKPNs21,family,7,val,aezeVGlZ2SkHwsKPNs21.npy
gowPfZTLQBJ9D0eewuOc,sleep,38,train,gowPfZTLQBJ9D0eewuOc.npy
GlpORYwvjrncPyAqqSs5,bad,46,train,GlpORYwvjrncPyAqqSs5.npy
UTpZWuyvHHOLIFQM93pe,hot,7,val,UTpZWuyvHHOLIFQM93pe.npy
gQbzmjfQhXaf5ZSE3KHw,big,39,train,gQbzmjfQhXaf5ZSE3KHw.npy
3gBdZosHBFYGYmpdGwH3,sit,49,train,3gBdZosHBFYGYmpdGwH3.npy
HR67DRBURtT0zKInlXwy,wait,84,val,HR67DRBURtT0zKInlXwy.npy
3bgKBkmABZ1D9x4kfze4,bad,12,train,3bgKBkmABZ1D9x4kfze4.npy
rE4ppoGdCsuHcvfxiTAu,hands,30,train,rE4ppoGdCsuHcvfxiTAu.npy
HqzGkGouVvXCt4BgIZYc,finish,17,val,HqzGkGouVvXCt4BgIZYc.npy
P4h6jmYKLkU51z5AzD8d,family,14,train,P4h6jmYKLkU51z5AzD8d.npy
mjYfMskUfnmyO2JdM5tv,sleep,63,train,mjYfMskUfnmyO2JdM5tv.npy
5FocTYOz54EejU5MpijP,feet,7,train,5FocTYOz54EejU5MpijP.npy
hcmY8SHM5bvS0bc4xPir,hurt,84,train,hcmY8SHM5bvS0bc4xPir.npy
nBA0flh9i8evXnV1sKKp,hands,84,val,nBA0flh9i8evXnV1sKKp.npy
Ze5bqxSV1DXVs1IBkyFV,bone,17,train,Ze5bqxSV1DXVs1IBkyFV.npy
8xMIRxprXMMFG2BVC4Q1,ear,49,val,8xMIRxprXMMFG2BVC4Q1.npy
jRkuW3CNRaG5kD0Fc4iV,breathe,43,train,jRkuW3CNRaG5kD0Fc4iV.npy
wD0HuyhCNRu8v4XytIND,feet,7,val,wD0HuyhCNRu8v4XytIND.npy
MaQ75GqsElrGokqp07J0,wait,64,test,MaQ75GqsElrGokqp07J0.npy
nFgbVKE4x3BCLZiHteNA,baby,17,train,nFgbVKE4x3BCLZiHteNA.npy
ZepTYBeICUXuOQ5KmI9Z,understand,17,train,ZepTYBeICUXuOQ5KmI9Z.npy
LbrL2H72BgfIDZAYhSL4,sick,46,train,LbrL2H72BgfIDZAYhSL4.npy
nIwLGGBnrt4XiKfDUwh4,mother,42,train,nIwLGGBnrt4XiKfDUwh4.npy
tWjZhRohVXgE2tL6OoPn,tomorrow,31,train,tWjZhRohVXgE2tL6OoPn.npy
CBmt3OWRAoGhjZsFGSgt,show,88,train,CBmt3OWRAoGhjZsFGSgt.npy
XAyhqBBLKL92dIRLJW8Q,family,57,test,XAyhqBBLKL92dIRLJW8Q.npy
vPsmtydhiiUN8dZAnQbz,hurt,8,train,vPsmtydhiiUN8dZAnQbz.npy
Wgtz09XiiajOvpQGi33c,come,62,val,Wgtz09XiiajOvpQGi33c.npy
nOKw3PgBfrUPcPDwwhPK,maybe,57,test,nOKw3PgBfrUPcPDwwhPK.npy
hCWTYLlCfKgiqPOzhHIL,nose,88,train,hCWTYLlCfKgiqPOzhHIL.npy
Zs2A66v6IugIjZhUiLMw,baby,49,train,Zs2A66v6IugIjZhUiLMw.npy
t4ZRXzYU8RMqL8JXZBJW,water,14,train,t4ZRXzYU8RMqL8JXZBJW.npy
k2vcrOyyyYmPTIPNkwSM,help,48,test,k2vcrOyyyYmPTIPNkwSM.npy
JVjWLttLoHRkIN3X36gR,hurt,36,test,JVjWLttLoHRkIN3X36gR.npy
ZlPxo48OVruHojGZ6L7h,finish,57,test,ZlPxo48OVruHojGZ6L7h.npy
mPHmXorWi0SrkpsPtJhx,family,8,train,mPHmXorWi0SrkpsPtJhx.npy
SPomGAmtqeTs3LTDD1D4,now,48,test,SPomGAmtqeTs3LTDD1D4.npy
Y66H2ds79p2QJWNR3rfP,doctor,11,train,Y66H2ds79p2QJWNR3rfP.npy
fD2kXCLF3mKuBV7VA4pt,night,61,test,fD2kXCLF3mKuBV7VA4pt.npy
B95cjdUYDI31ORqAkBDZ,family,84,train,B95cjdUYDI31ORqAkBDZ.npy
WPSZ8ohD5mcCJFeS2yyu,water,62,val,WPSZ8ohD5mcCJFeS2yyu.npy
CzdLMFJfDYoDqpDn1Ilr,sick,57,test,CzdLMFJfDYoDqpDn1Ilr.npy
zw6ofPlcy0r5uGiONDx4,night,48,test,zw6ofPlcy0r5uGiONDx4.npy
bLsgeLeoctC5BA7DhmIc,pill,7,train,bLsgeLeoctC5BA7DhmIc.npy
76Sdo9DD3WzMDzq0TZea,want,38,val,76Sdo9DD3WzMDzq0TZea.npy
JfYL8xN9RUELk2ictIu0,show,39,train,JfYL8xN9RUELk2ictIu0.npy
nCzDsK1bJa633owYTjfp,bad,46,train,nCzDsK1bJa633owYTjfp.npy
9BZlyLSMwxHMBPgVS9t9,weak,57,test,9BZlyLSMwxHMBPgVS9t9.npy
JEYeKQYMGbTfEo8ZeWt7,sleep,46,val,JEYeKQYMGbTfEo8ZeWt7.npy
cgbEle26JiItvHUm8DLA,again,61,test,cgbEle26JiItvHUm8DLA.npy
bTL3kYyWF7fsKYjzPZQh,understand,39,train,bTL3kYyWF7fsKYjzPZQh.npy
Z7oedECQKxt9GMp7eOp6,father,38,val,Z7oedECQKxt9GMp7eOp6.npy
TilNzPhTRlOsxmaxG83e,open,31,train,TilNzPhTRlOsxmaxG83e.npy
iiGnWwb7n5pVvYoqeQs1,woman,31,train,iiGnWwb7n5pVvYoqeQs1.npy
UoWoSNj7D5Cepe8OFv5E,sleep,50,test,UoWoSNj7D5Cepe8OFv5E.npy
rwzTLQLEXhueWBzisnQp,finish,30,train,rwzTLQLEXhueWBzisnQp.npy
p3m1RcNiKNQt5RYTL6v2,tired,57,test,p3m1RcNiKNQt5RYTL6v2.npy
y7CrVt1nbTdu2s3d2chB,wait,17,train,y7CrVt1nbTdu2s3d2chB.npy
itk5yjY9XPP9Y8zKPWHt,day,11,train,itk5yjY9XPP9Y8zKPWHt.npy
7Qw3UF8FtrfqpIN5YdJV,faint,53,test,7Qw3UF8FtrfqpIN5YdJV.npy
vViHlmVpkcYQJMdVQ8UU,ask,49,train,vViHlmVpkcYQJMdVQ8UU.npy
kslrjxCNl6gQottpcOkk,hurt,59,train,kslrjxCNl6gQottpcOkk.npy
tilCR1OT2LRvVO5yQ7Vc,sorry,49,val,tilCR1OT2LRvVO5yQ7Vc.npy
7nFegolBFXgOAmzEDZkL,cold,84,train,7nFegolBFXgOAmzEDZkL.npy
PhF5QaW9fVB9uVGrRDNQ,baby,39,train,PhF5QaW9fVB9uVGrRDNQ.npy
mRauceiI5c8p7cbRGhQ6,minute,39,train,mRauceiI5c8p7cbRGhQ6.npy
pp0XwztNFd2ZNBlKEVp7,wait,38,train,pp0XwztNFd2ZNBlKEVp7.npy
IYHnZggvzlPSECgqmI80,much,88,train,IYHnZggvzlPSECgqmI80.npy
4jwN3WVy555ILKSqAmbb,come,39,train,4jwN3WVy555ILKSqAmbb.npy
LrKg9JXrKhkPEXaI0HQM,give,84,train,LrKg9JXrKhkPEXaI0HQM.npy
1S7a12Vy3J2v0Yjrz1h3,hot,39,train,1S7a12Vy3J2v0Yjrz1h3.npy
SpQi0QY0KU9LiSteYgJN,wait,62,train,SpQi0QY0KU9LiSteYgJN.npy
506ItcLXL8ED0u21ChIc,stop,36,test,506ItcLXL8ED0u21ChIc.npy
fGVLnterBELMdAMTapH4,hot,8,train,fGVLnterBELMdAMTapH4.npy
Qjs86zOpxODaDcQsgslm,family,62,val,Qjs86zOpxODaDcQsgslm.npy
4B14V8rUcSZjXiXhUfZ0,water,49,train,4B14V8rUcSZjXiXhUfZ0.npy
SPRcr2InUANwjNH9wBqT,cold,62,train,SPRcr2InUANwjNH9wBqT.npy
tGl3NHz5wNjVJNc0iZ3U,back,84,train,tGl3NHz5wNjVJNc0iZ3U.npy
LTxkuYlkGpNuwkmk05Ye,hurt,57,test,LTxkuYlkGpNuwkmk05Ye.npy
TUafm4AXzWSRyQGxdCaz,now,48,test,TUafm4AXzWSRyQGxdCaz.npy
7Hc6jnTSxZ5jrgsxEyXx,sick,39,val,7Hc6jnTSxZ5jrgsxEyXx.npy
n2pCoOdP2y1J1iHCxtAq,drink,42,train,n2pCoOdP2y1J1iHCxtAq.npy
1w1sAWAVnxYQhI5szj3q,sick,38,train,1w1sAWAVnxYQhI5szj3q.npy
1Fr3CV2oUfjb4w5jcOoj,medicine,84,train,1Fr3CV2oUfjb4w5jcOoj.npy
m51Kyc7UvT01XHuaTCva,understand,62,train,m51Kyc7UvT01XHuaTCva.npy
DQcD3fQHhhIZN6vNmtYo,hurt,35,val,DQcD3fQHhhIZN6vNmtYo.npy
pByCsMPnLRAC0SsEHhJh,water,62,train,pByCsMPnLRAC0SsEHhJh.npy
WO1xRE4lkO2KA6Ag8jKU,finish,57,test,WO1xRE4lkO2KA6Ag8jKU.npy
TMNx32elW22PZWCbRoRB,night,88,val,TMNx32elW22PZWCbRoRB.npy
9CqbVs0hc4QrWlroD28d,water,17,train,9CqbVs0hc4QrWlroD28d.npy
4ha4nE8hdUcM9RXWskAP,month,62,train,4ha4nE8hdUcM9RXWskAP.npy
4AE0T4KMm18lT75ewyX2,tomorrow,63,val,4AE0T4KMm18lT75ewyX2.npy
peEfeeeWIP7t3k9TJrRI,when,62,train,peEfeeeWIP7t3k9TJrRI.npy
A4NzGn2CwqujTcurIeOQ,understand,23,val,A4NzGn2CwqujTcurIeOQ.npy
PSmzQQtMnNtExT2jSqKX,teeth,61,test,PSmzQQtMnNtExT2jSqKX.npy
1q5PmEBDh3Llv4uSV6Xu,much,60,train,1q5PmEBDh3Llv4uSV6Xu.npy
YgCSPPGDuJ1RAY0qGqxF,where,49,train,YgCSPPGDuJ1RAY0qGqxF.npy
VhArK8VqVpnKWMpcJ04s,water,39,val,VhArK8VqVpnKWMpcJ04s.npy
vg20ssIvS12PENfyRRnL,go,49,train,vg20ssIvS12PENfyRRnL.npy
IMWfdrc06uPO0uy3sq2p,not,49,train,IMWfdrc06uPO0uy3sq2p.npy
ByIOsjlaVza63UlVOnwj,week,39,train,ByIOsjlaVza63UlVOnwj.npy
JTo1cyn1NPIaUdppvPoI,sleep,57,test,JTo1cyn1NPIaUdppvPoI.npy
0VnbxPSuA6NXBJcoFpBv,baby,88,val,0VnbxPSuA6NXBJcoFpBv.npy
MwJpLKVKTMFStzkmogbi,blood,30,train,MwJpLKVKTMFStzkmogbi.npy
gigJvDu2GNCzOqb5zWti,need,33,test,gigJvDu2GNCzOqb5zWti.npy
0obwr2Xc3XmZUxRra32v,show,84,val,0obwr2Xc3XmZUxRra32v.npy
Jx759xIDVUe7wrdndACn,hot,88,val,Jx759xIDVUe7wrdndACn.npy
A3InaLuuTOndlxEMFqOY,what,57,test,A3InaLuuTOndlxEMFqOY.npy
dfV66HYdZZOAwIuqL2e5,breathe,62,train,dfV66HYdZZOAwIuqL2e5.npy
qRGxeMQYEsuArPZ369aA,glasses,31,val,qRGxeMQYEsuArPZ369aA.npy
5D5jGQDyWVUA4WL6z8ln,what,39,train,5D5jGQDyWVUA4WL6z8ln.npy
RSrzISZlpd2T2eapNVmg,doctor,27,train,RSrzISZlpd2T2eapNVmg.npy
9gFGXzeH1suq31PwnjWG,cold,46,train,9gFGXzeH1suq31PwnjWG.npy
fnW6QzX6LSujN9CC6Dis,hands,88,train,fnW6QzX6LSujN9CC6Dis.npy
h41xP5SoGWbJuCuKVg0g,baby,38,train,h41xP5SoGWbJuCuKVg0g.npy
sio6A30Wn1TnsjBsAj6B,help,49,train,sio6A30Wn1TnsjBsAj6B.npy
nr9H3nFC0f61SwiiD6ab,bad,46,val,nr9H3nFC0f61SwiiD6ab.npy
7fSADSsgWxmleEJ93KnW,hot,8,train,7fSADSsgWxmleEJ93KnW.npy
e87yySKtNKJ42b8V74ip,yes,42,val,e87yySKtNKJ42b8V74ip.npy
rV7VDeBhXZDqUwXHuovt,sick,7,train,rV7VDeBhXZDqUwXHuovt.npy
KKYZgUe0OLWwxzfXnLur,sleep,59,train,KKYZgUe0OLWwxzfXnLur.npy
hM8KMRvuazVmmBt6MCkA,year,7,train,hM8KMRvuazVmmBt6MCkA.npy
amOinB6hKp9FOSUl8EH4,water,78,train,amOinB6hKp9FOSUl8EH4.npy
Pr9jifRyo5tPyPBqUILG,family,85,train,Pr9jifRyo5tPyPBqUILG.npy
YTDyNRv5jHIQS4bjnddM,drink,84,train,YTDyNRv5jHIQS4bjnddM.npy
d3oNdIpjVT0E7YurApEM,big,84,train,d3oNdIpjVT0E7YurApEM.npy
0e1CCjkSUIq95EBEsyrs,water,61,test,0e1CCjkSUIq95EBEsyrs.npy
u2Rcxb5Y12rHbtlmlfKz,help,84,train,u2Rcxb5Y12rHbtlmlfKz.npy
myZIMG6FSdtJN6AO8Cwe,where,46,train,myZIMG6FSdtJN6AO8Cwe.npy
inBzHUjVFszEndDuX08W,sick,23,train,inBzHUjVFszEndDuX08W.npy
ZykKlF7shTfUDr5ZB44d,again,61,test,ZykKlF7shTfUDr5ZB44d.npy
L4TBoZGQIzX8SNUtRXFp,drink,31,train,L4TBoZGQIzX8SNUtRXFp.npy
RNYO5DoPp0E86EWjsIb7,night,84,train,RNYO5DoPp0E86EWjsIb7.npy
pJJg8LNGxuoRWOHU1xJQ,sick,17,val,pJJg8LNGxuoRWOHU1xJQ.npy
UatsenZQjYgK8C5r1oOG,finish,84,train,UatsenZQjYgK8C5r1oOG.npy
Ur1LanwnqQEUNOL6rCUL,glasses,50,test,Ur1LanwnqQEUNOL6rCUL.npy
NfMqQrLtlVojlNdyjIbT,night,57,test,NfMqQrLtlVojlNdyjIbT.npy
rUNpmVtLdcYnrJKzNG1i,yes,8,train,rUNpmVtLdcYnrJKzNG1i.npy
IDoyVnUh2Af3sMfIyxnV,water,46,train,IDoyVnUh2Af3sMfIyxnV.npy
105Enb2wEapo73N7q5BT,hot,46,train,105Enb2wEapo73N7q5BT.npy
HCc61uiQZFl6cH87KdUp,week,39,val,HCc61uiQZFl6cH87KdUp.npy
u8aTCMTMfPIU57c4itt8,water,57,test,u8aTCMTMfPIU57c4itt8.npy
lgkdbTI4kwabnoyt8nwE,go,39,train,lgkdbTI4kwabnoyt8nwE.npy
EWyA1AVzKY1A7M3vcrmg,man,49,train,EWyA1AVzKY1A7M3vcrmg.npy
1aAi5aARin7SjGQw6gMK,cough,62,train,1aAi5aARin7SjGQw6gMK.npy
bk6PlOudmSdSak3GgTrf,finish,61,test,bk6PlOudmSdSak3GgTrf.npy
vjQzPFu1Mlk7d4Tu6cAg,all,49,train,vjQzPFu1Mlk7d4Tu6cAg.npy
OHQELakTlhYDa1KFY8HC,sleep,57,test,OHQELakTlhYDa1KFY8HC.npy
CevuQWYKF8lrbnGQMI5S,test,39,val,CevuQWYKF8lrbnGQMI5S.npy
ffmClvouE5G4G9BwFI0B,when,17,val,ffmClvouE5G4G9BwFI0B.npy
ix5QCcyqxT2fiiOJltQo,hot,85,train,ix5QCcyqxT2fiiOJltQo.npy
aw1B6pjFXm5tbMmobrrA,finish,85,train,aw1B6pjFXm5tbMmobrrA.npy
FDgaK926m2uMYlxJCN7a,help,39,val,FDgaK926m2uMYlxJCN7a.npy
6Qqggk1NRRJOCuqZPvAE,understand,48,test,6Qqggk1NRRJOCuqZPvAE.npy
vidYvybKNUpaaxdAQq3h,can,61,test,vidYvybKNUpaaxdAQq3h.npy
iWHQ0DWJGQVJ0hHz7ghl,hot,62,val,iWHQ0DWJGQVJ0hHz7ghl.npy
0dHAAo5pyGAwpxZfG30g,cold,57,test,0dHAAo5pyGAwpxZfG30g.npy
g1wilaqPaHBMFFRzmqoO,morning,85,train,g1wilaqPaHBMFFRzmqoO.npy
lTl8wWDLNxEPmWwYhKO1,water,7,train,lTl8wWDLNxEPmWwYhKO1.npy
MC22iNTadCpJIdS2YIyI,feel,7,train,MC22iNTadCpJIdS2YIyI.npy
Qai1peMnrKlbhxNSX6kw,when,49,train,Qai1peMnrKlbhxNSX6kw.npy
VIiMi7IuyMJgioAx8Ia1,morning,57,test,VIiMi7IuyMJgioAx8Ia1.npy
sPa65N5HZsaH070hlFpT,surgery,17,train,sPa65N5HZsaH070hlFpT.npy
FjrxqXF2NNYRcpz141ir,again,49,train,FjrxqXF2NNYRcpz141ir.npy
IU5g2FUvUew8lkuObxam,want,57,test,IU5g2FUvUew8lkuObxam.npy
gWvt7xZWxuFcQacFVHdU,night,50,test,gWvt7xZWxuFcQacFVHdU.npy
Ju1Zx6esjUXKnVqXhXKM,baby,49,train,Ju1Zx6esjUXKnVqXhXKM.npy
7O9IY2xcIXbuhibeoMfH,hospital,46,train,7O9IY2xcIXbuhibeoMfH.npy
kU2ifxMdrb6KrzXNWwNB,hurt,63,train,kU2ifxMdrb6KrzXNWwNB.npy
NwU2p1MA8OevQEAjcYyr,cough,49,train,NwU2p1MA8OevQEAjcYyr.npy
fFsU495aU72xTcjKocaw,finish,54,train,fFsU495aU72xTcjKocaw.npy
6btbcnm4fBEzXYEzZryt,family,64,test,6btbcnm4fBEzXYEzZryt.npy
e7lQ5ZuyxUwKBXuQBLS8,bad,17,train,e7lQ5ZuyxUwKBXuQBLS8.npy
TvURClyIjQqASgfEzglw,water,7,val,TvURClyIjQqASgfEzglw.npy
4jfkZoxzWf9a8M9QPlOM,drink,84,train,4jfkZoxzWf9a8M9QPlOM.npy
gsJueN5id5KJaKrq3ygC,long,48,test,gsJueN5id5KJaKrq3ygC.npy
o96eLpnBfHAtmBEa67qc,choke,43,val,o96eLpnBfHAtmBEa67qc.npy
mzyP7ilQBKlncSmwmBmN,need,49,val,mzyP7ilQBKlncSmwmBmN.npy
L9ObL348W8L5Vpwt7DhL,move,52,val,L9ObL348W8L5Vpwt7DhL.npy
fVsgyz4oy1Ao35jOHhhb,medicine,14,train,fVsgyz4oy1Ao35jOHhhb.npy
8D7G4NXTGEiezr2y8t65,test,50,test,8D7G4NXTGEiezr2y8t65.npy
OObTAayoFw5T338Y8O5i,long,54,train,OObTAayoFw5T338Y8O5i.npy
2KDa0TuvGzbbnJn3ExK9,feel,76,train,2KDa0TuvGzbbnJn3ExK9.npy
JayXI5hqES2l7igkgPMm,pain,49,train,JayXI5hqES2l7igkgPMm.npy
ZaSHXhorhpz3WwMzEL2M,feel,88,val,ZaSHXhorhpz3WwMzEL2M.npy
WTIChPSbfWHKv85dZuK5,open,62,train,WTIChPSbfWHKv85dZuK5.npy
HQdtufq3Oeliq2xRRANe,water,35,train,HQdtufq3Oeliq2xRRANe.npy
Ll6NtWmmPMb5YeSKxuWR,help,39,train,Ll6NtWmmPMb5YeSKxuWR.npy
A8nKgO97n7kbv7SOdfiw,pain,38,train,A8nKgO97n7kbv7SOdfiw.npy
AdWcFbou7CPmokzp69br,big,76,train,AdWcFbou7CPmokzp69br.npy
0pXrJr9UYdwtfNoa0nil,food,7,train,0pXrJr9UYdwtfNoa0nil.npy
k9NQxiDoppdd3ToLFA4V,drink,42,train,k9NQxiDoppdd3ToLFA4V.npy
OybEpTmezj5cHEaQNMdi,stop,64,test,OybEpTmezj5cHEaQNMdi.npy
ibTxVJCIB3R2Vn4jot6T,again,61,test,ibTxVJCIB3R2Vn4jot6T.npy
Y80vKCCFS9tCrrYTARYH,family,53,test,Y80vKCCFS9tCrrYTARYH.npy
OAgub53Q1VmUhuXD30Sk,weak,57,test,OAgub53Q1VmUhuXD30Sk.npy
bZUuIoEemDQjyLC6AZ7U,move,84,train,bZUuIoEemDQjyLC6AZ7U.npy
duzDIUx8c8j6XY9IrSaE,lungs,49,train,duzDIUx8c8j6XY9IrSaE.npy
bynRmx6RvaF6PE17po5l,baby,30,train,bynRmx6RvaF6PE17po5l.npy
jOMjEejWFQ6Ok7GroH7d,sleep,35,train,jOMjEejWFQ6Ok7GroH7d.npy
d8ciHo4NYCSwoQ2HPOtk,baby,14,train,d8ciHo4NYCSwoQ2HPOtk.npy
x1X0I8SwWmcKwa0UCmgZ,maybe,59,val,x1X0I8SwWmcKwa0UCmgZ.npy
N4Bn02QYZXcQ5DAUDMA1,bad,62,train,N4Bn02QYZXcQ5DAUDMA1.npy
bLfXBm6RQ7SczUJj4iUc,big,57,test,bLfXBm6RQ7SczUJj4iUc.npy
yIs1GdTc64kIA8dUzTvB,move,57,test,yIs1GdTc64kIA8dUzTvB.npy
FlsIFwqC0G6s83G5CcAU,again,39,train,FlsIFwqC0G6s83G5CcAU.npy
RSvJ35mvflHW6MVBjrez,understand,12,train,RSvJ35mvflHW6MVBjrez.npy
SKiSTNL7y1alVoFRPnYL,where,49,val,SKiSTNL7y1alVoFRPnYL.npy
cxlCZprvz8ytiCFe17fF,show,50,test,cxlCZprvz8ytiCFe17fF.npy
o1WpxK4GmAKTFNuCD2mR,water,57,test,o1WpxK4GmAKTFNuCD2mR.npy
whCf5wWyxdpuvZp4psbp,mouth,8,train,whCf5wWyxdpuvZp4psbp.npy
cZu1ENVwmoZldTz6i8np,feet,84,train,cZu1ENVwmoZldTz6i8np.npy
MaMf977Tk5SuZTB6I5r2,water,49,train,MaMf977Tk5SuZTB6I5r2.npy
7WgiwhnTMA2RjBe5KjEE,not,57,test,7WgiwhnTMA2RjBe5KjEE.npy
ruugqNHzxHh03Dk3O2zB,move,8,train,ruugqNHzxHh03Dk3O2zB.npy
49U5ZBGqakD8ygMY26CR,doctor,48,test,49U5ZBGqakD8ygMY26CR.npy
4W3o6xA8WuBlWBrRSEeW,maybe,84,train,4W3o6xA8WuBlWBrRSEeW.npy
FwANKLZu30WLfkMDOt5j,breathe,64,test,FwANKLZu30WLfkMDOt5j.npy
kqnKZkgRD9uukRe7BtlK,can,62,train,kqnKZkgRD9uukRe7BtlK.npy
qrFH5pldDgvbUxX3K8l8,big,39,val,qrFH5pldDgvbUxX3K8l8.npy
zDIpIOLdEkPnSwZKcoYY,itch,15,val,zDIpIOLdEkPnSwZKcoYY.npy
kTUFHGYEYi24ZPLuFTfG,not,50,test,kTUFHGYEYi24ZPLuFTfG.npy
8n4ANvRnleASkwVUMfFD,open,85,train,8n4ANvRnleASkwVUMfFD.npy
ZtdgJtlgTE1br1VzZGKn,morning,85,val,ZtdgJtlgTE1br1VzZGKn.npy
YVY8skUMokf249jfMnac,month,57,test,YVY8skUMokf249jfMnac.npy
KVtueOiLurM0DfFoiuCE,child,46,train,KVtueOiLurM0DfFoiuCE.npy
bVGTPWqVwJDB034fKPdz,water,57,test,bVGTPWqVwJDB034fKPdz.npy
gdW7uAwI280WgmfvcdE7,baby,50,test,gdW7uAwI280WgmfvcdE7.npy
W7V1BljpnQAZl7oDGAKF,sleep,63,train,W7V1BljpnQAZl7oDGAKF.npy
sRr0wELwkGaLqocp9UOo,sleep,49,val,sRr0wELwkGaLqocp9UOo.npy
2MDCbjK1Qe9eefHOG8b9,back,85,train,2MDCbjK1Qe9eefHOG8b9.npy
HGduu63ojUy83Jdk0Lz3,understand,62,train,HGduu63ojUy83Jdk0Lz3.npy
MhSrrsOtFDnho6XDdtCt,wait,85,val,MhSrrsOtFDnho6XDdtCt.npy
oErzElDdrTS6Eo8PSEXi,tired,57,test,oErzElDdrTS6Eo8PSEXi.npy
uJNNO0HBcYN4FS3MTfoF,doctor,35,train,uJNNO0HBcYN4FS3MTfoF.npy
RL4tIiRJs0yOqsXAsrKV,thank_you,39,val,RL4tIiRJs0yOqsXAsrKV.npy
FCJXAbMe0WgaoIUN0oFO,cold,61,test,FCJXAbMe0WgaoIUN0oFO.npy
bY0R2FLTlGRilH1wKQRr,wait,39,train,bY0R2FLTlGRilH1wKQRr.npy
jVfTJe4AdoGR1CyidJWI,bleed,84,train,jVfTJe4AdoGR1CyidJWI.npy
WI3zWKBeLAfPH147JlII,finish,57,test,WI3zWKBeLAfPH147JlII.npy
hl3eqxGiWpFFpb73Xmue,feet,64,test,hl3eqxGiWpFFpb73Xmue.npy
5N6WIwU1fcDcLU6qDUsJ,need,17,train,5N6WIwU1fcDcLU6qDUsJ.npy
tXLkd4rABbU5CJhb5iV1,understand,42,train,tXLkd4rABbU5CJhb5iV1.npy
Q7cGdYoOgPWShD1tO59y,feel,8,train,Q7cGdYoOgPWShD1tO59y.npy
716RJ2EyPy8xBeEEOMbC,drink,8,val,716RJ2EyPy8xBeEEOMbC.npy
2SGMJzo7kRHz81PnEiUD,today,62,val,2SGMJzo7kRHz81PnEiUD.npy
W7Q3cUlDKskYNokd8GOw,breathe,84,val,W7Q3cUlDKskYNokd8GOw.npy
jryR6a3SEXSJdmbHsnSy,sleep,31,train,jryR6a3SEXSJdmbHsnSy.npy
dCljg4HXAZcz3vfRie5u,feel,49,train,dCljg4HXAZcz3vfRie5u.npy
5CckMg6z5pvS0zDpogZT,cold,35,val,5CckMg6z5pvS0zDpogZT.npy
V6F3MT50B5gZVNKpF2MR,water,46,train,V6F3MT50B5gZVNKpF2MR.npy
og79pHxppAvV4gI0pbJN,hot,30,train,og79pHxppAvV4gI0pbJN.npy
hU2WrMJLDztFcLI5cabt,sleep,11,train,hU2WrMJLDztFcLI5cabt.npy
J2QsVBirrN1vZvbhNcig,hurt,35,train,J2QsVBirrN1vZvbhNcig.npy
on7GziC52lNPqsIbfBRg,sick,48,test,on7GziC52lNPqsIbfBRg.npy
74pLfmgDdLxOTqP1C3WA,sometimes,36,test,74pLfmgDdLxOTqP1C3WA.npy
rpYX8lGP9oZ7Xg1YivnF,teeth,7,val,rpYX8lGP9oZ7Xg1YivnF.npy
2WXozFuivVPeGWgWepRl,cold,63,train,2WXozFuivVPeGWgWepRl.npy
N0xXqLYhlp1ZcWhpvZIB,who,63,train,N0xXqLYhlp1ZcWhpvZIB.npy
Svo2k0CvOtoFi9G8QjQO,skin,30,val,Svo2k0CvOtoFi9G8QjQO.npy
x9caApNF8ATpnSoK4V9E,hurt,64,test,x9caApNF8ATpnSoK4V9E.npy
lpqzgAtIX3TZouBnIhFI,where,49,train,lpqzgAtIX3TZouBnIhFI.npy
r1mBHEoGgAlnrkC2APQI,family,85,train,r1mBHEoGgAlnrkC2APQI.npy
AlnnMyLwi1azv1qkaldL,more,59,train,AlnnMyLwi1azv1qkaldL.npy
fy3MgDocavHDIi3kiUH3,hurt,43,train,fy3MgDocavHDIi3kiUH3.npy
quii2D7lbCqsLDDSRsRt,week,35,train,quii2D7lbCqsLDDSRsRt.npy
jUkkjmKhJmrXoHEcpxgK,night,84,train,jUkkjmKhJmrXoHEcpxgK.npy
r5nQhdD7Wh6eJKspBrX2,head,63,train,r5nQhdD7Wh6eJKspBrX2.npy
7bLjc4VPaOA0xu8yDzrH,wait,30,train,7bLjc4VPaOA0xu8yDzrH.npy
u5VJx5Tsui7BppOzGL3C,hurt,8,val,u5VJx5Tsui7BppOzGL3C.npy
qNg2UvDLJTiH15zHLzX3,family,46,train,qNg2UvDLJTiH15zHLzX3.npy
YHQ1W9o5QMs30okmVwUr,night,48,test,YHQ1W9o5QMs30okmVwUr.npy
fn8WvsZjKtdRGl4q2h5I,shoulder,30,train,fn8WvsZjKtdRGl4q2h5I.npy
xQAmXfPGdnx9mqOHHz2Z,open,49,val,xQAmXfPGdnx9mqOHHz2Z.npy
DW3kTsepSQUblt6mWq8L,cough,49,train,DW3kTsepSQUblt6mWq8L.npy
bmon8YtbPb42twYKARk5,more,84,train,bmon8YtbPb42twYKARk5.npy
5JpEOH213b942ffVWeNo,hot,12,train,5JpEOH213b942ffVWeNo.npy
mho3sPSTCpq6e1pb9wKM,hurt,63,train,mho3sPSTCpq6e1pb9wKM.npy
2LV0VejneFHUdwshvK4u,go,38,val,2LV0VejneFHUdwshvK4u.npy
iQ4DFEVNXSM07enbshNi,baby,63,val,iQ4DFEVNXSM07enbshNi.npy
dMq8TaW9D1MSHAccjd7b,cough,17,val,dMq8TaW9D1MSHAccjd7b.npy
82tguYPWIXrZaZoR16KZ,tomorrow,88,train,82tguYPWIXrZaZoR16KZ.npy
ycSZ0n8FYJXpHP9PeJeY,stop,7,train,ycSZ0n8FYJXpHP9PeJeY.npy
tmF7ieVPasmZWAjx6zPM,all,49,train,tmF7ieVPasmZWAjx6zPM.npy
WqTuqizGxz2iYprY9d8u,ask,39,train,WqTuqizGxz2iYprY9d8u.npy
RC2NMNoPtIAZW0Vnmz6h,hot,57,test,RC2NMNoPtIAZW0Vnmz6h.npy
9EISEecUzjmFasyOCSYJ,morning,57,test,9EISEecUzjmFasyOCSYJ.npy
RLUwbs1mw5ZJ4PinreE7,throat,48,test,RLUwbs1mw5ZJ4PinreE7.npy
fKzy4FAJyL9B8iS1JFDJ,family,17,val,fKzy4FAJyL9B8iS1JFDJ.npy
A9YfZttlofIKVoA8gqlf,ask,61,test,A9YfZttlofIKVoA8gqlf.npy
j6RAozZTdKaUPxd5bkMU,baby,30,train,j6RAozZTdKaUPxd5bkMU.npy
FU7U8u2YGylgq0K3rUi0,now,85,val,FU7U8u2YGylgq0K3rUi0.npy
nNyxYKuozATbmZj94qoG,water,46,val,nNyxYKuozATbmZj94qoG.npy
LfaDFE2EJHoNbsIOYA76,open,35,train,LfaDFE2EJHoNbsIOYA76.npy
HpUzPnAK34Hb1weoiXC9,show,52,train,HpUzPnAK34Hb1weoiXC9.npy
4viDVe4mXJDP6u2l1gNr,glasses,49,train,4viDVe4mXJDP6u2l1gNr.npy
zFfUFoelyEBU5idt9MST,yesterday,62,train,zFfUFoelyEBU5idt9MST.npy
QMCRTPnrTZB4uoSWDKRK,long,46,train,QMCRTPnrTZB4uoSWDKRK.npy
a24s7r490jdScbsMpVqf,big,57,test,a24s7r490jdScbsMpVqf.npy
RzbZocgqaUrz711UTecU,morning,46,train,RzbZocgqaUrz711UTecU.npy
vjUyEVvzwCXBDD7oEXLH,muscle,61,test,vjUyEVvzwCXBDD7oEXLH.npy
7Prrq1idzD1zlli4epHd,today,54,train,7Prrq1idzD1zlli4epHd.npy
VgCJqdgZKjCvOLcnSB1v,feet,84,train,VgCJqdgZKjCvOLcnSB1v.npy
MKlvh5i8mQfxhTSTR8Vm,move,42,train,MKlvh5i8mQfxhTSTR8Vm.npy
YWeZ50z1oOvTDuLF7CMO,tired,49,val,YWeZ50z1oOvTDuLF7CMO.npy
oGxMAbhLvdMDdw3hhBK6,what,57,test,oGxMAbhLvdMDdw3hhBK6.npy
rgUp32imew91Oi8spjGv,test,85,train,rgUp32imew91Oi8spjGv.npy
iMiCEBv8ZBiMOIw00ILE,test,48,test,iMiCEBv8ZBiMOIw00ILE.npy
DHIarwcVu1bAnH6Xltz6,man,14,val,DHIarwcVu1bAnH6Xltz6.npy
mv768VYn4sq1ibiYF9dG,night,57,test,mv768VYn4sq1ibiYF9dG.npy
GhChSjIWgRkSNFP6ktpG,sick,57,test,GhChSjIWgRkSNFP6ktpG.npy
8zJaQep3gBHdX01TDMYz,who,17,train,8zJaQep3gBHdX01TDMYz.npy
HEK559vwPXLwu0TfHRM5,hospital,62,train,HEK559vwPXLwu0TfHRM5.npy
YYXPXqgc4rGf7Yu8gjnz,big,11,train,YYXPXqgc4rGf7Yu8gjnz.npy
bjBkvLlVxvNfRuoNPhkM,sleep,57,test,bjBkvLlVxvNfRuoNPhkM.npy
CX3YYKEaRT8iQTCzFP6b,feel,17,train,CX3YYKEaRT8iQTCzFP6b.npy
0U4sKh4ZtKMHOJjGurE0,doctor,57,test,0U4sKh4ZtKMHOJjGurE0.npy
voc7RIz2bxYd1H8Qe44l,want,63,train,voc7RIz2bxYd1H8Qe44l.npy
Qprz82IK8jE63rrIMfjd,sleep,48,test,Qprz82IK8jE63rrIMfjd.npy
JpRq8Ltn6ummVkIhHUHa,baby,84,train,JpRq8Ltn6ummVkIhHUHa.npy
yE5jsE0JpDXPhITnA1QR,drink,62,train,yE5jsE0JpDXPhITnA1QR.npy
Hndg43XlJ7kY2lIAzbSX,sleep,85,train,Hndg43XlJ7kY2lIAzbSX.npy
LC4T30qPcI4GaFLh7i6g,cold,30,train,LC4T30qPcI4GaFLh7i6g.npy
P7vKJ2vvFz2LCvdSbSpC,mother,38,val,P7vKJ2vvFz2LCvdSbSpC.npy
L0ZcqAInlAFRt14C1CpV,where,11,train,L0ZcqAInlAFRt14C1CpV.npy
91YoPxFvM2QLHu8p5Rye,cough,7,train,91YoPxFvM2QLHu8p5Rye.npy
su5JoHOnDeGRMICHicAh,move,42,train,su5JoHOnDeGRMICHicAh.npy
CZ6MRhwuHlq8tgIDPE4M,which,84,train,CZ6MRhwuHlq8tgIDPE4M.npy
Kl8hmqQyl3zID0wRRnO2,water,88,train,Kl8hmqQyl3zID0wRRnO2.npy
Xx4Lcrt27wixi3miKPFZ,woman,46,train,Xx4Lcrt27wixi3miKPFZ.npy
DyL9cXodGzuQwVn7BApT,face,7,val,DyL9cXodGzuQwVn7BApT.npy
ajsG8RsTEtEMYOlqoDvE,breathe,39,train,ajsG8RsTEtEMYOlqoDvE.npy
W0gn9IQOQ4dyErh9euuh,medicine,35,train,W0gn9IQOQ4dyErh9euuh.npy
O0QjMFdt8RmqqHPmh40I,night,7,train,O0QjMFdt8RmqqHPmh40I.npy
cZ0aEYoBq4fUXHdmoocY,sit,62,val,cZ0aEYoBq4fUXHdmoocY.npy
NPG69aEcccPUXVR5JDSy,all,52,train,NPG69aEcccPUXVR5JDSy.npy
cm3bmW1WIkMVPzSrgYXf,sick,11,train,cm3bmW1WIkMVPzSrgYXf.npy
E4A2e0h379TlZfZiiCSG,breathe,85,train,E4A2e0h379TlZfZiiCSG.npy
m0B58xV8NL016aMU09Gu,hurt,46,train,m0B58xV8NL016aMU09Gu.npy
eHy3zmLOHx8nvUHV1vrF,yesterday,30,train,eHy3zmLOHx8nvUHV1vrF.npy
AK6CJeWI9UURTtq3KDmF,help,85,train,AK6CJeWI9UURTtq3KDmF.npy
xjMEA9SJ07a8sb2j6I9H,water,7,train,xjMEA9SJ07a8sb2j6I9H.npy
uyRndDwf46y9ODulaeSw,teeth,30,train,uyRndDwf46y9ODulaeSw.npy
3XalBaWIkL7r0ex3dHhp,hurt,39,train,3XalBaWIkL7r0ex3dHhp.npy
HGrMXZOYAQmyOyfDuKNb,not,23,train,HGrMXZOYAQmyOyfDuKNb.npy
hxexkX2fKNQb4xBKduK3,finish,39,train,hxexkX2fKNQb4xBKduK3.npy
47VCaxhjGc8JnszkY3fN,teeth,35,train,47VCaxhjGc8JnszkY3fN.npy
81mFKnwiCNWIwAWn71Ln,move,31,val,81mFKnwiCNWIwAWn71Ln.npy
AuwMIkNgPAB96JRoi5uf,shoulder,7,val,AuwMIkNgPAB96JRoi5uf.npy
qDouqkWHi3hYWlx5qbhr,tell,42,train,qDouqkWHi3hYWlx5qbhr.npy
uDvHRbnuoM90iuxY6t63,finish,38,train,uDvHRbnuoM90iuxY6t63.npy
w62IjhGAJUjsBWsuMDDV,please,46,train,w62IjhGAJUjsBWsuMDDV.npy
w1fRpOc2LNtpgtO5Fzes,weak,49,train,w1fRpOc2LNtpgtO5Fzes.npy
eKx77kI1wN0t17HGxXqP,bad,84,train,eKx77kI1wN0t17HGxXqP.npy
rfT8a8fmu2xoSANta0XU,hour,80,train,rfT8a8fmu2xoSANta0XU.npy
JyVmZ85eemD3U7Q9zrrr,week,84,train,JyVmZ85eemD3U7Q9zrrr.npy
X0XOhxj00Cg2OiQyfLJB,water,31,train,X0XOhxj00Cg2OiQyfLJB.npy
OkXG1PtonbPVQZqM1nXV,glasses,54,train,OkXG1PtonbPVQZqM1nXV.npy
DcXF2tGcB79kqS8S9D1m,bad,17,val,DcXF2tGcB79kqS8S9D1m.npy
jNzpua6el39Ctgfc9ncK,tired,88,train,jNzpua6el39Ctgfc9ncK.npy
GN9xuLf6EGAglKvvGIZE,drink,57,test,GN9xuLf6EGAglKvvGIZE.npy
mFtKbquApfYZAfSLwJNZ,hurt,49,train,mFtKbquApfYZAfSLwJNZ.npy
Q1rKCwTDPUhmBPnpUh2W,water,48,test,Q1rKCwTDPUhmBPnpUh2W.npy
p6a1ZRX2B8MRWG3nwI6t,drink,88,train,p6a1ZRX2B8MRWG3nwI6t.npy
ed9fBEFlcX1mJSKDV7VY,move,38,train,ed9fBEFlcX1mJSKDV7VY.npy
H0AHaAffOyalb1WDDwfw,water,8,val,H0AHaAffOyalb1WDDwfw.npy
xMTQrXI84VpHEt7WY6Hj,water,57,test,xMTQrXI84VpHEt7WY6Hj.npy
CQpKveUN4W1JQZCYKY4h,touch,46,train,CQpKveUN4W1JQZCYKY4h.npy
gqu6ZVrhjzH2AXAYzbJS,sleep,85,train,gqu6ZVrhjzH2AXAYzbJS.npy
i0N1T4jYZ36SxKt48JNq,sleep,39,val,i0N1T4jYZ36SxKt48JNq.npy
f703hJp5TdoVcsvE83CS,close,49,train,f703hJp5TdoVcsvE83CS.npy
qB8q3xQnEQaRCzWdE5AR,doctor,31,val,qB8q3xQnEQaRCzWdE5AR.npy
DclTbrFhya1j2Nbinz8G,start,84,val,DclTbrFhya1j2Nbinz8G.npy
XP10q74XMPfTJ2SGTnuN,sleep,8,train,XP10q74XMPfTJ2SGTnuN.npy
cYMedHhL9hyLPLYYX8ND,drink,7,train,cYMedHhL9hyLPLYYX8ND.npy
GTNl21IODQZqvOxEnCH4,cold,39,train,GTNl21IODQZqvOxEnCH4.npy
AfUNqIuAURvUCAy3m9ku,hot,84,train,AfUNqIuAURvUCAy3m9ku.npy
2wDO1obc0UNrVeWZVAVM,heart,49,train,2wDO1obc0UNrVeWZVAVM.npy
9utufOJ2pkxMZGIWhCHP,sleep,84,train,9utufOJ2pkxMZGIWhCHP.npy
7o3QTR2Scf0JtoAOlHik,understand,57,test,7o3QTR2Scf0JtoAOlHik.npy
2pofzUhBFT38NKVYjQuq,hurt,63,val,2pofzUhBFT38NKVYjQuq.npy
0Iyl4MZavGOGojoKXQSi,help,39,train,0Iyl4MZavGOGojoKXQSi.npy
cmy1z0YRJtfihdQCy5wk,man,31,train,cmy1z0YRJtfihdQCy5wk.npy
OLLFeMhEpevHRmVt7gDV,medicine,57,test,OLLFeMhEpevHRmVt7gDV.npy
piUdIBKHMHPGb7xTwHYt,more,61,test,piUdIBKHMHPGb7xTwHYt.npy
w45ICVoZAuQa0irKvT2e,hot,46,val,w45ICVoZAuQa0irKvT2e.npy
8ni8NltB5EpqACYlYfA6,bed,49,train,8ni8NltB5EpqACYlYfA6.npy
BOD2LVFCCBOjk4T3zXkz,sick,39,train,BOD2LVFCCBOjk4T3zXkz.npy
1imFO2l1wUQ33NUfReA0,hands,7,train,1imFO2l1wUQ33NUfReA0.npy
tWMxRO8bHznrjD796uqK,interpreter,50,test,tWMxRO8bHznrjD796uqK.npy
HlQwzywkb1DC3c99OzIj,finish,84,val,HlQwzywkb1DC3c99OzIj.npy
3u2yVSmd256r1EGbcfte,minute,78,train,3u2yVSmd256r1EGbcfte.npy
jVtLNMfWf9BnDUAns9uK,week,62,train,jVtLNMfWf9BnDUAns9uK.npy
NjzLvQ4J9wGgppFoSTul,water,8,train,NjzLvQ4J9wGgppFoSTul.npy
UGnmjEv2nZAIiansbWPy,doctor,52,train,UGnmjEv2nZAIiansbWPy.npy
AOBBpgmUVZd2Bgt2dG8y,now,57,test,AOBBpgmUVZd2Bgt2dG8y.npy
B4DBq3L2vSlKALPlIIPE,strong,88,val,B4DBq3L2vSlKALPlIIPE.npy
mVl15rtAlCG5Gd85R6jj,want,11,train,mVl15rtAlCG5Gd85R6jj.npy
EUNXdRIHokeyyKLOy9X8,hurt,46,train,EUNXdRIHokeyyKLOy9X8.npy
6JqeAeU1u1ufpI5pxOd6,day,88,train,6JqeAeU1u1ufpI5pxOd6.npy
qxmG1Cq0FaTUoowc0DFY,nose,62,train,qxmG1Cq0FaTUoowc0DFY.npy
2MskeQmXsV7cIhiMLxNt,sorry,49,train,2MskeQmXsV7cIhiMLxNt.npy
OUl6EwuAeu3YBT8XaOi4,feel,84,val,OUl6EwuAeu3YBT8XaOi4.npy
8BsPSOSdZGSs8cFeBhza,not,53,test,8BsPSOSdZGSs8cFeBhza.npy
H43kV9BFJZwNcES0eaSS,better,80,val,H43kV9BFJZwNcES0eaSS.npy
ES3jOevw6eC3RJ1IJa32,ear,78,train,ES3jOevw6eC3RJ1IJa32.npy
jM1LSXzCrGA0DSh9QM2I,teeth,84,train,jM1LSXzCrGA0DSh9QM2I.npy
iBusntNl7bh0JgrYuLrw,weak,49,train,iBusntNl7bh0JgrYuLrw.npy
2ZsrOa2Po0MVtTKV0GN7,finish,42,train,2ZsrOa2Po0MVtTKV0GN7.npy
0lS3G2hqKN8zsqhUbT95,help,49,val,0lS3G2hqKN8zsqhUbT95.npy
AIs8DGxGu1oVqdOra9vW,yes,57,test,AIs8DGxGu1oVqdOra9vW.npy
JDyiA7y1UnR96Gf6e5vl,hot,57,test,JDyiA7y1UnR96Gf6e5vl.npy
slOqJeGSQSoM9RDf1Zx9,sorry,84,train,slOqJeGSQSoM9RDf1Zx9.npy
7x7CJq3PdULPfEhlXLZI,feet,61,test,7x7CJq3PdULPfEhlXLZI.npy
0nvijmBXCA8HHA5twjQe,not,78,val,0nvijmBXCA8HHA5twjQe.npy
5Lj3c4aqeNKj62jYsMAT,test,85,train,5Lj3c4aqeNKj62jYsMAT.npy
54NFdrJBPr1qh8GdKYUd,sleep,46,train,54NFdrJBPr1qh8GdKYUd.npy
ghBb8MpuKgPBTHsQZGsC,bone,84,val,ghBb8MpuKgPBTHsQZGsC.npy
CmnpJ3AOSWftGh3m24si,cold,76,val,CmnpJ3AOSWftGh3m24si.npy
9bf1a81j5dQMaCcHHWt4,hurt,84,train,9bf1a81j5dQMaCcHHWt4.npy
slu2TFq1h1RXGRHNCgv5,take,39,train,slu2TFq1h1RXGRHNCgv5.npy
VJqcSF2nMFsKSSTxljsW,drink,38,train,VJqcSF2nMFsKSSTxljsW.npy
6FD6rt440kVzjiuxCZui,eat,49,train,6FD6rt440kVzjiuxCZui.npy
312V7Bb6QJSGRnoGmp9x,go,62,train,312V7Bb6QJSGRnoGmp9x.npy
gS1gJeiQaGqxhzmz9A7s,tomorrow,63,train,gS1gJeiQaGqxhzmz9A7s.npy
nz0teUFaoOOFH9xVGap4,test,35,train,nz0teUFaoOOFH9xVGap4.npy
OPq0QDB3X42ZnViYgmjO,hot,49,train,OPq0QDB3X42ZnViYgmjO.npy
oPZkYYvw4e1yNfv4uJ1b,who,17,train,oPZkYYvw4e1yNfv4uJ1b.npy
V86ZdDH5m0f5kLl5R8Ni,long,61,test,V86ZdDH5m0f5kLl5R8Ni.npy
YyxpittGCvqCJiP2rj1Y,why,43,train,YyxpittGCvqCJiP2rj1Y.npy
cQVW23bOBOxhwdC48lfi,want,80,val,cQVW23bOBOxhwdC48lfi.npy
ieESRic4Z0Al6dZnWxyQ,needle,84,train,ieESRic4Z0Al6dZnWxyQ.npy
Af5jpjhHqZ7cSCj7w1hq,man,48,test,Af5jpjhHqZ7cSCj7w1hq.npy
5iisPsr5QtNgt7KecH8x,teeth,85,train,5iisPsr5QtNgt7KecH8x.npy
6bcwgZMnY83rkDoZrhUB,water,62,train,6bcwgZMnY83rkDoZrhUB.npy
BYXasmc87k7ctPBmMXFE,strong,84,train,BYXasmc87k7ctPBmMXFE.npy
7R7fgDWX5yp6OfmDVU3Y,strong,84,train,7R7fgDWX5yp6OfmDVU3Y.npy
qQikz84l18J3hRozBY0d,again,59,val,qQikz84l18J3hRozBY0d.npy
LEWgSB1JkpF6wkvppNHg,wait,7,train,LEWgSB1JkpF6wkvppNHg.npy
FUcPcMLzCrUrbzeXJzUW,baby,57,test,FUcPcMLzCrUrbzeXJzUW.npy
pgf24gWlug9lxEhWeLue,water,85,train,pgf24gWlug9lxEhWeLue.npy
CxA3da3XyuyCQFTM0AM5,family,17,train,CxA3da3XyuyCQFTM0AM5.npy
DJyKrPbY1NukDjwPqPbm,water,38,val,DJyKrPbY1NukDjwPqPbm.npy
bvtq1RRSycM8caZrMYQz,touch,62,train,bvtq1RRSycM8caZrMYQz.npy
VUlXb2RdFqLcm1wMEajF,who,62,val,VUlXb2RdFqLcm1wMEajF.npy
6xxQJY0w8mKyuBFCTHzu,week,84,val,6xxQJY0w8mKyuBFCTHzu.npy
Va1Jvea8oqC8D7UZThlr,hands,39,train,Va1Jvea8oqC8D7UZThlr.npy
lRZV66ueQD1fTGnvlz1M,wait,46,val,lRZV66ueQD1fTGnvlz1M.npy
iFRtwyYtH16OBBM1kcmP,tired,49,train,iFRtwyYtH16OBBM1kcmP.npy
SafcJrLiGY3g4NzhB3V9,help,35,train,SafcJrLiGY3g4NzhB3V9.npy
Unb6zRz6ovllHUXbhNGu,cough,49,train,Unb6zRz6ovllHUXbhNGu.npy
N0wgv6j2g8aHlSsM5Q1j,cold,30,train,N0wgv6j2g8aHlSsM5Q1j.npy
8Qt5vu9AncP74eq6hCtF,open,62,train,8Qt5vu9AncP74eq6hCtF.npy
3Vf6BA8UHV9pZNOaohKT,sometimes,80,train,3Vf6BA8UHV9pZNOaohKT.npy
yaYQoMYO3LAgfrVO0auE,weak,46,val,yaYQoMYO3LAgfrVO0auE.npy
icaoUlH6xl7osg9TBFUo,not,46,train,icaoUlH6xl7osg9TBFUo.npy
GggsQexAgJlsxpG2edAi,woman,42,train,GggsQexAgJlsxpG2edAi.npy
otLgGwXCE71hhK43EXsi,family,7,train,otLgGwXCE71hhK43EXsi.npy
jLRMx04foQtGrHz0InMI,want,80,train,jLRMx04foQtGrHz0InMI.npy
WFGCFxlvJcVMERPbAMNz,feel,88,train,WFGCFxlvJcVMERPbAMNz.npy
JYp7XJ95VvnqtOrOIuZT,hot,49,train,JYp7XJ95VvnqtOrOIuZT.npy
HWozrb1GP6huSpTg3Gux,finish,61,test,HWozrb1GP6huSpTg3Gux.npy
UBQnTdH88jh6uWavyPCr,back,63,train,UBQnTdH88jh6uWavyPCr.npy
rGNGpLRkNAsVgjl8riwq,who,31,train,rGNGpLRkNAsVgjl8riwq.npy
ssT4i56h5OduSYBJGuTl,sick,49,train,ssT4i56h5OduSYBJGuTl.npy
SYqepUJXGaO3nJ4izlRG,move,85,train,SYqepUJXGaO3nJ4izlRG.npy
p1I0VKC4AtgZ0M626afY,yesterday,57,test,p1I0VKC4AtgZ0M626afY.npy
y5sHGaZqFSVk89tx77pe,yes,88,train,y5sHGaZqFSVk89tx77pe.npy
lQvuk0mGlBjUJoe8AeBK,who,43,train,lQvuk0mGlBjUJoe8AeBK.npy
7cAWIt64Bpn1aCuQCUId,where,78,train,7cAWIt64Bpn1aCuQCUId.npy
41z3oo0C7fCb1OJXAC92,dentist,54,train,41z3oo0C7fCb1OJXAC92.npy
nZQg9BGnC6Mxu5S62IBd,where,17,val,nZQg9BGnC6Mxu5S62IBd.npy
lvOrKhFG8dNRDWLf6YWR,stop,39,train,lvOrKhFG8dNRDWLf6YWR.npy
eFvHa8j2yo4p83rAZSLM,maybe,11,train,eFvHa8j2yo4p83rAZSLM.npy
zwjG2TJH4qV7BMrUxyLB,tell,39,train,zwjG2TJH4qV7BMrUxyLB.npy
Wavf1gPh7pMs7M4TcOxu,hurt,7,train,Wavf1gPh7pMs7M4TcOxu.npy
gusRfafvLqeYjkthwQMh,hot,52,train,gusRfafvLqeYjkthwQMh.npy
AOO4I0P3Js3gdwQRm7JG,show,49,train,AOO4I0P3Js3gdwQRm7JG.npy
N8EFaYvvYBZqPLY90cQn,who,17,train,N8EFaYvvYBZqPLY90cQn.npy
bP25BljlFQqVsjczEue5,teeth,62,train,bP25BljlFQqVsjczEue5.npy
DrNn8BA67AtCpyQrJp2I,show,49,train,DrNn8BA67AtCpyQrJp2I.npy
n0jaINtwhxunwuyZpQPI,family,12,train,n0jaINtwhxunwuyZpQPI.npy
llkgdRGj4YM4tiI8BjyI,man,14,train,llkgdRGj4YM4tiI8BjyI.npy
RVkpNeace6Yk3G7qzurq,help,15,train,RVkpNeace6Yk3G7qzurq.npy
VVus6KnavKawiPZ6gZto,test,48,test,VVus6KnavKawiPZ6gZto.npy
uzNx4dvLvxKECpE089jJ,give,84,train,uzNx4dvLvxKECpE089jJ.npy
2RolEModQwmAzEKeXZkD,today,57,test,2RolEModQwmAzEKeXZkD.npy
SQmR7DdyLHTHwK13HZcK,ask,54,val,SQmR7DdyLHTHwK13HZcK.npy
qKKNxwj6mC7QmUIYbv4e,how,17,train,qKKNxwj6mC7QmUIYbv4e.npy
HBL8Yt21EfWndGJlHTMi,blood,23,train,HBL8Yt21EfWndGJlHTMi.npy
uwM8Fl6vNGtjXt8nMvAp,move,53,test,uwM8Fl6vNGtjXt8nMvAp.npy
IhNVRr3BK3nuPvqHMkDD,stop,59,val,IhNVRr3BK3nuPvqHMkDD.npy
lMDCBeuENdgddgiJX5qH,tell,7,train,lMDCBeuENdgddgiJX5qH.npy
nKopv6tWvQdZp15GKC0W,night,84,val,nKopv6tWvQdZp15GKC0W.npy
JF1c1uQsi6LQmN95wVas,hands,84,val,JF1c1uQsi6LQmN95wVas.npy
9afwemimmeW5uHYke97p,doctor,53,test,9afwemimmeW5uHYke97p.npy
Mac6EClqwfkfJZogBZGE,strong,61,test,Mac6EClqwfkfJZogBZGE.npy
67KY1Dg6xFPiesyhnQI8,back,84,val,67KY1Dg6xFPiesyhnQI8.npy
ohBbCNMDuKnIKlW4J5Rj,not,49,train,ohBbCNMDuKnIKlW4J5Rj.npy
efa7VzlpWS8vHWxPdrbp,walk,49,train,efa7VzlpWS8vHWxPdrbp.npy
eaoAd6VjbxvTtzVNj5Qc,go,17,val,eaoAd6VjbxvTtzVNj5Qc.npy
v7MVd7mMia9Ow4V6S7g5,much,49,val,v7MVd7mMia9Ow4V6S7g5.npy
XQDZ4G9OEL7gbDwGRiKs,take,49,train,XQDZ4G9OEL7gbDwGRiKs.npy
CPaMcyiPiUseqVpQDDhG,teeth,84,train,CPaMcyiPiUseqVpQDDhG.npy
54lHOTb0nKE5ucxBMabj,interpreter,11,train,54lHOTb0nKE5ucxBMabj.npy
F8uCmswmha5s1td9JrqJ,no,78,train,F8uCmswmha5s1td9JrqJ.npy
ckxqAg4bzFJ3TPt86Ype,sick,48,test,ckxqAg4bzFJ3TPt86Ype.npy
WJhriFRvFmRuAhmzIHMO,come,42,train,WJhriFRvFmRuAhmzIHMO.npy
jTkPR4DOD8UJjTOnkICa,sick,84,val,jTkPR4DOD8UJjTOnkICa.npy
AVuSg9f4aJDdNwlcbNx7,open,52,train,AVuSg9f4aJDdNwlcbNx7.npy
xJaya0ntHbjWBLKa9EaJ,wait,39,train,xJaya0ntHbjWBLKa9EaJ.npy
MK7gaHSxmVhW2zw2Qdqz,no,39,train,MK7gaHSxmVhW2zw2Qdqz.npy
F7qgh7K2Lq7eYNE8EdIM,move,84,train,F7qgh7K2Lq7eYNE8EdIM.npy
mo49z7ElPMlc3JwR97Ml,much,85,train,mo49z7ElPMlc3JwR97Ml.npy
96hOt3xORK4WfDGbonNl,drink,39,val,96hOt3xORK4WfDGbonNl.npy
PBY5tYaPrQIcvhWRAJ7m,nose,7,train,PBY5tYaPrQIcvhWRAJ7m.npy
RfCwDlbhiNk1bhN2HW6L,month,42,train,RfCwDlbhiNk1bhN2HW6L.npy
EiQ3GDHMO7K8CRA70QzV,finish,38,train,EiQ3GDHMO7K8CRA70QzV.npy
32KWVCUgzZbogig58bER,go,7,train,32KWVCUgzZbogig58bER.npy
d9Xqy7CKfIropJJga8Ts,finish,88,train,d9Xqy7CKfIropJJga8Ts.npy
lIUgQBsazpbGHraLvSDm,tired,50,test,lIUgQBsazpbGHraLvSDm.npy
zQW4yNaM1uZ37eXtrBby,bone,84,train,zQW4yNaM1uZ37eXtrBby.npy
v5XIWAS2ZkpmfGmpTvud,tired,57,test,v5XIWAS2ZkpmfGmpTvud.npy
b8HqaNXkAXuTBAiJZNlG,mother,62,train,b8HqaNXkAXuTBAiJZNlG.npy
eXa7JIyxxT0PSH3HClU6,wait,7,train,eXa7JIyxxT0PSH3HClU6.npy
cPQ5jEVLI0O1AGH9Cq9m,why,17,val,cPQ5jEVLI0O1AGH9Cq9m.npy
4sjAwE4ES93ArqWo1JBP,hot,61,test,4sjAwE4ES93ArqWo1JBP.npy
nbJLqSkzDtlApUrMpmmH,cold,84,train,nbJLqSkzDtlApUrMpmmH.npy
IbQrOSMFhUTCojpYmfKR,tomorrow,39,train,IbQrOSMFhUTCojpYmfKR.npy
4b7cA0XS4zrnTpPrBgJa,come,57,test,4b7cA0XS4zrnTpPrBgJa.npy
6AxpF7qRrG3Kcf4vXA5q,some,80,train,6AxpF7qRrG3Kcf4vXA5q.npy
o08fBwvLKwrQLXV5eE47,day,35,train,o08fBwvLKwrQLXV5eE47.npy
pP3TCgFzZEM2hzoqqVUH,move,84,val,pP3TCgFzZEM2hzoqqVUH.npy
OtOnZGr5hiSgNsdAuxHi,bed,88,val,OtOnZGr5hiSgNsdAuxHi.npy
tkE2iABgpnrfXfqwx4TK,now,84,train,tkE2iABgpnrfXfqwx4TK.npy
2F4e3unRAHKbwjlofqbq,back,39,train,2F4e3unRAHKbwjlofqbq.npy
VRwxlR6SDyvmbU5qA6X0,now,59,train,VRwxlR6SDyvmbU5qA6X0.npy
zcacSniXfdh87B18JOny,finish,84,train,zcacSniXfdh87B18JOny.npy
wMEZpwlrPwyKzDE4oQgP,big,62,train,wMEZpwlrPwyKzDE4oQgP.npy
PfWc3i5lRAvJyznwGaMk,hospital,39,val,PfWc3i5lRAvJyznwGaMk.npy
YZWbnnI0lLdVFCgRybUI,woman,59,val,YZWbnnI0lLdVFCgRybUI.npy
srYDpzkCo7EhdGHld81f,vomit,39,train,srYDpzkCo7EhdGHld81f.npy
tAypSf8Krj90KpZrAz5Q,baby,84,train,tAypSf8Krj90KpZrAz5Q.npy
V58e6JojRnxcrGvvftaI,bone,7,train,V58e6JojRnxcrGvvftaI.npy
xkbsjP8ZJReHNsAogt9t,wait,31,train,xkbsjP8ZJReHNsAogt9t.npy
WK2jGIXWdJsui2aeJyf9,tomorrow,7,val,WK2jGIXWdJsui2aeJyf9.npy
mzIlx1MmI9ehpfHcPCIQ,again,31,train,mzIlx1MmI9ehpfHcPCIQ.npy
vKOv1SFKeh8DISyJ8szP,water,61,test,vKOv1SFKeh8DISyJ8szP.npy
WBLH1EiJU6eHx0tTfZzX,long,61,test,WBLH1EiJU6eHx0tTfZzX.npy
bMgeq82lQDxTjVrnowb8,teeth,46,val,bMgeq82lQDxTjVrnowb8.npy
oyXEKaidFJyvnYpdwPn4,all,88,train,oyXEKaidFJyvnYpdwPn4.npy
52eyzRFun6wM5Fl0gbhM,yes,50,test,52eyzRFun6wM5Fl0gbhM.npy
uoUYziiZaTOVq6ScbFY6,not,49,train,uoUYziiZaTOVq6ScbFY6.npy
L9I4EnaUwFniCfmDXIUd,tired,62,train,L9I4EnaUwFniCfmDXIUd.npy
e9lzAvWwmq0soaKTk8NS,cold,39,train,e9lzAvWwmq0soaKTk8NS.npy
Vz6WohuVQ2KFtKDSq9mt,baby,57,test,Vz6WohuVQ2KFtKDSq9mt.npy
agIO3YWadt2OpytFbmoD,help,46,train,agIO3YWadt2OpytFbmoD.npy
IobkZqFzsEydERwyecv4,night,84,train,IobkZqFzsEydERwyecv4.npy
5VSDBqXeAzOnGUYZeuqB,bad,85,train,5VSDBqXeAzOnGUYZeuqB.npy
awwlTZghmpcFmZ7tl8Xr,start,57,test,awwlTZghmpcFmZ7tl8Xr.npy
lOlNDg64azBRrW8qQ8mI,take,62,train,lOlNDg64azBRrW8qQ8mI.npy
dU8xPbAeEiWngsOy5mlt,sick,7,train,dU8xPbAeEiWngsOy5mlt.npy
qjkNVnYjVhuQfavA1XIJ,pain,23,val,qjkNVnYjVhuQfavA1XIJ.npy
uS0jOXuft4WYhVUNFgol,yesterday,8,train,uS0jOXuft4WYhVUNFgol.npy
7F4gbDjrgfgUO6CozB91,thank_you,52,train,7F4gbDjrgfgUO6CozB91.npy
u8Xk2ZgglFSdZ224Tmsl,afternoon,8,train,u8Xk2ZgglFSdZ224Tmsl.npy
RPD6LpzE1MeCHX3qG6YN,blood,49,train,RPD6LpzE1MeCHX3qG6YN.npy
Xos5RYeGOEwBt8Ns31Ih,big,38,train,Xos5RYeGOEwBt8Ns31Ih.npy
Ban5CUllZLCpfmjzWJJZ,why,62,train,Ban5CUllZLCpfmjzWJJZ.npy
ebGQIRsuSdAGH0E1bzKP,sick,84,train,ebGQIRsuSdAGH0E1bzKP.npy
lWbzm6xUYSKVwN4oRfve,hurt,30,train,lWbzm6xUYSKVwN4oRfve.npy
KSw49yyQIB9TL8miIRvG,sick,30,train,KSw49yyQIB9TL8miIRvG.npy
yHcVWs5ecfmSmjgKhPhl,give,52,val,yHcVWs5ecfmSmjgKhPhl.npy
yfm0yvjod61E6OIzTfOf,give,30,train,yfm0yvjod61E6OIzTfOf.npy
BdakgHOz5JaBnfDrm4S7,bleed,39,val,BdakgHOz5JaBnfDrm4S7.npy
yDUxvftApsqA8PXhhsdp,arm,80,train,yDUxvftApsqA8PXhhsdp.npy
q5MODNX9mH2ktfm9boKD,all,7,val,q5MODNX9mH2ktfm9boKD.npy
i9NsIjycYkmH9D6eoOXI,feet,30,train,i9NsIjycYkmH9D6eoOXI.npy
RDh3WQaS6QAc48QeDYdk,long,59,val,RDh3WQaS6QAc48QeDYdk.npy
wxZLfHJnvuFg2ppDlCse,cold,30,val,wxZLfHJnvuFg2ppDlCse.npy
fTXnliNPw1EKal7qkoLP,big,49,train,fTXnliNPw1EKal7qkoLP.npy
twpF2rQzzo3AZf1o50fc,hospital,35,train,twpF2rQzzo3AZf1o50fc.npy
vcV0SalgaEKWgsD5R0g9,feet,7,val,vcV0SalgaEKWgsD5R0g9.npy
B9Qk5InBaypgqNXw3KAk,big,57,test,B9Qk5InBaypgqNXw3KAk.npy
waxC6O9J0Znqln9XdAGY,water,7,train,waxC6O9J0Znqln9XdAGY.npy
33BN6h5Xo35S86Neb57H,need,17,train,33BN6h5Xo35S86Neb57H.npy
6zvmBeDTSppI3axyoZOG,back,61,test,6zvmBeDTSppI3axyoZOG.npy
LdjvkRaLZxzOBSxGgmIo,finish,7,val,LdjvkRaLZxzOBSxGgmIo.npy
YvNV1UQDUjNrftNfjLAD,family,84,train,YvNV1UQDUjNrftNfjLAD.npy
C6Pw5D3y9LT6iELMETiv,month,63,val,C6Pw5D3y9LT6iELMETiv.npy
h1VmNgo4TmBzsRs6W1Qc,water,36,test,h1VmNgo4TmBzsRs6W1Qc.npy
Yo0qbOkdpARNJ34tKfO8,where,39,train,Yo0qbOkdpARNJ34tKfO8.npy
2s7Q75VSajDZon62mpyE,finish,62,train,2s7Q75VSajDZon62mpyE.npy
axFWtIyr3o0ST3ACigZA,hot,61,test,axFWtIyr3o0ST3ACigZA.npy
NYIC7Vg4N16HiXognqZC,night,57,test,NYIC7Vg4N16HiXognqZC.npy
FF7D2TC10EBG5w5RqUpC,blood,35,train,FF7D2TC10EBG5w5RqUpC.npy
zj5eU6k3tuCOH2HNEfSh,test,62,val,zj5eU6k3tuCOH2HNEfSh.npy
yxtFLBn0zL6sfRW7U6iy,weak,85,val,yxtFLBn0zL6sfRW7U6iy.npy
0BshUCqql93Yv5GLv1DO,medicine,14,val,0BshUCqql93Yv5GLv1DO.npy
vni192mEFBVghyPrINMM,woman,54,val,vni192mEFBVghyPrINMM.npy
EbfDfsNh5NAI74MYr8Vk,bleed,42,train,EbfDfsNh5NAI74MYr8Vk.npy
jC3R1OdFiuBld6S7M5Wk,water,62,train,jC3R1OdFiuBld6S7M5Wk.npy
rrg9p4druejH0mBeW2Xm,bad,8,train,rrg9p4druejH0mBeW2Xm.npy
W7ga9fgMPzTJINlfMt3R,test,42,train,W7ga9fgMPzTJINlfMt3R.npy
JbfigQ8oVswo1Yx3g0zZ,finish,57,test,JbfigQ8oVswo1Yx3g0zZ.npy
4AyRbwISVLwyjyC5THtt,go,62,train,4AyRbwISVLwyjyC5THtt.npy
1TWfvnZLeVC0VZbZ2Czy,where,17,train,1TWfvnZLeVC0VZbZ2Czy.npy
2kAjco8VVOlJv7Xi7vHJ,tired,84,val,2kAjco8VVOlJv7Xi7vHJ.npy
HAPsT1xvmMxh10d51Q9o,finish,84,train,HAPsT1xvmMxh10d51Q9o.npy
vrx2sALdXQdENVXv7Drs,family,59,train,vrx2sALdXQdENVXv7Drs.npy
KwmdKUhI81fkMpaJDX6q,bathroom,49,train,KwmdKUhI81fkMpaJDX6q.npy
UWqHE9B3cGf2nGWhMr3R,take,64,test,UWqHE9B3cGf2nGWhMr3R.npy
2EDMb3aGsQGFU1YNw5yR,doctor,31,train,2EDMb3aGsQGFU1YNw5yR.npy
DoQKqktYdLVd7uKVS6om,medicine,84,train,DoQKqktYdLVd7uKVS6om.npy
OUbCr8MqWssbl8l9dki3,mother,42,train,OUbCr8MqWssbl8l9dki3.npy
lQUVhVRI7NZAbA5WLmWR,want,31,train,lQUVhVRI7NZAbA5WLmWR.npy
nZlvJjcfKFQC9PemXIt3,understand,35,train,nZlvJjcfKFQC9PemXIt3.npy
B0xOUcNiW1l2voGydVBi,help,57,test,B0xOUcNiW1l2voGydVBi.npy
QCAFrzcAxDYyhvXbLNKD,sorry,23,train,QCAFrzcAxDYyhvXbLNKD.npy
sT45MuQkNYEa5Ex0UnkK,again,31,train,sT45MuQkNYEa5Ex0UnkK.npy
a3b8pbftRPEpbjdY0Osz,finish,38,train,a3b8pbftRPEpbjdY0Osz.npy
1wSjd9TA1OwY87bZRz8v,finish,57,test,1wSjd9TA1OwY87bZRz8v.npy
KHGcrkA3QzUOa0F5wCOe,cold,35,train,KHGcrkA3QzUOa0F5wCOe.npy
WAT3faB0L06sEAUwWr0w,strong,76,train,WAT3faB0L06sEAUwWr0w.npy
cBUzWxBdf9Qgse4VAsix,where,42,train,cBUzWxBdf9Qgse4VAsix.npy
IK4XZAe6fwAsciDzS2WJ,all,46,val,IK4XZAe6fwAsciDzS2WJ.npy
IyOF3I5DGXq1CAnhjTDL,finish,84,val,IyOF3I5DGXq1CAnhjTDL.npy
ar9w1NAcBIrTjncUsKVS,dentist,88,train,ar9w1NAcBIrTjncUsKVS.npy
CnZQJohMuwd2O2beKKIF,ask,62,train,CnZQJohMuwd2O2beKKIF.npy
a6C3IQlBgdVfgBd6O9IY,ask,39,train,a6C3IQlBgdVfgBd6O9IY.npy
5J1OV2I0vDPJGDhTpSfo,finish,62,train,5J1OV2I0vDPJGDhTpSfo.npy
iAIWLjbsHUBcBOFpq3sP,where,49,val,iAIWLjbsHUBcBOFpq3sP.npy
k2FsNfpr63xGlEv8T5kK,bad,42,val,k2FsNfpr63xGlEv8T5kK.npy
mY0lCE3efnZEmzIdqiI3,baby,8,val,mY0lCE3efnZEmzIdqiI3.npy
xVxDfrgfB586luV2fCdn,want,84,train,xVxDfrgfB586luV2fCdn.npy
sBtj22cv8wMecuiHQdhd,water,84,train,sBtj22cv8wMecuiHQdhd.npy
twtKPTBhHz14AlccddCh,worse,30,train,twtKPTBhHz14AlccddCh.npy
wJeBOWyQ4r5nV8gKvVx1,nurse,88,train,wJeBOWyQ4r5nV8gKvVx1.npy
nRMgnuw3wbppAXy75sJN,sleep,88,val,nRMgnuw3wbppAXy75sJN.npy
mnpx1BTc4cN15uSfSaoa,water,57,test,mnpx1BTc4cN15uSfSaoa.npy
8nh7ogFL6g0k5y0aHYmE,hot,84,val,8nh7ogFL6g0k5y0aHYmE.npy
M5jeFynD7JvVcPg92mdi,who,17,val,M5jeFynD7JvVcPg92mdi.npy
MNS13tVuPonr57ChxU5H,wait,35,val,MNS13tVuPonr57ChxU5H.npy
ty8skLrtikG4Vzn9UBjs,dentist,49,val,ty8skLrtikG4Vzn9UBjs.npy
8maki21p8ghK9MlsZDbF,tired,62,train,8maki21p8ghK9MlsZDbF.npy
8B3eaJSNYLGYLOgqfIbK,blood,59,val,8B3eaJSNYLGYLOgqfIbK.npy
01OWKSRVzD4ND3W2b0E7,teeth,49,train,01OWKSRVzD4ND3W2b0E7.npy
6PnjfJ04iQk1PQ0WFA7C,teeth,49,train,6PnjfJ04iQk1PQ0WFA7C.npy
fhbu2TNghchh3EwPGIC8,look,36,test,fhbu2TNghchh3EwPGIC8.npy
jzS8WWjFV7pwNRWPODmf,cough,31,train,jzS8WWjFV7pwNRWPODmf.npy
h1oB7YWtB2Kz3TkifxEw,better,39,train,h1oB7YWtB2Kz3TkifxEw.npy
P3mIfGucVAHZ6UA9U2Wj,can,39,val,P3mIfGucVAHZ6UA9U2Wj.npy
hh5hD067aJ0UeQfBPQDI,wait,46,train,hh5hD067aJ0UeQfBPQDI.npy
xL5GZxgBFsuyV8JfZLwf,bathroom,88,train,xL5GZxgBFsuyV8JfZLwf.npy
cka0ucqZYXhR7TDycQ9c,big,60,val,cka0ucqZYXhR7TDycQ9c.npy
DZOl2ufqCZLVaCcL7prR,bad,85,val,DZOl2ufqCZLVaCcL7prR.npy
vIJtupc5dMRjSxYsZK49,big,46,train,vIJtupc5dMRjSxYsZK49.npy
5zOz0zV8fFK9P1gJOqMw,who,88,train,5zOz0zV8fFK9P1gJOqMw.npy
5virXFmOidLPvH6ALOD5,nurse,78,val,5virXFmOidLPvH6ALOD5.npy
LaF0UHbDY4OaXXw9Z5Ca,finish,62,train,LaF0UHbDY4OaXXw9Z5Ca.npy
CEhBajLrWyOyYo5PmczW,who,17,train,CEhBajLrWyOyYo5PmczW.npy
SLAKp2Y8jSNDvXsL0hFQ,night,43,train,SLAKp2Y8jSNDvXsL0hFQ.npy
beT96tkKI4FYerciqCjW,bathroom,49,train,beT96tkKI4FYerciqCjW.npy
jvzyaZ6W0C4mEOL9tsOc,ask,39,train,jvzyaZ6W0C4mEOL9tsOc.npy
B3gBTrOV8G6KI2zgimBF,water,8,val,B3gBTrOV8G6KI2zgimBF.npy
NTH7VBALTwUiwluqkyIg,yes,39,train,NTH7VBALTwUiwluqkyIg.npy
N4uuEmvB9AiM74zieTbs,when,7,train,N4uuEmvB9AiM74zieTbs.npy
5QVERLHe3RpqbNr5b3o8,water,53,test,5QVERLHe3RpqbNr5b3o8.npy
ivpq2p6u5NYdvjmD3BL3,sleep,7,train,ivpq2p6u5NYdvjmD3BL3.npy
MlaF94GPgprIq2jcqcU5,back,64,test,MlaF94GPgprIq2jcqcU5.npy
7XjPk13ZaetaqoYnjhj1,sick,57,test,7XjPk13ZaetaqoYnjhj1.npy
dmDFAFq9io5gme8Bg2Mz,throat,50,test,dmDFAFq9io5gme8Bg2Mz.npy
Qgj4FLLa3D8TsP91HJW8,cold,35,train,Qgj4FLLa3D8TsP91HJW8.npy
evJ36Bb5l4ayM01aCcmm,who,46,train,evJ36Bb5l4ayM01aCcmm.npy
beEqEhGz1hVAB6wRhcE8,now,36,test,beEqEhGz1hVAB6wRhcE8.npy
VHgUMMsP6gmjjeC5pKol,family,62,train,VHgUMMsP6gmjjeC5pKol.npy
AkreU6WunkNzz7S2V8QZ,where,42,train,AkreU6WunkNzz7S2V8QZ.npy
dQIzkbvMj8Jo6cjZQuxe,help,61,test,dQIzkbvMj8Jo6cjZQuxe.npy
8s7I70EP00psuV3XPHGG,week,49,train,8s7I70EP00psuV3XPHGG.npy
fQsKlRHt4f0tccY9FkxL,nurse,30,train,fQsKlRHt4f0tccY9FkxL.npy
VgS4sjskEkds0CA0Mf6B,open,59,train,VgS4sjskEkds0CA0Mf6B.npy
DVLCK05s0RDLonda5681,always,49,val,DVLCK05s0RDLonda5681.npy
7B2xeLJupP4dU0wE1O8o,glasses,8,val,7B2xeLJupP4dU0wE1O8o.npy
kXqrpHqLBB5VDtH5Vabi,sleep,62,train,kXqrpHqLBB5VDtH5Vabi.npy
ix7MOp3GlWRX75NlDUfd,hot,84,train,ix7MOp3GlWRX75NlDUfd.npy
ZEbHJqrDPFTL82DrUiCg,skin,50,test,ZEbHJqrDPFTL82DrUiCg.npy
wevtK2lAg3GnDKyQdkQh,nurse,76,train,wevtK2lAg3GnDKyQdkQh.npy
eUDqvKgubcyae4g7Gfkg,who,46,val,eUDqvKgubcyae4g7Gfkg.npy
3W8rC0u7YVXZ8SK1tKcM,sit,14,train,3W8rC0u7YVXZ8SK1tKcM.npy
ShQwVQNRON2c90LoRUKJ,strong,84,val,ShQwVQNRON2c90LoRUKJ.npy
Z5CpVez2ujunp3Qy3DRp,long,84,train,Z5CpVez2ujunp3Qy3DRp.npy
xpwjW1brBc1nezXN1eb6,week,84,train,xpwjW1brBc1nezXN1eb6.npy
z3o9ug2vfrrZXa1p8P73,breathe,39,train,z3o9ug2vfrrZXa1p8P73.npy
CFf1jeJpPhfGt2ZXPCbX,can,61,test,CFf1jeJpPhfGt2ZXPCbX.npy
O52flPJOBhDERnOERJjo,head,88,train,O52flPJOBhDERnOERJjo.npy
MMFqkKdVoK9PJuUKPKoq,go,8,train,MMFqkKdVoK9PJuUKPKoq.npy
zecpaVrnKhE1mrKXWisw,want,46,val,zecpaVrnKhE1mrKXWisw.npy
Fk81GoelCHNHr4AeD5Fa,go,84,train,Fk81GoelCHNHr4AeD5Fa.npy
AEDCGi2s74Jj0j5gQzAR,tired,88,train,AEDCGi2s74Jj0j5gQzAR.npy
v0Kv58lmTiu7VZetVM2S,water,84,train,v0Kv58lmTiu7VZetVM2S.npy
R7QrxSaeUAv3axN0Vi7E,sometimes,49,train,R7QrxSaeUAv3axN0Vi7E.npy
5LVMRxywSNRsTrQxepMw,eat,49,train,5LVMRxywSNRsTrQxepMw.npy
qCbXGs1GWOpY7tUi8ddw,water,61,test,qCbXGs1GWOpY7tUi8ddw.npy
NhLSAjL7QlrPsV77lE5W,understand,59,val,NhLSAjL7QlrPsV77lE5W.npy
b8GZj9m2XYV6L6yeTXwn,medicine,88,train,b8GZj9m2XYV6L6yeTXwn.npy
qKJbo02Ks1KWgn6TZMCC,hurt,84,val,qKJbo02Ks1KWgn6TZMCC.npy
bzbPFhMPdrl6iab16OeN,woman,61,test,bzbPFhMPdrl6iab16OeN.npy
iSXoHCbH5iBhgzeqI4Vg,no,46,train,iSXoHCbH5iBhgzeqI4Vg.npy
3h0hKJKzGBibGyxaPVVi,now,57,test,3h0hKJKzGBibGyxaPVVi.npy
Lj6SyFlnrqRicoy0Q425,give,39,train,Lj6SyFlnrqRicoy0Q425.npy
FfxxsQUpfKh17poDSQeO,interpreter,50,test,FfxxsQUpfKh17poDSQeO.npy
P2CSUunfVfxdsgTblTCu,doctor,59,train,P2CSUunfVfxdsgTblTCu.npy
nc1SHyZzmJsn5E4GUsy2,understand,30,train,nc1SHyZzmJsn5E4GUsy2.npy
vIhx5HUAjgIdQkFJpUec,morning,63,train,vIhx5HUAjgIdQkFJpUec.npy
66rD7s0HgIMBqcnxhm8n,go,52,train,66rD7s0HgIMBqcnxhm8n.npy
7NORzGL46HRxDvAG4vDX,pill,49,val,7NORzGL46HRxDvAG4vDX.npy
iR63y4TcefiTqo3VylDo,cough,17,train,iR63y4TcefiTqo3VylDo.npy
9Ysj2RMr5ySsrrt4wv2A,drink,85,train,9Ysj2RMr5ySsrrt4wv2A.npy
TKVDdLjdyy0o9ASN2uzb,pain,12,train,TKVDdLjdyy0o9ASN2uzb.npy
vyFBgeRiOgprK3GCjsYA,hurt,38,train,vyFBgeRiOgprK3GCjsYA.npy
Esr2pc05BKkBFVuXT3Jr,big,84,train,Esr2pc05BKkBFVuXT3Jr.npy
1O6XCeVHT7PC0wtgB5Qq,long,39,train,1O6XCeVHT7PC0wtgB5Qq.npy
ofAZJx59DUIXsBGue6OL,day,39,train,ofAZJx59DUIXsBGue6OL.npy
pTW1CFwkjiGqLRJaxmbx,drink,61,test,pTW1CFwkjiGqLRJaxmbx.npy
xJbBUerDzCBJaG0MWpf0,weak,62,train,xJbBUerDzCBJaG0MWpf0.npy
JsPN4c7KJ4fEszRHwsbv,need,46,train,JsPN4c7KJ4fEszRHwsbv.npy
a64gU7Wg0bpKNKDLaSRU,glasses,7,train,a64gU7Wg0bpKNKDLaSRU.npy
xTCUMoVHQBpjRPihppOC,open,84,val,xTCUMoVHQBpjRPihppOC.npy
BqL4XzBGJrBbCYrCbS6J,worse,39,train,BqL4XzBGJrBbCYrCbS6J.npy
lu6rJDkGlzrheOxzypXa,sleep,62,train,lu6rJDkGlzrheOxzypXa.npy
ezqtbZIk7xyYCK6O9T9e,water,61,test,ezqtbZIk7xyYCK6O9T9e.npy
qCkx1yDUCGPybBnLVCaa,big,64,test,qCkx1yDUCGPybBnLVCaa.npy
UxYDyPSLX53je5Eogaw2,doctor,7,val,UxYDyPSLX53je5Eogaw2.npy
tfQ7pbWBV741yBTUc9V3,feel,84,train,tfQ7pbWBV741yBTUc9V3.npy
nlNCLMgHBJK0qE51x0qw,dentist,35,train,nlNCLMgHBJK0qE51x0qw.npy
araHmIziK6ZaDZwqu71B,ask,31,val,araHmIziK6ZaDZwqu71B.npy
UqZQNg1fnnJQClZGoOfY,tired,36,test,UqZQNg1fnnJQClZGoOfY.npy
69OOvHmDIjC2Ut9WsKFE,give,49,train,69OOvHmDIjC2Ut9WsKFE.npy
pQ7KaCTYIREat1UG0ic5,again,57,test,pQ7KaCTYIREat1UG0ic5.npy
N0yVbSXVITH8LQUvVcFr,family,35,val,N0yVbSXVITH8LQUvVcFr.npy
e1f2s34QIPAXVikxmfxg,move,8,train,e1f2s34QIPAXVikxmfxg.npy
mXpWQNUBpnAJ5bUsEWhR,heart,57,test,mXpWQNUBpnAJ5bUsEWhR.npy
4rTVx9oYuGV7WsJV5wsq,month,62,train,4rTVx9oYuGV7WsJV5wsq.npy
i7qRxLprbMq3RNX18wGV,drink,42,train,i7qRxLprbMq3RNX18wGV.npy
OlxQwzvV5dqt0K0Xuk6R,doctor,39,train,OlxQwzvV5dqt0K0Xuk6R.npy
jKJDng7E37u6oS6N5suV,more,59,train,jKJDng7E37u6oS6N5suV.npy
xbWlM537QRF2IQfP3B2c,baby,84,train,xbWlM537QRF2IQfP3B2c.npy
zhSmbN9lBkQO4zxpLRsH,look,42,train,zhSmbN9lBkQO4zxpLRsH.npy
sTzDsuIh9naKOhQsoHVJ,day,84,train,sTzDsuIh9naKOhQsoHVJ.npy
s6hlnpJntg1uNws34C6P,sleep,35,val,s6hlnpJntg1uNws34C6P.npy
nbp4VRHDplFyD4URtnq8,move,39,train,nbp4VRHDplFyD4URtnq8.npy
bHYr8sltVwVWEWPjIGso,sick,43,val,bHYr8sltVwVWEWPjIGso.npy
xdl8Rbrvniq8bofl9M1t,teeth,80,val,xdl8Rbrvniq8bofl9M1t.npy
UMbcP0IWDrp5Fizfy9cL,week,64,test,UMbcP0IWDrp5Fizfy9cL.npy
I9Si0cDJcB1d6FxTQhcC,cold,57,test,I9Si0cDJcB1d6FxTQhcC.npy
qC9ADdPYukXnKcw508nB,bed,48,test,qC9ADdPYukXnKcw508nB.npy
idhFeabrrpM8VKhS6k9S,show,42,train,idhFeabrrpM8VKhS6k9S.npy
qp9TFh4C9g1zDEqcxV7N,month,8,train,qp9TFh4C9g1zDEqcxV7N.npy
fJZz43KocQyMgtGjyeRB,teeth,57,test,fJZz43KocQyMgtGjyeRB.npy
b3nnJx3T7PAM2IdCyiav,dizzy,49,train,b3nnJx3T7PAM2IdCyiav.npy
bMjso5d9WMGot8ViWKfu,burn,54,train,bMjso5d9WMGot8ViWKfu.npy
g8rm34gVVYvkLFtay3kx,face,42,val,g8rm34gVVYvkLFtay3kx.npy
93fvwqzE2D83FRmdefzV,cold,49,val,93fvwqzE2D83FRmdefzV.npy
YVINg5FidvkXvOjyDzK2,woman,42,train,YVINg5FidvkXvOjyDzK2.npy
yBBpCYtk7shFN3NbVJrZ,where,84,train,yBBpCYtk7shFN3NbVJrZ.npy
ysA4ShK6yfzKJI4ia3bY,tired,61,test,ysA4ShK6yfzKJI4ia3bY.npy
2jLkqrLmIbXeuPagjhtg,muscle,88,train,2jLkqrLmIbXeuPagjhtg.npy
QFWZ3ILs2YIuUrquvyxc,need,11,val,QFWZ3ILs2YIuUrquvyxc.npy
ckC88bexpywVrltI6lLO,bad,62,train,ckC88bexpywVrltI6lLO.npy
P4sv9ASjs5gzWdo4hZZq,need,17,train,P4sv9ASjs5gzWdo4hZZq.npy
gYwu7pQRefzalYNcCalZ,not,57,test,gYwu7pQRefzalYNcCalZ.npy
1XyjO5v0ERIBpwuYVQKz,back,31,train,1XyjO5v0ERIBpwuYVQKz.npy
w8bbvQkOXGx8PLA2TeRf,show,39,val,w8bbvQkOXGx8PLA2TeRf.npy
PjAkw8UleWTRjOAa312m,understand,59,train,PjAkw8UleWTRjOAa312m.npy
emVxA084zcEpOvZE4Gmu,bed,88,train,emVxA084zcEpOvZE4Gmu.npy
XM0HiCJjPv8y2aVKVteJ,hot,39,train,XM0HiCJjPv8y2aVKVteJ.npy
37xADij0aw3JF4d2gsRz,family,54,train,37xADij0aw3JF4d2gsRz.npy
6vaDDxuIjqI6VxnDFlsi,light,7,train,6vaDDxuIjqI6VxnDFlsi.npy
LPTGoDU43NHWg2gh3P3j,wait,7,train,LPTGoDU43NHWg2gh3P3j.npy
6n5xIki3fuZZLz882Z7i,mother,59,train,6n5xIki3fuZZLz882Z7i.npy
iUCpui7vBwKbimrDlbwg,test,62,train,iUCpui7vBwKbimrDlbwg.npy
w4hoZh1o3A70Qx5kGiT3,man,12,train,w4hoZh1o3A70Qx5kGiT3.npy
oXgvabmPfF6JdJzOOafe,skin,31,train,oXgvabmPfF6JdJzOOafe.npy
QKsbp7G4ijDXcv0zhjog,finish,39,train,QKsbp7G4ijDXcv0zhjog.npy
ILorw8xzGj1AqjkBwlnW,itch,42,val,ILorw8xzGj1AqjkBwlnW.npy
zpqYhBKPlcmL8Ipwe9CI,back,84,train,zpqYhBKPlcmL8Ipwe9CI.npy
oXTjsJ0sAB7lM1d2HE1t,water,84,train,oXTjsJ0sAB7lM1d2HE1t.npy
OXps82VCdL7LErdleZVw,now,39,train,OXps82VCdL7LErdleZVw.npy
bpU61sJ1VaNyNVj6CnbX,ask,84,train,bpU61sJ1VaNyNVj6CnbX.npy
xjEmDYe3iEJ4gZ26jYKQ,yes,53,test,xjEmDYe3iEJ4gZ26jYKQ.npy
FmKRIffyil3OVEPJbIUg,give,49,val,FmKRIffyil3OVEPJbIUg.npy
f6JLlv69APY7FPR9RTGb,start,36,test,f6JLlv69APY7FPR9RTGb.npy
AiTnCnGhydheHYaZwsb9,better,39,train,AiTnCnGhydheHYaZwsb9.npy
C7ROhAh77WwL2SM5gAZw,sleep,31,train,C7ROhAh77WwL2SM5gAZw.npy
S1qMLb1yA0U6So6wg1HZ,woman,57,test,S1qMLb1yA0U6So6wg1HZ.npy
4vIzNszwCfL4Gfaz6hnn,breathe,84,val,4vIzNszwCfL4Gfaz6hnn.npy
2OmvWzTny4dtNTT6DryZ,tired,35,train,2OmvWzTny4dtNTT6DryZ.npy
ICSVobPRf6QrDZqP0wUJ,family,53,test,ICSVobPRf6QrDZqP0wUJ.npy
44kHFm1ZEoijgyy3z8Gq,tired,14,val,44kHFm1ZEoijgyy3z8Gq.npy
BxP0k2F7jtBSzOUcTCYk,woman,59,train,BxP0k2F7jtBSzOUcTCYk.npy
S2ofZPvrM9obm22OHmcl,strong,61,test,S2ofZPvrM9obm22OHmcl.npy
dgjidQP7p7Mfnbnk9LRC,feel,57,test,dgjidQP7p7Mfnbnk9LRC.npy
rnYD980vFr9s6wL7Am9o,today,54,train,rnYD980vFr9s6wL7Am9o.npy
nhGoeTNXWnC3LWxLjsZr,bad,46,train,nhGoeTNXWnC3LWxLjsZr.npy
UXNxDqBo7DLFEcsnr43s,bad,17,train,UXNxDqBo7DLFEcsnr43s.npy
4LV8It81HePOAC457b9M,month,59,train,4LV8It81HePOAC457b9M.npy
hLkhiTrhlzxHQkMLad57,big,64,test,hLkhiTrhlzxHQkMLad57.npy
1Uh835Q59GEFRyW0FvM7,move,50,test,1Uh835Q59GEFRyW0FvM7.npy
IgSY1t2SlIgmjWkPkUM1,hurt,31,train,IgSY1t2SlIgmjWkPkUM1.npy
1JlFwJ4wBpGpMcM42jxn,bathroom,7,val,1JlFwJ4wBpGpMcM42jxn.npy
OO4aVkXoE2S4ycxzLSVg,show,64,test,OO4aVkXoE2S4ycxzLSVg.npy
xaa4hRym2JP6oUjGRMU3,tired,39,train,xaa4hRym2JP6oUjGRMU3.npy
m7n8F6OXtvTtcy33sWLE,finish,46,train,m7n8F6OXtvTtcy33sWLE.npy
Ix43fyDLOpo6iHKEkaKg,face,35,train,Ix43fyDLOpo6iHKEkaKg.npy
60A05ee4VAljGnWwriFx,pill,31,train,60A05ee4VAljGnWwriFx.npy
cNricNuBEkBwp7B4h0Oz,sit,57,test,cNricNuBEkBwp7B4h0Oz.npy
0NrWviasyPNrrokFBY1W,sick,62,train,0NrWviasyPNrrokFBY1W.npy
8MYsglbd4GmvobjgozcY,no,49,val,8MYsglbd4GmvobjgozcY.npy
682TPztGxhwWpdmsR7rX,again,8,train,682TPztGxhwWpdmsR7rX.npy
HLoCHAnyhzYvojnnUC6g,nurse,84,train,HLoCHAnyhzYvojnnUC6g.npy
5Y410gruAxXpQWp0S0JM,pain,17,train,5Y410gruAxXpQWp0S0JM.npy
dARd0Q9jAqXVklRLUva1,cold,12,train,dARd0Q9jAqXVklRLUva1.npy
3NGyh9vd4D4W5Oqt8lhF,need,39,train,3NGyh9vd4D4W5Oqt8lhF.npy
CrfbejpWSvjP9fv0ckgD,mouth,42,train,CrfbejpWSvjP9fv0ckgD.npy
psMWol69AspvtTAX1hLB,morning,43,train,psMWol69AspvtTAX1hLB.npy
O9zJ5aTVlYLQ6BKGLFfX,man,30,val,O9zJ5aTVlYLQ6BKGLFfX.npy
tHdhXIa2dhsLZ4avakMy,touch,38,train,tHdhXIa2dhsLZ4avakMy.npy
3YAYIWi668sWy2vIUXcR,eyes,63,train,3YAYIWi668sWy2vIUXcR.npy
JNBF4ZDJIgb3Cw1sSc9z,finish,57,test,JNBF4ZDJIgb3Cw1sSc9z.npy
ej1a3VbYG3gBNWRsPD91,hurt,61,test,ej1a3VbYG3gBNWRsPD91.npy
pJt3JeryMyLCI5XY0aRT,water,84,train,pJt3JeryMyLCI5XY0aRT.npy
2Lh6TZ0MUIBWyZzAaySO,can,62,val,2Lh6TZ0MUIBWyZzAaySO.npy
LvPFYlmObE1M7WLFwNbb,yes,38,train,LvPFYlmObE1M7WLFwNbb.npy
lLxxzBRnNwJX08yyNEZP,why,46,train,lLxxzBRnNwJX08yyNEZP.npy
zywm8NG64hABAXb8v2Js,head,57,test,zywm8NG64hABAXb8v2Js.npy
0klrGzMeTgBeVlGyZsNf,woman,31,train,0klrGzMeTgBeVlGyZsNf.npy
jbserdCttYXEwuaYvyCJ,thank_you,38,train,jbserdCttYXEwuaYvyCJ.npy
TJlf5GxkvTj9lZujccas,water,43,val,TJlf5GxkvTj9lZujccas.npy
4TGVWYFnUAJYFOU2OrwM,who,46,train,4TGVWYFnUAJYFOU2OrwM.npy
Gmn2Ept7sfXOzaZ081V8,week,39,train,Gmn2Ept7sfXOzaZ081V8.npy
xIUoqnBhvHjxiALXA8jq,stop,88,train,xIUoqnBhvHjxiALXA8jq.npy
Z2nojBtTmo0SJRHeBoPA,minute,38,val,Z2nojBtTmo0SJRHeBoPA.npy
LC8Z6abHdPsep10cS7hV,family,88,train,LC8Z6abHdPsep10cS7hV.npy
qP6MjFLZjAIVZxb8zMLe,year,49,train,qP6MjFLZjAIVZxb8zMLe.npy
fgqugoT6bNSPsWYGBeNp,skin,17,train,fgqugoT6bNSPsWYGBeNp.npy
STNg3ChtvTSGipNIiHZh,go,62,train,STNg3ChtvTSGipNIiHZh.npy
fJDsYnTH3A4GEiMH3cpp,more,7,val,fJDsYnTH3A4GEiMH3cpp.npy
Zye0XKYx5v5hw7n0I8h7,stop,17,train,Zye0XKYx5v5hw7n0I8h7.npy
QUfcCe4S78DClpiEXQ6N,bed,39,train,QUfcCe4S78DClpiEXQ6N.npy
W9oEACCEZA6IVua8LtL0,tired,60,val,W9oEACCEZA6IVua8LtL0.npy
40D8qSGxcF1XwPmSYhOC,baby,88,train,40D8qSGxcF1XwPmSYhOC.npy
wk1U3Rg2vvM44nxa4YyU,hot,8,train,wk1U3Rg2vvM44nxa4YyU.npy
ZietFad1lFld4fYNw4w6,walk,50,test,ZietFad1lFld4fYNw4w6.npy
8pCNFpt0ReaGKwpxDAIp,maybe,7,train,8pCNFpt0ReaGKwpxDAIp.npy
uvOTkvUEn8qlTuTeqxhd,walk,88,train,uvOTkvUEn8qlTuTeqxhd.npy
lrAFFeOX5OZm0gx3FrWR,hurt,78,train,lrAFFeOX5OZm0gx3FrWR.npy
hoDgm9QaruvuF1B5vLH6,strong,17,train,hoDgm9QaruvuF1B5vLH6.npy
s0MyenP7McPHIAowrqzZ,water,38,train,s0MyenP7McPHIAowrqzZ.npy
fUJ5XGd0ksNQV9c9qv12,cold,78,train,fUJ5XGd0ksNQV9c9qv12.npy
tsQUkee8MIjtl3bKukk9,no,48,test,tsQUkee8MIjtl3bKukk9.npy
sVAC6AiURL965H93liUb,teeth,17,train,sVAC6AiURL965H93liUb.npy
fT5EfnwUkoUfhQQ1Zw8V,no,88,train,fT5EfnwUkoUfhQQ1Zw8V.npy
3egUlj6MUPiXymlGoNgV,go,84,val,3egUlj6MUPiXymlGoNgV.npy
QBdHCEwU37mJjPnhdw9g,sick,88,train,QBdHCEwU37mJjPnhdw9g.npy
DOV1a8Y3QNRvivjNEK3B,need,57,test,DOV1a8Y3QNRvivjNEK3B.npy
V9b7x6RgckhSXOuG0E2V,hour,7,val,V9b7x6RgckhSXOuG0E2V.npy
QnzNMrVxaoaZYRSjp7qz,when,78,train,QnzNMrVxaoaZYRSjp7qz.npy
syRhSdkDiQXKySrKNecA,where,78,train,syRhSdkDiQXKySrKNecA.npy
vwMHIZlyUevS1hFC2Vv8,go,62,val,vwMHIZlyUevS1hFC2Vv8.npy
agSZLUHeqioYx1phpupm,head,8,train,agSZLUHeqioYx1phpupm.npy
QYtJsvgdhOUW23Rv2ig5,tired,54,train,QYtJsvgdhOUW23Rv2ig5.npy
eneqlyEumqiRsSLLDZ4O,go,43,train,eneqlyEumqiRsSLLDZ4O.npy
miuznhWts0gRC749tRib,interpreter,54,train,miuznhWts0gRC749tRib.npy
TVcBDjReWn9Gq8Z5Gaqv,who,17,train,TVcBDjReWn9Gq8Z5Gaqv.npy
CWWCWLfw23q9tiv6pq6Y,come,61,test,CWWCWLfw23q9tiv6pq6Y.npy
DMDVbujsOd2m9dKUemnH,give,31,train,DMDVbujsOd2m9dKUemnH.npy
iCMFANeBomaUL0Nxp8uQ,big,31,val,iCMFANeBomaUL0Nxp8uQ.npy
iE8Bi1DEC7jhySAX4NAS,walk,12,train,iE8Bi1DEC7jhySAX4NAS.npy
zaZOrY1UGR1BqVCLzO4F,today,39,train,zaZOrY1UGR1BqVCLzO4F.npy
GwdLFF5DTn4hJLIUWggm,nurse,50,test,GwdLFF5DTn4hJLIUWggm.npy
i22ohDa8frONL1FO7zrM,bone,35,train,i22ohDa8frONL1FO7zrM.npy
PVfKunttWBWyGZ0QDMNL,today,49,val,PVfKunttWBWyGZ0QDMNL.npy
FplME9eNqgVbFk0tWZKQ,walk,80,train,FplME9eNqgVbFk0tWZKQ.npy
6QvXWNIiFcOrDykdV73i,mouth,11,train,6QvXWNIiFcOrDykdV73i.npy
F1H1nd79M250bR6ZJ2zL,wait,78,train,F1H1nd79M250bR6ZJ2zL.npy
jX4fVmjt0WNy16MBELCt,water,48,test,jX4fVmjt0WNy16MBELCt.npy
gd7lWCPCOVhngGF3ebqw,not,49,val,gd7lWCPCOVhngGF3ebqw.npy
N1KeL0n5veV9TAhUbbv6,much,76,val,N1KeL0n5veV9TAhUbbv6.npy
I75MELoCFjf67oFKLoth,bleed,84,train,I75MELoCFjf67oFKLoth.npy
s2Vu5sgrj2gssFYOuvub,nurse,50,test,s2Vu5sgrj2gssFYOuvub.npy
sObOFbfwkMh38bFIl8j6,strong,48,test,sObOFbfwkMh38bFIl8j6.npy
biucbj6Ow6xg4MhcTuyY,cold,64,test,biucbj6Ow6xg4MhcTuyY.npy
ijZlEqWhS63XBUiQK0Gf,arm,8,val,ijZlEqWhS63XBUiQK0Gf.npy
BWD7lHzMMazQALjQXfGc,family,36,test,BWD7lHzMMazQALjQXfGc.npy
21HZYrKswRB8glWJsQgb,woman,39,val,21HZYrKswRB8glWJsQgb.npy
WaKmon97oA5kG2STLUze,hurt,62,val,WaKmon97oA5kG2STLUze.npy
KjjAEXYvUGJs3BaWIdrb,hot,78,val,KjjAEXYvUGJs3BaWIdrb.npy
lZQPf88RrQanWKg8p65e,doctor,85,train,lZQPf88RrQanWKg8p65e.npy
0sKfyOMsInvVjRSXkLLA,woman,49,train,0sKfyOMsInvVjRSXkLLA.npy
fTBJPq1xDzm6GS4AUzHh,wait,57,test,fTBJPq1xDzm6GS4AUzHh.npy
n7FT7nhHvlxfIyqRuime,wait,88,val,n7FT7nhHvlxfIyqRuime.npy
u4S1swNVDfbChhv0XFwK,sleep,84,train,u4S1swNVDfbChhv0XFwK.npy
kt6mCPUGGhnSMx4kWK0s,dentist,64,test,kt6mCPUGGhnSMx4kWK0s.npy
4i9Xsb6fkeWjNKB74K7J,medicine,62,train,4i9Xsb6fkeWjNKB74K7J.npy
WqFC1VU8vwVmKexV7UxP,year,46,train,WqFC1VU8vwVmKexV7UxP.npy
II5vIuScAccn1uSJJoTA,stop,60,train,II5vIuScAccn1uSJJoTA.npy
UiJzArYXLRW8K6HAKMrM,throat,57,test,UiJzArYXLRW8K6HAKMrM.npy
Lhou3KANTMwB6O8qCMPE,cough,8,val,Lhou3KANTMwB6O8qCMPE.npy
jHzlqdkuvtbL1dzW52x6,sit,50,test,jHzlqdkuvtbL1dzW52x6.npy
4hqmXSeH3KDr4pxPWuyb,come,42,train,4hqmXSeH3KDr4pxPWuyb.npy
ItutaNv8KvrZlfzl0bb8,baby,61,test,ItutaNv8KvrZlfzl0bb8.npy
SzY3QacNnVSGv4Q4qt13,teeth,30,val,SzY3QacNnVSGv4Q4qt13.npy
HY9aJDikKCinsW21jjRE,strong,46,train,HY9aJDikKCinsW21jjRE.npy
2t8zutZVfwujMPIN2Jnj,who,88,train,2t8zutZVfwujMPIN2Jnj.npy
uXB9WXFYCkTWnZuGIdzA,baby,57,test,uXB9WXFYCkTWnZuGIdzA.npy
kHgOKlnWgFAuzSuhaYVu,doctor,35,train,kHgOKlnWgFAuzSuhaYVu.npy
26RCU9utVL2EeNDmqThg,nose,88,val,26RCU9utVL2EeNDmqThg.npy
tnWy2k5hcS5OAl1lVRON,walk,11,val,tnWy2k5hcS5OAl1lVRON.npy
XJT6g7pg2y9aEl8S5Sh7,eat,12,val,XJT6g7pg2y9aEl8S5Sh7.npy
NRHwxA4jhtPQYLY9oU14,doctor,50,test,NRHwxA4jhtPQYLY9oU14.npy
GIfmxE6l46QEoYWnksdS,family,49,train,GIfmxE6l46QEoYWnksdS.npy
ApnuM0JGOpb5H4DM3EDK,water,49,train,ApnuM0JGOpb5H4DM3EDK.npy
i9dpr8CcF0kWpPsoL2CZ,come,84,train,i9dpr8CcF0kWpPsoL2CZ.npy
hTupbnYFiKX2OahscJtV,bathroom,46,train,hTupbnYFiKX2OahscJtV.npy
qhp7V9XEyJaAyWuxk4Qj,medicine,39,val,qhp7V9XEyJaAyWuxk4Qj.npy
JagZGETTEvGjbBFwMatB,help,35,train,JagZGETTEvGjbBFwMatB.npy
C3UInZgVXb8nloKTGPmW,morning,39,val,C3UInZgVXb8nloKTGPmW.npy
hhnwCssXhtiu8dDFMU2Y,family,61,test,hhnwCssXhtiu8dDFMU2Y.npy
J34k4ZoAgztM7Z24JtU5,feel,17,train,J34k4ZoAgztM7Z24JtU5.npy
FENIXFsA9Jynmnjdd9Pk,finish,84,val,FENIXFsA9Jynmnjdd9Pk.npy
nAmr10AnLrlFXhI9ru3U,need,39,train,nAmr10AnLrlFXhI9ru3U.npy
tCdOyEif4nqaYc4GKHpj,help,59,train,tCdOyEif4nqaYc4GKHpj.npy
fuo7H7JSaI5SYTjIwdzD,drink,54,val,fuo7H7JSaI5SYTjIwdzD.npy
Be7VSHxOzPtWDY5QyE6j,help,49,train,Be7VSHxOzPtWDY5QyE6j.npy
oX6U1sasWC8KJmBEF0zg,big,12,train,oX6U1sasWC8KJmBEF0zg.npy
G9pzfhpFRLsCRw6jvgoS,night,57,test,G9pzfhpFRLsCRw6jvgoS.npy
gpAVoed4JmwzXjLz4q1g,much,61,test,gpAVoed4JmwzXjLz4q1g.npy
jnWtx41pk7naiSvmZU3d,wait,57,test,jnWtx41pk7naiSvmZU3d.npy
AbvCd2lELAtVC6wcZ9BA,give,49,val,AbvCd2lELAtVC6wcZ9BA.npy
RM0BBObRbpj2x3nLMHLB,hot,8,train,RM0BBObRbpj2x3nLMHLB.npy
Ibq3veDJBhV9u0co8VnB,surgery,17,val,Ibq3veDJBhV9u0co8VnB.npy
ht2OlbC2LSkwrQBCRHhe,cold,17,train,ht2OlbC2LSkwrQBCRHhe.npy
OoVKQ4It1Kd4WJfkzSrR,morning,48,test,OoVKQ4It1Kd4WJfkzSrR.npy
hbeTqPfDwe0aYRbg4zHf,bleed,84,train,hbeTqPfDwe0aYRbg4zHf.npy
Anf2FOzUsP7UOD2fnYcI,family,11,val,Anf2FOzUsP7UOD2fnYcI.npy
lIlxvN3t3toNiRhlyEdg,wait,57,test,lIlxvN3t3toNiRhlyEdg.npy
vvb7jQOkT7pZ4JwQEpEL,night,46,train,vvb7jQOkT7pZ4JwQEpEL.npy
gFKGy5mEXBJaDVWWxfCD,water,52,val,gFKGy5mEXBJaDVWWxfCD.npy
YNJWhp7Tncn64G1LftQz,stop,84,val,YNJWhp7Tncn64G1LftQz.npy
2XqXPxRN1Xqd8gJW7b4e,stop,12,train,2XqXPxRN1Xqd8gJW7b4e.npy
Rv1gw9GBMKxYo5ncSuz5,stop,46,train,Rv1gw9GBMKxYo5ncSuz5.npy
RAA0qKzMQWPeasr9Xzzz,teeth,62,train,RAA0qKzMQWPeasr9Xzzz.npy
fKmQr7X6zkCSpCC2wlo0,water,61,test,fKmQr7X6zkCSpCC2wlo0.npy
pM0xujL8A7viPMoMgfu9,surgery,49,train,pM0xujL8A7viPMoMgfu9.npy
C5ZPrCSqYZ08AVjihivq,drink,57,test,C5ZPrCSqYZ08AVjihivq.npy
ToYMlYbOwnS5zYfYt4BZ,wait,50,test,ToYMlYbOwnS5zYfYt4BZ.npy
xsEaSsogiwYPgx2XtchQ,weak,39,train,xsEaSsogiwYPgx2XtchQ.npy
acCJMvLCW1k4HDY14qml,pain,48,test,acCJMvLCW1k4HDY14qml.npy
0yVk2UUiHK0cucgYSkSE,bathroom,35,train,0yVk2UUiHK0cucgYSkSE.npy
BIDutZ1cnYGgZjJ8ORKc,wait,8,train,BIDutZ1cnYGgZjJ8ORKc.npy
rr1odVJeJcMrzYO7fRRU,big,84,val,rr1odVJeJcMrzYO7fRRU.npy
YxtjB5FVFguL2tCGNPpz,sick,62,train,YxtjB5FVFguL2tCGNPpz.npy
NJOj9QsmrGgm03fhli66,nurse,54,val,NJOj9QsmrGgm03fhli66.npy
g4pKRWsQYZvr8RiDGmaq,finish,11,train,g4pKRWsQYZvr8RiDGmaq.npy
2CiMwctrrCzNlBt74Bb9,feel,57,test,2CiMwctrrCzNlBt74Bb9.npy
bXuZlSFEV8TDTF6PP2bO,cough,36,test,bXuZlSFEV8TDTF6PP2bO.npy
2zdcfuS8XGM0spJEqdtQ,why,7,train,2zdcfuS8XGM0spJEqdtQ.npy
R0Jm3uMETGsTCEBJ6cG3,yesterday,80,val,R0Jm3uMETGsTCEBJ6cG3.npy
iF30rc1sveiGvm28Wv4e,not,49,train,iF30rc1sveiGvm28Wv4e.npy
hjfrWAMbnOJAkgrdd7JH,where,60,val,hjfrWAMbnOJAkgrdd7JH.npy
y73rE0B4TlC84xqgsQSg,breathe,39,train,y73rE0B4TlC84xqgsQSg.npy
9PVtakcwlew962IRzN0W,long,7,train,9PVtakcwlew962IRzN0W.npy
J9Li080x6fq4EHNPmx2S,strong,60,train,J9Li080x6fq4EHNPmx2S.npy
h61dEWWLvZB3iqCKCwRd,move,11,train,h61dEWWLvZB3iqCKCwRd.npy
EZgpqrwAjl2UYOXjcRZ0,dentist,8,train,EZgpqrwAjl2UYOXjcRZ0.npy
d17dohBAuTLoQM2D2sae,finish,76,train,d17dohBAuTLoQM2D2sae.npy
HyyqEtl7btIaZmo861ah,child,54,train,HyyqEtl7btIaZmo861ah.npy
hBwclEuTDtt1jqrFTkvR,family,50,test,hBwclEuTDtt1jqrFTkvR.npy
RjDRdKQhqV3V0hEs4vDT,finish,62,train,RjDRdKQhqV3V0hEs4vDT.npy
k2kOMVG45UqQy7VZcqRc,hurt,36,test,k2kOMVG45UqQy7VZcqRc.npy
Ixvp2ZtAMzIjbfFFcQmt,throat,50,test,Ixvp2ZtAMzIjbfFFcQmt.npy
RVqR5fzSt2ia5X68ysJN,finish,39,val,RVqR5fzSt2ia5X68ysJN.npy
i2pftkVirzrysiMVcUuE,come,49,val,i2pftkVirzrysiMVcUuE.npy
k7OtQ97vYoMqpJNKyuie,family,39,train,k7OtQ97vYoMqpJNKyuie.npy
715qUV1btLGFUfYpnVs6,finish,30,train,715qUV1btLGFUfYpnVs6.npy
PZilYBOxVv0yWE8lLGGb,pill,49,train,PZilYBOxVv0yWE8lLGGb.npy
h1pDruT1SMdiwgMSRUN6,cold,17,val,h1pDruT1SMdiwgMSRUN6.npy
X7dr1RXvedSofXIrj0MA,pain,42,train,X7dr1RXvedSofXIrj0MA.npy
ZbYX9np9lsBbLbOybmdS,big,30,train,ZbYX9np9lsBbLbOybmdS.npy
y4tjKbpwoA9UnriiIg8y,hurt,39,train,y4tjKbpwoA9UnriiIg8y.npy
ZkzJZiyWvAswyj3HRpk7,bed,76,train,ZkzJZiyWvAswyj3HRpk7.npy
iftfDDxAgOYYFG5NlE23,skin,61,test,iftfDDxAgOYYFG5NlE23.npy
tRE40ReyBQCiX7piJavY,day,11,train,tRE40ReyBQCiX7piJavY.npy
lGIZMd1fWjIhmc8C03bd,night,17,val,lGIZMd1fWjIhmc8C03bd.npy
zGN2qBKD8n7UAjueOV1E,blood,31,train,zGN2qBKD8n7UAjueOV1E.npy
mNNGblQDsqXrPE1qByQx,hot,52,train,mNNGblQDsqXrPE1qByQx.npy
FkF1pZgMyGg8BgmWPwbM,where,53,test,FkF1pZgMyGg8BgmWPwbM.npy
UDnbqkOPEhzFeIptkiuB,tired,17,train,UDnbqkOPEhzFeIptkiuB.npy
Fx1cHgxXJZ1eYF9KiSWj,night,57,test,Fx1cHgxXJZ1eYF9KiSWj.npy
rBlMNuc1fiMUGjbK46GJ,take,84,val,rBlMNuc1fiMUGjbK46GJ.npy
ORDKnA1d8rwsEs0Dv42h,morning,84,train,ORDKnA1d8rwsEs0Dv42h.npy
I0S0GXr6tx6WdUp7ydrc,heart,54,train,I0S0GXr6tx6WdUp7ydrc.npy
OoVO3mJ0ACBob1XI72Ch,teeth,39,train,OoVO3mJ0ACBob1XI72Ch.npy
Tlw6EkJFUwC5N8I5lmQq,water,88,train,Tlw6EkJFUwC5N8I5lmQq.npy
LC6STFZJCPeaLSpPx1OG,teeth,17,train,LC6STFZJCPeaLSpPx1OG.npy
emPCFXn5KjvHa92Z6lUI,maybe,85,val,emPCFXn5KjvHa92Z6lUI.npy
NcumP01k2noGI8xxNgVY,ask,62,train,NcumP01k2noGI8xxNgVY.npy
r8roEInbBvnQiR9276nA,eyes,88,val,r8roEInbBvnQiR9276nA.npy
VKytXXB1F0NQ4dDLRtXU,maybe,38,train,VKytXXB1F0NQ4dDLRtXU.npy
YH7TbezDf4LqHCYz8u28,go,49,train,YH7TbezDf4LqHCYz8u28.npy
ZXq42QvaAtUlTUSCWkL6,cold,62,train,ZXq42QvaAtUlTUSCWkL6.npy
j7mQHdMZTTRJGzG6qUlX,finish,57,test,j7mQHdMZTTRJGzG6qUlX.npy
wXDFTgXIpnuztFuqBvM2,mother,7,val,wXDFTgXIpnuztFuqBvM2.npy
4ecMqLKXfcHTsc5Ewl83,how,17,train,4ecMqLKXfcHTsc5Ewl83.npy
xbhdG8OlLJhyW3tUodXa,big,46,train,xbhdG8OlLJhyW3tUodXa.npy
HgIKPqcpKThwjn3Xrubi,baby,14,train,HgIKPqcpKThwjn3Xrubi.npy
kZzkuNeqpVwahvp1Fjb6,arm,43,train,kZzkuNeqpVwahvp1Fjb6.npy
QAu2klFBxSWFXzSoIgSi,test,49,val,QAu2klFBxSWFXzSoIgSi.npy
cUzRNZJgaq3oTYxAdiW7,water,30,train,cUzRNZJgaq3oTYxAdiW7.npy
NXe6glmHQ0auGxbHdlnC,ask,84,train,NXe6glmHQ0auGxbHdlnC.npy
3cq9xl9JpPGi7jPfebrR,understand,39,train,3cq9xl9JpPGi7jPfebrR.npy
GwoUsGz8zaVxo5uF7vzn,give,11,train,GwoUsGz8zaVxo5uF7vzn.npy
WesxohzooyoOCgV0NUpj,sick,8,train,WesxohzooyoOCgV0NUpj.npy
5L1wGX4GmE1VWWASIKvh,family,85,train,5L1wGX4GmE1VWWASIKvh.npy
vEDX1Arm1l23NdDhdDiy,big,8,train,vEDX1Arm1l23NdDhdDiy.npy
0StoSO0uX2Fknagom7Ky,cold,17,train,0StoSO0uX2Fknagom7Ky.npy
vMd4FgbRUs78aTYXe20N,stop,46,train,vMd4FgbRUs78aTYXe20N.npy
4AeoViaiueThDfRB35kQ,can,57,test,4AeoViaiueThDfRB35kQ.npy
tcqN4uISYzB4BYJSxr1w,ask,36,test,tcqN4uISYzB4BYJSxr1w.npy
YQwcjDW8CHHqZci4U6j6,go,38,train,YQwcjDW8CHHqZci4U6j6.npy
gxfMWR7uFpup8rms6Pwv,sick,60,val,gxfMWR7uFpup8rms6Pwv.npy
Pj9iX135ccI3iZqxQX3w,night,84,train,Pj9iX135ccI3iZqxQX3w.npy
VlUnDfFvkQ8nDhwpSS5m,pill,27,train,VlUnDfFvkQ8nDhwpSS5m.npy
Ez3E3KdB0FwYKLHy2Z52,finish,38,train,Ez3E3KdB0FwYKLHy2Z52.npy
9KGXhW5t3t4O8ZfMitlI,drink,62,train,9KGXhW5t3t4O8ZfMitlI.npy
gUvZzsXkdiqdPJgdyFA2,water,50,test,gUvZzsXkdiqdPJgdyFA2.npy
pXPoqDiHwObKt2mgnC9K,want,84,train,pXPoqDiHwObKt2mgnC9K.npy
zObkM9YscDhjv1GTsH19,not,17,train,zObkM9YscDhjv1GTsH19.npy
vfoDGCjpipbtvcSzUDOd,nose,48,test,vfoDGCjpipbtvcSzUDOd.npy
kFyISfOCJvIZvMHXI5YT,tired,57,test,kFyISfOCJvIZvMHXI5YT.npy
cuWOC2dYqBaiWcJjcoGL,stop,23,val,cuWOC2dYqBaiWcJjcoGL.npy
sJcsKjVmkwWNNGk1eGF5,no,88,train,sJcsKjVmkwWNNGk1eGF5.npy
uGjhpsYzeM53pvUo6PWn,week,11,val,uGjhpsYzeM53pvUo6PWn.npy
itKw51GnUSzfucwTVvkS,maybe,88,train,itKw51GnUSzfucwTVvkS.npy
OcdzxrSrt4FusjwWQAZD,move,39,train,OcdzxrSrt4FusjwWQAZD.npy
KJwv83lxsRvrRRgU8kPC,nurse,8,train,KJwv83lxsRvrRRgU8kPC.npy
qVWxVZMT9ly8o6zYDmBS,finish,61,test,qVWxVZMT9ly8o6zYDmBS.npy
W0FZxbuWZNCirc5fFWwk,need,35,val,W0FZxbuWZNCirc5fFWwk.npy
63w1KPauJIxlmzhQE18f,hot,84,train,63w1KPauJIxlmzhQE18f.npy
6dcfuQfvsbKFrpUC1tMi,big,46,val,6dcfuQfvsbKFrpUC1tMi.npy
F2qQ3CMyozyNUvqrnmW2,water,7,train,F2qQ3CMyozyNUvqrnmW2.npy
o1UCi900kQwZTfQxFNba,no,11,train,o1UCi900kQwZTfQxFNba.npy
GCgogvP8XAGL4QYUwW1T,go,57,test,GCgogvP8XAGL4QYUwW1T.npy
UzQexcIEoED7NCCNbClK,sometimes,57,test,UzQexcIEoED7NCCNbClK.npy
pQzoyPYNjA0VWuGcuymF,test,38,train,pQzoyPYNjA0VWuGcuymF.npy
psDTj8U92pJhGdqov2gn,family,49,val,psDTj8U92pJhGdqov2gn.npy
piXayIe6C8UrNgrrxMhu,finish,57,test,piXayIe6C8UrNgrrxMhu.npy
9PQLUwuHVq8HaLCJPt3D,water,30,val,9PQLUwuHVq8HaLCJPt3D.npy
xzHxddeflfzqyNB08fBg,how,46,train,xzHxddeflfzqyNB08fBg.npy
s04EPhNlnNBC9JlU0VQG,needle,61,test,s04EPhNlnNBC9JlU0VQG.npy
k0TtSymRpq1nvqvOT1TH,show,49,train,k0TtSymRpq1nvqvOT1TH.npy
oogfYVWcB6zQ6sBF67oq,no,50,test,oogfYVWcB6zQ6sBF67oq.npy
amlWFPoTaCbuyrMoqxW9,start,7,val,amlWFPoTaCbuyrMoqxW9.npy
LErZgk17ElWSUEcH1hxq,help,17,train,LErZgk17ElWSUEcH1hxq.npy
yoIqgboul75EJqzxUiLh,hot,49,val,yoIqgboul75EJqzxUiLh.npy
jHsYanzRxCfbpK3T2YCU,again,84,val,jHsYanzRxCfbpK3T2YCU.npy
ZJmlLxhB22TdsBtJ6g8p,morning,61,test,ZJmlLxhB22TdsBtJ6g8p.npy
lpfwmavswht1v3F71qXM,water,14,train,lpfwmavswht1v3F71qXM.npy
XiDGKERjQVRL2JGBerV6,water,84,train,XiDGKERjQVRL2JGBerV6.npy
00ODMdTiFVT7lRwqej3c,sorry,88,val,00ODMdTiFVT7lRwqej3c.npy
GyW8wZfMdc3KBhCRUAug,yes,57,test,GyW8wZfMdc3KBhCRUAug.npy
Ek7uNfeeIyggDyJMcJxP,family,59,train,Ek7uNfeeIyggDyJMcJxP.npy
cvJsfgNCezYhF593GNwW,why,48,test,cvJsfgNCezYhF593GNwW.npy
9Y9dTEK1NaDpVO2ZSReT,no,62,val,9Y9dTEK1NaDpVO2ZSReT.npy
YDSlRFsPNSWLJm0tNIoT,want,61,test,YDSlRFsPNSWLJm0tNIoT.npy
de1pI9ozQtanyWiagvym,finish,62,train,de1pI9ozQtanyWiagvym.npy
HbvZTl35aj3SQ6sVA94J,test,88,train,HbvZTl35aj3SQ6sVA94J.npy
DyfIV8PYfDaprAr7l7Pn,help,57,test,DyfIV8PYfDaprAr7l7Pn.npy
PGvwujUsSl8PwMDPVYHf,doctor,53,test,PGvwujUsSl8PwMDPVYHf.npy
vofYhC0As1fHcIxi2Z2P,hurt,17,train,vofYhC0As1fHcIxi2Z2P.npy
EWwvcXsYZvc0L4boxjnq,again,39,train,EWwvcXsYZvc0L4boxjnq.npy
xsdv2p7Ni6YDFv5t3dS2,interpreter,11,train,xsdv2p7Ni6YDFv5t3dS2.npy
WckaVEWtD6xcAP09TBtT,finish,64,test,WckaVEWtD6xcAP09TBtT.npy
dliT1pCsRhvLFTRQY479,leg,39,val,dliT1pCsRhvLFTRQY479.npy
xvGk69PswYhnnkESgk0W,can,42,train,xvGk69PswYhnnkESgk0W.npy
DQJZDg99Um1b4FGD0FpU,hospital,49,train,DQJZDg99Um1b4FGD0FpU.npy
12GEC8pGzasy1AJpquxA,want,11,train,12GEC8pGzasy1AJpquxA.npy
9SfZeJNRQwny5slenFvd,understand,52,val,9SfZeJNRQwny5slenFvd.npy
zgQEPCukAukeOil5v8mc,water,57,test,zgQEPCukAukeOil5v8mc.npy
ouLy17mXEq31mC7D73hx,who,33,test,ouLy17mXEq31mC7D73hx.npy
rzvtu8F2lEXQZuf7ot80,water,62,train,rzvtu8F2lEXQZuf7ot80.npy
vXYADUZfkHMfq5ILUHVx,feel,48,test,vXYADUZfkHMfq5ILUHVx.npy
UcIHqITz8JLYy0TXmH89,hot,53,test,UcIHqITz8JLYy0TXmH89.npy
XEehtrQOQ41tqV9IDrlh,understand,7,train,XEehtrQOQ41tqV9IDrlh.npy
LnlWDu9k59MXtHKFdbQu,bad,48,test,LnlWDu9k59MXtHKFdbQu.npy
FBwXOLzlb1TyIe7ldSyt,nose,88,train,FBwXOLzlb1TyIe7ldSyt.npy
mweNjro9650QV3Ih9YCp,drink,7,train,mweNjro9650QV3Ih9YCp.npy
Yi1Z31BlZj5hcLT9MACY,water,8,val,Yi1Z31BlZj5hcLT9MACY.npy
DXxsS8gFxIDCXpD35lJp,not,39,train,DXxsS8gFxIDCXpD35lJp.npy
3CyHESvTd1LkRWbOLAZs,week,62,train,3CyHESvTd1LkRWbOLAZs.npy
t0yebD9EVPybDs4PGqu7,cold,53,test,t0yebD9EVPybDs4PGqu7.npy
V4eh0L9Hew47K3ySgadm,finish,60,train,V4eh0L9Hew47K3ySgadm.npy
pm7lb6I4vQKNTdmimcSv,feel,46,val,pm7lb6I4vQKNTdmimcSv.npy
zEmlnE2b5yD1l89CybjH,big,39,train,zEmlnE2b5yD1l89CybjH.npy
RiqztLaM3JrFdqk9W50B,sleep,62,train,RiqztLaM3JrFdqk9W50B.npy
KJ0XjlUemof4qqNmQQpT,some,49,train,KJ0XjlUemof4qqNmQQpT.npy
bGobAltLdHJThs2eyQWB,understand,62,train,bGobAltLdHJThs2eyQWB.npy
wc5veO4qU1l1SLADU5iA,week,64,test,wc5veO4qU1l1SLADU5iA.npy
qoTLZOu09WpKThO70utW,food,43,train,qoTLZOu09WpKThO70utW.npy
VVNMmCp3fStRcTbPH1Uj,always,88,train,VVNMmCp3fStRcTbPH1Uj.npy
qmMcEIAzQMM9gOt0RvrP,nurse,63,train,qmMcEIAzQMM9gOt0RvrP.npy
CS5m3jMmozORM8NWmFaS,drink,7,train,CS5m3jMmozORM8NWmFaS.npy
wTyo47ikFYt1wL5404d1,water,8,train,wTyo47ikFYt1wL5404d1.npy
IEcNox5IU0IKj8f5L5AL,finish,39,val,IEcNox5IU0IKj8f5L5AL.npy
zpsYqownkA7wv6UXLvjq,woman,17,train,zpsYqownkA7wv6UXLvjq.npy
BXJA8qjw2yn6EqhmZrhT,big,39,train,BXJA8qjw2yn6EqhmZrhT.npy
gERc2MmjieJ6G4L1lObD,mother,63,train,gERc2MmjieJ6G4L1lObD.npy
2P7ATKSNVemnjXVQfro4,worse,46,val,2P7ATKSNVemnjXVQfro4.npy
05Ll8okYIB2zFPMW8z7m,tell,62,train,05Ll8okYIB2zFPMW8z7m.npy
UVpRdLhFB7SovWVaGSaB,eyes,7,train,UVpRdLhFB7SovWVaGSaB.npy
BP800E5or20pcC3T1q8I,again,8,train,BP800E5or20pcC3T1q8I.npy
erNOQqNPrdYMmILx5z3T,tongue,48,test,erNOQqNPrdYMmILx5z3T.npy
f4bcNrHBSliF5RHr03nh,tell,17,val,f4bcNrHBSliF5RHr03nh.npy
Zr3Uf6Y3NczJmtYq5umo,finish,15,val,Zr3Uf6Y3NczJmtYq5umo.npy
Z2d6Pw725Q7RZu7UU3b2,cold,50,test,Z2d6Pw725Q7RZu7UU3b2.npy
Kmwn8J2VvLkSQ2FFk6Yi,eat,46,train,Kmwn8J2VvLkSQ2FFk6Yi.npy
PNJiQS1yCzKh62eH6OSn,baby,84,val,PNJiQS1yCzKh62eH6OSn.npy
owFnBUnSdEdSGNR0TNj7,all,48,test,owFnBUnSdEdSGNR0TNj7.npy
b4KydYq4i1QuUojiU13E,bad,46,val,b4KydYq4i1QuUojiU13E.npy
QM8iJXI3StTw5WYaTvPd,sick,57,test,QM8iJXI3StTw5WYaTvPd.npy
WidRqJsRjHslltq6M8dw,big,84,train,WidRqJsRjHslltq6M8dw.npy
WzjlkOvLwxAemjtJY09h,move,53,test,WzjlkOvLwxAemjtJY09h.npy
AImz7aSO4FuSN3dnXttZ,can,84,train,AImz7aSO4FuSN3dnXttZ.npy
n1qvqWF4hYdOPAqjhx6D,sick,84,train,n1qvqWF4hYdOPAqjhx6D.npy
Hg2fUCccwO066MrtZTJt,family,15,train,Hg2fUCccwO066MrtZTJt.npy
MhlO2WyaBiVm5u3VU74i,bed,35,val,MhlO2WyaBiVm5u3VU74i.npy
DgcQcb8iHWFWR9aH1PV6,family,57,test,DgcQcb8iHWFWR9aH1PV6.npy
k9XpzA2l2QfNquLkUFXg,hot,84,train,k9XpzA2l2QfNquLkUFXg.npy
7mBumHUcHBg6Q8mU2jIm,water,8,train,7mBumHUcHBg6Q8mU2jIm.npy
5EVTs3bkQsTTXPCmMmHN,no,39,val,5EVTs3bkQsTTXPCmMmHN.npy
IFr1o0CX9tIpWkerqwoU,finish,46,train,IFr1o0CX9tIpWkerqwoU.npy
sIT2EG5Mwebe6BVAP6De,water,57,test,sIT2EG5Mwebe6BVAP6De.npy
P0wSbC56lM6fsjlR4fNk,strong,54,val,P0wSbC56lM6fsjlR4fNk.npy
vOIRFganh2m8kixush4Y,hot,59,train,vOIRFganh2m8kixush4Y.npy
4LDYBt7TGitxyN45oNhO,morning,85,train,4LDYBt7TGitxyN45oNhO.npy
5BTIsRZh9tWDlqLxeu7W,week,39,train,5BTIsRZh9tWDlqLxeu7W.npy
naSuexbyZkuJdwbEkhdK,who,61,test,naSuexbyZkuJdwbEkhdK.npy
4MeHCcmrNBhJL6eqWLcR,cold,49,train,4MeHCcmrNBhJL6eqWLcR.npy
nOVsf5fUh6Mt9TGRyA6l,please,46,train,nOVsf5fUh6Mt9TGRyA6l.npy
slTKwMtQuPsqeC7gMH3G,sit,59,train,slTKwMtQuPsqeC7gMH3G.npy
MieahUqzWA12wbwUZOVO,bad,61,test,MieahUqzWA12wbwUZOVO.npy
mNkSXMtGJoofsv5smswV,heart,59,val,mNkSXMtGJoofsv5smswV.npy
bFfDiRY8Mdc51CjeSQNx,sick,49,train,bFfDiRY8Mdc51CjeSQNx.npy
ZfK512e5960VsMaoAS6a,big,12,val,ZfK512e5960VsMaoAS6a.npy
be4rJQcLqdbhws3yn1dv,wait,30,train,be4rJQcLqdbhws3yn1dv.npy
bgWcxTvhQ56EzoeZzaEU,long,43,train,bgWcxTvhQ56EzoeZzaEU.npy
Oqav5aSS4yGUpbuXpdmQ,help,62,val,Oqav5aSS4yGUpbuXpdmQ.npy
aapNqGAy8XS3g1k4BUf4,bad,23,train,aapNqGAy8XS3g1k4BUf4.npy
wAlU7D0Napw85KdUCUpx,wait,59,train,wAlU7D0Napw85KdUCUpx.npy
iJ7PXBssXsU44EDTimHH,year,48,test,iJ7PXBssXsU44EDTimHH.npy
LjfySNUPfy0AXd2BdzJe,hurt,43,train,LjfySNUPfy0AXd2BdzJe.npy
CY9Uu0mghbtvF9DqSUjy,feel,35,train,CY9Uu0mghbtvF9DqSUjy.npy
5HvAL6N75qBoXEIVO8e7,water,61,test,5HvAL6N75qBoXEIVO8e7.npy
8vFxNSITz3a6O03SoeI1,tired,63,val,8vFxNSITz3a6O03SoeI1.npy
c75y5wbBkIJHF76nk4Nh,big,35,train,c75y5wbBkIJHF76nk4Nh.npy
6foNqiqlp2RxvUsf6NWB,cold,57,test,6foNqiqlp2RxvUsf6NWB.npy
uyTqBGpMot8ytwCtX6x8,want,7,train,uyTqBGpMot8ytwCtX6x8.npy
xQBktnQ7BMTknVHICijs,ear,30,val,xQBktnQ7BMTknVHICijs.npy
K8iYKwNobuBPi1QQM1Tr,year,52,val,K8iYKwNobuBPi1QQM1Tr.npy
aYN5dCrshnE4hHE9yzMQ,test,85,train,aYN5dCrshnE4hHE9yzMQ.npy
jnduRFntwUH6ip8UNwhR,week,23,train,jnduRFntwUH6ip8UNwhR.npy
RfK8i66jfJUeIJNbZ3fO,itch,76,train,RfK8i66jfJUeIJNbZ3fO.npy
GnLA27gN5wVxzjP5jHWn,start,49,train,GnLA27gN5wVxzjP5jHWn.npy
xh2eRTZQZcqDXxhOmJaY,please,39,val,xh2eRTZQZcqDXxhOmJaY.npy
A7TTdVfyKvAQJ7Gka1o2,maybe,7,train,A7TTdVfyKvAQJ7Gka1o2.npy
wJxYDsgsG92HUSEYzZf3,please,15,train,wJxYDsgsG92HUSEYzZf3.npy
4rnMEvnY0AysGvhZuhLC,eyes,42,val,4rnMEvnY0AysGvhZuhLC.npy
KT9Q4AoU4A2CdE5tffde,feet,62,train,KT9Q4AoU4A2CdE5tffde.npy
vJ8J1a3U1rRKzp0lXXV6,man,17,train,vJ8J1a3U1rRKzp0lXXV6.npy
4ZcWneSZ3N9FNLXGvkGP,afternoon,30,val,4ZcWneSZ3N9FNLXGvkGP.npy
0jKex9clTKIy6PQwxtIw,bathroom,48,test,0jKex9clTKIy6PQwxtIw.npy
uFklcXzq4bLqeFj1pZi1,understand,62,train,uFklcXzq4bLqeFj1pZi1.npy
oOBl8XIRYasburBGE6Qo,where,62,train,oOBl8XIRYasburBGE6Qo.npy
Tkskv45RWfMXgz8PxN5l,cold,84,val,Tkskv45RWfMXgz8PxN5l.npy
oRyUpixcE8LFEyU0sCUJ,finish,62,train,oRyUpixcE8LFEyU0sCUJ.npy
WqpuLgcG8AwlVonQUlQ5,strong,84,train,WqpuLgcG8AwlVonQUlQ5.npy
ZhiAUl1TAOyWIXI5WmQd,show,39,val,ZhiAUl1TAOyWIXI5WmQd.npy
8CpxnZeVXmYEPjrxTMCV,cold,8,train,8CpxnZeVXmYEPjrxTMCV.npy
514MoBXXnbvK1fDngtB4,walk,39,train,514MoBXXnbvK1fDngtB4.npy
qE9WBwINDkiY5V3jXTIl,some,39,val,qE9WBwINDkiY5V3jXTIl.npy
UmJhbIzgwzI1BG9XQ0ps,year,63,train,UmJhbIzgwzI1BG9XQ0ps.npy
dUfdOxhMVB33cyaMdFXF,again,15,train,dUfdOxhMVB33cyaMdFXF.npy
CSmrNkGXe8LFCrRbGXJs,sick,8,val,CSmrNkGXe8LFCrRbGXJs.npy
6Vjx5ZVPMcE1PLdxQfp2,come,49,train,6Vjx5ZVPMcE1PLdxQfp2.npy
GcfIcO4i17WwbYXlZaAe,cold,17,train,GcfIcO4i17WwbYXlZaAe.npy
7CJWNyHSs5TkU915R3hU,today,11,train,7CJWNyHSs5TkU915R3hU.npy
G3O2rCb9cv9ZlQ1yAWXz,ask,62,val,G3O2rCb9cv9ZlQ1yAWXz.npy
GtGvkjB3rib4gqmxREkM,hot,63,train,GtGvkjB3rib4gqmxREkM.npy
ZJYr7PoD9hfiCIm4sYyJ,feel,61,test,ZJYr7PoD9hfiCIm4sYyJ.npy
EPBBkgounRuWK3X9hL6y,drink,35,val,EPBBkgounRuWK3X9hL6y.npy
MYDqtpNlo6nsleQoQPtq,nose,39,train,MYDqtpNlo6nsleQoQPtq.npy
uMeoTXfuFs3q94POOAyQ,feel,46,train,uMeoTXfuFs3q94POOAyQ.npy
m9AgCFu8l2D3CPeN8gDH,sleep,84,val,m9AgCFu8l2D3CPeN8gDH.npy
9Qh0FoRYHibr9EmSEsVa,now,84,val,9Qh0FoRYHibr9EmSEsVa.npy
P6E6QRjrh9ESfZx62SeB,what,39,train,P6E6QRjrh9ESfZx62SeB.npy
P99xwLOJWbq0sn7AdAVy,cold,17,train,P99xwLOJWbq0sn7AdAVy.npy
2Me8T611gxMElEUNz8AR,hot,8,val,2Me8T611gxMElEUNz8AR.npy
HJpdKl4eOXIb9TVpvvZ6,help,62,train,HJpdKl4eOXIb9TVpvvZ6.npy
nWlHXnxdqtqrAOgdHGpH,night,57,test,nWlHXnxdqtqrAOgdHGpH.npy
ueUhEbn4zyrkwU3vpkp0,need,42,train,ueUhEbn4zyrkwU3vpkp0.npy
58Jgavwe2TxIs123RPW7,now,88,train,58Jgavwe2TxIs123RPW7.npy
vwoBBHej3Slibov941ib,strong,46,train,vwoBBHej3Slibov941ib.npy
rzwjLtuk4OOYNxyCFCfT,want,48,test,rzwjLtuk4OOYNxyCFCfT.npy
EP8xphTz8xbL9zBU0en9,big,38,train,EP8xphTz8xbL9zBU0en9.npy
kyt96KG1C3utCl1leOXM,open,12,train,kyt96KG1C3utCl1leOXM.npy
1F9zED3kZiLBFUcAwPqG,drink,42,train,1F9zED3kZiLBFUcAwPqG.npy
DHT3Q3lt8C4os8y8L72N,which,11,train,DHT3Q3lt8C4os8y8L72N.npy
mq47RHHHWHhI3cssdiv7,no,62,train,mq47RHHHWHhI3cssdiv7.npy
YjZi27RrFwDlGQWQLjRI,sit,49,train,YjZi27RrFwDlGQWQLjRI.npy
9yR9OCzXFonUFelIYA1F,feel,53,test,9yR9OCzXFonUFelIYA1F.npy
GtUxyTQR8hNnGCh2OIMW,water,85,train,GtUxyTQR8hNnGCh2OIMW.npy
IzTeHGmEttzPO5IkxgeG,tired,31,train,IzTeHGmEttzPO5IkxgeG.npy
AzCZIFNlpmxgrdX5mFMQ,bathroom,35,train,AzCZIFNlpmxgrdX5mFMQ.npy
bkDRTrIVrTDgqR99707x,want,57,test,bkDRTrIVrTDgqR99707x.npy
bkZ1q6q8c8TVEea2myXG,help,49,train,bkZ1q6q8c8TVEea2myXG.npy
gK9dQWYYhaJzmcj5Ktxu,water,84,val,gK9dQWYYhaJzmcj5Ktxu.npy
XNbRwCPGBV6rAk1djZab,bleed,57,test,XNbRwCPGBV6rAk1djZab.npy
KeLlmlUBcdtlGXifOmSE,drink,57,test,KeLlmlUBcdtlGXifOmSE.npy
u7p2jBilodTOX9OM6nxB,always,31,train,u7p2jBilodTOX9OM6nxB.npy
p62tBSnCUFJP1yVK8MUS,feel,88,val,p62tBSnCUFJP1yVK8MUS.npy
dztECEyIxyfOAnAvmz6T,walk,80,train,dztECEyIxyfOAnAvmz6T.npy
RyzXD2lfHE9gWwBwyGer,give,46,train,RyzXD2lfHE9gWwBwyGer.npy
anBjSJqlocKOZss8ge6s,tired,48,test,anBjSJqlocKOZss8ge6s.npy
lgE2CzGoqVVcqqR4cnvy,stop,7,train,lgE2CzGoqVVcqqR4cnvy.npy
0qPYmZPubDJFWGBgfw2v,hurt,76,train,0qPYmZPubDJFWGBgfw2v.npy
LocnzCGZO2Z7BZwtdXCK,night,39,train,LocnzCGZO2Z7BZwtdXCK.npy
qmmdz263zOrcK9raMv4Q,strong,38,train,qmmdz263zOrcK9raMv4Q.npy
bSHmU2bonkdvzQN5Vnnb,finish,46,train,bSHmU2bonkdvzQN5Vnnb.npy
3uZxE42wu0wNZr5ESsFi,strong,42,val,3uZxE42wu0wNZr5ESsFi.npy
oS67NDu53TtQMB0zQ7Fh,strong,38,train,oS67NDu53TtQMB0zQ7Fh.npy
hrf9v0esilsXZocSNpMP,understand,62,val,hrf9v0esilsXZocSNpMP.npy
OnEQnxze3BvY8dvV5iCw,cold,7,val,OnEQnxze3BvY8dvV5iCw.npy
NACyi7x2smBhcqLhwHqA,where,57,test,NACyi7x2smBhcqLhwHqA.npy
6Z5w2ACAlmcplz54Z1Ts,baby,88,train,6Z5w2ACAlmcplz54Z1Ts.npy
OM0JMohNM2D4Fyeas0TC,surgery,49,train,OM0JMohNM2D4Fyeas0TC.npy
J7WXC53DsObGpTbECytT,pain,88,val,J7WXC53DsObGpTbECytT.npy
aDjROW1YLmyEaeFitm6A,baby,52,train,aDjROW1YLmyEaeFitm6A.npy
evZ8QrQhig1wzDxXbIRO,big,59,train,evZ8QrQhig1wzDxXbIRO.npy
q1fEILWXwnnRcH7KV3Zl,bed,31,train,q1fEILWXwnnRcH7KV3Zl.npy
wfLhLhALmcSCme9TrotT,understand,46,train,wfLhLhALmcSCme9TrotT.npy
sR8hYIYkvfWwDg0c6CUU,man,57,test,sR8hYIYkvfWwDg0c6CUU.npy
SUTeNh7DffZZTawFrT2n,family,49,train,SUTeNh7DffZZTawFrT2n.npy
kPYStiqyv3jaND206LiE,bed,39,train,kPYStiqyv3jaND206LiE.npy
vT6yIy3ejIgAwv4zLMs4,pain,8,train,vT6yIy3ejIgAwv4zLMs4.npy
vRodSf98xBdxni9Ewyeq,bad,30,train,vRodSf98xBdxni9Ewyeq.npy
jrNq4qWvxzXGA26OHX17,give,49,train,jrNq4qWvxzXGA26OHX17.npy
FsM2k2eSWwz1QvUMkeN7,look,64,test,FsM2k2eSWwz1QvUMkeN7.npy
bua1Np1KxuRyNJEEAUIA,baby,46,train,bua1Np1KxuRyNJEEAUIA.npy
wlepM38ARC2k2qkljrOk,move,57,test,wlepM38ARC2k2qkljrOk.npy
On3eKX9Zg3fCI66KVSLR,sick,38,train,On3eKX9Zg3fCI66KVSLR.npy
mTGwkHOKWFfSnsm9qOt2,sleep,49,train,mTGwkHOKWFfSnsm9qOt2.npy
gSnqXbMf3GeQuIQbGndH,yes,38,train,gSnqXbMf3GeQuIQbGndH.npy
woNBYu6nO1bnwLKZc0e1,cold,85,train,woNBYu6nO1bnwLKZc0e1.npy
Jvxw7yiBPygRsafnFl2e,blood,31,train,Jvxw7yiBPygRsafnFl2e.npy
ch49FLaFSPkDTobsVqHy,sleep,46,val,ch49FLaFSPkDTobsVqHy.npy
qeOMZDax7pbg5QQwYb8Q,hurt,8,val,qeOMZDax7pbg5QQwYb8Q.npy
yDomK97LGD830RDcJ1U2,hurt,48,test,yDomK97LGD830RDcJ1U2.npy
tMmZGzVwVF9JTgWjvCK2,nose,8,train,tMmZGzVwVF9JTgWjvCK2.npy
2Y9IQ6JnpC1a0ZKQ6VCe,feel,17,train,2Y9IQ6JnpC1a0ZKQ6VCe.npy
6TTcs9ezjfllxCMmsfSM,open,46,train,6TTcs9ezjfllxCMmsfSM.npy
ANEfslNfApcTnw4SCqeG,hurt,88,train,ANEfslNfApcTnw4SCqeG.npy
UH097EJq2kz95H1KFbYx,water,48,test,UH097EJq2kz95H1KFbYx.npy
EmujUPRASHI3uWnql7Mw,water,46,train,EmujUPRASHI3uWnql7Mw.npy
AgtXysBp0Hh8QLC1cnQT,water,47,test,AgtXysBp0Hh8QLC1cnQT.npy
ewE1mHiCQZiAsJrgePLc,touch,49,val,ewE1mHiCQZiAsJrgePLc.npy
uzjh7SRNSuh8Ij2ZfBeS,open,61,test,uzjh7SRNSuh8Ij2ZfBeS.npy
ZDcWmhqStXJl5QNaggy6,hurt,39,val,ZDcWmhqStXJl5QNaggy6.npy
Drhi99ww8Crx3hqWIa8Y,finish,46,val,Drhi99ww8Crx3hqWIa8Y.npy
nJIxKFCidfYG4e4bxUY2,finish,35,train,nJIxKFCidfYG4e4bxUY2.npy
A7eycPRlnPmCKf1S2gyS,finish,11,train,A7eycPRlnPmCKf1S2gyS.npy
WozP74yCn2e9fitokmKa,stop,46,train,WozP74yCn2e9fitokmKa.npy
60z3ug2OamLQmZsJkES6,open,85,val,60z3ug2OamLQmZsJkES6.npy
HoYJg00mRBFQLtCNXNJj,drink,60,train,HoYJg00mRBFQLtCNXNJj.npy
3BY9gT4f94Ip6992hAaF,sharp,80,train,3BY9gT4f94Ip6992hAaF.npy
AL9b09majJvc34H9fE8h,feel,48,test,AL9b09majJvc34H9fE8h.npy
IOfn1Tui1QwxOMZvldVy,give,12,val,IOfn1Tui1QwxOMZvldVy.npy
1oKcdoz7p5hvzSlrJVCG,strong,42,train,1oKcdoz7p5hvzSlrJVCG.npy
bFPxLbDuluSpxDHxQzoy,no,39,train,bFPxLbDuluSpxDHxQzoy.npy
9kJoV9eVWO5KDIRbpeiv,year,61,test,9kJoV9eVWO5KDIRbpeiv.npy
qyukEKzRveXB9t0pGAVt,much,7,train,qyukEKzRveXB9t0pGAVt.npy
K0wfDqFHEj0L1GlOagQB,mother,49,train,K0wfDqFHEj0L1GlOagQB.npy
eHqjN76AXrlcKcu1oa1L,drink,80,train,eHqjN76AXrlcKcu1oa1L.npy
cpdrRuutOJJkSuKJhOvm,week,50,test,cpdrRuutOJJkSuKJhOvm.npy
G8OPsRwgcgYAQ2tpXid0,day,60,val,G8OPsRwgcgYAQ2tpXid0.npy
wOdzc0TMGx9HnOC1pr9e,touch,36,test,wOdzc0TMGx9HnOC1pr9e.npy
Vc1y2PGxKmTsntFXyDYL,surgery,35,train,Vc1y2PGxKmTsntFXyDYL.npy
wSurThLJNcoTx3GSVmtP,go,49,train,wSurThLJNcoTx3GSVmtP.npy
PJ5tdw1laOsaNCyxifhf,eyes,35,train,PJ5tdw1laOsaNCyxifhf.npy
ScQaaSNARI2mCEJffr8F,sick,53,test,ScQaaSNARI2mCEJffr8F.npy
6NKRBzvluq3le90K6o44,water,85,train,6NKRBzvluq3le90K6o44.npy
tNrB10PUcfiDSTyQ2C03,teeth,7,val,tNrB10PUcfiDSTyQ2C03.npy
lbbQpQiW4AAy8zVuNGZx,hour,49,train,lbbQpQiW4AAy8zVuNGZx.npy
ugpgrOYeSYp8IuZKAai4,sit,30,val,ugpgrOYeSYp8IuZKAai4.npy
EQ3ls9yQ0em1SScJR5tI,no,76,train,EQ3ls9yQ0em1SScJR5tI.npy
tYpLZw2ebAuRoToyttha,teeth,49,train,tYpLZw2ebAuRoToyttha.npy
n5dLFwKtEz63uhCvuMdi,medicine,80,train,n5dLFwKtEz63uhCvuMdi.npy
b9jmcA1PiEhxToBhTTS4,sick,60,val,b9jmcA1PiEhxToBhTTS4.npy
eSgX42oDCIkfEgiYMbC2,strong,49,train,eSgX42oDCIkfEgiYMbC2.npy
Osj24WVpE21FDeFcmTOt,yes,42,train,Osj24WVpE21FDeFcmTOt.npy
S8AROGFP0UEMjI1QPbhQ,drink,62,val,S8AROGFP0UEMjI1QPbhQ.npy
QI75ORgUMAXB3lcbkkD0,help,46,train,QI75ORgUMAXB3lcbkkD0.npy
xdAOKOzhcC0erafYZeTY,pain,61,test,xdAOKOzhcC0erafYZeTY.npy
ytxI6JjIBzGpuqVmobWO,cold,48,test,ytxI6JjIBzGpuqVmobWO.npy
Nx5T2J7rNINbxXGVdqJM,big,48,test,Nx5T2J7rNINbxXGVdqJM.npy
VnDAvwT4VK18YkytOOTh,ask,38,train,VnDAvwT4VK18YkytOOTh.npy
C3Hp9IS3S7FtBqaWFhN2,hurt,88,train,C3Hp9IS3S7FtBqaWFhN2.npy
jouBGJ7jvCPnWHhg8cB8,bed,42,train,jouBGJ7jvCPnWHhg8cB8.npy
oHVcUd0jEEVELdOGtGM9,some,88,train,oHVcUd0jEEVELdOGtGM9.npy
mLT6FvdEpDTkjtzwSARZ,ask,84,train,mLT6FvdEpDTkjtzwSARZ.npy
nWqONi0SOtGzZlglHm5b,choke,42,train,nWqONi0SOtGzZlglHm5b.npy
axYLKp74G5ThRFp1BthH,cold,84,train,axYLKp74G5ThRFp1BthH.npy
VMNWTjGEjs0H0bWTDZAw,baby,46,val,VMNWTjGEjs0H0bWTDZAw.npy
oxdla9ome68XqwjijwKA,long,84,val,oxdla9ome68XqwjijwKA.npy
0SrQPYvpzSHQEcPBbATe,worse,84,train,0SrQPYvpzSHQEcPBbATe.npy
UhgbH98FQmFocmk4EkUR,month,62,val,UhgbH98FQmFocmk4EkUR.npy
uq7y00eGsinClUwqOBaO,face,84,train,uq7y00eGsinClUwqOBaO.npy
9pHsLnV0GcOtNd5AFIe8,cold,57,test,9pHsLnV0GcOtNd5AFIe8.npy
4GAql4uv2onZdzGacMhO,muscle,46,val,4GAql4uv2onZdzGacMhO.npy
C7h6kezy6lHnrDyXFSFM,food,84,train,C7h6kezy6lHnrDyXFSFM.npy
nmyWAo8YxtZxfljGPIhb,where,57,test,nmyWAo8YxtZxfljGPIhb.npy
VsMRcdFwUNfj2tgkbhio,sleep,57,test,VsMRcdFwUNfj2tgkbhio.npy
9d6P4B1vxDxJ1O0V0Ie8,take,84,train,9d6P4B1vxDxJ1O0V0Ie8.npy
zvlf5d58NoBycXIZ2Y6X,ear,39,train,zvlf5d58NoBycXIZ2Y6X.npy
Vz00kSZynNxRkXzHmiLA,move,49,val,Vz00kSZynNxRkXzHmiLA.npy
z9kwxTwCUxKmeh4qpZSC,who,48,test,z9kwxTwCUxKmeh4qpZSC.npy
uFuxpETZH5V6FQRh3JIS,baby,59,train,uFuxpETZH5V6FQRh3JIS.npy
3LPYlvUl6YzRr948Y54S,tired,53,test,3LPYlvUl6YzRr948Y54S.npy
ezxP5EIGjj3jZNLOk2oA,now,57,test,ezxP5EIGjj3jZNLOk2oA.npy
94uCPwo9huyVIm4f1uFa,bleed,49,val,94uCPwo9huyVIm4f1uFa.npy
yw9hLOH7tCWFI5iV4gZk,where,46,train,yw9hLOH7tCWFI5iV4gZk.npy
hpCTfK5bSLMEMeBj8xrG,open,11,train,hpCTfK5bSLMEMeBj8xrG.npy
3Th3iqanX345BTsZYMz3,night,59,train,3Th3iqanX345BTsZYMz3.npy
RPsaPFXkpTp28wouH9Dr,week,11,val,RPsaPFXkpTp28wouH9Dr.npy
CtN7HyS0rlLBVjb9uYjp,water,59,train,CtN7HyS0rlLBVjb9uYjp.npy
y5aw9fWD3Hu1u9yGwew7,day,8,train,y5aw9fWD3Hu1u9yGwew7.npy
fz3CGzFLk3DAuJJwl4Ar,week,49,train,fz3CGzFLk3DAuJJwl4Ar.npy
NaxOGc8VAENxcEfj27AO,wait,49,val,NaxOGc8VAENxcEfj27AO.npy
dzI6S9EDmbxV8CVVAsdp,finish,39,train,dzI6S9EDmbxV8CVVAsdp.npy
IGopclQB0Qmhg9FRZm3M,give,31,train,IGopclQB0Qmhg9FRZm3M.npy
6IPe5LFuT0EwkzQNlCZu,head,46,val,6IPe5LFuT0EwkzQNlCZu.npy
HmD6jqMpNDNEQs13pGAA,big,57,test,HmD6jqMpNDNEQs13pGAA.npy
g4M16AJVLiUfCKwKSYkv,medicine,31,train,g4M16AJVLiUfCKwKSYkv.npy
pPDNcb0TC0TLggHfp7VF,big,12,val,pPDNcb0TC0TLggHfp7VF.npy
n8nEx48XSEj0GyLXSKv3,drink,48,test,n8nEx48XSEj0GyLXSKv3.npy
C9qN0gnjn4lburAuiP4f,water,12,val,C9qN0gnjn4lburAuiP4f.npy
K9fm9rkFcAsmDTu8BafD,ear,24,train,K9fm9rkFcAsmDTu8BafD.npy
bFAnp6vPQXq4SNjfXm6l,stop,57,test,bFAnp6vPQXq4SNjfXm6l.npy
j6PMRgjYZE7dnL0xOxHk,big,23,train,j6PMRgjYZE7dnL0xOxHk.npy
rF8Elyx4OtgmOLEDULQT,day,57,test,rF8Elyx4OtgmOLEDULQT.npy
LjQ2Qxd1GmiRYZunQuzf,tired,50,test,LjQ2Qxd1GmiRYZunQuzf.npy
hloLNZ2NuBnTnrHetGEt,move,33,test,hloLNZ2NuBnTnrHetGEt.npy
HERR4RlBJLeqhSlUvaUG,test,49,val,HERR4RlBJLeqhSlUvaUG.npy
ZOXw0w3AcEEiYkMSSRwp,hurt,64,test,ZOXw0w3AcEEiYkMSSRwp.npy
tGKvbWQ4gMeyyOIkvq7H,bad,61,test,tGKvbWQ4gMeyyOIkvq7H.npy
hLAZjaMU5P1FzRa5eacm,hot,38,train,hLAZjaMU5P1FzRa5eacm.npy
PcUaSoiDeBH6FNf0rpOA,sleep,59,train,PcUaSoiDeBH6FNf0rpOA.npy
PjWRs8aVCSW6PzzS6sHJ,burn,84,train,PjWRs8aVCSW6PzzS6sHJ.npy
25gXMGPuMWYi6UK0Q1N5,want,62,val,25gXMGPuMWYi6UK0Q1N5.npy
lDD1czgqkpJIUVOcgGkM,sick,38,train,lDD1czgqkpJIUVOcgGkM.npy
ytGn9lBTRXNxQWu12pyd,cold,64,test,ytGn9lBTRXNxQWu12pyd.npy
Jy65PLuUzDFfleqKyTNs,big,7,train,Jy65PLuUzDFfleqKyTNs.npy
Cs5z8pOEs3Zv66ftoZHg,dizzy,61,test,Cs5z8pOEs3Zv66ftoZHg.npy
0JlKFgt8082vvKYq0L4V,sleep,12,val,0JlKFgt8082vvKYq0L4V.npy
1PzAo6CdfU0gj0K6ooR2,finish,61,test,1PzAo6CdfU0gj0K6ooR2.npy
8L7aXmiD1W8Nau31we8j,bleed,84,train,8L7aXmiD1W8Nau31we8j.npy
NIoUNe3Za3RYkOE5HkYc,finish,42,val,NIoUNe3Za3RYkOE5HkYc.npy
K4aBbJwm3890e8m1JE4c,knee,35,train,K4aBbJwm3890e8m1JE4c.npy
Zw94wlXw34ySbhLrfSBy,baby,59,train,Zw94wlXw34ySbhLrfSBy.npy
LwbUDY1heF7DNE8iezeG,bathroom,49,val,LwbUDY1heF7DNE8iezeG.npy
Tm5muDAGle5Vfv13XEU0,pain,61,test,Tm5muDAGle5Vfv13XEU0.npy
SNGKKgBPCXvCCtjgPvbP,head,17,train,SNGKKgBPCXvCCtjgPvbP.npy
90Sb6inmxZdZnGq7Byy7,family,17,val,90Sb6inmxZdZnGq7Byy7.npy
PwbTOG9f1mBP0i0aiWMS,tired,49,train,PwbTOG9f1mBP0i0aiWMS.npy
bl60bdcWFHo5JAxVTDQM,more,48,test,bl60bdcWFHo5JAxVTDQM.npy
7ugsqc8HLZXE5hHaaSBb,who,62,val,7ugsqc8HLZXE5hHaaSBb.npy
a8YlmmI9rOSOh2AaX5c3,cold,50,test,a8YlmmI9rOSOh2AaX5c3.npy
BwEOXGcC3WFFwsfSFKbH,head,7,train,BwEOXGcC3WFFwsfSFKbH.npy
Wm4eAvzXNxv8P3HiUh2f,dentist,54,train,Wm4eAvzXNxv8P3HiUh2f.npy
xfh53tGl661smKWU0Loh,tired,50,test,xfh53tGl661smKWU0Loh.npy
sb52NoHtevMNqVaWL3EZ,pill,57,test,sb52NoHtevMNqVaWL3EZ.npy
MiVFEuRMW8fnjpn8FRE7,open,39,train,MiVFEuRMW8fnjpn8FRE7.npy
bhA6FCMYTNR3ZUmOKRh4,week,42,train,bhA6FCMYTNR3ZUmOKRh4.npy
wZ0awQK1tUlbXQSd3bEt,hurt,52,train,wZ0awQK1tUlbXQSd3bEt.npy
D4Eus1b6EVokKgTpaOV5,sick,39,train,D4Eus1b6EVokKgTpaOV5.npy
EE6EyCxt2cbPECnl6hnL,finish,46,train,EE6EyCxt2cbPECnl6hnL.npy
qMEer7hRKkMi9wkWyw0g,day,54,train,qMEer7hRKkMi9wkWyw0g.npy
E4Ovd8IbsRMSoF7PvRTM,sleep,48,test,E4Ovd8IbsRMSoF7PvRTM.npy
QwpMTQDzawgtoAp2V2BP,can,11,val,QwpMTQDzawgtoAp2V2BP.npy
KJSZOMxBpVdWpyjZnEQ6,some,49,train,KJSZOMxBpVdWpyjZnEQ6.npy
ganIADw9exFuuo1vhASe,head,27,train,ganIADw9exFuuo1vhASe.npy
WTnHtjEzgK1OIepgwBoe,surgery,23,val,WTnHtjEzgK1OIepgwBoe.npy
0oEX4QwJDh07TltThjYQ,understand,48,test,0oEX4QwJDh07TltThjYQ.npy
oO5ytAFtYybvkgVHqk3b,feel,49,train,oO5ytAFtYybvkgVHqk3b.npy
T72TOr2GX09YF4L3Q1a8,tongue,7,train,T72TOr2GX09YF4L3Q1a8.npy
jYSg1JKX9M384ouMCzJ2,feel,49,train,jYSg1JKX9M384ouMCzJ2.npy
LSi5Y7T8sPgY3y3c7Vni,sick,49,val,LSi5Y7T8sPgY3y3c7Vni.npy
ywGN4C62BNamXiGhdRiX,finish,60,train,ywGN4C62BNamXiGhdRiX.npy
PIccpqIAmbyEzHCwfvZj,family,57,test,PIccpqIAmbyEzHCwfvZj.npy
sRVOAqLdkVQK4OH6Zptq,weak,38,train,sRVOAqLdkVQK4OH6Zptq.npy
XXuncePYa9xNPXxsFgbZ,hurt,61,test,XXuncePYa9xNPXxsFgbZ.npy
6CE54ZY1d8XAkYuG2JaA,strong,84,train,6CE54ZY1d8XAkYuG2JaA.npy
HFPQiQLlaJL72jDvrrcl,yes,88,train,HFPQiQLlaJL72jDvrrcl.npy
OXkqFUUn40PG7EvWEOEF,no,39,train,OXkqFUUn40PG7EvWEOEF.npy
VhzQYTZfHKh727KcFUlG,no,62,val,VhzQYTZfHKh727KcFUlG.npy
AXGmYjYp0hbqRf418J3F,thank_you,39,train,AXGmYjYp0hbqRf418J3F.npy
edyGADhwCO1T29tbPyo4,baby,62,train,edyGADhwCO1T29tbPyo4.npy
btA5N2cLxSMO2PRnlc49,drink,48,test,btA5N2cLxSMO2PRnlc49.npy
eVFVKkZz7oAuu9KfM9OQ,finish,15,train,eVFVKkZz7oAuu9KfM9OQ.npy
ZL7AmZYZr2p3j5SCnyVc,dentist,63,val,ZL7AmZYZr2p3j5SCnyVc.npy
fUhhO1Cg72TCLaL4ib0v,ask,54,train,fUhhO1Cg72TCLaL4ib0v.npy
MoC2ds2lZwMj5Nzdd4yD,long,38,train,MoC2ds2lZwMj5Nzdd4yD.npy
OMknmCmhqzLkmZUkexIu,bone,7,val,OMknmCmhqzLkmZUkexIu.npy
cfdCTftxqMwtkidGHS4Y,doctor,49,train,cfdCTftxqMwtkidGHS4Y.npy
cHLSi6zbpNq95nLqRkXL,sleep,33,test,cHLSi6zbpNq95nLqRkXL.npy
mPUIIa5SKIwrFrQZ28WZ,finish,46,val,mPUIIa5SKIwrFrQZ28WZ.npy
FEjmP8P7jI3HIn7oqC1v,water,46,train,FEjmP8P7jI3HIn7oqC1v.npy
rlSKFT94LKI9aEtUoKyp,medicine,39,train,rlSKFT94LKI9aEtUoKyp.npy
Wv8KBNUxHhJgAtv7XiS9,tell,46,train,Wv8KBNUxHhJgAtv7XiS9.npy
2sUCpaJBT8IwTzi5jzSM,nose,39,val,2sUCpaJBT8IwTzi5jzSM.npy
XQ6g4w0UFPrtEeNhQdaz,tired,49,train,XQ6g4w0UFPrtEeNhQdaz.npy
b8Z8wHGpKwjOEnBQUj2P,burn,30,val,b8Z8wHGpKwjOEnBQUj2P.npy
5ecpszTmyuNCAaMhNLXE,need,17,train,5ecpszTmyuNCAaMhNLXE.npy
GyhaaGq93kjsFEzGgztM,drink,43,train,GyhaaGq93kjsFEzGgztM.npy
Og2ecd4YA2CJY4VDA6NO,finish,39,train,Og2ecd4YA2CJY4VDA6NO.npy
hDJOxAXu7hV2VpMskcGg,give,49,train,hDJOxAXu7hV2VpMskcGg.npy
ytTxyjrl3ZLM8MeklQa8,cold,84,train,ytTxyjrl3ZLM8MeklQa8.npy
tkcfHLVuTKaGsSxphm1q,breathe,30,train,tkcfHLVuTKaGsSxphm1q.npy
IG5EBY2R7PbBm3Fma26p,test,62,train,IG5EBY2R7PbBm3Fma26p.npy
v3ta40NDB7fYnTNZ6zc7,look,31,val,v3ta40NDB7fYnTNZ6zc7.npy
16nMf8vJXYY9sgV9V4g0,back,39,train,16nMf8vJXYY9sgV9V4g0.npy
xHXHtLswWpGTJPhrGDeq,strong,84,train,xHXHtLswWpGTJPhrGDeq.npy
pjDIJNtypGpoAZas01oD,medicine,88,val,pjDIJNtypGpoAZas01oD.npy
WT3Ynk3ONVvNop7fDKe7,now,7,train,WT3Ynk3ONVvNop7fDKe7.npy
Mjy8F7coWI2uLDZEklsH,sleep,46,train,Mjy8F7coWI2uLDZEklsH.npy
ppovZaLPFPVozFUexGC0,finish,46,train,ppovZaLPFPVozFUexGC0.npy
QU917jIL0GVUdWgmyAe2,drink,35,train,QU917jIL0GVUdWgmyAe2.npy
5Jz79WbHev7gzAxk7nJf,long,84,train,5Jz79WbHev7gzAxk7nJf.npy
7W2Yzq8RMl6BPha1rTR2,medicine,7,train,7W2Yzq8RMl6BPha1rTR2.npy
4GAlOVPnTc32GtN323wI,morning,61,test,4GAlOVPnTc32GtN323wI.npy
0FZz37cChRhnwmDy4GJk,blood,46,train,0FZz37cChRhnwmDy4GJk.npy
DN4MUczeT5SIBKoNe6KP,hurt,53,test,DN4MUczeT5SIBKoNe6KP.npy
R1tTcl6tOawVJZu2bvvt,need,17,train,R1tTcl6tOawVJZu2bvvt.npy
YPd8dMZX7MYSFQgQZ0H8,big,7,train,YPd8dMZX7MYSFQgQZ0H8.npy
mTLQTJbZQglGjdqG3CYU,eyes,39,train,mTLQTJbZQglGjdqG3CYU.npy
lkmwQbm4RJ2a2oyze8q3,can,11,train,lkmwQbm4RJ2a2oyze8q3.npy
jpeug1xfsBXJRA2gSmtk,more,84,train,jpeug1xfsBXJRA2gSmtk.npy
KKkXxEetnxIbB2C8HJTk,itch,76,train,KKkXxEetnxIbB2C8HJTk.npy
GSObIUViFrthUAmzw7lu,want,43,train,GSObIUViFrthUAmzw7lu.npy
nhZTQQM5cXQvTJfUOidm,open,8,train,nhZTQQM5cXQvTJfUOidm.npy
QyIqvlIyafbxItGAAyjk,open,61,test,QyIqvlIyafbxItGAAyjk.npy
TJblmlbxP7rP3R6ImxY0,week,54,train,TJblmlbxP7rP3R6ImxY0.npy
TtLjiGkPK9D3M4cbYGmc,family,61,test,TtLjiGkPK9D3M4cbYGmc.npy
VvFdPgtiuTgjzjrEyy53,show,39,train,VvFdPgtiuTgjzjrEyy53.npy
1UxUwDgCSZXyq5L26J0R,give,42,train,1UxUwDgCSZXyq5L26J0R.npy
POqO3SMIiW3XLVCQI62D,yes,88,train,POqO3SMIiW3XLVCQI62D.npy
lxcla7dwXn6lSAcs7RKq,finish,62,train,lxcla7dwXn6lSAcs7RKq.npy
7408MRCF5DsAll7NL3nU,finish,42,train,7408MRCF5DsAll7NL3nU.npy
l4Jn9iPVXfOwbHaTkuqU,again,36,test,l4Jn9iPVXfOwbHaTkuqU.npy
PhElkUOwv9Fakl34BjND,strong,57,test,PhElkUOwv9Fakl34BjND.npy
xLKdaH3GXVi1eA9wanxN,close,38,train,xLKdaH3GXVi1eA9wanxN.npy
Ev5vE5LrR7xijISNqS02,again,49,val,Ev5vE5LrR7xijISNqS02.npy
25vEpZOZoUb7lpbsHIIh,better,78,train,25vEpZOZoUb7lpbsHIIh.npy
n4Fm5zOisS5Pwb1h6rQU,baby,49,val,n4Fm5zOisS5Pwb1h6rQU.npy
3stnRgYoEaFm7wQyXrZi,hot,17,train,3stnRgYoEaFm7wQyXrZi.npy
bprKx3A7Cq7fTanykZWv,pain,17,train,bprKx3A7Cq7fTanykZWv.npy
WmJoLHvmKcU3wdz0NNpX,start,84,train,WmJoLHvmKcU3wdz0NNpX.npy
ZamP1wXSLIwjE8uYwsUf,hurt,57,test,ZamP1wXSLIwjE8uYwsUf.npy
oz5WrRspDFsmMGb7BW4X,sleep,63,train,oz5WrRspDFsmMGb7BW4X.npy
5urUE7Gazdyb7Qbxl6fm,go,88,train,5urUE7Gazdyb7Qbxl6fm.npy
29JAfnhLZnqUn6WTF43v,nurse,39,train,29JAfnhLZnqUn6WTF43v.npy
w5Hfs97dQTgwVvMBRemK,who,57,test,w5Hfs97dQTgwVvMBRemK.npy
SbELmUTtFUxLOXOK3zBG,afternoon,49,train,SbELmUTtFUxLOXOK3zBG.npy
ngZqKzhRojCBFYaFjyrY,water,57,test,ngZqKzhRojCBFYaFjyrY.npy
jXVrPWJaDutAgDiW5nRR,give,33,test,jXVrPWJaDutAgDiW5nRR.npy
8buUPPsm9jjONDoEyi9F,skin,57,test,8buUPPsm9jjONDoEyi9F.npy
5Wb4dK3iq7gPJFI9kh8Q,bathroom,80,train,5Wb4dK3iq7gPJFI9kh8Q.npy
tUHqUOgt4JPgKHq60HWb,sick,12,train,tUHqUOgt4JPgKHq60HWb.npy
V7u4A0VdQ8jGEcVWrYGo,tomorrow,11,train,V7u4A0VdQ8jGEcVWrYGo.npy
Fgxq1VFtRlCir2IzfTIj,yes,30,val,Fgxq1VFtRlCir2IzfTIj.npy
PPqpTcdSRmVGaSntrAfN,move,31,val,PPqpTcdSRmVGaSntrAfN.npy
0oE1LSajcHWFY1k5jRJl,medicine,39,train,0oE1LSajcHWFY1k5jRJl.npy
l8I6tkpgAeNIc49A7Eg4,open,61,test,l8I6tkpgAeNIc49A7Eg4.npy
jQVLrHlXqqHas6esDsE6,bad,88,train,jQVLrHlXqqHas6esDsE6.npy
1Xt4HXRJEW2oz7zTzbBO,move,57,test,1Xt4HXRJEW2oz7zTzbBO.npy
dfAj7ZwYQAaidGaRwYMR,strong,50,test,dfAj7ZwYQAaidGaRwYMR.npy
Rqm710NGvjuL8Dt4NyXg,week,7,train,Rqm710NGvjuL8Dt4NyXg.npy
9ET170fXl21ucoDZJDxB,open,49,val,9ET170fXl21ucoDZJDxB.npy
rZhJvXSKHYlmp1jytOf2,now,62,train,rZhJvXSKHYlmp1jytOf2.npy
aGFeseuim6kCNZFz8RFs,hurt,49,val,aGFeseuim6kCNZFz8RFs.npy
qQEO5JoipxnjL25hVg5k,hurt,49,train,qQEO5JoipxnjL25hVg5k.npy
VWv6JziYzahiPFdfJJQQ,hot,39,train,VWv6JziYzahiPFdfJJQQ.npy
o7MvEUuDQob8cgQqGOZn,breathe,63,train,o7MvEUuDQob8cgQqGOZn.npy
1jCnz7twst645HRgkNPM,cold,17,val,1jCnz7twst645HRgkNPM.npy
axlqM1Y0hxWEKUZnpLQu,which,62,train,axlqM1Y0hxWEKUZnpLQu.npy
ajZmhfpSNkHvJw1CXFZX,head,62,val,ajZmhfpSNkHvJw1CXFZX.npy
tCcqgeKawsCAy3Zap7Wt,want,48,test,tCcqgeKawsCAy3Zap7Wt.npy
axIkmVHTqUMfEy7z1bIm,hurt,59,train,axIkmVHTqUMfEy7z1bIm.npy
mx9c6VzrYIkKI3bSvOnG,yes,61,test,mx9c6VzrYIkKI3bSvOnG.npy
Uh1vvJmn9q4GPY8riyQ6,mother,35,train,Uh1vvJmn9q4GPY8riyQ6.npy
wB4B1X1W5U8mxSIeb6Fo,water,30,val,wB4B1X1W5U8mxSIeb6Fo.npy
2XdbJLiBVpiwvv8Webzw,give,49,train,2XdbJLiBVpiwvv8Webzw.npy
wTFoDRvexwJkE0Pw1BDl,hot,61,test,wTFoDRvexwJkE0Pw1BDl.npy
xplG2DKiAxG8uy2905pg,medicine,30,train,xplG2DKiAxG8uy2905pg.npy
dPCx7zwulbnAQaIxlHWI,strong,15,val,dPCx7zwulbnAQaIxlHWI.npy
YDSaSzXppDeUP0iy1Dm6,family,84,train,YDSaSzXppDeUP0iy1Dm6.npy
C6fo5ZzQkGZRvQ38jtW5,water,38,train,C6fo5ZzQkGZRvQ38jtW5.npy
sh9mCub4iWFvJiMIxCvW,now,57,test,sh9mCub4iWFvJiMIxCvW.npy
OxtqW1uoaGlLmIwf7zsR,baby,57,test,OxtqW1uoaGlLmIwf7zsR.npy
5Ilv4RHEL4CXpvZmRFzO,week,15,val,5Ilv4RHEL4CXpvZmRFzO.npy
vUOVGMTJf8laBwYGkiNH,who,39,train,vUOVGMTJf8laBwYGkiNH.npy
unSZkWn38GcYDGrUeru2,family,49,train,unSZkWn38GcYDGrUeru2.npy
0otehzUK7yZIR3DzHHwv,move,84,train,0otehzUK7yZIR3DzHHwv.npy
6TuyANdaEAuxhWLn9ke1,bone,52,train,6TuyANdaEAuxhWLn9ke1.npy
OjPrlTPfUPnJ90wVWevx,family,49,train,OjPrlTPfUPnJ90wVWevx.npy
kdDlQAW3JJQmc5l3y5OL,father,54,train,kdDlQAW3JJQmc5l3y5OL.npy
OmWYf4edGGvSIS3cTtax,some,38,val,OmWYf4edGGvSIS3cTtax.npy
Ys8pd74SxFefi3pIhvOA,finish,85,train,Ys8pd74SxFefi3pIhvOA.npy
6BEmlsneRABuYR8CrJ2F,drink,8,train,6BEmlsneRABuYR8CrJ2F.npy
f6GWaTr28p1nGFykdtL7,mother,78,val,f6GWaTr28p1nGFykdtL7.npy
Jk0YSsFrGB6LHSc3tlfM,dentist,84,train,Jk0YSsFrGB6LHSc3tlfM.npy
rMwqMwSbweKd0dEBbUC4,hands,50,test,rMwqMwSbweKd0dEBbUC4.npy
bcyvVsnr5xLz1Ks0dKxv,strong,46,train,bcyvVsnr5xLz1Ks0dKxv.npy
G4EecWH2jg5ZDIkpZypO,afternoon,23,train,G4EecWH2jg5ZDIkpZypO.npy
KSXueGpTF54zJ46I0C3i,feel,7,val,KSXueGpTF54zJ46I0C3i.npy
FKQrBSlr64eDnGDUcDCa,baby,35,train,FKQrBSlr64eDnGDUcDCa.npy
THhfiJQ5NmbLO0HXdftq,hot,63,val,THhfiJQ5NmbLO0HXdftq.npy
x8TZNP1gjM6OA4NTQgaX,interpreter,38,val,x8TZNP1gjM6OA4NTQgaX.npy
CuXNRU2mHBEDb3uRFspc,which,49,val,CuXNRU2mHBEDb3uRFspc.npy
xXlOwQIhTxtqK9on06Ye,need,84,val,xXlOwQIhTxtqK9on06Ye.npy
ZldGox2rguc6NNAGZ6LO,yes,7,train,ZldGox2rguc6NNAGZ6LO.npy
OJwcddIPAx3ekjyvk8WO,nose,11,train,OJwcddIPAx3ekjyvk8WO.npy
ZAxPAgnATQCwn7y2MTLV,show,62,train,ZAxPAgnATQCwn7y2MTLV.npy
hTjsNB1sbqdUcTMBuYfw,day,63,train,hTjsNB1sbqdUcTMBuYfw.npy
T5CIvRAoHFjq4xGJeTcJ,sick,46,train,T5CIvRAoHFjq4xGJeTcJ.npy
5UoVqxO7ZHYex3VgzjFe,bone,39,train,5UoVqxO7ZHYex3VgzjFe.npy
DZX9MDJYiJRv39JVun6J,walk,39,train,DZX9MDJYiJRv39JVun6J.npy
GXhFFbdGmpx3FEwVW8bY,water,42,train,GXhFFbdGmpx3FEwVW8bY.npy
7O0peccB0cwkyp7WyfhO,family,78,val,7O0peccB0cwkyp7WyfhO.npy
9uaZ45TIkZEWNqSI5JvJ,man,23,train,9uaZ45TIkZEWNqSI5JvJ.npy
OZzKoNMPhu5kvoUgoNzH,where,17,train,OZzKoNMPhu5kvoUgoNzH.npy
oxX7Emc4cpfIRdhihPbi,hands,61,test,oxX7Emc4cpfIRdhihPbi.npy
8anz3iWXWBKIf0PYJwid,hot,84,train,8anz3iWXWBKIf0PYJwid.npy
yStxIY29tTOBqYQKzKbA,hot,17,train,yStxIY29tTOBqYQKzKbA.npy
fk9t2QaklaMXV8nI1Iui,finish,38,train,fk9t2QaklaMXV8nI1Iui.npy
edFIxf9hxxfpv2yznext,water,35,train,edFIxf9hxxfpv2yznext.npy
ggoUVDj48WuOlDL0ZwX0,sick,85,train,ggoUVDj48WuOlDL0ZwX0.npy
DYGRMvJPREWPzA9XcA8s,pain,85,train,DYGRMvJPREWPzA9XcA8s.npy
2XKi9AySTxtDlNmMsaOG,water,43,val,2XKi9AySTxtDlNmMsaOG.npy
DXmtC9Nem0Ts9PrLMcuI,needle,42,val,DXmtC9Nem0Ts9PrLMcuI.npy
rVFhHxk86Y1MZyLe4fO4,sick,48,test,rVFhHxk86Y1MZyLe4fO4.npy
mwkOjhXG0TzjbAIVen7G,water,7,train,mwkOjhXG0TzjbAIVen7G.npy
ye5lN6ifrNfTfw57Zv0F,where,17,val,ye5lN6ifrNfTfw57Zv0F.npy
6UsDGBUT5MOz7tcTYfJf,sick,59,val,6UsDGBUT5MOz7tcTYfJf.npy
0CXzs1I5WAbFYX9zoEDm,baby,46,train,0CXzs1I5WAbFYX9zoEDm.npy
aZWiC1op0cUtI9Txlnbe,help,88,val,aZWiC1op0cUtI9Txlnbe.npy
iOAWnb63ZwBPmGcJQH2h,sleep,39,train,iOAWnb63ZwBPmGcJQH2h.npy
hG3NlC2cYhPXjHgsYKYX,bad,35,val,hG3NlC2cYhPXjHgsYKYX.npy
qRE4BHcgrVxeMeE9Wz6B,bed,57,test,qRE4BHcgrVxeMeE9Wz6B.npy
1r0tCmOSUZ6biK3r1JtS,water,46,train,1r0tCmOSUZ6biK3r1JtS.npy
L0HJRK74Q0pCYDPrBW5k,wait,11,train,L0HJRK74Q0pCYDPrBW5k.npy
fi9y4gf2id1L8X3PexWA,bone,11,train,fi9y4gf2id1L8X3PexWA.npy
J7IyaFI2doYbhMaH8hrN,thank_you,85,val,J7IyaFI2doYbhMaH8hrN.npy
PVWesBrizgvW4rfX43qP,help,46,train,PVWesBrizgvW4rfX43qP.npy
eqUdZA0J9nclDanH7F5G,come,39,val,eqUdZA0J9nclDanH7F5G.npy
UgXKbLf2dXo5t3aVQXwV,muscle,84,train,UgXKbLf2dXo5t3aVQXwV.npy
OGolof2TZlOvdfQMJwB2,face,7,train,OGolof2TZlOvdfQMJwB2.npy
kQTn1yBcyWUF0n6Tb7ex,feet,54,train,kQTn1yBcyWUF0n6Tb7ex.npy
rQCielufkuXMv0PmxLH4,tired,17,val,rQCielufkuXMv0PmxLH4.npy
iIUulXs6fCTIeptjXFoF,yes,57,test,iIUulXs6fCTIeptjXFoF.npy
CHU4KP9i7Gct4V7cjrSW,cold,17,train,CHU4KP9i7Gct4V7cjrSW.npy
tcUL9NWgPfk2MKRNypAy,water,84,train,tcUL9NWgPfk2MKRNypAy.npy
yoX1c7QVBKX7mQUTsxq5,night,57,test,yoX1c7QVBKX7mQUTsxq5.npy
VMiP6AWPY2GiYQ5qk1cC,eat,42,train,VMiP6AWPY2GiYQ5qk1cC.npy
7DIxjcv5NKbYl8nbZ3u9,not,46,val,7DIxjcv5NKbYl8nbZ3u9.npy
jhseyFNp4c2dKMRXXJFY,better,57,test,jhseyFNp4c2dKMRXXJFY.npy
wY6oWwvOaFyHJCPi8mAq,big,11,val,wY6oWwvOaFyHJCPi8mAq.npy
gHTbF01QaUK1gHD2ihI1,understand,35,train,gHTbF01QaUK1gHD2ihI1.npy
PIHIge1xRnCcGbdrBPhj,stop,46,val,PIHIge1xRnCcGbdrBPhj.npy
alNLPGlei08qSgci9JL1,strong,84,train,alNLPGlei08qSgci9JL1.npy
3Lea2fPMW105M0NMiLsI,long,7,train,3Lea2fPMW105M0NMiLsI.npy
LYjpNXtsyqulPxnAQJ8U,cold,49,train,LYjpNXtsyqulPxnAQJ8U.npy
crCQIZdOcZjJhCwOA1iw,pain,57,test,crCQIZdOcZjJhCwOA1iw.npy
3fwadaEgOnpWEE0sfKqM,pill,49,train,3fwadaEgOnpWEE0sfKqM.npy
Mn8yT7RXEVXeS4b0cAgG,baby,7,train,Mn8yT7RXEVXeS4b0cAgG.npy
YKJF4WTaWK46hGMCf9IY,sorry,62,train,YKJF4WTaWK46hGMCf9IY.npy
alrbnKT0NeQbUcErHpxz,family,35,train,alrbnKT0NeQbUcErHpxz.npy
iqJYFFIOPcmhJWAQTN3j,want,80,train,iqJYFFIOPcmhJWAQTN3j.npy
fg5VaQ4Tq8I1gmDUlk73,interpreter,14,train,fg5VaQ4Tq8I1gmDUlk73.npy
n0D2YI40tFrW4FCEMBoJ,sick,62,train,n0D2YI40tFrW4FCEMBoJ.npy
ETACmyZKBsn8Fc1Gnt22,shoulder,30,train,ETACmyZKBsn8Fc1Gnt22.npy
vZ7M1HnRllzXcCloClPa,sick,36,test,vZ7M1HnRllzXcCloClPa.npy
9m5cVpeWspvHIzBjmKaJ,long,38,val,9m5cVpeWspvHIzBjmKaJ.npy
ThGUFN1BvG6zy9BlXir0,night,39,train,ThGUFN1BvG6zy9BlXir0.npy
ZCBaM6TOcf7onbeEXlgP,worse,84,train,ZCBaM6TOcf7onbeEXlgP.npy
Jy6FRtgRZgWXB6zn04tm,tired,30,train,Jy6FRtgRZgWXB6zn04tm.npy
8Gf9dh1WvDTnG7ZPgyoy,hurt,39,train,8Gf9dh1WvDTnG7ZPgyoy.npy
sfkhRL5xKdJNMdu8at0k,bad,63,train,sfkhRL5xKdJNMdu8at0k.npy
CjvOPkYr8gNznkvVrbIS,show,15,train,CjvOPkYr8gNznkvVrbIS.npy
FBYttMM3RicC9MY92tDf,breathe,59,val,FBYttMM3RicC9MY92tDf.npy
rKXq1YOqucJE3GpoVtln,water,35,val,rKXq1YOqucJE3GpoVtln.npy
3qRnGJGixho2ZriMx0p8,lungs,84,val,3qRnGJGixho2ZriMx0p8.npy
YfHC8YI6esfdcuVYATNj,again,48,test,YfHC8YI6esfdcuVYATNj.npy
183Epfpkf2vB39QV78vu,sick,46,train,183Epfpkf2vB39QV78vu.npy
s55Kwz1SVTJwn3voyFsq,water,17,train,s55Kwz1SVTJwn3voyFsq.npy
hwmSW9uhcBpzMVUintAd,pain,17,val,hwmSW9uhcBpzMVUintAd.npy
72b9dWMIPXpEiPRHDiRk,mother,30,train,72b9dWMIPXpEiPRHDiRk.npy
zi7DLLRRi1P1hSIKTapu,take,38,train,zi7DLLRRi1P1hSIKTapu.npy
oZXrGRAf8I7aTIpQrODj,start,49,train,oZXrGRAf8I7aTIpQrODj.npy
dYpH6bFbthg5RMVRlGfE,feel,39,train,dYpH6bFbthg5RMVRlGfE.npy
jzbaKhF3pKwjN1TfDFKl,better,46,val,jzbaKhF3pKwjN1TfDFKl.npy
R9Tivjo5R8vy8WsAyE7f,why,88,val,R9Tivjo5R8vy8WsAyE7f.npy
2x7CzMkSlPwtShj15Qq3,walk,7,val,2x7CzMkSlPwtShj15Qq3.npy
uSdEAlEC3yelNqcT1tI9,give,46,val,uSdEAlEC3yelNqcT1tI9.npy
uB1BJRAt2P6txRfiVjus,hurt,30,train,uB1BJRAt2P6txRfiVjus.npy
qOQGhvyYxE14hFOKxkT0,today,11,train,qOQGhvyYxE14hFOKxkT0.npy
Tg3xGyUJuVaAkgDfWJKv,sick,57,test,Tg3xGyUJuVaAkgDfWJKv.npy
QhAdfdDHzvN3xEpiHBa3,day,35,val,QhAdfdDHzvN3xEpiHBa3.npy
iZSyGzQs2sag180RAkfK,why,7,train,iZSyGzQs2sag180RAkfK.npy
3XUJtI4lTkAF82Egp3oZ,where,49,train,3XUJtI4lTkAF82Egp3oZ.npy
b50g5ZogBkvk9IcNNunI,no,80,train,b50g5ZogBkvk9IcNNunI.npy
cRq6r4bRmJdXcoGBJabo,all,7,train,cRq6r4bRmJdXcoGBJabo.npy
2iOS38FAARIAVpcmF0KT,pill,48,test,2iOS38FAARIAVpcmF0KT.npy
mfylaElGo9CnYUQ8LP1S,maybe,49,val,mfylaElGo9CnYUQ8LP1S.npy
cUwgTVWenAFGOoFnP6HM,help,31,train,cUwgTVWenAFGOoFnP6HM.npy
4RgfpSDAEru3MAopOf4B,again,85,train,4RgfpSDAEru3MAopOf4B.npy
2Muy7ZuHQ1vTG2FRL9x5,better,49,train,2Muy7ZuHQ1vTG2FRL9x5.npy
hzDA4NHoeZGVO4Bf0muO,family,63,train,hzDA4NHoeZGVO4Bf0muO.npy
tQtAmKATMELSP515vlxX,night,59,train,tQtAmKATMELSP515vlxX.npy
HUuv03HzwmR4eVT50QKC,doctor,7,val,HUuv03HzwmR4eVT50QKC.npy
oLe6TnT8g717E9lo9jnp,night,7,train,oLe6TnT8g717E9lo9jnp.npy
35tFxY7mlu0WFRXCiLHy,want,7,train,35tFxY7mlu0WFRXCiLHy.npy
zauARHPmpauXGaBPg6T7,show,62,val,zauARHPmpauXGaBPg6T7.npy
25mkLj8P0qLdT8OCkumn,finish,39,train,25mkLj8P0qLdT8OCkumn.npy
W0wBtWiKo0nfmoYehelZ,need,50,test,W0wBtWiKo0nfmoYehelZ.npy
JRt4fmWowJg7gkaJjGQn,finish,53,test,JRt4fmWowJg7gkaJjGQn.npy
EajobYUc3CefYBYbLpQD,maybe,57,test,EajobYUc3CefYBYbLpQD.npy
jZ1kVPzUpqT2mpgiq8Yr,bed,39,val,jZ1kVPzUpqT2mpgiq8Yr.npy
u1QvEEKp4r277KBZvpst,hands,61,test,u1QvEEKp4r277KBZvpst.npy
oDLIbI2EowYQYh1G4l4U,today,39,train,oDLIbI2EowYQYh1G4l4U.npy
zmTQN52Pwn8i2dSnFidU,finish,39,train,zmTQN52Pwn8i2dSnFidU.npy
QRmvWWKoCrUcsRHWVhwW,water,85,train,QRmvWWKoCrUcsRHWVhwW.npy
4uimGexIrzan2gZYrd4Q,teeth,60,train,4uimGexIrzan2gZYrd4Q.npy
nYT4AHME9Lh2o68vQKfs,doctor,84,train,nYT4AHME9Lh2o68vQKfs.npy
cbW0dJRSbrHNfwG0Jin1,sick,57,test,cbW0dJRSbrHNfwG0Jin1.npy
77ot61qDlgHP6YBnJEQB,head,84,train,77ot61qDlgHP6YBnJEQB.npy
sb4mApW3hSb9sTyIbzQk,water,48,test,sb4mApW3hSb9sTyIbzQk.npy
fxmweFJkvUpFd8AIvUos,head,7,train,fxmweFJkvUpFd8AIvUos.npy
LxZRiz6P5lmxn4vK2W60,sleep,84,val,LxZRiz6P5lmxn4vK2W60.npy
TevNgRch4vpCKUwPDqAX,drink,7,val,TevNgRch4vpCKUwPDqAX.npy
ITp2mXPgIfksFxvjB3Sv,drink,88,train,ITp2mXPgIfksFxvjB3Sv.npy
cD9vAV7SMQa5FzeCytaJ,tell,31,train,cD9vAV7SMQa5FzeCytaJ.npy
xp70TgaUIAyHUkBkNzth,bed,46,train,xp70TgaUIAyHUkBkNzth.npy
CQoxGebx7VVnhw7QHGOm,face,48,test,CQoxGebx7VVnhw7QHGOm.npy
sY4FoOqv8EjD2SYD2Rrd,sleep,57,test,sY4FoOqv8EjD2SYD2Rrd.npy
VcahW3Y3NJCPbev3Lqf3,nurse,23,val,VcahW3Y3NJCPbev3Lqf3.npy
WR2F0FKIweyvzkJOPGPg,cold,54,train,WR2F0FKIweyvzkJOPGPg.npy
sipmWgdfCjGubNQgEooM,head,63,train,sipmWgdfCjGubNQgEooM.npy
pe6oOcbCNOcbRV58tTU9,hot,39,train,pe6oOcbCNOcbRV58tTU9.npy
U9QAomAF7FcTVsp1Ud8a,big,57,test,U9QAomAF7FcTVsp1Ud8a.npy
zFFKmmPRlFfMzBom5WIM,now,62,val,zFFKmmPRlFfMzBom5WIM.npy
bxD7TjeLYIeXrkb7uAEh,how,54,train,bxD7TjeLYIeXrkb7uAEh.npy
kxPTqyw3C0F1sUtGqWkB,teeth,49,train,kxPTqyw3C0F1sUtGqWkB.npy
ZSi6kgtHeZiLkjuUVVzI,all,84,train,ZSi6kgtHeZiLkjuUVVzI.npy
Kip9EymQibBTUPDSQCsf,baby,63,val,Kip9EymQibBTUPDSQCsf.npy
xedjBRdQKHk6vDXGBvhS,drink,88,train,xedjBRdQKHk6vDXGBvhS.npy
TKiDFjCdXO7HMeJNtvgQ,sick,17,val,TKiDFjCdXO7HMeJNtvgQ.npy
Sclxanqd4Y9ArToJJs0Z,not,78,train,Sclxanqd4Y9ArToJJs0Z.npy
8WZZ9JiYSkCeESBXHJrF,light,48,test,8WZZ9JiYSkCeESBXHJrF.npy
pmILEzO62eE4Cu2jpPhK,woman,47,test,pmILEzO62eE4Cu2jpPhK.npy
W3x8USGXl2emcUm48Wnc,walk,39,train,W3x8USGXl2emcUm48Wnc.npy
sxMeHR0f9rKLai0YGeQe,bad,48,test,sxMeHR0f9rKLai0YGeQe.npy
D1smJwagKAovK2iYxrPb,doctor,61,test,D1smJwagKAovK2iYxrPb.npy
HPQoS49YtMM3VaUZafX3,move,84,train,HPQoS49YtMM3VaUZafX3.npy
edrdxs8iWRPTs1PhsLlc,week,62,train,edrdxs8iWRPTs1PhsLlc.npy
OBgwgLxnSQOLPJqpRods,choke,43,train,OBgwgLxnSQOLPJqpRods.npy
w4QppbgH21KTvznN881v,wait,39,train,w4QppbgH21KTvznN881v.npy
vLW5vRNAR3Mes34FvhvT,test,54,train,vLW5vRNAR3Mes34FvhvT.npy
EvQcsqBloZ29PzFB4WKc,who,17,train,EvQcsqBloZ29PzFB4WKc.npy
xjyKgZkWINbZVQkKIAZ0,wait,11,val,xjyKgZkWINbZVQkKIAZ0.npy
bfGXuJsqHSckmoeFpDVG,teeth,88,val,bfGXuJsqHSckmoeFpDVG.npy
2CDyRjenISE95dVLXjHI,water,84,train,2CDyRjenISE95dVLXjHI.npy
KeUfw9nY8UpQdP74eeRe,eat,48,test,KeUfw9nY8UpQdP74eeRe.npy
f3LNjEsswjnJVKCAvuJV,hurt,57,test,f3LNjEsswjnJVKCAvuJV.npy
WRpB51e5SxdefPXGX9S0,long,17,train,WRpB51e5SxdefPXGX9S0.npy
USgIMl5eaJkLxwR6tJcc,man,50,test,USgIMl5eaJkLxwR6tJcc.npy
BhfN5MI5XZrH7zwlEVM9,sleep,11,train,BhfN5MI5XZrH7zwlEVM9.npy
jHil6AXPfnOT5zmk2iQW,family,57,test,jHil6AXPfnOT5zmk2iQW.npy
xhF3RnJo4SL0rQDxpKOw,drink,23,train,xhF3RnJo4SL0rQDxpKOw.npy
XkF3m92QXlFbuK6o89GJ,month,30,train,XkF3m92QXlFbuK6o89GJ.npy
mnO3gOIQxnQt1KNU0gNL,woman,59,train,mnO3gOIQxnQt1KNU0gNL.npy
lyLKs83NAaMyNkQsSK1f,walk,53,test,lyLKs83NAaMyNkQsSK1f.npy
GyWS1erL2jd1F1YqZnNS,tell,85,train,GyWS1erL2jd1F1YqZnNS.npy
rEQlem9Ac7TtkNM0jvTM,water,39,val,rEQlem9Ac7TtkNM0jvTM.npy
TnzLSqltvDtYAgvUxOHl,sleep,15,train,TnzLSqltvDtYAgvUxOHl.npy
B3qOyIr1Cxt5bg1SkPmP,ear,49,train,B3qOyIr1Cxt5bg1SkPmP.npy
1MrfpaQnWcGE1GJLvGwW,give,84,train,1MrfpaQnWcGE1GJLvGwW.npy
FzwMVba4xMgFiaHXzgXD,man,50,test,FzwMVba4xMgFiaHXzgXD.npy
CU5rpJgXaTKMhJNUyAFR,blood,17,train,CU5rpJgXaTKMhJNUyAFR.npy
XlkKc6GujmAfVbsqTB7s,maybe,36,test,XlkKc6GujmAfVbsqTB7s.npy
i3k9M0OfX2d2WsvFPObM,lungs,39,train,i3k9M0OfX2d2WsvFPObM.npy
mR35NXWtF9mzf5Uh2AZ9,where,17,train,mR35NXWtF9mzf5Uh2AZ9.npy
PqOpdGYXRzxQNrJTGwHw,long,57,test,PqOpdGYXRzxQNrJTGwHw.npy
sbha8DO7S8hRrj9CulM9,head,7,val,sbha8DO7S8hRrj9CulM9.npy
ltlKlWIi4OKPMlwgkycH,family,63,train,ltlKlWIi4OKPMlwgkycH.npy
aG6W5cyHMp1M4yRt5INq,want,14,val,aG6W5cyHMp1M4yRt5INq.npy
4DJgmhNTtxIUGy2funU5,face,7,val,4DJgmhNTtxIUGy2funU5.npy
m9zkMAxRCxSrlGcNwCZn,water,62,train,m9zkMAxRCxSrlGcNwCZn.npy
eV8Pxh2yXCcHjMHt7SYV,finish,85,val,eV8Pxh2yXCcHjMHt7SYV.npy
HFGv8RIPoS9hsl0G1QU8,water,46,train,HFGv8RIPoS9hsl0G1QU8.npy
WYZ73x4uaZwh9IZR173h,nurse,57,test,WYZ73x4uaZwh9IZR173h.npy
GTUlpunUKBQ75jFG7ymR,move,85,train,GTUlpunUKBQ75jFG7ymR.npy
8aOUGrIAg0KDS9EZSS3O,more,7,train,8aOUGrIAg0KDS9EZSS3O.npy
SmUYhy5PoxpcIUiloawo,test,42,train,SmUYhy5PoxpcIUiloawo.npy
sf8xKRZegMk1t4jgQchQ,understand,46,train,sf8xKRZegMk1t4jgQchQ.npy
zwnt7rPh0tyzvylgjNSy,thank_you,57,test,zwnt7rPh0tyzvylgjNSy.npy
xjyOEqR9obP8Al3wWpTd,leg,63,train,xjyOEqR9obP8Al3wWpTd.npy
JkMxZMwQelvAKxasA4vb,dizzy,84,val,JkMxZMwQelvAKxasA4vb.npy
OStbKD9sUcrMgKERtuBS,understand,7,val,OStbKD9sUcrMgKERtuBS.npy
mgRMOuWautJqK9dzW22i,water,7,train,mgRMOuWautJqK9dzW22i.npy
5ZrHx5t27ddLHWjUEXIA,drink,35,val,5ZrHx5t27ddLHWjUEXIA.npy
T7hUYJokdLj1AsuzgJXO,man,23,train,T7hUYJokdLj1AsuzgJXO.npy
ldjVP7HVZfYkuUc4mYuB,go,46,val,ldjVP7HVZfYkuUc4mYuB.npy
MOuvBVIbndro8tLpTT3t,teeth,84,train,MOuvBVIbndro8tLpTT3t.npy
w151iORMDeGRJItn8xtt,much,61,test,w151iORMDeGRJItn8xtt.npy
XS8tKpBFoFleUQr0vwZk,wait,39,train,XS8tKpBFoFleUQr0vwZk.npy
bo5aycSowrKh3nazC4ja,yesterday,7,train,bo5aycSowrKh3nazC4ja.npy
noNdSBcwYi3WMswJzQUH,strong,48,test,noNdSBcwYi3WMswJzQUH.npy
dc0iJTzGgwcfC9AKi68W,baby,46,train,dc0iJTzGgwcfC9AKi68W.npy
W0itKDounwdiDGtT9h02,weak,85,val,W0itKDounwdiDGtT9h02.npy
8dVuyhudTjbkinNS4QLg,sit,39,train,8dVuyhudTjbkinNS4QLg.npy
qaipLgNoeuRowKAz10gr,baby,49,train,qaipLgNoeuRowKAz10gr.npy
48eniePKCHWyGZrWyalI,some,57,test,48eniePKCHWyGZrWyalI.npy
oMwIelArZezZsyZeXKc2,which,17,train,oMwIelArZezZsyZeXKc2.npy
Pu6kF21wrg1xc1rg90DB,hurt,49,train,Pu6kF21wrg1xc1rg90DB.npy
rGyiZA2d7IVqStf1OTnG,drink,84,train,rGyiZA2d7IVqStf1OTnG.npy
ZDTh5Ru4eQXWFJD7Cwlv,tomorrow,11,train,ZDTh5Ru4eQXWFJD7Cwlv.npy
NUSj3OYAKm0AgEFHT2fx,take,84,train,NUSj3OYAKm0AgEFHT2fx.npy
RHWNlOnxQDD8OIX4896i,long,12,train,RHWNlOnxQDD8OIX4896i.npy
uX3lpLwVAKYcNoh0QESt,no,57,test,uX3lpLwVAKYcNoh0QESt.npy
ZrfQTIUhXD0WM1yGm6NH,woman,62,val,ZrfQTIUhXD0WM1yGm6NH.npy
N8jrkxpWDO5PJKzA6kSL,long,61,test,N8jrkxpWDO5PJKzA6kSL.npy
5aYQtXavsuUUd0dVk3qC,vomit,60,train,5aYQtXavsuUUd0dVk3qC.npy
Px7neJGUd28OYuXcYjiF,want,59,train,Px7neJGUd28OYuXcYjiF.npy
ndxo66pRo9qsLRLaPME8,vomit,57,test,ndxo66pRo9qsLRLaPME8.npy
bXTBoSqBpS0jlwufHF3f,go,49,train,bXTBoSqBpS0jlwufHF3f.npy
ddaD4q6QYRcfKrut9Q9X,finish,31,train,ddaD4q6QYRcfKrut9Q9X.npy
JqXRzW9faYu9NfWj6cyd,test,35,val,JqXRzW9faYu9NfWj6cyd.npy
xHJTjyEFwC3EnzzjWBfq,go,7,train,xHJTjyEFwC3EnzzjWBfq.npy
fRTOq5Y0OwTCCShR1z0h,doctor,78,val,fRTOq5Y0OwTCCShR1z0h.npy
I8qIAFopLEsU1xaj3MTa,big,39,train,I8qIAFopLEsU1xaj3MTa.npy
tpQPKCTDtyeJoGPZJBEO,help,39,train,tpQPKCTDtyeJoGPZJBEO.npy
2ZVDgyXih4LBEQf8jrYP,blood,59,val,2ZVDgyXih4LBEQf8jrYP.npy
2GMk6BF6vglSUBMzLsmi,water,14,val,2GMk6BF6vglSUBMzLsmi.npy
XDlQXmF8aolkhk5C55Gu,ask,62,val,XDlQXmF8aolkhk5C55Gu.npy
R0qeCe7bILXCvzynP9kj,cold,76,val,R0qeCe7bILXCvzynP9kj.npy
ND4rWfnXOr9X4yjjByrI,sit,49,train,ND4rWfnXOr9X4yjjByrI.npy
EP2xy81TP9kwHgx08Le6,hurt,63,val,EP2xy81TP9kwHgx08Le6.npy
zF3D2M9oJmG46yDcLqgO,sick,49,train,zF3D2M9oJmG46yDcLqgO.npy
RfJq6ClDnZy8ZuAz4Xlq,look,42,train,RfJq6ClDnZy8ZuAz4Xlq.npy
xup3NBhADQ9CSnTqtPv6,always,35,train,xup3NBhADQ9CSnTqtPv6.npy
1KYJTnGLhecTiRMQYzJS,want,57,test,1KYJTnGLhecTiRMQYzJS.npy
NPg3gVbPhV3pPbeWV9T0,water,7,train,NPg3gVbPhV3pPbeWV9T0.npy
Vl5fuArWuXBNcKv2WMB9,sleep,84,train,Vl5fuArWuXBNcKv2WMB9.npy
Cml9ZTP2cDO8xYrWMTiS,go,49,train,Cml9ZTP2cDO8xYrWMTiS.npy
OERCpQKL4WFiXV40CInt,drink,62,train,OERCpQKL4WFiXV40CInt.npy
EdCXTeWOaT7R44MMNTIP,not,17,train,EdCXTeWOaT7R44MMNTIP.npy
Ro5Q1MIypzvNk74mC6Xr,water,48,test,Ro5Q1MIypzvNk74mC6Xr.npy
WvniUmLrYXPq0m0m3Fcn,water,63,train,WvniUmLrYXPq0m0m3Fcn.npy
Z7rKIIEwWLgLdzRZgVkT,thank_you,62,train,Z7rKIIEwWLgLdzRZgVkT.npy
GulStvXwfTfvIMvsiimm,test,49,train,GulStvXwfTfvIMvsiimm.npy
jXDOT4AJB2U63fKJkARb,show,42,train,jXDOT4AJB2U63fKJkARb.npy
YW7oSxlJPYPxqx0c1szA,drink,57,test,YW7oSxlJPYPxqx0c1szA.npy
F45Mp0rtOFsVBCMn4T53,strong,7,val,F45Mp0rtOFsVBCMn4T53.npy
peLgpnq6IeHiJnHW5ulP,bad,46,train,peLgpnq6IeHiJnHW5ulP.npy
S8xXrhlcdEfyuhhL2F9z,tired,63,train,S8xXrhlcdEfyuhhL2F9z.npy
jUqNvmHvexLLfUYZ1qOL,understand,17,train,jUqNvmHvexLLfUYZ1qOL.npy
fIjGGrZA2YssCfMq5f9g,doctor,39,train,fIjGGrZA2YssCfMq5f9g.npy
e59e91dduI43A345sPD2,finish,11,train,e59e91dduI43A345sPD2.npy
ZzG7vWLy5zFJ9nTbFrPT,big,52,train,ZzG7vWLy5zFJ9nTbFrPT.npy
hXc3qr2XfsSAgEsOLdRl,hurt,23,train,hXc3qr2XfsSAgEsOLdRl.npy
lWysnnmhi5bKXTGGso5Q,blood,46,train,lWysnnmhi5bKXTGGso5Q.npy
vLISGkZwh5nnTz2Yw3ay,wait,11,train,vLISGkZwh5nnTz2Yw3ay.npy
FBVcQ4O3Ww8o7XPT8Mx6,hot,31,train,FBVcQ4O3Ww8o7XPT8Mx6.npy
fxfPHA1IYtYJwvwmNa5w,day,39,train,fxfPHA1IYtYJwvwmNa5w.npy
GTgLezDuWK72ZxAdQTu8,cold,17,train,GTgLezDuWK72ZxAdQTu8.npy
iM9OFO5mKi1TlS69dony,medicine,17,val,iM9OFO5mKi1TlS69dony.npy
0ikzIaKSEwHrPbPEUdvP,strong,88,train,0ikzIaKSEwHrPbPEUdvP.npy
PWaIH61UogDrpe7uXghQ,ask,57,test,PWaIH61UogDrpe7uXghQ.npy
KJpNnUbSwEPoFlup2xD1,hurt,52,train,KJpNnUbSwEPoFlup2xD1.npy
GNDiQFUrtReTrfzHAHqe,big,50,test,GNDiQFUrtReTrfzHAHqe.npy
6OVrhvKvesuEMukMfHmI,go,49,train,6OVrhvKvesuEMukMfHmI.npy
KlM6h98rgv2EanYh6vPx,open,31,val,KlM6h98rgv2EanYh6vPx.npy
BkIgJvJqlCYG0QWljYwE,cough,49,train,BkIgJvJqlCYG0QWljYwE.npy
ijyjQn9OczjAvmgEgwgd,drink,80,train,ijyjQn9OczjAvmgEgwgd.npy
4urJd4ax9q9B92Iilsbe,hospital,48,test,4urJd4ax9q9B92Iilsbe.npy
fIIwa53wlMCNnGpb1f75,father,49,train,fIIwa53wlMCNnGpb1f75.npy
sHEhXebNrZ5JtI3OBBrB,hands,80,train,sHEhXebNrZ5JtI3OBBrB.npy
bznfMf6ci0QGewRnNfga,stop,88,train,bznfMf6ci0QGewRnNfga.npy
jDoU6glpxznVJrKvxg0r,help,17,val,jDoU6glpxznVJrKvxg0r.npy
NhrHVcXQ01grM8aXN9uL,hot,38,train,NhrHVcXQ01grM8aXN9uL.npy
6QJ1TdmEaNmESNaVWfmj,bed,50,test,6QJ1TdmEaNmESNaVWfmj.npy
o1XYHzq5PImvHVKVf1Ez,hurt,88,train,o1XYHzq5PImvHVKVf1Ez.npy
NkZ0Vo7SKzwYnn5JUcQV,all,39,train,NkZ0Vo7SKzwYnn5JUcQV.npy
3Yp6CfttD61R7IxvDIxE,blood,31,train,3Yp6CfttD61R7IxvDIxE.npy
ndazwcTJbjFVTbu1dlep,sleep,84,val,ndazwcTJbjFVTbu1dlep.npy
rxf3cyEuTY0PaolmHfiT,choke,17,train,rxf3cyEuTY0PaolmHfiT.npy
ydUx3cRvNsNw2p6IDft1,no,57,test,ydUx3cRvNsNw2p6IDft1.npy
4EDnhmlPD74IR2dXizQv,ask,39,train,4EDnhmlPD74IR2dXizQv.npy
JKzaKH3ePWzqc4mjnMGy,bed,88,train,JKzaKH3ePWzqc4mjnMGy.npy
oR3WecVTlw7E1zCcsrb8,open,39,train,oR3WecVTlw7E1zCcsrb8.npy
mJucHiC9RvP6Tg9QjIfo,medicine,49,train,mJucHiC9RvP6Tg9QjIfo.npy
4h71YulOownW2fXl9vmZ,woman,48,test,4h71YulOownW2fXl9vmZ.npy
CDjOOUUlsAHIPrsDR9RP,hurt,49,val,CDjOOUUlsAHIPrsDR9RP.npy
4VWOlBLxc8USFjXVmcmO,help,46,train,4VWOlBLxc8USFjXVmcmO.npy
EyvYGBU7K61uE7M1h4GZ,wait,57,test,EyvYGBU7K61uE7M1h4GZ.npy
NcDW2T6VJaoq5B5NxAGG,where,57,test,NcDW2T6VJaoq5B5NxAGG.npy
ooxpWsNkoWxfgSFwTDCN,night,30,val,ooxpWsNkoWxfgSFwTDCN.npy
EslbqPk5qq436dNSmVvA,night,50,test,EslbqPk5qq436dNSmVvA.npy
2JjFlEOLFN1WyOUu8LA5,give,88,train,2JjFlEOLFN1WyOUu8LA5.npy
OuzIQmqX9ZKrer3ICSqZ,what,53,test,OuzIQmqX9ZKrer3ICSqZ.npy
TYbNJwgbTugNLeOC9PST,teeth,84,train,TYbNJwgbTugNLeOC9PST.npy
fpshlFkKFIIuFl2MQkgX,sometimes,31,train,fpshlFkKFIIuFl2MQkgX.npy
PwCjETi4VypLk6Sz9q3K,nurse,80,train,PwCjETi4VypLk6Sz9q3K.npy
P77HUbLQqpbxb30s1qUH,breathe,49,train,P77HUbLQqpbxb30s1qUH.npy
X1nDXcXPyV1zcMLtMtuv,start,49,train,X1nDXcXPyV1zcMLtMtuv.npy
w4XRF0o8wMU204NEIq7S,finish,88,train,w4XRF0o8wMU204NEIq7S.npy
2nhDHU8xmpuWe8jde90Z,wait,54,train,2nhDHU8xmpuWe8jde90Z.npy
OBgXrzkWU8hLcrJTdtJQ,hot,49,train,OBgXrzkWU8hLcrJTdtJQ.npy
GBcb3pVuvxKYFQDFDGa4,big,57,test,GBcb3pVuvxKYFQDFDGa4.npy
PcdQljI8QgBI0AIDxQ7m,move,84,val,PcdQljI8QgBI0AIDxQ7m.npy
t3CmKRTlvRv093BB4ZOz,baby,60,train,t3CmKRTlvRv093BB4ZOz.npy
iZmbjXGfMOdla5J1XBg0,bad,12,train,iZmbjXGfMOdla5J1XBg0.npy
zYCWLeCGZwuPvf1EqhHf,finish,84,train,zYCWLeCGZwuPvf1EqhHf.npy
cNBt8ccBADeIrTrV68dN,walk,49,train,cNBt8ccBADeIrTrV68dN.npy
InJHaTRCEG89M08GSErB,cold,8,train,InJHaTRCEG89M08GSErB.npy
vfRN61XjbHHXnNNi4JuX,feel,84,train,vfRN61XjbHHXnNNi4JuX.npy
XvGAdv5nvhheyIRGWhAq,tired,85,train,XvGAdv5nvhheyIRGWhAq.npy
mJ7Gkd8AyMhsnTZV9s1R,maybe,49,train,mJ7Gkd8AyMhsnTZV9s1R.npy
iTI5pKxWTrasKDzNYXJS,help,17,train,iTI5pKxWTrasKDzNYXJS.npy
NVcNSMqxnb67EMCybWJD,finish,88,val,NVcNSMqxnb67EMCybWJD.npy
DFc8h3GaeDDxzHisbreG,sit,49,train,DFc8h3GaeDDxzHisbreG.npy
cDcsUUH1vviOIClnJRZO,who,17,train,cDcsUUH1vviOIClnJRZO.npy
LnQgiHX3U6AZwNUtZOjt,man,7,val,LnQgiHX3U6AZwNUtZOjt.npy
hBDDPADRupQ8WohaqsiO,medicine,60,train,hBDDPADRupQ8WohaqsiO.npy
gZUHcYPjfUPYMGHbXeGm,sit,49,val,gZUHcYPjfUPYMGHbXeGm.npy
4JKqWNa7nsWjEveYGLZt,muscle,7,train,4JKqWNa7nsWjEveYGLZt.npy
uprh8HGmtNmi2VwTF4uZ,big,36,test,uprh8HGmtNmi2VwTF4uZ.npy
ewwE5pAbjaQS5C6mIKkn,bad,7,val,ewwE5pAbjaQS5C6mIKkn.npy
hxYls0a5yWZrSJmN6vcj,feel,42,train,hxYls0a5yWZrSJmN6vcj.npy
WR6Vk8fc9RD8qo0ObLaU,hurt,84,train,WR6Vk8fc9RD8qo0ObLaU.npy
GgJWRQpB0yCDyoDUJnLS,wait,57,test,GgJWRQpB0yCDyoDUJnLS.npy
ArEr6QSWmIRRIA8MdP88,family,57,test,ArEr6QSWmIRRIA8MdP88.npy
JER3S1IlrC7Dxw0lPIco,long,39,train,JER3S1IlrC7Dxw0lPIco.npy
BMRW6a9ve9xrkvXduLVw,family,59,val,BMRW6a9ve9xrkvXduLVw.npy
5ILOiM148q5ujwvgyFWc,walk,63,train,5ILOiM148q5ujwvgyFWc.npy
Oa755P9DErEinIZOgIVJ,where,17,train,Oa755P9DErEinIZOgIVJ.npy
zLTiyRFtvyJo0SAybneR,water,61,test,zLTiyRFtvyJo0SAybneR.npy
fYyw2xr5t8cN30vWgYzs,nose,49,train,fYyw2xr5t8cN30vWgYzs.npy
M1Mhxayt8Mg6ARrkmQjs,hot,64,test,M1Mhxayt8Mg6ARrkmQjs.npy
Vo2Xgzjt3a9mW4DfIjci,sit,49,train,Vo2Xgzjt3a9mW4DfIjci.npy
LNLiXpkNuoM0e6Y8QV0n,sick,49,train,LNLiXpkNuoM0e6Y8QV0n.npy
nfNCJjayrYCgsaW1kTns,open,88,train,nfNCJjayrYCgsaW1kTns.npy
Zv8mAGhGiOnwRyPEExEe,where,17,val,Zv8mAGhGiOnwRyPEExEe.npy
KvJBbuMN2jGlvPPn4OgV,start,84,train,KvJBbuMN2jGlvPPn4OgV.npy
dxosk2kxseCwephqi1a4,finish,35,train,dxosk2kxseCwephqi1a4.npy
ERAVmmQ0evEC5lA80x6A,take,35,val,ERAVmmQ0evEC5lA80x6A.npy
HrttXDthPox3R6rHXp0r,sleep,7,train,HrttXDthPox3R6rHXp0r.npy
hSrmsNj0RFFdcLX4LqHv,where,62,train,hSrmsNj0RFFdcLX4LqHv.npy
yRLP5XObARtiHM9PvlFq,not,46,train,yRLP5XObARtiHM9PvlFq.npy
3xlZ181EyB8KBDLArtZh,long,35,val,3xlZ181EyB8KBDLArtZh.npy
eXTIApfi7Qo2l8cBX4z7,baby,49,val,eXTIApfi7Qo2l8cBX4z7.npy
7kJvnuTEotYIkGoTjHc7,dizzy,49,val,7kJvnuTEotYIkGoTjHc7.npy
tzLbaPG0MpbZZgn9Cja5,water,39,train,tzLbaPG0MpbZZgn9Cja5.npy
60Qhyp7Kk7ZSTW3zuxtn,family,48,test,60Qhyp7Kk7ZSTW3zuxtn.npy
taBSr7mXMFaqDrUv5hvz,water,84,val,taBSr7mXMFaqDrUv5hvz.npy
jfog63UpRbmxsqJESupL,family,46,train,jfog63UpRbmxsqJESupL.npy
y1dAjB3zZ3WnkmQGPUa9,family,62,train,y1dAjB3zZ3WnkmQGPUa9.npy
OIKMHWLVsI2j7WNco0Bj,mother,49,train,OIKMHWLVsI2j7WNco0Bj.npy
zseDnN2HV03iicD5EfJ2,burn,49,train,zseDnN2HV03iicD5EfJ2.npy
LWpKpC2F5eiTHE7qhGlm,feel,46,val,LWpKpC2F5eiTHE7qhGlm.npy
P8nEhKR2panajbU30wxZ,hot,8,val,P8nEhKR2panajbU30wxZ.npy
JsjQN9N49ArHgeXitt1v,headache,38,train,JsjQN9N49ArHgeXitt1v.npy
6XNKtEJxqbNchTm2Lwnk,no,57,test,6XNKtEJxqbNchTm2Lwnk.npy
HV9uMkV0q7NfZTSed45z,not,80,val,HV9uMkV0q7NfZTSed45z.npy
w5tNdX2Y3SWKDLuDZ8de,water,46,train,w5tNdX2Y3SWKDLuDZ8de.npy
qEbENZ7xImd80X1MfnYL,hurt,61,test,qEbENZ7xImd80X1MfnYL.npy
MMht5pNFGmQWoA6c9OGW,long,61,test,MMht5pNFGmQWoA6c9OGW.npy
4ALDZZYLkZsiJWB2dGUr,sick,39,train,4ALDZZYLkZsiJWB2dGUr.npy
rshLqdt2R6aF4tjVezJX,what,38,train,rshLqdt2R6aF4tjVezJX.npy
ILfwbi7JyXv1MxjqFCYa,breathe,50,test,ILfwbi7JyXv1MxjqFCYa.npy
ag5wCptdTFCfBGOFC2tF,doctor,7,train,ag5wCptdTFCfBGOFC2tF.npy
Kn9azPydw3vXWi1mF097,finish,49,train,Kn9azPydw3vXWi1mF097.npy
b0zn8RFpm7N0X5JU9sgf,water,11,train,b0zn8RFpm7N0X5JU9sgf.npy
wzh3ViCQCgBkUm72FTFW,eat,35,train,wzh3ViCQCgBkUm72FTFW.npy
p3waxoNl9ZC6NtoX3sFk,bed,48,test,p3waxoNl9ZC6NtoX3sFk.npy
TZupKRu2PMjUKUKRGGYM,more,85,train,TZupKRu2PMjUKUKRGGYM.npy
9PEfgJEVqyvJZO1gdOuG,hurt,84,train,9PEfgJEVqyvJZO1gdOuG.npy
ykI0OvdxiRtWHPxpD4S5,family,61,test,ykI0OvdxiRtWHPxpD4S5.npy
PWehVkgOoHW6z2zCsTdJ,walk,36,test,PWehVkgOoHW6z2zCsTdJ.npy
x3zj3x4IIjiA8KndjQky,open,88,val,x3zj3x4IIjiA8KndjQky.npy
XPiHGLW3lp0cjUUVqAH5,water,61,test,XPiHGLW3lp0cjUUVqAH5.npy
Z95u7xI9RTxNpYhkbKoJ,ask,7,train,Z95u7xI9RTxNpYhkbKoJ.npy
t1huhEdQEza0SdLTn3Ol,now,48,test,t1huhEdQEza0SdLTn3Ol.npy
ZrYoaGI0HlB3wq9X2Fs3,father,23,train,ZrYoaGI0HlB3wq9X2Fs3.npy
rtk5Zed1BLFKwqnwWESl,sleep,31,train,rtk5Zed1BLFKwqnwWESl.npy
1ebPEPiHibku3EvUkMQn,baby,52,train,1ebPEPiHibku3EvUkMQn.npy
ieEI0jli7fw1Iarlil3b,where,17,train,ieEI0jli7fw1Iarlil3b.npy
fyQIci2D7CeWvrWma4cG,afternoon,30,train,fyQIci2D7CeWvrWma4cG.npy
yScI2hm3BFTl0r2oJuHh,tired,62,val,yScI2hm3BFTl0r2oJuHh.npy
otrZMBBCBi7ZWi3iQBWD,water,62,train,otrZMBBCBi7ZWi3iQBWD.npy
36dlZzMDDcjKAWO2ONtf,help,52,train,36dlZzMDDcjKAWO2ONtf.npy
87l1Rb7ddCHWAMLAnIit,sorry,88,train,87l1Rb7ddCHWAMLAnIit.npy
g0QvYhw6FwC6v2RPZaA3,sit,84,train,g0QvYhw6FwC6v2RPZaA3.npy
CfSqK15wrE3FOibxgJtV,worse,39,train,CfSqK15wrE3FOibxgJtV.npy
O97VF7LTRYRdo1byzNE1,bed,46,val,O97VF7LTRYRdo1byzNE1.npy
v2IZGWas4OjjOE5dpMk4,big,57,test,v2IZGWas4OjjOE5dpMk4.npy
fMxlsEloCFeaFLeOhXgY,go,30,val,fMxlsEloCFeaFLeOhXgY.npy
ZMMK4iMTAFzmPR3KdGHr,medicine,62,train,ZMMK4iMTAFzmPR3KdGHr.npy
N0RDex5qJhx2WMJ48Pj2,want,88,train,N0RDex5qJhx2WMJ48Pj2.npy
DRFqCZKm3Ai1JaiRinrn,cold,49,train,DRFqCZKm3Ai1JaiRinrn.npy
fATSRzyWP9ou1bZB58ex,start,62,train,fATSRzyWP9ou1bZB58ex.npy
eTBqMm7l92frKuPHMsbZ,hurt,11,train,eTBqMm7l92frKuPHMsbZ.npy
jU6raeIDcvcAgVBWzzPS,nurse,7,train,jU6raeIDcvcAgVBWzzPS.npy
EFFrge6cfdAMqnQjETPd,water,57,test,EFFrge6cfdAMqnQjETPd.npy
mXPlmQcZeuQA7W9rLu4k,family,48,test,mXPlmQcZeuQA7W9rLu4k.npy
njskkC2BdnpqCuIxAkPs,bathroom,15,train,njskkC2BdnpqCuIxAkPs.npy
8xRA3PbkBcXjuRP5ZRVD,morning,84,train,8xRA3PbkBcXjuRP5ZRVD.npy
YXHwJtV1smL1m0WIs5UW,night,46,train,YXHwJtV1smL1m0WIs5UW.npy
VkYVJsaemccumN3W6I4C,face,46,train,VkYVJsaemccumN3W6I4C.npy
KirTHJrZsPJSB4uUsWZZ,long,31,val,KirTHJrZsPJSB4uUsWZZ.npy
B0YkQ5AYrpW1UxrTZGtx,tired,59,train,B0YkQ5AYrpW1UxrTZGtx.npy
CRCLka4ZtWlAUe0crQgg,drink,80,val,CRCLka4ZtWlAUe0crQgg.npy
6JVZhwhbeu3FFQG6cYqc,father,63,val,6JVZhwhbeu3FFQG6cYqc.npy
otbHYk3lcsE6QKyjlQVm,hot,38,train,otbHYk3lcsE6QKyjlQVm.npy
6v7ebm2iCeE4cFGMd158,long,7,train,6v7ebm2iCeE4cFGMd158.npy
xnooUAV1n3YYVC6H3xqb,big,30,train,xnooUAV1n3YYVC6H3xqb.npy
FF3HhWRsT0Uad8f3zsjy,tired,60,train,FF3HhWRsT0Uad8f3zsjy.npy
WtStiFHFogjdb3BhPKvH,big,7,val,WtStiFHFogjdb3BhPKvH.npy
tHtTzuftBm69ImQsaIOU,cold,7,val,tHtTzuftBm69ImQsaIOU.npy
vZCjR0ONTfsb66Uef4kw,tell,36,test,vZCjR0ONTfsb66Uef4kw.npy
pmgLmOXGFUfJbE5H8DDl,woman,88,train,pmgLmOXGFUfJbE5H8DDl.npy
j3E3I63stunH61qLZJTO,big,23,train,j3E3I63stunH61qLZJTO.npy
qVXgn6snJk6tzHn2ksH0,water,52,val,qVXgn6snJk6tzHn2ksH0.npy
E060JRlEZuxXoPc1FDd0,feel,17,train,E060JRlEZuxXoPc1FDd0.npy
OlKSjgXrO3bpLkAJXOZq,show,61,test,OlKSjgXrO3bpLkAJXOZq.npy
BAjGDeK7C204Xdit0Y57,mouth,85,val,BAjGDeK7C204Xdit0Y57.npy
cNgtWpsZF6jJSKGlrPHg,man,36,test,cNgtWpsZF6jJSKGlrPHg.npy
eDeDeW91xaf2KP46Xlw5,start,49,train,eDeDeW91xaf2KP46Xlw5.npy
Rnyf39gKQ05PdgoBS4Oh,open,23,train,Rnyf39gKQ05PdgoBS4Oh.npy
bRg4xK7zH8Rgt9iUK6gH,water,14,train,bRg4xK7zH8Rgt9iUK6gH.npy
uquZqekijxU19RO1lbmr,cold,38,train,uquZqekijxU19RO1lbmr.npy
X9CFz5AYRfTaOAWymYta,afternoon,63,val,X9CFz5AYRfTaOAWymYta.npy
2E8WHQBp2Sq6AhRy5SAZ,tomorrow,39,train,2E8WHQBp2Sq6AhRy5SAZ.npy
bROUuYTxnnSeoT79FyIe,ear,7,val,bROUuYTxnnSeoT79FyIe.npy
IltT8iDToHGgG8fU466B,doctor,49,val,IltT8iDToHGgG8fU466B.npy
ShhVRgGToTHUuzjsLQtz,help,35,val,ShhVRgGToTHUuzjsLQtz.npy
raByiOkyomKW598W3TFz,cold,46,train,raByiOkyomKW598W3TFz.npy
1ZH40TykIrPhX3vzmecT,always,59,val,1ZH40TykIrPhX3vzmecT.npy
Ud1Ux2BxztklWiwNAkMJ,teeth,80,train,Ud1Ux2BxztklWiwNAkMJ.npy
5W8luf54infY1uHDQrB6,blood,59,val,5W8luf54infY1uHDQrB6.npy
AqH1rZH0Avz9yN2GPBKe,close,30,val,AqH1rZH0Avz9yN2GPBKe.npy
ZQdmwbT4poOcx1q5nODn,today,30,val,ZQdmwbT4poOcx1q5nODn.npy
DzWsfawYkVRe9wxrvuty,week,49,train,DzWsfawYkVRe9wxrvuty.npy
i2gRQwzfMtadqCNXPUBS,give,35,val,i2gRQwzfMtadqCNXPUBS.npy
RIRRow0Uk7XeUK4Ulwr2,understand,48,test,RIRRow0Uk7XeUK4Ulwr2.npy
qSNUBz6BrfogcpPCdKFB,come,38,train,qSNUBz6BrfogcpPCdKFB.npy
6o5K5iz6FTXvlvp5W76O,help,88,train,6o5K5iz6FTXvlvp5W76O.npy
uBKf8MudT07sVtXd1J5i,woman,17,train,uBKf8MudT07sVtXd1J5i.npy
eH4Etkl2ICS0AOVZkg9z,sleep,85,train,eH4Etkl2ICS0AOVZkg9z.npy
Q1R3N9s0QIOYqB54KP1k,tomorrow,35,val,Q1R3N9s0QIOYqB54KP1k.npy
Zd3g2PxZsQ4mAZ4foybU,thank_you,85,train,Zd3g2PxZsQ4mAZ4foybU.npy
5FbYKmnkbXSVzYm2ib13,hot,48,test,5FbYKmnkbXSVzYm2ib13.npy
QEy7v7B4nYZMlsu2HwWe,night,46,train,QEy7v7B4nYZMlsu2HwWe.npy
6acafgAP2RvYLYaMxUzJ,cold,49,train,6acafgAP2RvYLYaMxUzJ.npy
BdKEIGtJElq7bKH8vuUH,glasses,88,val,BdKEIGtJElq7bKH8vuUH.npy
FBOlVMaNE4AGx4vrgUk6,hour,57,test,FBOlVMaNE4AGx4vrgUk6.npy
Xi9u6qTeETe4CoYdwDuv,ask,62,train,Xi9u6qTeETe4CoYdwDuv.npy
7RxXIRImkw4XqedljYJu,bathroom,7,train,7RxXIRImkw4XqedljYJu.npy
ivlu02NQPfhHqDMd38rD,baby,35,train,ivlu02NQPfhHqDMd38rD.npy
LhK2sNUNeokkxqgtvQBs,bleed,57,test,LhK2sNUNeokkxqgtvQBs.npy
cGA5miSGMw149ZW9at1G,dentist,39,train,cGA5miSGMw149ZW9at1G.npy
BCbR5nrvoScwg1b430no,dizzy,57,test,BCbR5nrvoScwg1b430no.npy
6TjH16LY2ZgTSdYAZ05t,baby,52,train,6TjH16LY2ZgTSdYAZ05t.npy
0qsJkQEUAOKmMT70bvRR,bad,57,test,0qsJkQEUAOKmMT70bvRR.npy
OkCNrL8CunpgBn8ruIws,touch,46,train,OkCNrL8CunpgBn8ruIws.npy
8tIelCUrnNEoP5RksTIR,big,62,train,8tIelCUrnNEoP5RksTIR.npy
4Aa6kkNCWcJs1sg71yjA,tired,84,train,4Aa6kkNCWcJs1sg71yjA.npy
DJyOjUFWada3cmxksgmf,go,54,val,DJyOjUFWada3cmxksgmf.npy
6Yw9nhKNooO0DBVKxxWD,hands,49,train,6Yw9nhKNooO0DBVKxxWD.npy
m16St2vnMjHbPINMqG3C,again,53,test,m16St2vnMjHbPINMqG3C.npy
Sn3RWDltYu1aUAkdw3vg,skin,84,train,Sn3RWDltYu1aUAkdw3vg.npy
t5SUsqqLct1k0Uy4kwoT,tired,57,test,t5SUsqqLct1k0Uy4kwoT.npy
MHi0d2z8orUA495xD5Y2,surgery,31,train,MHi0d2z8orUA495xD5Y2.npy
GhSrptaJfX1iQN85UOGx,long,46,train,GhSrptaJfX1iQN85UOGx.npy
mZ9Gyui1uvotYSA6KDiO,morning,57,test,mZ9Gyui1uvotYSA6KDiO.npy
EvrUzsNtHL9vsvV29mOm,father,42,train,EvrUzsNtHL9vsvV29mOm.npy
aoeDtqt9VFusnVEJzc6i,understand,64,test,aoeDtqt9VFusnVEJzc6i.npy
VlPTVux7UJ67ppa2NiKe,finish,49,train,VlPTVux7UJ67ppa2NiKe.npy
GRFVOgIkYmcgWxkh8auz,help,39,train,GRFVOgIkYmcgWxkh8auz.npy
rEmSVjGslCpcsDJGufp4,test,17,train,rEmSVjGslCpcsDJGufp4.npy
nmev4bxpWQjFkjI6SNRt,family,42,train,nmev4bxpWQjFkjI6SNRt.npy
mMVSoqIGybMlTUWPBB4l,feel,88,train,mMVSoqIGybMlTUWPBB4l.npy
BAoUQN9OATk70zYiTnIy,teeth,17,val,BAoUQN9OATk70zYiTnIy.npy
ZCYUn6eMj5HMGn5RYKZt,drink,62,train,ZCYUn6eMj5HMGn5RYKZt.npy
IeLe50TZ3gk1ILI1aGeY,wait,54,train,IeLe50TZ3gk1ILI1aGeY.npy
pwb7xGc6a3i3Eq0pWC1S,big,52,train,pwb7xGc6a3i3Eq0pWC1S.npy
Z9SUC5TvugQU6bpy1wly,baby,48,test,Z9SUC5TvugQU6bpy1wly.npy
M4E2sI7XCuGYLo8x0Kkw,hurt,17,val,M4E2sI7XCuGYLo8x0Kkw.npy
BojptChHvDSf2VyBTQHW,help,84,train,BojptChHvDSf2VyBTQHW.npy
IN3x4J00A1T2qWdi3KXB,cold,48,test,IN3x4J00A1T2qWdi3KXB.npy
xywcdaXXDJVQtWbyfrdO,feel,23,val,xywcdaXXDJVQtWbyfrdO.npy
2nXqzJPuXI4WYqnw7yEf,can,61,test,2nXqzJPuXI4WYqnw7yEf.npy
HrpQJ2qQsUtSAbBqQDi8,big,35,val,HrpQJ2qQsUtSAbBqQDi8.npy
cUtFhTpIvgUSpmWmsmls,hot,49,train,cUtFhTpIvgUSpmWmsmls.npy
OL4PfgB0pYwND2bOrxM3,baby,14,val,OL4PfgB0pYwND2bOrxM3.npy
qf3lJjsH79Q4dCHze6u5,sit,61,test,qf3lJjsH79Q4dCHze6u5.npy
4QTfek7lMtKFw9MsMIJf,pain,49,train,4QTfek7lMtKFw9MsMIJf.npy
iKZQHdYjIAkmOKMYBA1E,walk,39,val,iKZQHdYjIAkmOKMYBA1E.npy
Utn6SWH8pCAYMR9aJBcm,finish,35,val,Utn6SWH8pCAYMR9aJBcm.npy
zYFVnGhUUQ2y9zNuWuD5,bad,8,train,zYFVnGhUUQ2y9zNuWuD5.npy
7IUJ8tHbb4LCbd1pqcpo,not,49,train,7IUJ8tHbb4LCbd1pqcpo.npy
n7eE4f9rZDCBNTiS5IV6,hot,52,train,n7eE4f9rZDCBNTiS5IV6.npy
JQUHq78zUz1gw7btmPgz,sleep,7,val,JQUHq78zUz1gw7btmPgz.npy
rdzDXSnALD6z9bNuwUOv,finish,84,val,rdzDXSnALD6z9bNuwUOv.npy
AN83COu79I2mCYyrNjQG,strong,48,test,AN83COu79I2mCYyrNjQG.npy
5DSuN0x19LEL7xuDftOC,medicine,49,val,5DSuN0x19LEL7xuDftOC.npy
p0npAGfq56B0UbjWiGuu,bad,11,train,p0npAGfq56B0UbjWiGuu.npy
Jb1gdMIjzp8zvtQhT04X,big,46,train,Jb1gdMIjzp8zvtQhT04X.npy
LUYrcpfFvQ0ZqSJ1lqQo,day,62,train,LUYrcpfFvQ0ZqSJ1lqQo.npy
GtEY58jo2XOexfJAUbM5,hot,57,test,GtEY58jo2XOexfJAUbM5.npy
oClKujlmJauFbNbFGixP,much,76,train,oClKujlmJauFbNbFGixP.npy
qhWSNHjKVHmIb88diWI0,water,52,train,qhWSNHjKVHmIb88diWI0.npy
guq00xLVak0UHRLTSjyb,cold,46,val,guq00xLVak0UHRLTSjyb.npy
1uLrJL8ST3j1ZO3TK30o,sick,49,val,1uLrJL8ST3j1ZO3TK30o.npy
CXX2UIjj4eohOL7R6XOf,hurt,52,train,CXX2UIjj4eohOL7R6XOf.npy
uP9qlG7Jcl3NRvhHrWZA,sit,7,train,uP9qlG7Jcl3NRvhHrWZA.npy
anweUBeZMQqvJ6PLs9ay,cough,60,train,anweUBeZMQqvJ6PLs9ay.npy
Gj6fTu2vdEIoQqaoGHyb,sick,8,train,Gj6fTu2vdEIoQqaoGHyb.npy
ULBtPPv0IxK2XB2vse4q,tongue,84,train,ULBtPPv0IxK2XB2vse4q.npy
B2IFglZwbjSL8XRmP3Jr,bad,35,train,B2IFglZwbjSL8XRmP3Jr.npy
yWUhYwbeJxFETcKHujMT,come,88,train,yWUhYwbeJxFETcKHujMT.npy
stA84J3SkMm7fFiLtoeL,why,78,train,stA84J3SkMm7fFiLtoeL.npy
PVLpT7y8HZPp3N75zYbf,bad,8,val,PVLpT7y8HZPp3N75zYbf.npy
FkqEnrYoCaAdGO7vLgqn,tired,85,train,FkqEnrYoCaAdGO7vLgqn.npy
cBcxtUyvTA2PNIj8xCRk,touch,35,train,cBcxtUyvTA2PNIj8xCRk.npy
VaVzCYvzBVGW5JIeaEde,sleep,50,test,VaVzCYvzBVGW5JIeaEde.npy
HjGe3KkPr86InLKkEnNE,man,17,train,HjGe3KkPr86InLKkEnNE.npy
Hoxd1Uyqv6AoOgcfM3mI,hot,7,val,Hoxd1Uyqv6AoOgcfM3mI.npy
fxplC2ZjPxWx69Nd8tFw,move,49,train,fxplC2ZjPxWx69Nd8tFw.npy
Z3LO3cKoXYIBWNGjcK4w,back,39,val,Z3LO3cKoXYIBWNGjcK4w.npy
gjUjIgqMSMFc1XYpeHrd,face,57,test,gjUjIgqMSMFc1XYpeHrd.npy
gOeG4z3s7UIKOUOHlMgt,bad,84,train,gOeG4z3s7UIKOUOHlMgt.npy
Qj2qAYf4kpFDVmcpUuvq,hot,46,train,Qj2qAYf4kpFDVmcpUuvq.npy
a1GzXU2dh3dP4FWdVglf,feet,23,train,a1GzXU2dh3dP4FWdVglf.npy
7ogNWOumyrEctZesCfpm,month,39,train,7ogNWOumyrEctZesCfpm.npy
JoXQulzLYpZjCmnAJ5Xg,water,84,train,JoXQulzLYpZjCmnAJ5Xg.npy
7Z6pfTmxp6n4j0NmFrKL,hands,17,val,7Z6pfTmxp6n4j0NmFrKL.npy
TmlI6LHjWYg4afynnFi0,cold,52,train,TmlI6LHjWYg4afynnFi0.npy
amoCPHx3ijslVJT2mgRL,cold,62,train,amoCPHx3ijslVJT2mgRL.npy
vDHdgxIJYqbCFYRmc4GX,woman,46,train,vDHdgxIJYqbCFYRmc4GX.npy
s9NQAk3gt2MNDEZGTb1W,man,88,train,s9NQAk3gt2MNDEZGTb1W.npy
gtcshK34BJXFCrjkZOfM,can,39,train,gtcshK34BJXFCrjkZOfM.npy
XEmg59gkGXEFBqNSwZAl,now,57,test,XEmg59gkGXEFBqNSwZAl.npy
CHqkAN2GKtJd8njtKxpM,week,62,train,CHqkAN2GKtJd8njtKxpM.npy
icYgugE2rokpLMtT6qPU,come,49,train,icYgugE2rokpLMtT6qPU.npy
9mKhSnnmK78kRaYkFbMN,want,88,train,9mKhSnnmK78kRaYkFbMN.npy
qb9TsVAp8ttKu9z6ujY7,light,50,test,qb9TsVAp8ttKu9z6ujY7.npy
caV6ctXsRcisLWL5SOzG,who,60,val,caV6ctXsRcisLWL5SOzG.npy
gRrrNoC6xoNG6chWCAC7,want,30,val,gRrrNoC6xoNG6chWCAC7.npy
j7n26hoXW2dz8nqTi2jd,strong,48,test,j7n26hoXW2dz8nqTi2jd.npy
9Pzp1BFVM6TFUt66f1kd,understand,62,train,9Pzp1BFVM6TFUt66f1kd.npy
SJbi87k55f7T53wp8SNc,water,61,test,SJbi87k55f7T53wp8SNc.npy
slWVqU9nyzALN48FxnHC,blood,12,train,slWVqU9nyzALN48FxnHC.npy
3SwgdtIJGpzsi1cX1W5x,thank_you,30,train,3SwgdtIJGpzsi1cX1W5x.npy
15hpccVTlAG8t8QecG06,help,7,val,15hpccVTlAG8t8QecG06.npy
6KPVP9LlQgcQS4Pqg3MY,understand,7,train,6KPVP9LlQgcQS4Pqg3MY.npy
RVBJccOqVX8NOLQmDkpk,baby,35,train,RVBJccOqVX8NOLQmDkpk.npy
XveSLZfBeUkh5Siy75Fi,sleep,57,test,XveSLZfBeUkh5Siy75Fi.npy
k0iDbB2vtyqg2V7nwwXX,finish,61,test,k0iDbB2vtyqg2V7nwwXX.npy
jHcpZP0DTDmdEzYK314W,no,35,train,jHcpZP0DTDmdEzYK314W.npy
nanxRjKmPQMyM9cV1xTP,move,64,test,nanxRjKmPQMyM9cV1xTP.npy
yphKSm2hxDr2ihkqREjl,morning,49,val,yphKSm2hxDr2ihkqREjl.npy
6zGnWqbyzJPSWY7higMM,doctor,14,train,6zGnWqbyzJPSWY7higMM.npy
fJOyRa7C0vrEKvLasBOz,wait,84,val,fJOyRa7C0vrEKvLasBOz.npy
C0Dau5wUbZXWkVMhtOwE,finish,17,train,C0Dau5wUbZXWkVMhtOwE.npy
8h6sllSuLYt6duGolwvL,no,39,val,8h6sllSuLYt6duGolwvL.npy
b5WfBGwCBQ9mVAf8OhJm,weak,38,train,b5WfBGwCBQ9mVAf8OhJm.npy
9TCQsJuADKDYmKOURRPV,no,57,test,9TCQsJuADKDYmKOURRPV.npy
rsJFv2wp1EJIDsuloqzW,some,88,train,rsJFv2wp1EJIDsuloqzW.npy
56PwtrLqpUPVufgP93yI,back,17,train,56PwtrLqpUPVufgP93yI.npy
UYbxb7kisyUGOSy8woPC,who,49,train,UYbxb7kisyUGOSy8woPC.npy
KiolwhzC3lq2dFFDFrII,understand,62,val,KiolwhzC3lq2dFFDFrII.npy
oqVaGMPSp12WguJTLdrX,tomorrow,54,train,oqVaGMPSp12WguJTLdrX.npy
x3N51surjiXQdqIk9roP,big,11,train,x3N51surjiXQdqIk9roP.npy
LJxWRiycUcW3m0YIHyEN,cold,57,test,LJxWRiycUcW3m0YIHyEN.npy
sD3xFrx2bfVEzi5o61ei,how,7,val,sD3xFrx2bfVEzi5o61ei.npy
8N1bSdR3LlG2AztjlGsr,sleep,52,train,8N1bSdR3LlG2AztjlGsr.npy
sOw1GogyoKk0XX8QihaF,take,39,train,sOw1GogyoKk0XX8QihaF.npy
rVWvcV2iQYojBwuTXwa1,maybe,7,train,rVWvcV2iQYojBwuTXwa1.npy
O7uNDIdShDSGPhbwAu55,show,49,train,O7uNDIdShDSGPhbwAu55.npy
Lri2E8O2JflsDVcOVuzz,head,61,test,Lri2E8O2JflsDVcOVuzz.npy
4NTbBgCErlL3ei12U7AX,come,39,train,4NTbBgCErlL3ei12U7AX.npy
x6dWTfZsxvtB8X06eiPl,finish,30,train,x6dWTfZsxvtB8X06eiPl.npy
E4N1Bu7k6PevK9z7GESC,more,59,val,E4N1Bu7k6PevK9z7GESC.npy
zXO41tgjT8vzOjlh1FPM,woman,17,val,zXO41tgjT8vzOjlh1FPM.npy
1k0fnAYxwMMeDKnnZcjN,sharp,62,train,1k0fnAYxwMMeDKnnZcjN.npy
R4O9Eq0nws7wU5pOzVlc,tired,17,train,R4O9Eq0nws7wU5pOzVlc.npy
NJ6niglrouChOO5pAYpx,water,57,test,NJ6niglrouChOO5pAYpx.npy
bNXYjJW37hYTWK4NG7Cl,lungs,49,train,bNXYjJW37hYTWK4NG7Cl.npy
XlQPVRRewAhpoooR6v7z,when,48,test,XlQPVRRewAhpoooR6v7z.npy
X7AqsiGsEk3Rf3VUkjVZ,family,11,val,X7AqsiGsEk3Rf3VUkjVZ.npy
Ywh8jph6UVxMfYdt3EEH,better,62,train,Ywh8jph6UVxMfYdt3EEH.npy
WNvOBg0m9X0QemwXsnd0,big,39,train,WNvOBg0m9X0QemwXsnd0.npy
ilvJ09gc4ZXoti36yVLG,more,84,train,ilvJ09gc4ZXoti36yVLG.npy
waQ2Gqc9nMjkNDLjOlfg,now,52,train,waQ2Gqc9nMjkNDLjOlfg.npy
FjbQIgSlPbZLtHTSIenR,test,31,train,FjbQIgSlPbZLtHTSIenR.npy
xtxFIr8Tx3OoejK8Wjsp,give,57,test,xtxFIr8Tx3OoejK8Wjsp.npy
aE1WZgMDwIoTS6FVFOFf,give,39,train,aE1WZgMDwIoTS6FVFOFf.npy
EWOUOPSL9tn5ZSVXog6r,sick,7,train,EWOUOPSL9tn5ZSVXog6r.npy
x9Ocx6JzMZuW0UEIPQGY,cold,49,train,x9Ocx6JzMZuW0UEIPQGY.npy
GrPTjHosnnwPc8AMyF0C,water,12,val,GrPTjHosnnwPc8AMyF0C.npy
7WHs7RPalh9foA4bWnqh,nurse,49,train,7WHs7RPalh9foA4bWnqh.npy
MszvE5ZyNZI40ycGPvDo,bad,49,train,MszvE5ZyNZI40ycGPvDo.npy
EPGNo6xIoFPKEgKVHPAf,pill,53,test,EPGNo6xIoFPKEgKVHPAf.npy
pgpQVYmTqCn8R7CvB4tk,help,74,train,pgpQVYmTqCn8R7CvB4tk.npy
BcSGSSJniTAMT59BGlpP,heart,88,train,BcSGSSJniTAMT59BGlpP.npy
DFRxkRU4gFNnlrj6huQW,where,49,train,DFRxkRU4gFNnlrj6huQW.npy
2yfQwDstRd3tvANYsWBe,weak,88,train,2yfQwDstRd3tvANYsWBe.npy
0HNlWOrj0DeAujfxIej3,drink,57,test,0HNlWOrj0DeAujfxIej3.npy
jjeUdFPqMJUf9d4cKo0l,drink,62,train,jjeUdFPqMJUf9d4cKo0l.npy
UPXI86jnUvGKxpmLZ0S3,no,46,train,UPXI86jnUvGKxpmLZ0S3.npy
2vefUV8zsv4ecyfzh4yQ,finish,57,test,2vefUV8zsv4ecyfzh4yQ.npy
X7tRMhqRbEaQpxoU2H23,day,7,train,X7tRMhqRbEaQpxoU2H23.npy
LF8hQkmxVo0rSdICzyPM,baby,39,train,LF8hQkmxVo0rSdICzyPM.npy
BKauNUdnQ829ATlmh3Ov,nose,78,val,BKauNUdnQ829ATlmh3Ov.npy
VVZNv4HFkv4EAoYYuC6n,hospital,23,train,VVZNv4HFkv4EAoYYuC6n.npy
EMBRGZAWmBD8bXb6aNLZ,bad,49,train,EMBRGZAWmBD8bXb6aNLZ.npy
HjiVgYuq1ccaOg0POAZf,water,24,train,HjiVgYuq1ccaOg0POAZf.npy
85vGfIqTEf5HwWpf0T9J,need,39,train,85vGfIqTEf5HwWpf0T9J.npy
eviMunUwmxH98bWp2Y9X,doctor,48,test,eviMunUwmxH98bWp2Y9X.npy
SsRj2gkCGXPgWoe0ZPEv,where,8,val,SsRj2gkCGXPgWoe0ZPEv.npy
PfFV3tAl9LnzSD32ZjD1,no,46,train,PfFV3tAl9LnzSD32ZjD1.npy
AI49TJax4TmCmROvPPyb,night,85,train,AI49TJax4TmCmROvPPyb.npy
BHFADRCN87MweSY58Orm,need,35,train,BHFADRCN87MweSY58Orm.npy
HoIAvXVMxCm2PWiRX5JR,pain,57,test,HoIAvXVMxCm2PWiRX5JR.npy
cPrBz43oidIBFPF6j1lf,help,84,train,cPrBz43oidIBFPF6j1lf.npy
WlG3o5GRvVKYHxR9kIWK,night,57,test,WlG3o5GRvVKYHxR9kIWK.npy
uCh2E2U9ZD4vbGdFJocP,morning,57,test,uCh2E2U9ZD4vbGdFJocP.npy
itSdPZrQFMmnK2yw9Dxm,hot,17,train,itSdPZrQFMmnK2yw9Dxm.npy
8YD5bye8yWP1QckPHnRX,hot,53,test,8YD5bye8yWP1QckPHnRX.npy
DhqcZL6jtNnsL35fH34o,big,30,val,DhqcZL6jtNnsL35fH34o.npy
cr9UeDdnExrVfDbNEATg,finish,54,val,cr9UeDdnExrVfDbNEATg.npy
72sSvgY18GEKRtX3Y5C3,burn,49,train,72sSvgY18GEKRtX3Y5C3.npy
cuvpMdvhUjFWRHhsTUA6,baby,46,train,cuvpMdvhUjFWRHhsTUA6.npy
E7tIdGa04rqkhUlGTI2W,sleep,84,train,E7tIdGa04rqkhUlGTI2W.npy
nFADeBpOnXV6rB1RpZZK,hurt,11,train,nFADeBpOnXV6rB1RpZZK.npy
X7AWnfVUTGKp8D1UWYo6,night,39,val,X7AWnfVUTGKp8D1UWYo6.npy
j5qnqjkKJrxSx9xMn5eX,month,84,train,j5qnqjkKJrxSx9xMn5eX.npy
DUaLJt52lvKe0T8xjYDY,which,38,train,DUaLJt52lvKe0T8xjYDY.npy
8k1kVBbak7hKCMXU0zFO,teeth,49,train,8k1kVBbak7hKCMXU0zFO.npy
YOitMm1cWWrVga12Z7uU,want,88,train,YOitMm1cWWrVga12Z7uU.npy
P8XzcXlzqx7BAtnJdzX0,month,62,val,P8XzcXlzqx7BAtnJdzX0.npy
DqegxScg9iazgxgaHtJo,yes,46,train,DqegxScg9iazgxgaHtJo.npy
IG6FPfSRrpqO5PSgcusL,strong,39,train,IG6FPfSRrpqO5PSgcusL.npy
5EJwI8CIzQV0kVFo5cjW,yes,62,train,5EJwI8CIzQV0kVFo5cjW.npy
hNHmb6npQx6kwkYWzCMG,sleep,84,train,hNHmb6npQx6kwkYWzCMG.npy
AzEh9i7ua3FlGd2zuOBN,all,84,train,AzEh9i7ua3FlGd2zuOBN.npy
QuRn3FiLoapdY8UD0Y21,tired,46,train,QuRn3FiLoapdY8UD0Y21.npy
RhhE2CM0JzmzwXG726E9,morning,84,train,RhhE2CM0JzmzwXG726E9.npy
XHp285sZtE6yd8xQKCoP,sorry,57,test,XHp285sZtE6yd8xQKCoP.npy
fyPTiejzuQTSSr4MiPEa,please,57,test,fyPTiejzuQTSSr4MiPEa.npy
X1iGqa3KLjIlNoppAnVC,strong,39,train,X1iGqa3KLjIlNoppAnVC.npy
ACnQML3y42pLjXzaUDCq,month,11,train,ACnQML3y42pLjXzaUDCq.npy
Qo900tDpOInXs14hOhM6,sit,39,val,Qo900tDpOInXs14hOhM6.npy
knK7E6kNwpTxmFSSTEtu,finish,17,train,knK7E6kNwpTxmFSSTEtu.npy
5dR2zUlYgzibqfo29u2a,come,49,train,5dR2zUlYgzibqfo29u2a.npy
OZcfMpOjrYbZ8wzK0hSQ,water,46,train,OZcfMpOjrYbZ8wzK0hSQ.npy
5G0ZqzFzMzdS4qx7lG2H,understand,17,train,5G0ZqzFzMzdS4qx7lG2H.npy
BbzPO6QjsXzjiHrkDrxH,need,17,train,BbzPO6QjsXzjiHrkDrxH.npy
5wrzDDC96q8P0YQykx1M,finish,62,train,5wrzDDC96q8P0YQykx1M.npy
7b1S2KToGlJ7GKdQsH8T,face,88,train,7b1S2KToGlJ7GKdQsH8T.npy
gGJixfpIv8ShaUuSUYZs,family,62,train,gGJixfpIv8ShaUuSUYZs.npy
q5dVnkExVwOrNskyodVW,man,49,val,q5dVnkExVwOrNskyodVW.npy
qAQBophBhGglXndhwWW4,doctor,59,train,qAQBophBhGglXndhwWW4.npy
vPe87pHaitzHmy5kU7ZU,hot,49,val,vPe87pHaitzHmy5kU7ZU.npy
GSPgpO5Y7NHvAmzoUGmJ,glasses,80,train,GSPgpO5Y7NHvAmzoUGmJ.npy
46tJJd7jhhXT7Xfg32zI,sick,30,train,46tJJd7jhhXT7Xfg32zI.npy
t6nCNevXEH6V7A3C7GSv,finish,46,train,t6nCNevXEH6V7A3C7GSv.npy
h2C3UCv566mwkUCyTNbV,water,62,train,h2C3UCv566mwkUCyTNbV.npy
zSimjUSGqO3p1RXpYeOW,tired,63,train,zSimjUSGqO3p1RXpYeOW.npy
XhYHU3DfxXb7rDVO2Vt2,light,84,train,XhYHU3DfxXb7rDVO2Vt2.npy
90GuSpmMj4FFdsUkD6WV,wait,35,train,90GuSpmMj4FFdsUkD6WV.npy
RqUHLvGvyfoLOmeqhyhx,shoulder,30,train,RqUHLvGvyfoLOmeqhyhx.npy
UitxIrrjovji0BoXnknu,choke,42,train,UitxIrrjovji0BoXnknu.npy
gTelZrEmvCcrYZLfGDeU,man,61,test,gTelZrEmvCcrYZLfGDeU.npy
STOzDAMPry5yJx3sYo4f,more,43,train,STOzDAMPry5yJx3sYo4f.npy
jwvLbAyH7LQfoC1hj6qW,some,76,train,jwvLbAyH7LQfoC1hj6qW.npy
ARlJnFldBl955X6HblVq,weak,57,test,ARlJnFldBl955X6HblVq.npy
IFvP4GYPMBUonbG82DR0,baby,39,train,IFvP4GYPMBUonbG82DR0.npy
xClhA3UQBiqs0uI1HlNO,day,84,val,xClhA3UQBiqs0uI1HlNO.npy
nTFBCkZpE2Q1AhqIbT9o,baby,48,test,nTFBCkZpE2Q1AhqIbT9o.npy
o1ZB1icobnAL3n9kn1Ds,burn,88,train,o1ZB1icobnAL3n9kn1Ds.npy
g7agmtX6BGPI3eAZAcyB,family,52,train,g7agmtX6BGPI3eAZAcyB.npy
c3Nt3DFPMTwwXzK0gRdr,hurt,84,train,c3Nt3DFPMTwwXzK0gRdr.npy
wl7X2BVDgkO7h2umukSV,hands,52,train,wl7X2BVDgkO7h2umukSV.npy
tksivioombshkPf4Xjdh,where,39,train,tksivioombshkPf4Xjdh.npy
zOxE7cZFK9hJWlAXLB0i,open,84,train,zOxE7cZFK9hJWlAXLB0i.npy
Nw5hXw3IVZcwzYUWBq4f,again,85,train,Nw5hXw3IVZcwzYUWBq4f.npy
DeloCmN32SdQUgonwQXb,big,35,train,DeloCmN32SdQUgonwQXb.npy
iO2djhRjGWTDM5ifcJXf,bad,49,val,iO2djhRjGWTDM5ifcJXf.npy
asLi7ByfnbFSHPOxyhSw,hurt,59,val,asLi7ByfnbFSHPOxyhSw.npy
vgzsu3jf1SafhuU6aXAX,understand,62,train,vgzsu3jf1SafhuU6aXAX.npy
bgwloj50UgcUNSqeewGJ,tired,61,test,bgwloj50UgcUNSqeewGJ.npy
Z3UdXYZOnUhIhVyQu4Zs,strong,84,val,Z3UdXYZOnUhIhVyQu4Zs.npy
51sAKyn3ND0NAV4jJqzx,medicine,49,train,51sAKyn3ND0NAV4jJqzx.npy
aok7jc7fuoiDtfiV2RGq,understand,31,val,aok7jc7fuoiDtfiV2RGq.npy
OZY55EvElAiSIsznVMyE,finish,85,train,OZY55EvElAiSIsznVMyE.npy
VjFPSVfUlJHB7PeddVqg,minute,88,train,VjFPSVfUlJHB7PeddVqg.npy
jl7137hxK4k7Kx4WnHcx,man,62,train,jl7137hxK4k7Kx4WnHcx.npy
dlNVnv7vH2rc5DWIi3fW,water,30,val,dlNVnv7vH2rc5DWIi3fW.npy
pzNXn25NQg1IG1zaaLSR,eyes,80,train,pzNXn25NQg1IG1zaaLSR.npy
Jy8Zikj9Hvj5Fhjmil43,show,17,train,Jy8Zikj9Hvj5Fhjmil43.npy
VSoE0oPcXMA5sQcwSvGt,cold,48,test,VSoE0oPcXMA5sQcwSvGt.npy
QWkwmV97700Xs2A0GIdV,cold,88,val,QWkwmV97700Xs2A0GIdV.npy
5sKRw7YXAmkdd7v0MoJ3,help,39,train,5sKRw7YXAmkdd7v0MoJ3.npy
OejUVlyeh1ysKMlzeUpg,sorry,7,train,OejUVlyeh1ysKMlzeUpg.npy
JvTjzbfiHYGPveyd4SAs,medicine,39,train,JvTjzbfiHYGPveyd4SAs.npy
1NcJzkDQj9zFcPfEZ1qp,some,39,train,1NcJzkDQj9zFcPfEZ1qp.npy
hRvZFYysuYVvIVm3CvgN,understand,62,train,hRvZFYysuYVvIVm3CvgN.npy
DexPa0EBIwY9WDwJg7zh,help,57,test,DexPa0EBIwY9WDwJg7zh.npy
WPPkBYiiWoziocRU8zCy,yes,57,test,WPPkBYiiWoziocRU8zCy.npy
Sz2u52G0MwekD4tafNmo,mouth,84,train,Sz2u52G0MwekD4tafNmo.npy
DXtQnclK2GyIYPU1ytON,teeth,84,train,DXtQnclK2GyIYPU1ytON.npy
uyqgeWPtdro8L23WvZcK,baby,17,train,uyqgeWPtdro8L23WvZcK.npy
gGaPTkH0lWFcyXosKlXy,hospital,88,val,gGaPTkH0lWFcyXosKlXy.npy
qJzjjHnKKph4jefPANxJ,man,42,train,qJzjjHnKKph4jefPANxJ.npy
hSp1UpODUaTy4aWy1eq6,hurt,8,train,hSp1UpODUaTy4aWy1eq6.npy
HuTy0MIBa0KOBx0nqU0x,family,84,train,HuTy0MIBa0KOBx0nqU0x.npy
yMdKS2QxozyF8PMhsgcD,dizzy,57,test,yMdKS2QxozyF8PMhsgcD.npy
iKbYF8cVONa5yVuUHxC6,family,49,val,iKbYF8cVONa5yVuUHxC6.npy
LFplz1I9X4DkeboArahC,open,42,train,LFplz1I9X4DkeboArahC.npy
1bveRmvbyWTblo4ITK4o,better,17,train,1bveRmvbyWTblo4ITK4o.npy
Cmc2NVPZUn63nCRbMckk,sleep,14,val,Cmc2NVPZUn63nCRbMckk.npy
sYu2P6ceTDA7aPAgGbX4,family,7,train,sYu2P6ceTDA7aPAgGbX4.npy
w9DESOTp4uf3244lrt9U,feel,48,test,w9DESOTp4uf3244lrt9U.npy
RuvDBQmttMF2Vo95PB9g,wait,42,val,RuvDBQmttMF2Vo95PB9g.npy
ydvrlVdInGf3Wpp9m9W7,finish,17,val,ydvrlVdInGf3Wpp9m9W7.npy
pfrKJvJOWweWl3aL250t,family,11,train,pfrKJvJOWweWl3aL250t.npy
oZdnF2hBZxyFWxBJq7Nv,better,62,val,oZdnF2hBZxyFWxBJq7Nv.npy
1RX937LZsvcT4W5aa182,why,63,train,1RX937LZsvcT4W5aa182.npy
oEkpREEX6TAJ7KYTfj0r,help,88,val,oEkpREEX6TAJ7KYTfj0r.npy
7tW9pS6Y4oVlA7YzjSsj,where,46,train,7tW9pS6Y4oVlA7YzjSsj.npy
LLRZKc2eJnTlBnm8tRhC,cold,48,test,LLRZKc2eJnTlBnm8tRhC.npy
cyN0GEtGaqz1vx4Svat5,water,57,test,cyN0GEtGaqz1vx4Svat5.npy
yPPaxhCZ2QahSTJXjqpx,move,39,train,yPPaxhCZ2QahSTJXjqpx.npy
wxk3UAz0MrbRXBJrqmac,where,61,test,wxk3UAz0MrbRXBJrqmac.npy
VmcoLA6eo6wvs73n9Mz7,family,62,train,VmcoLA6eo6wvs73n9Mz7.npy
wKmzAyiWW9le8ZFuCepU,cold,48,test,wKmzAyiWW9le8ZFuCepU.npy
zIqQxeSvYalEoXSYJVDP,big,46,train,zIqQxeSvYalEoXSYJVDP.npy
WlSTwdZ1vB1gdXMlo6TD,drink,30,train,WlSTwdZ1vB1gdXMlo6TD.npy
Z7HGe6Vx2lNnRpGiW7ZZ,eyes,88,train,Z7HGe6Vx2lNnRpGiW7ZZ.npy
MBTkzb2JHH2VsiHMxwWU,blood,42,train,MBTkzb2JHH2VsiHMxwWU.npy
zKFUkpOJMmZ5LDPKfcEN,family,62,val,zKFUkpOJMmZ5LDPKfcEN.npy
izgbmTlrUYlsXqv39raI,hot,57,test,izgbmTlrUYlsXqv39raI.npy
JRCQ3QgIcPgjwmfZeLmA,leg,39,train,JRCQ3QgIcPgjwmfZeLmA.npy
F8GeCuhwBt1Rxc7prd2T,close,80,train,F8GeCuhwBt1Rxc7prd2T.npy
PorqhbmO4Fwih08iwfIS,when,38,train,PorqhbmO4Fwih08iwfIS.npy
Y5PSUlMGdg3s6Owpjd08,bad,46,train,Y5PSUlMGdg3s6Owpjd08.npy
HqVLs2hHdobyFz6sg1tA,walk,7,train,HqVLs2hHdobyFz6sg1tA.npy
VsizaFPDLnELtKpnKfhc,big,54,val,VsizaFPDLnELtKpnKfhc.npy
vU7w4JbvxeXOtSE7XKes,hot,12,train,vU7w4JbvxeXOtSE7XKes.npy
yYF08LUc3et9IiQX24Ms,much,64,test,yYF08LUc3et9IiQX24Ms.npy
6OyRkBX94GCcmW9Q6oZf,wait,88,train,6OyRkBX94GCcmW9Q6oZf.npy
WaNrWOXz9ozuU4444l3l,need,39,val,WaNrWOXz9ozuU4444l3l.npy
I0aM1sd9JLpq16utpabl,who,17,train,I0aM1sd9JLpq16utpabl.npy
TOIXEA8KNihU8J2CUyai,man,31,train,TOIXEA8KNihU8J2CUyai.npy
5lAUTRGWDugmG8z6kc3V,no,59,train,5lAUTRGWDugmG8z6kc3V.npy
dMSbVI9vR8trshV7VpIK,doctor,85,train,dMSbVI9vR8trshV7VpIK.npy
hO7fvAjzwoKVXlDKrcwn,burn,31,val,hO7fvAjzwoKVXlDKrcwn.npy
16KAnRVhGBgbHK6mFMWI,arm,48,test,16KAnRVhGBgbHK6mFMWI.npy
DYgwhJQAncNojVNYqlWw,morning,61,test,DYgwhJQAncNojVNYqlWw.npy
kfL5EVt7u9RyjMPvYJUQ,no,39,val,kfL5EVt7u9RyjMPvYJUQ.npy
h8q0QNsiqZOsXfLPp4Iq,drink,7,val,h8q0QNsiqZOsXfLPp4Iq.npy
dfUq8zX1ftyCJnRxcymg,bad,39,train,dfUq8zX1ftyCJnRxcymg.npy
wyAbMxRU3YYb9ULj2JKp,show,48,test,wyAbMxRU3YYb9ULj2JKp.npy
XW4mLb0IJyqgaErURI04,today,46,train,XW4mLb0IJyqgaErURI04.npy
Id4nj20927I92adtImk5,blood,17,val,Id4nj20927I92adtImk5.npy
kcnEarB5LamW4Qr0wkhu,hot,49,train,kcnEarB5LamW4Qr0wkhu.npy
WNjAszuskgzw4zq6NJ3n,breathe,84,train,WNjAszuskgzw4zq6NJ3n.npy
G4xyrSRsgv1oxpaAvuYg,feel,50,test,G4xyrSRsgv1oxpaAvuYg.npy
DOjwBhnOARbvdHIJs2ZT,baby,49,train,DOjwBhnOARbvdHIJs2ZT.npy
e6jw1IdeBEMibYQb1wJX,cold,48,test,e6jw1IdeBEMibYQb1wJX.npy
F9DDU8v2W2FZgOsCwlHn,sleep,84,train,F9DDU8v2W2FZgOsCwlHn.npy
8NWbw5ceRWa7MgEPxe0h,test,11,val,8NWbw5ceRWa7MgEPxe0h.npy
SSmFDfHFUIGRsdyXPVwz,hurt,63,train,SSmFDfHFUIGRsdyXPVwz.npy
8WvFpxRIQcr05OZ5cZwy,show,14,train,8WvFpxRIQcr05OZ5cZwy.npy
AQJVbKdWNa3upLF1vOT8,cough,8,train,AQJVbKdWNa3upLF1vOT8.npy
jshACC5WxYfKokisQwKw,day,23,train,jshACC5WxYfKokisQwKw.npy
Imh8CASt3FiZkLmHwDIr,want,49,train,Imh8CASt3FiZkLmHwDIr.npy
9EhOVYMQroGdBFO0AQaJ,open,49,train,9EhOVYMQroGdBFO0AQaJ.npy
C27zVVDvYVQzWjwRpvDg,feel,59,train,C27zVVDvYVQzWjwRpvDg.npy
MG2Xo9XlWIH2EOU7LerB,wait,39,train,MG2Xo9XlWIH2EOU7LerB.npy
TWFnQAPKg25oTrNWUMDD,drink,35,val,TWFnQAPKg25oTrNWUMDD.npy
46fsWBIbcqeT3csdd3JQ,give,30,train,46fsWBIbcqeT3csdd3JQ.npy
jPlK9f92uMOXW52VbAI8,drink,46,train,jPlK9f92uMOXW52VbAI8.npy
WFdSbWoEImiGovcyoctQ,drink,57,test,WFdSbWoEImiGovcyoctQ.npy
JSnrjhugJ5lo0yN4rvkJ,give,84,train,JSnrjhugJ5lo0yN4rvkJ.npy
adxbp9gAI0MEV2PmDPIL,bed,62,train,adxbp9gAI0MEV2PmDPIL.npy
JYdTH0zs0Qv38ebEXren,please,35,val,JYdTH0zs0Qv38ebEXren.npy
hMQubWNgkzvyvruJ4Jlc,family,8,train,hMQubWNgkzvyvruJ4Jlc.npy
ramsThzZ8exWfVaKNCY3,eyes,43,train,ramsThzZ8exWfVaKNCY3.npy
kmRbPedrUWaH3ClGvH0u,where,17,train,kmRbPedrUWaH3ClGvH0u.npy
3ae0hGxcT5jh7xDMdtrC,family,84,train,3ae0hGxcT5jh7xDMdtrC.npy
TvICY9DSj7neOhgJHxlI,tired,49,train,TvICY9DSj7neOhgJHxlI.npy
5wjCvHe9jNQLJjJ2N0fs,nurse,88,val,5wjCvHe9jNQLJjJ2N0fs.npy
KHTrE5mZgUDukzGJD1aK,better,30,train,KHTrE5mZgUDukzGJD1aK.npy
K4rkLnM15lBTxEzZpba9,month,54,train,K4rkLnM15lBTxEzZpba9.npy
zbnyPiJJn5fiwaSmydP8,father,49,train,zbnyPiJJn5fiwaSmydP8.npy
J1FpmnXIJr4myVnFMMtJ,finish,57,test,J1FpmnXIJr4myVnFMMtJ.npy
NdRwTjnujKqXLcKw4Fe9,big,84,train,NdRwTjnujKqXLcKw4Fe9.npy
ZeFZMErl5JEjSu3pP3R8,stop,84,train,ZeFZMErl5JEjSu3pP3R8.npy
ZhJ5vnv3isY0N8nxdqCw,family,24,train,ZhJ5vnv3isY0N8nxdqCw.npy
Hof2MNBAsJWbdHdO26jg,sleep,78,train,Hof2MNBAsJWbdHdO26jg.npy
xyaI6F6B558exUXSL83b,cold,31,train,xyaI6F6B558exUXSL83b.npy
U7hLf1bc8qQWCeK6Q9Oh,tell,39,train,U7hLf1bc8qQWCeK6Q9Oh.npy
ioXw4qNhcv68NzbBmqG7,show,17,val,ioXw4qNhcv68NzbBmqG7.npy
uQ1RAzzjZK9i0vJ375J3,head,8,train,uQ1RAzzjZK9i0vJ375J3.npy
OXhjEl1SocOLQWbQ2cud,baby,62,val,OXhjEl1SocOLQWbQ2cud.npy
C5UR9Mfv88YxpU72oOYa,bathroom,63,val,C5UR9Mfv88YxpU72oOYa.npy
P0D14XaFdFQSLgPxPLZn,medicine,35,train,P0D14XaFdFQSLgPxPLZn.npy
2EgitBJi8roNpF5Jiya1,sleep,63,train,2EgitBJi8roNpF5Jiya1.npy
ZwLvrZxA3YBEvRCrt0Fv,when,7,train,ZwLvrZxA3YBEvRCrt0Fv.npy
u1u5PIsLA3h0mqdkNnGO,no,57,test,u1u5PIsLA3h0mqdkNnGO.npy
6Jn7YYwbsnDuy34uC5xS,sick,59,val,6Jn7YYwbsnDuy34uC5xS.npy
S8f4oyCAJNcbI0yZ6Ba8,sick,49,train,S8f4oyCAJNcbI0yZ6Ba8.npy
1AIlkuyCnwkKEhBy67Uo,back,49,train,1AIlkuyCnwkKEhBy67Uo.npy
yj0WYgvaObBe6xBdb83M,drink,35,train,yj0WYgvaObBe6xBdb83M.npy
pUNKzU7RCniTPRZVWdZ3,wait,7,val,pUNKzU7RCniTPRZVWdZ3.npy
awSzwzeaCFHCkmS7XgtT,who,17,train,awSzwzeaCFHCkmS7XgtT.npy
eQMN8HqLixpkxw1R6LyC,please,54,train,eQMN8HqLixpkxw1R6LyC.npy
HYlM8uzqSew9Ak02PWy3,understand,62,train,HYlM8uzqSew9Ak02PWy3.npy
fNfsO96Uiffqx2ZwBVLB,big,84,train,fNfsO96Uiffqx2ZwBVLB.npy
FTyWo8eP0jcGkV1OoYCJ,who,85,val,FTyWo8eP0jcGkV1OoYCJ.npy
upDlKgnBktUMbHF3yzSv,tired,84,val,upDlKgnBktUMbHF3yzSv.npy
xTukJaIlutTz0aX93pdH,help,88,train,xTukJaIlutTz0aX93pdH.npy
FaQTm9dDVYjp5HJevN6u,month,43,train,FaQTm9dDVYjp5HJevN6u.npy
WHMorgnr35sCBRWQ2r0R,sleep,7,val,WHMorgnr35sCBRWQ2r0R.npy
hagQieCXlCBWIgRfGnf6,hot,62,val,hagQieCXlCBWIgRfGnf6.npy
qDkuTbBqoKZLOGEd1qOt,need,52,train,qDkuTbBqoKZLOGEd1qOt.npy
19dibegPelMexZLXHCLd,baby,59,train,19dibegPelMexZLXHCLd.npy
aymGWfouvZZr64WwxuqJ,drink,50,test,aymGWfouvZZr64WwxuqJ.npy
0DsSIihnydNfAVkD9xe7,face,7,val,0DsSIihnydNfAVkD9xe7.npy
64TzNy5WCmDSOmjl2mF8,morning,48,test,64TzNy5WCmDSOmjl2mF8.npy
3loDqEsMSlKYW3r3A4GS,skin,35,val,3loDqEsMSlKYW3r3A4GS.npy
UqFWJ5TRuuZrKfFiRZ5t,hot,57,test,UqFWJ5TRuuZrKfFiRZ5t.npy
5wGsty4O9GLOmurICHqr,blood,57,test,5wGsty4O9GLOmurICHqr.npy
Y7JdhO7VcglIpeqgIfBs,nurse,39,train,Y7JdhO7VcglIpeqgIfBs.npy
e9o72seBvMyGumvFpRud,baby,85,train,e9o72seBvMyGumvFpRud.npy
Ou3qka97vMZkMt8DEAHS,hands,84,train,Ou3qka97vMZkMt8DEAHS.npy
23LuaRcBqX6MRK0ExzzH,no,88,train,23LuaRcBqX6MRK0ExzzH.npy
loWsZh1WWTy8ek3oy4FZ,much,88,train,loWsZh1WWTy8ek3oy4FZ.npy
mtEmOP0u0Ghx9PLV4tfI,doctor,50,test,mtEmOP0u0Ghx9PLV4tfI.npy
RGOvHIrEtAMIYaElJbMM,no,88,train,RGOvHIrEtAMIYaElJbMM.npy
VaK9wIXX8kPy8lBD33vd,sick,57,test,VaK9wIXX8kPy8lBD33vd.npy
JcD0SARJxygnybPc2t56,minute,7,train,JcD0SARJxygnybPc2t56.npy
EHlAJ5VQrByd5QugWnrG,back,39,train,EHlAJ5VQrByd5QugWnrG.npy
YPAlt1VFpaSiglWqcW1s,big,61,test,YPAlt1VFpaSiglWqcW1s.npy
K8hsLGWv00oOiLKMRgh7,why,48,test,K8hsLGWv00oOiLKMRgh7.npy
ILnvJowqJ0I88DHe3lJg,medicine,64,test,ILnvJowqJ0I88DHe3lJg.npy
jgQ4hOX2pnHhOrN1iJuJ,pain,17,train,jgQ4hOX2pnHhOrN1iJuJ.npy
QBpsXzIS9yP0r7A7hd84,morning,57,test,QBpsXzIS9yP0r7A7hd84.npy
HlZu1PJ6j3Tkugm1pS3J,all,7,train,HlZu1PJ6j3Tkugm1pS3J.npy
cnyhy7dfdPk1FqMnx8wD,woman,49,train,cnyhy7dfdPk1FqMnx8wD.npy
F1L5rdMvrNc2SMKw4u68,breathe,60,train,F1L5rdMvrNc2SMKw4u68.npy
X7sGet3pxw6b91e0jicn,again,62,train,X7sGet3pxw6b91e0jicn.npy
Qy6TfksR2gFqS2frqUik,what,42,val,Qy6TfksR2gFqS2frqUik.npy
OMJ9NtqftqaIpGo4XfsG,move,42,train,OMJ9NtqftqaIpGo4XfsG.npy
TGd3NmlOPedtoAXG03WR,help,85,train,TGd3NmlOPedtoAXG03WR.npy
lEr8mA51HY33v5slNbjA,feel,39,train,lEr8mA51HY33v5slNbjA.npy
ePWJwcjc8aKUZNDvzr1W,lungs,11,train,ePWJwcjc8aKUZNDvzr1W.npy
rGz9uSVYkL3WkE5oLm7J,hospital,50,test,rGz9uSVYkL3WkE5oLm7J.npy
sybm7ScrAst1cqd4MjcB,year,30,train,sybm7ScrAst1cqd4MjcB.npy
Ra06pshoomhzzbUA4tcR,knee,23,val,Ra06pshoomhzzbUA4tcR.npy
cirRIlxIvxJE9pp0QR7v,please,80,train,cirRIlxIvxJE9pp0QR7v.npy
VrclE8jPnles8QgWqAz7,hurt,15,train,VrclE8jPnles8QgWqAz7.npy
qpO9l68t3vAMMmLtx703,sleep,61,test,qpO9l68t3vAMMmLtx703.npy
jJumleK4Sen9VJWBTjPB,no,39,train,jJumleK4Sen9VJWBTjPB.npy
oCqIdnR0fPuMlda0fdtZ,throat,78,train,oCqIdnR0fPuMlda0fdtZ.npy
4LzqBAb6M6xWBWSptoj8,water,59,train,4LzqBAb6M6xWBWSptoj8.npy
g1jA2MweTgp5EkvvSeRB,move,7,val,g1jA2MweTgp5EkvvSeRB.npy
oVHYk6Zw1ZPPrdlCntZV,finish,30,train,oVHYk6Zw1ZPPrdlCntZV.npy
Gc8b7GL9QaA5abyawXPY,medicine,49,val,Gc8b7GL9QaA5abyawXPY.npy
qleZr4XRDrgu9lc6AIKO,doctor,7,val,qleZr4XRDrgu9lc6AIKO.npy
JcrbV1XbBqfIfRVrlwEB,cold,7,train,JcrbV1XbBqfIfRVrlwEB.npy
19m1fKXrEA8A1xy5yo5K,light,57,test,19m1fKXrEA8A1xy5yo5K.npy
grdnZIHhvBUquqTctiRE,ear,49,train,grdnZIHhvBUquqTctiRE.npy
pDvx252mrvQrDRcAAQL0,hurt,43,val,pDvx252mrvQrDRcAAQL0.npy
hWzom5PWpygDJTmmoSLT,need,62,train,hWzom5PWpygDJTmmoSLT.npy
gEPikn2BkeaVJnFsWJPY,test,7,train,gEPikn2BkeaVJnFsWJPY.npy
jJUrPtXLjZx1MNjSiXCE,hospital,38,train,jJUrPtXLjZx1MNjSiXCE.npy
NGbg5JFapWVfm7HzaTRo,look,48,test,NGbg5JFapWVfm7HzaTRo.npy
S9gHOQt7QwoYWihEXEf1,face,39,train,S9gHOQt7QwoYWihEXEf1.npy
llJeuuQgIDFVxc8wuCYc,hurt,61,test,llJeuuQgIDFVxc8wuCYc.npy
IM1LfqghvjGhRyBs2PNB,woman,84,train,IM1LfqghvjGhRyBs2PNB.npy
E5GXuOBLQS4Y4WqzQ9ls,bone,63,val,E5GXuOBLQS4Y4WqzQ9ls.npy
DYIsDhE1O9IyM2JgZ9Ce,hurt,15,train,DYIsDhE1O9IyM2JgZ9Ce.npy
rwXQuvcNUiatdiHC9PEl,baby,57,test,rwXQuvcNUiatdiHC9PEl.npy
4UJ5Bq93wx7cVymumJc2,sick,54,train,4UJ5Bq93wx7cVymumJc2.npy
1tGhLKitclCmOEywcUVY,need,43,train,1tGhLKitclCmOEywcUVY.npy
hd0AFQqZtRsK0MbteXJI,choke,31,val,hd0AFQqZtRsK0MbteXJI.npy
zsR1XOvu0BIUPktv7juL,understand,39,val,zsR1XOvu0BIUPktv7juL.npy
z4DtljjLEsJSE9GZrb4W,touch,46,train,z4DtljjLEsJSE9GZrb4W.npy
u21lAhUq95vAZ5McI6hV,understand,53,test,u21lAhUq95vAZ5McI6hV.npy
Yj9VnoDKVw4vdT9mRVj4,drink,35,train,Yj9VnoDKVw4vdT9mRVj4.npy
HW9aSCNPsChzzbFGu361,baby,88,train,HW9aSCNPsChzzbFGu361.npy
X48SQQ8jg0U5EUUh54qz,need,17,val,X48SQQ8jg0U5EUUh54qz.npy
9zIGSjd7N4fPrUibr3Ra,thank_you,46,train,9zIGSjd7N4fPrUibr3Ra.npy
yZUCRAZK1KqQlTpxP09w,sick,50,test,yZUCRAZK1KqQlTpxP09w.npy
XQqiZpsyV9ceyc9nERmH,family,7,val,XQqiZpsyV9ceyc9nERmH.npy
JPT2PjrDpFIbq8axz8bL,hour,36,test,JPT2PjrDpFIbq8axz8bL.npy
D47bswGr3rECeQ28KISf,need,61,test,D47bswGr3rECeQ28KISf.npy
O8o3Y3lO0dcGwBt8Z7ed,baby,7,val,O8o3Y3lO0dcGwBt8Z7ed.npy
LO1JnUbOTPzhqUbxgcRx,cold,64,test,LO1JnUbOTPzhqUbxgcRx.npy
HtCaEWB8T0AoKbzMUbyB,sick,14,train,HtCaEWB8T0AoKbzMUbyB.npy
23KqMD5ImHi1BtAR7fnp,wait,42,train,23KqMD5ImHi1BtAR7fnp.npy
DfHbldZ8sJLq7jWOqLnM,drink,11,val,DfHbldZ8sJLq7jWOqLnM.npy
3BO01xTikO8AL6K7eCI2,mother,46,train,3BO01xTikO8AL6K7eCI2.npy
3pd30hOFxwyNnhO1JvnR,breathe,49,val,3pd30hOFxwyNnhO1JvnR.npy
qCoaNhmNVZzYNeWScs62,tired,8,train,qCoaNhmNVZzYNeWScs62.npy
bFbPMEdp2HRN7rBDrSy5,move,57,test,bFbPMEdp2HRN7rBDrSy5.npy
BPVErYy2HhCqXWviIG4h,finish,59,train,BPVErYy2HhCqXWviIG4h.npy
ClRx42L0evTpzFPzKkR0,night,80,train,ClRx42L0evTpzFPzKkR0.npy
LtPsEl8kyCtngdYKMl89,tired,61,test,LtPsEl8kyCtngdYKMl89.npy
0NebUhmNKzxIBbdtlSr9,water,62,train,0NebUhmNKzxIBbdtlSr9.npy
5aoOQzul1oAoOSCbQl2V,finish,7,train,5aoOQzul1oAoOSCbQl2V.npy
njgR76VJWytUj3dpmsZy,start,49,val,njgR76VJWytUj3dpmsZy.npy
eZjupT9Dh9DgYmkupS32,hospital,62,train,eZjupT9Dh9DgYmkupS32.npy
xktPxAGMQDZdtQGqCuNS,month,31,val,xktPxAGMQDZdtQGqCuNS.npy
i9FwHuQfnzUUqNfN0uFa,bathroom,50,test,i9FwHuQfnzUUqNfN0uFa.npy
xuJoQQhvqFRvsGsM2p6M,light,54,train,xuJoQQhvqFRvsGsM2p6M.npy
ejW8GyWIDtuKt2kR3vNw,baby,42,train,ejW8GyWIDtuKt2kR3vNw.npy
ReOQ8OmX1QgZMqqYp5Og,where,11,val,ReOQ8OmX1QgZMqqYp5Og.npy
mLMLsWMp2rPCMbY0SF6j,family,43,train,mLMLsWMp2rPCMbY0SF6j.npy
fETMveR2rDZXf48kseo1,finish,49,train,fETMveR2rDZXf48kseo1.npy
sp98u9EpF79CObe6rveH,knee,88,train,sp98u9EpF79CObe6rveH.npy
teAI9KOq0uoubIVaqu4t,ask,36,test,teAI9KOq0uoubIVaqu4t.npy
XDmabhNGqBaZUdijI2fw,back,17,val,XDmabhNGqBaZUdijI2fw.npy
hjEuQHKygD5rOCixwAio,sit,61,test,hjEuQHKygD5rOCixwAio.npy
xvjhN6Bo7YuytZSo4j2B,stop,39,val,xvjhN6Bo7YuytZSo4j2B.npy
Yymuw9FBMibUoSxflmnv,feel,57,test,Yymuw9FBMibUoSxflmnv.npy
qUTun1QWUeZoQKV6AMKr,understand,80,train,qUTun1QWUeZoQKV6AMKr.npy
QajwCXVaCeOwJC0BFAsQ,doctor,49,train,QajwCXVaCeOwJC0BFAsQ.npy
nMLOORVf9Rt1vGjnF6eV,long,46,train,nMLOORVf9Rt1vGjnF6eV.npy
ob3olPmjAsfHGXIAw69p,where,39,train,ob3olPmjAsfHGXIAw69p.npy
5MfFX9pDm5Rm71IUvsnu,eyes,7,val,5MfFX9pDm5Rm71IUvsnu.npy
fcwlfreD7yUXtjPyJo8R,finish,62,val,fcwlfreD7yUXtjPyJo8R.npy
KU5AYDsdPQEOOSNsO2AB,sleep,49,train,KU5AYDsdPQEOOSNsO2AB.npy
yrCMo79kcqd91qRRhvtp,sick,30,val,yrCMo79kcqd91qRRhvtp.npy
38VjwsDcNQ6INgt7seIM,muscle,42,train,38VjwsDcNQ6INgt7seIM.npy
eFE1o5ky7HhA2aBs65YV,hurt,54,train,eFE1o5ky7HhA2aBs65YV.npy
Wyo3TcQte1CCk7Ofv5gN,cold,62,train,Wyo3TcQte1CCk7Ofv5gN.npy
LyowjDiBitkXPoWRJihJ,sleep,57,test,LyowjDiBitkXPoWRJihJ.npy
sW7P85655PaiyWTlc69u,test,61,test,sW7P85655PaiyWTlc69u.npy
eqsvSX1Feqf49dzYGK7q,where,7,train,eqsvSX1Feqf49dzYGK7q.npy
ILbm1DpboTnSH62XVOUN,yes,7,val,ILbm1DpboTnSH62XVOUN.npy
evko9cHHTF74g7liIdYD,doctor,38,train,evko9cHHTF74g7liIdYD.npy
9bd5dmtOiXAyOQ3axtFr,mother,38,val,9bd5dmtOiXAyOQ3axtFr.npy
bA3hcmftEVIXVrUlJpik,cold,8,val,bA3hcmftEVIXVrUlJpik.npy
uA3e7RtbLk1Z7vpKy4SU,move,64,test,uA3e7RtbLk1Z7vpKy4SU.npy
VwOR5kRfaQEusNtAZIJY,hands,7,train,VwOR5kRfaQEusNtAZIJY.npy
cW1g6ggwZ2xXG0EOZa7g,drink,61,test,cW1g6ggwZ2xXG0EOZa7g.npy
Yrr0hv26UJYChAuG89dU,worse,57,test,Yrr0hv26UJYChAuG89dU.npy
hHCrgSzvxzhiIJEZKgKo,throat,49,train,hHCrgSzvxzhiIJEZKgKo.npy
5zavhLz4eudllAHOP0cI,big,49,train,5zavhLz4eudllAHOP0cI.npy
U7uBPvM2FuWsYSq1kfhh,long,85,train,U7uBPvM2FuWsYSq1kfhh.npy
3uyMiLEAbmrqW9azd17E,all,35,train,3uyMiLEAbmrqW9azd17E.npy
acmA6aWcb00JEptANQPC,understand,49,train,acmA6aWcb00JEptANQPC.npy
uRR3m7IVQphxnEvphIEn,can,42,train,uRR3m7IVQphxnEvphIEn.npy
BkcNmv5SSTwfWxMXOtHB,water,59,train,BkcNmv5SSTwfWxMXOtHB.npy
fp8TW2rygewOvhn7PSlL,water,88,val,fp8TW2rygewOvhn7PSlL.npy
W94iRcnqc2IQoYvApj8J,week,35,val,W94iRcnqc2IQoYvApj8J.npy
ExwgY6HoG0NPJvnhNaAy,water,84,train,ExwgY6HoG0NPJvnhNaAy.npy
0cuT9PONYL2oLFBWQnjp,who,39,train,0cuT9PONYL2oLFBWQnjp.npy
9LcrKVTj5oHQBXjsxgMa,back,59,train,9LcrKVTj5oHQBXjsxgMa.npy
thcq41KbmkIGZKAMHONh,big,54,val,thcq41KbmkIGZKAMHONh.npy
qnRJrFNiRRHfoZowX5Af,drink,88,train,qnRJrFNiRRHfoZowX5Af.npy
nG3klxAN9sjgkWyMNV1v,go,42,train,nG3klxAN9sjgkWyMNV1v.npy
sjK5RVyM7fASnhI4Chsz,man,7,val,sjK5RVyM7fASnhI4Chsz.npy
HyBl5b3ycifkyIUZqz5P,feel,84,train,HyBl5b3ycifkyIUZqz5P.npy
iv8cm094e6f0A9uodzIz,man,7,train,iv8cm094e6f0A9uodzIz.npy
W9StyQityUBNT20aNBHI,sick,88,train,W9StyQityUBNT20aNBHI.npy
r4LRljncI8AlWeSbTZGg,hot,84,train,r4LRljncI8AlWeSbTZGg.npy
3k6O3Epr0ihfaDQQRS9h,night,39,train,3k6O3Epr0ihfaDQQRS9h.npy
qt4NnaMHcFYY10ckByzK,leg,88,train,qt4NnaMHcFYY10ckByzK.npy
QiY4x7Z4xB4ciKQgLhAX,muscle,62,train,QiY4x7Z4xB4ciKQgLhAX.npy
vdGnhFLSh1n5zU5ofp3T,hurt,35,train,vdGnhFLSh1n5zU5ofp3T.npy
mBnDkfxQYd080dse38UK,again,31,val,mBnDkfxQYd080dse38UK.npy
GeVLuqiP2vy9alSqvVvW,more,61,test,GeVLuqiP2vy9alSqvVvW.npy
pUg8CHn2JfTcpyWXlzCQ,cold,49,train,pUg8CHn2JfTcpyWXlzCQ.npy
PBeb6WYlrJucMZwlAAc7,feet,8,val,PBeb6WYlrJucMZwlAAc7.npy
ToN02XWijDcnb0EPDjvp,tell,46,train,ToN02XWijDcnb0EPDjvp.npy
YiUkHCxvMojkyBTf2CWc,bone,43,train,YiUkHCxvMojkyBTf2CWc.npy
RuLnv1HNVpnhUkRd6zmn,always,54,train,RuLnv1HNVpnhUkRd6zmn.npy
UrizzV04PLsFqXARehVR,again,31,train,UrizzV04PLsFqXARehVR.npy
7oap2GVa0Jqw4urPauYv,big,31,train,7oap2GVa0Jqw4urPauYv.npy
IFYMvWCj2QITCsKsbjID,month,49,train,IFYMvWCj2QITCsKsbjID.npy
2qxxGDeeSnBle5NyUjTk,father,7,train,2qxxGDeeSnBle5NyUjTk.npy
ts0wdhwsU90ZULk1gR8D,big,7,train,ts0wdhwsU90ZULk1gR8D.npy
fpBk68hjGPcaMmOfg6jW,doctor,84,train,fpBk68hjGPcaMmOfg6jW.npy
bQ2zMWeLzgR4jYgAyjIl,eat,62,val,bQ2zMWeLzgR4jYgAyjIl.npy
uVyfpteIUGTnbM6dEEhN,baby,84,train,uVyfpteIUGTnbM6dEEhN.npy
ckCS3TQyXxHbLY2kYHZv,thank_you,57,test,ckCS3TQyXxHbLY2kYHZv.npy
JQVvA4TLPvQiTBJ7quxs,finish,46,train,JQVvA4TLPvQiTBJ7quxs.npy
akh2A8qqICJLgGPwOi0T,hurt,48,test,akh2A8qqICJLgGPwOi0T.npy
7Z8j8t43xGj8Hjlgd8pI,long,84,val,7Z8j8t43xGj8Hjlgd8pI.npy
maIiKUtBn3XxJoMtusW1,no,57,test,maIiKUtBn3XxJoMtusW1.npy
AwBW1XUckejfNtu6Phys,feel,84,val,AwBW1XUckejfNtu6Phys.npy
P7FcKby2bkVatRC7f0UL,not,78,train,P7FcKby2bkVatRC7f0UL.npy
KZvlvjfmZplPDAa5ILQ3,why,57,test,KZvlvjfmZplPDAa5ILQ3.npy
uLtruhsScdB2FtOd8Dh1,family,85,train,uLtruhsScdB2FtOd8Dh1.npy
kRh0lijm0E2rbaUlSwYH,water,15,train,kRh0lijm0E2rbaUlSwYH.npy
fWRuT2ipIfvxFdPNOxZ2,water,84,train,fWRuT2ipIfvxFdPNOxZ2.npy
zXoYsxDiBs0V8M1A5WVx,hot,46,train,zXoYsxDiBs0V8M1A5WVx.npy
377Pg0mLAfAIiKSdoN3i,surgery,52,train,377Pg0mLAfAIiKSdoN3i.npy
mGadffdoz48oFujyX6tx,hospital,64,test,mGadffdoz48oFujyX6tx.npy
aMXsaU9cj05mGB485Dn4,again,52,train,aMXsaU9cj05mGB485Dn4.npy
Xow01KwZtkWXixaGumhg,yesterday,31,train,Xow01KwZtkWXixaGumhg.npy
qe0I8lJQcFMiHPRScGg8,teeth,17,train,qe0I8lJQcFMiHPRScGg8.npy
fCpo6555o1CS0rHkrWPT,itch,60,train,fCpo6555o1CS0rHkrWPT.npy
rRYdASxWP1QNy4fHlRyW,hands,84,val,rRYdASxWP1QNy4fHlRyW.npy
47kDmalyg9KQpGfRQx0b,understand,62,train,47kDmalyg9KQpGfRQx0b.npy
fkDSUHRY3iw0BEumZ95h,finish,48,test,fkDSUHRY3iw0BEumZ95h.npy
gDO9BQQGOJIH8R1F5mWQ,drink,17,train,gDO9BQQGOJIH8R1F5mWQ.npy
JNI7OcNE7pvVXPdUggBc,tired,88,train,JNI7OcNE7pvVXPdUggBc.npy
sAbzONjIEoPgVbDTN0RK,bed,8,train,sAbzONjIEoPgVbDTN0RK.npy
KbW1Pp8l43mvXlSlIoOj,not,49,val,KbW1Pp8l43mvXlSlIoOj.npy
AjKHGSRZtz8RQSFU0s9f,tomorrow,57,test,AjKHGSRZtz8RQSFU0s9f.npy
ywNKEkLhHAzSolH28Odz,nurse,46,train,ywNKEkLhHAzSolH28Odz.npy
nIVMeSmLw8dYFRWjjZtd,breathe,49,train,nIVMeSmLw8dYFRWjjZtd.npy
tnV7UxASswhUwnZgTxOL,drink,30,train,tnV7UxASswhUwnZgTxOL.npy
k09a4LgSxR1u5r81dV9y,hurt,17,train,k09a4LgSxR1u5r81dV9y.npy
mRWOy7O1jOCpPm86aJZE,again,46,train,mRWOy7O1jOCpPm86aJZE.npy
TCF0hzjFmpNMmVjljivT,maybe,52,train,TCF0hzjFmpNMmVjljivT.npy
5YUD3mhgx3Ml46Rvt2Z5,strong,42,val,5YUD3mhgx3Ml46Rvt2Z5.npy
bzJ7yGkK8vE7zFFFBPeh,show,49,train,bzJ7yGkK8vE7zFFFBPeh.npy
MUYalfWVh7gUYh66yu72,yes,62,train,MUYalfWVh7gUYh66yu72.npy
HBnEAfUufD1anI12MSxx,sit,60,train,HBnEAfUufD1anI12MSxx.npy
ayKU1ucwjVlnAHvXut7F,big,57,test,ayKU1ucwjVlnAHvXut7F.npy
ueUPdutJVoIdy2rArDjC,hospital,49,train,ueUPdutJVoIdy2rArDjC.npy
kdVS7L53rv26bcmtcZs6,want,43,train,kdVS7L53rv26bcmtcZs6.npy
MFvcopceSKvmkAFb6Ui6,pain,61,test,MFvcopceSKvmkAFb6Ui6.npy
gf6YHYV7Jr6SCdhdnHIs,tired,42,train,gf6YHYV7Jr6SCdhdnHIs.npy
gKrTe9Dnas8u5UZgdJTf,open,62,val,gKrTe9Dnas8u5UZgdJTf.npy
w8NiXOx5zcKISi9BA2l3,give,46,train,w8NiXOx5zcKISi9BA2l3.npy
RZQ0h1wMZdV1jqSxsxH6,morning,15,train,RZQ0h1wMZdV1jqSxsxH6.npy
1FkuPq7a9hLsjUdNwGXg,father,49,train,1FkuPq7a9hLsjUdNwGXg.npy
4sypw3WI6LVm84hKAo0R,start,39,train,4sypw3WI6LVm84hKAo0R.npy
PZGiulvDjjjbGOIEdUle,open,76,train,PZGiulvDjjjbGOIEdUle.npy
ackNVEHGGnOc3sajdia3,water,61,test,ackNVEHGGnOc3sajdia3.npy
WokCLLfHOj2xmPut1lLC,close,46,train,WokCLLfHOj2xmPut1lLC.npy
tAQYJ7RlhDVXUMDlLNH9,light,17,val,tAQYJ7RlhDVXUMDlLNH9.npy
IIlRmCKU3OtzvYlIkph6,water,84,val,IIlRmCKU3OtzvYlIkph6.npy
JPycQ5AjWtc3w8A9UCdW,father,80,val,JPycQ5AjWtc3w8A9UCdW.npy
PAkx5SPzD2Zx1N8xzo9n,hands,7,train,PAkx5SPzD2Zx1N8xzo9n.npy
oEXKCH4dVcDMudjWSlLT,sit,23,train,oEXKCH4dVcDMudjWSlLT.npy
tE0tK0ChpawuMtGnWcrX,water,7,train,tE0tK0ChpawuMtGnWcrX.npy
vDdDBcMHCsmoq1OfcZdC,face,84,train,vDdDBcMHCsmoq1OfcZdC.npy
BTbGwHdqhCiR7WuepQdd,understand,61,test,BTbGwHdqhCiR7WuepQdd.npy
daW9Yv7w3o9QpCjndJVS,feet,17,train,daW9Yv7w3o9QpCjndJVS.npy
ZUlKQXcrZy8Bd7utRWOY,help,39,train,ZUlKQXcrZy8Bd7utRWOY.npy
cSzIKkBPAtsWfXVedCdC,tired,62,val,cSzIKkBPAtsWfXVedCdC.npy
gEx4NxHBnb3beKkA3OLH,ear,39,train,gEx4NxHBnb3beKkA3OLH.npy
0b6nFkzIqgJC6Zk56akI,hands,49,train,0b6nFkzIqgJC6Zk56akI.npy
c86EK6DOZhOAXd8rh4D0,hurt,63,val,c86EK6DOZhOAXd8rh4D0.npy
3Fv1LNUKZwnkY7A1ZyAp,baby,48,test,3Fv1LNUKZwnkY7A1ZyAp.npy
Kqx5K42Y0YGd2mZKkxkR,go,62,train,Kqx5K42Y0YGd2mZKkxkR.npy
LO5njkFsAWW7GOk9lNa8,woman,84,train,LO5njkFsAWW7GOk9lNa8.npy
kFH1i2y6NT8PEcktO0LZ,go,38,train,kFH1i2y6NT8PEcktO0LZ.npy
6hBKB03eErsagj1INObb,bad,76,train,6hBKB03eErsagj1INObb.npy
SaXkTKAlxuRChdIB1U5r,can,57,test,SaXkTKAlxuRChdIB1U5r.npy
uKW1zARiAktWfD8X0xW1,drink,8,val,uKW1zARiAktWfD8X0xW1.npy
0LUh0znMGoQ994thECzJ,headache,80,train,0LUh0znMGoQ994thECzJ.npy
BHiBusnIVWf709bLMUGE,hands,38,train,BHiBusnIVWf709bLMUGE.npy
XPSNeGIPIUHwEgj4FuZT,hot,23,train,XPSNeGIPIUHwEgj4FuZT.npy
8EQbwyyyTszKjw2501k6,big,46,train,8EQbwyyyTszKjw2501k6.npy
O2QRCMkNyBjV0DlKthKs,water,78,train,O2QRCMkNyBjV0DlKthKs.npy
v1nkt98aiUDLZlFsDY0a,cough,84,val,v1nkt98aiUDLZlFsDY0a.npy
UaajTZC1WZgqLlWbvAIX,today,35,train,UaajTZC1WZgqLlWbvAIX.npy
a3eYT93UiZrj1anK15cC,understand,46,val,a3eYT93UiZrj1anK15cC.npy
F6nDOpeCRaCG4ZrgaqKC,open,48,test,F6nDOpeCRaCG4ZrgaqKC.npy
4oK6rVNjz0rUh5lsm7hc,tired,84,train,4oK6rVNjz0rUh5lsm7hc.npy
ekPbgGeG9ZoevHGPP5Rx,finish,76,train,ekPbgGeG9ZoevHGPP5Rx.npy
N4zzix59OhWQbjwCVA9v,open,62,train,N4zzix59OhWQbjwCVA9v.npy
32nW8beXiTtceQjKfc1z,why,48,test,32nW8beXiTtceQjKfc1z.npy
5J24YaKQ3nqB2wbWzwMC,test,23,train,5J24YaKQ3nqB2wbWzwMC.npy
DErMeN8hTniVBIdp4iUu,hands,30,val,DErMeN8hTniVBIdp4iUu.npy
JMPJYf4h0dtVTgYFCdud,water,62,train,JMPJYf4h0dtVTgYFCdud.npy
1UX6nGDeARgMnvQyI8dJ,water,84,val,1UX6nGDeARgMnvQyI8dJ.npy
djPzTMG0cgTLKWrqa1a9,what,31,train,djPzTMG0cgTLKWrqa1a9.npy
iQcmPSMKuw9bdm9cs09s,move,84,train,iQcmPSMKuw9bdm9cs09s.npy
YMpLEoL4cax5BaWyzzBT,blood,50,test,YMpLEoL4cax5BaWyzzBT.npy
bqRUwS9tUmu7H3eBdh79,come,62,val,bqRUwS9tUmu7H3eBdh79.npy
ojhXmWgjdq0uwAhiSoOF,bone,84,train,ojhXmWgjdq0uwAhiSoOF.npy
aAG2m1CvW8i5iQC8lXMs,baby,49,val,aAG2m1CvW8i5iQC8lXMs.npy
TnBH5iKC1DVIOneZiMtI,hurt,38,train,TnBH5iKC1DVIOneZiMtI.npy
8QCpVCyIRsSoySjJWBrj,all,62,val,8QCpVCyIRsSoySjJWBrj.npy
8amNC1HlnXsKkd4pzgz9,big,8,train,8amNC1HlnXsKkd4pzgz9.npy
HQOmn5WG4uWs9LO0CNjk,bad,7,val,HQOmn5WG4uWs9LO0CNjk.npy
mw2sRgntAJg2u8N3GrJ2,cold,52,train,mw2sRgntAJg2u8N3GrJ2.npy
tQO9rNJ8JrZWX1z8au4h,tomorrow,49,train,tQO9rNJ8JrZWX1z8au4h.npy
GritvMDn0HdZZUQgS9oM,family,7,train,GritvMDn0HdZZUQgS9oM.npy
LpO9Qw4pI4LFaauTR2HB,long,84,train,LpO9Qw4pI4LFaauTR2HB.npy
pY0FfKhUdEoMkWP4KuA8,man,7,train,pY0FfKhUdEoMkWP4KuA8.npy
dJu0a27a4ObxUy38IL78,always,49,train,dJu0a27a4ObxUy38IL78.npy
Jf8Z8NjY3umXib1h2r6J,walk,49,train,Jf8Z8NjY3umXib1h2r6J.npy
q58JpobIxG5ZGlZ5aDvP,wait,48,test,q58JpobIxG5ZGlZ5aDvP.npy
u1rwttpReI8oW1FahQ5O,water,84,train,u1rwttpReI8oW1FahQ5O.npy
eh01VBRm2pwNJi2sBzvU,when,80,train,eh01VBRm2pwNJi2sBzvU.npy
9x7eZF9dUUv8oFkfjH8v,drink,62,train,9x7eZF9dUUv8oFkfjH8v.npy
vJCxId8WigAQJJ4HJJIH,sick,59,train,vJCxId8WigAQJJ4HJJIH.npy
FgEVgCMceL7mLkM3wbXA,no,57,test,FgEVgCMceL7mLkM3wbXA.npy
uG1onDbuRGZOELSGe1DE,show,31,train,uG1onDbuRGZOELSGe1DE.npy
Zs6pVySCc2zRzvUCe8mO,help,84,val,Zs6pVySCc2zRzvUCe8mO.npy
v1GIz5uEPT9wWTwanyBe,all,62,train,v1GIz5uEPT9wWTwanyBe.npy
PBiQBaqwWVoYJYuio4u0,hurt,7,train,PBiQBaqwWVoYJYuio4u0.npy
yZv4zTtjjobbd03ZhJcD,sit,17,train,yZv4zTtjjobbd03ZhJcD.npy
9Mgh7QQA4PErR41PmB6B,arm,8,train,9Mgh7QQA4PErR41PmB6B.npy
Fb6iYuPRCpHc2vK4zzdn,not,17,train,Fb6iYuPRCpHc2vK4zzdn.npy
oomxVIPgGP9Lp4xLQPuV,tomorrow,49,train,oomxVIPgGP9Lp4xLQPuV.npy
Bb7ArNj9q0Ffzcq1SaUA,finish,39,train,Bb7ArNj9q0Ffzcq1SaUA.npy
3pUtSu6wBF4PgjpO2n4Y,sleep,49,train,3pUtSu6wBF4PgjpO2n4Y.npy
6pmyrWHLXXtopcnQRdQ3,family,39,val,6pmyrWHLXXtopcnQRdQ3.npy
UllMOwWhtHEexuFvNykz,interpreter,7,train,UllMOwWhtHEexuFvNykz.npy
hmQqoFbhubcUuJ34iihG,back,17,train,hmQqoFbhubcUuJ34iihG.npy
ol0ye8JXBlEbmLKdjOyu,family,88,train,ol0ye8JXBlEbmLKdjOyu.npy
eDS2i1uq3ZINVJ3p7tBQ,when,62,val,eDS2i1uq3ZINVJ3p7tBQ.npy
lhsQPReeYoyUbzHZ8732,minute,46,train,lhsQPReeYoyUbzHZ8732.npy
31xpkatgzqs6TIci4i4T,understand,46,train,31xpkatgzqs6TIci4i4T.npy
f0gNtmShpZdjiBD2PoPz,big,46,val,f0gNtmShpZdjiBD2PoPz.npy
wRBbPjC0eR70B1Gd4R6o,big,39,train,wRBbPjC0eR70B1Gd4R6o.npy
ENJKNmv1AeT0WZbgNTiW,breathe,76,train,ENJKNmv1AeT0WZbgNTiW.npy
XoNfrWK8sWtTdvmXu8BO,hands,30,train,XoNfrWK8sWtTdvmXu8BO.npy
IrmyJWB57zR7p1uoBX8W,surgery,7,train,IrmyJWB57zR7p1uoBX8W.npy
luLI3ZB9HfxmFCisJPRV,sick,88,train,luLI3ZB9HfxmFCisJPRV.npy
O7oHmXYZssmkDbwlvICa,help,62,train,O7oHmXYZssmkDbwlvICa.npy
uJd6GfTte1OV86A6j4LO,touch,30,val,uJd6GfTte1OV86A6j4LO.npy
CDYXrUfuElPms9uFCes1,sick,62,train,CDYXrUfuElPms9uFCes1.npy
7BNAROiJaWdveuYH3nZq,please,57,test,7BNAROiJaWdveuYH3nZq.npy
G5jizBrWRA8OCIPgUzH0,hot,12,val,G5jizBrWRA8OCIPgUzH0.npy
GCL5VV1jcEWA5rbJhC16,go,49,train,GCL5VV1jcEWA5rbJhC16.npy
7FZKwVcARscywP9flhrr,father,8,train,7FZKwVcARscywP9flhrr.npy
pYpoXTICwSzHajKa1Z2d,family,59,train,pYpoXTICwSzHajKa1Z2d.npy
nyKWoxdUygrovgg6lacM,no,62,train,nyKWoxdUygrovgg6lacM.npy
t2yqXDDXMQNj0kvKF66q,better,46,train,t2yqXDDXMQNj0kvKF66q.npy
n0i62kno7NSxK0CBCOSa,weak,46,val,n0i62kno7NSxK0CBCOSa.npy
HaJYZfWv96UL8VSEPp6W,morning,39,train,HaJYZfWv96UL8VSEPp6W.npy
YhQqVptE7UqB0VHfYfpj,some,48,test,YhQqVptE7UqB0VHfYfpj.npy
F52MWumgNyS3PY040KAM,drink,84,train,F52MWumgNyS3PY040KAM.npy
pff00JPWYtnA1E4W7DIL,again,14,val,pff00JPWYtnA1E4W7DIL.npy
oB0TyT4qFOJGIeVtKRJ5,hot,49,train,oB0TyT4qFOJGIeVtKRJ5.npy
n0XMd64Ti9j4bgdwLRjL,finish,60,val,n0XMd64Ti9j4bgdwLRjL.npy
APE87dfIrK1CJx3gCFz4,hot,50,test,APE87dfIrK1CJx3gCFz4.npy
3rIMr7F6rT6r7Bw25VXl,day,62,train,3rIMr7F6rT6r7Bw25VXl.npy
u35o9VoW6GJcMNAyn9Il,big,17,train,u35o9VoW6GJcMNAyn9Il.npy
C8WTE1pCdZd29gSAohLk,wait,39,train,C8WTE1pCdZd29gSAohLk.npy
zoZNwYwWdija1kWzPn4e,eyes,8,train,zoZNwYwWdija1kWzPn4e.npy
rr5TXmcAohDse0oJydYa,who,64,test,rr5TXmcAohDse0oJydYa.npy
TZqlcJaW69fD0QATZHDA,cold,48,test,TZqlcJaW69fD0QATZHDA.npy
e3iwbLzjO0DC7DR0uidv,tired,85,train,e3iwbLzjO0DC7DR0uidv.npy
1ieulBW3KFwssszfjeWY,sharp,80,val,1ieulBW3KFwssszfjeWY.npy
vJTqWVTb0cixy1mTS44U,drink,62,train,vJTqWVTb0cixy1mTS44U.npy
GkqElkrywKiceYgvTOy4,maybe,84,val,GkqElkrywKiceYgvTOy4.npy
YRqkKNouIYYxpJts7CT1,medicine,7,train,YRqkKNouIYYxpJts7CT1.npy
v9MGjVDgEAyj2xcMRauQ,long,17,train,v9MGjVDgEAyj2xcMRauQ.npy
cazwFHp8bl1csBd2ojOH,show,59,train,cazwFHp8bl1csBd2ojOH.npy
6ywWZQEQJh8seILO6xVC,glasses,61,test,6ywWZQEQJh8seILO6xVC.npy
AclxwtHHFuktpPPooi3E,cold,31,train,AclxwtHHFuktpPPooi3E.npy
yAIrUmkrUo3bEdSolwGY,hurt,46,train,yAIrUmkrUo3bEdSolwGY.npy
YqrTHoBfqvPGexP4r4dD,cold,80,val,YqrTHoBfqvPGexP4r4dD.npy
fcaFjZn1FH2zgMcuLIpw,faint,49,train,fcaFjZn1FH2zgMcuLIpw.npy
EITpIhdEMZXNXg0xtSyj,water,7,train,EITpIhdEMZXNXg0xtSyj.npy
lscd95NEQ2WarFCxaBX7,hospital,62,val,lscd95NEQ2WarFCxaBX7.npy
gGGnahupiAaSZO0DaGFx,day,84,train,gGGnahupiAaSZO0DaGFx.npy
hQ86kEqytHngwjUJ3nXm,baby,11,train,hQ86kEqytHngwjUJ3nXm.npy
6jlaqKhRGiK1HXwQtA9q,move,46,train,6jlaqKhRGiK1HXwQtA9q.npy
o3gfONynviuE9kGO41Ij,hurt,35,val,o3gfONynviuE9kGO41Ij.npy
l0qUNGgyldKsB7klFstt,water,59,train,l0qUNGgyldKsB7klFstt.npy
XErslOojIeNJKa1Gt6Ao,teeth,49,val,XErslOojIeNJKa1Gt6Ao.npy
4ACouL1DS3tcOKtNVdj7,show,64,test,4ACouL1DS3tcOKtNVdj7.npy
479cesUrRdFbPGKErjZo,wait,85,train,479cesUrRdFbPGKErjZo.npy
t3pmGzxNwwCNWMay3WWY,not,49,train,t3pmGzxNwwCNWMay3WWY.npy
fDfGtbuEVgg2JSjl22TE,ask,39,val,fDfGtbuEVgg2JSjl22TE.npy
ju8Mr1OHb1QjDHyKPYuJ,medicine,48,test,ju8Mr1OHb1QjDHyKPYuJ.npy
qWVDcbml80VbFCIUD8eU,tired,59,train,qWVDcbml80VbFCIUD8eU.npy
hkVcCR9MMIeASYp3XGgY,bed,8,train,hkVcCR9MMIeASYp3XGgY.npy
YUtfZlJ4y5cauna2fgCN,back,39,train,YUtfZlJ4y5cauna2fgCN.npy
lDvrd5GIXS1QyUVPRzIH,long,48,test,lDvrd5GIXS1QyUVPRzIH.npy
xpzm7R5egdK3vrKtokxw,doctor,63,val,xpzm7R5egdK3vrKtokxw.npy
06X9TPHPFvVw6rIh1OtR,hurt,31,train,06X9TPHPFvVw6rIh1OtR.npy
sKT9Rfn3XYoILfGIq5TR,sick,62,val,sKT9Rfn3XYoILfGIq5TR.npy
a9F6xDLzkirxN1SuXBDi,woman,49,val,a9F6xDLzkirxN1SuXBDi.npy
fyykC06963NN635RcKBC,which,88,train,fyykC06963NN635RcKBC.npy
rmmn4hGkDDatl0oBkPtB,cold,31,train,rmmn4hGkDDatl0oBkPtB.npy
C1VzowRYuYuXVwnTmUEF,water,85,val,C1VzowRYuYuXVwnTmUEF.npy
Vdr5Xiy6aqer5CXkEuDx,go,39,train,Vdr5Xiy6aqer5CXkEuDx.npy
Z3skeH2E5hxxU8fIMKqE,where,88,train,Z3skeH2E5hxxU8fIMKqE.npy
gfj2RM3eyd0JI5jPiTCF,family,48,test,gfj2RM3eyd0JI5jPiTCF.npy
YOUVGKzzYXEP2icwqYaP,understand,49,train,YOUVGKzzYXEP2icwqYaP.npy
92SysXe94uRG8AC9hytp,bathroom,39,train,92SysXe94uRG8AC9hytp.npy
7lxIBrgtEe4sQh5kfjiE,long,57,test,7lxIBrgtEe4sQh5kfjiE.npy
QBoTYMvIiBUfT3VhM3L9,hurt,48,test,QBoTYMvIiBUfT3VhM3L9.npy
4Z8kyBEKAUQg0vBotzdg,open,30,train,4Z8kyBEKAUQg0vBotzdg.npy
TNi0LmfNHI5j3wIuBO6M,medicine,30,train,TNi0LmfNHI5j3wIuBO6M.npy
huxOnGjZW0qcH9jq8ux2,big,46,train,huxOnGjZW0qcH9jq8ux2.npy
u7nM2owVPECl291qsWgw,cold,57,test,u7nM2owVPECl291qsWgw.npy
aH1m5nFuhqhtaREv5hKS,stop,46,train,aH1m5nFuhqhtaREv5hKS.npy
VMivGh6egrwRo9llQUlD,hour,11,train,VMivGh6egrwRo9llQUlD.npy
LYdCt6CoG3svXr2BuJ5L,ask,17,train,LYdCt6CoG3svXr2BuJ5L.npy
sLrskqZecPRnWTbjbySi,man,7,train,sLrskqZecPRnWTbjbySi.npy
J5gSH4mmnGP0uVgsZsLo,family,57,test,J5gSH4mmnGP0uVgsZsLo.npy
IHhKOrvoThTTAn0638gj,hot,31,train,IHhKOrvoThTTAn0638gj.npy
ThiZhdkHzg5UTRtbMa4S,show,36,test,ThiZhdkHzg5UTRtbMa4S.npy
LqYyHej0ReR448RxUbO6,open,62,train,LqYyHej0ReR448RxUbO6.npy
TBtV5tIelgT1IDdybIYa,tired,39,val,TBtV5tIelgT1IDdybIYa.npy
nDSMykmPrhlzLay3deBk,start,23,train,nDSMykmPrhlzLay3deBk.npy
fiCxeuDg6Ux8JiqpWFla,morning,62,val,fiCxeuDg6Ux8JiqpWFla.npy
1rA9kHnSNwXBikmi6Nze,interpreter,23,train,1rA9kHnSNwXBikmi6Nze.npy
RbUqpd610eaikeQoJhEp,worse,57,test,RbUqpd610eaikeQoJhEp.npy
9C6mW3OFFzawuxSctpk2,strong,84,train,9C6mW3OFFzawuxSctpk2.npy
MsWprGor9vHPdSqT0LsX,sick,7,train,MsWprGor9vHPdSqT0LsX.npy
0u90cNLTwLBBMeyYmrh7,choke,7,train,0u90cNLTwLBBMeyYmrh7.npy
vGN8x9PkyZCIDYN3Yhq4,hospital,38,train,vGN8x9PkyZCIDYN3Yhq4.npy
MsBkAsv2dEeYcQBhGMz6,water,61,test,MsBkAsv2dEeYcQBhGMz6.npy
dWBbXSd9Zm5IuqoVtZif,when,62,train,dWBbXSd9Zm5IuqoVtZif.npy
hUvMgT5pRzjZ7zJkxvQ2,who,62,train,hUvMgT5pRzjZ7zJkxvQ2.npy
Ft8a3LfEfYOECRvNcu6E,afternoon,39,train,Ft8a3LfEfYOECRvNcu6E.npy
gMQYm71awVRWKqOESmJf,stop,84,train,gMQYm71awVRWKqOESmJf.npy
dyf9YlHaeW4geSHq5PXH,face,7,train,dyf9YlHaeW4geSHq5PXH.npy
xEaYBhS36pFvVwqRW5V5,water,84,train,xEaYBhS36pFvVwqRW5V5.npy
krj6TiTbs3pQBwSkn1zx,take,36,test,krj6TiTbs3pQBwSkn1zx.npy
nhKdF6Qpj1DzePohwCDp,who,61,test,nhKdF6Qpj1DzePohwCDp.npy
VAKYwiL8lC3uJFzvj90O,help,39,train,VAKYwiL8lC3uJFzvj90O.npy
rMh6Ht3sMzxEauKfnMtL,want,35,val,rMh6Ht3sMzxEauKfnMtL.npy
4w3Hn7GfIebRF1CkSfS8,night,35,train,4w3Hn7GfIebRF1CkSfS8.npy
pjxlnXnrVDbGyVRLOwOf,help,52,train,pjxlnXnrVDbGyVRLOwOf.npy
ZaJL5Y4XaSEIAKZow8Kn,bad,7,train,ZaJL5Y4XaSEIAKZow8Kn.npy
3hY1VLLMFypuSOTWgwHl,bone,61,test,3hY1VLLMFypuSOTWgwHl.npy
Be4IRdrppnCkqNcjvyDX,what,39,train,Be4IRdrppnCkqNcjvyDX.npy
MepIZ2oh6cfDbmjsgTD9,sick,57,test,MepIZ2oh6cfDbmjsgTD9.npy
KX6NA5k0cHu6plQ5hnGq,understand,17,train,KX6NA5k0cHu6plQ5hnGq.npy
MMxN65Jfzam5I9z82JAl,give,88,val,MMxN65Jfzam5I9z82JAl.npy
WMcPVtusojfrParjKKcv,nurse,42,train,WMcPVtusojfrParjKKcv.npy
MXzEf0UDOWXO1drEPEoC,hands,84,train,MXzEf0UDOWXO1drEPEoC.npy
gTImJAKjP4bxt8KvI0fB,please,49,val,gTImJAKjP4bxt8KvI0fB.npy
s2dzm00H0ZmgMyqBl4qp,night,46,val,s2dzm00H0ZmgMyqBl4qp.npy
mnYZMJ3HK5r22lOyNncc,yes,57,test,mnYZMJ3HK5r22lOyNncc.npy
61ggGxHUZY8SOMUvhuq5,hurt,46,train,61ggGxHUZY8SOMUvhuq5.npy
YevOBvNtwU37ZlNjBkml,sick,39,train,YevOBvNtwU37ZlNjBkml.npy
RMDLX37WNVE6sfh3yD2x,night,61,test,RMDLX37WNVE6sfh3yD2x.npy
z6hhjBWlIml2pLJNruke,drink,35,val,z6hhjBWlIml2pLJNruke.npy
v56rlBirfjskkClgcT2S,cold,30,train,v56rlBirfjskkClgcT2S.npy
Fs6dXaLehfFiJLGk8kcV,bad,52,train,Fs6dXaLehfFiJLGk8kcV.npy
MnhyKvIUXC5jg6ngZwm8,go,84,train,MnhyKvIUXC5jg6ngZwm8.npy
MGrqVWY8OsKVrEMJmd4T,sleep,12,train,MGrqVWY8OsKVrEMJmd4T.npy
6AjSCJL05jJlsEarj5DX,nurse,7,val,6AjSCJL05jJlsEarj5DX.npy
UyuRoH2bZ8mOK2kpZ4M7,not,17,train,UyuRoH2bZ8mOK2kpZ4M7.npy
zUwHhV0lyNMIo8njm9rN,water,46,train,zUwHhV0lyNMIo8njm9rN.npy
9JQ6QBhNjq11kUxg0oZt,family,48,test,9JQ6QBhNjq11kUxg0oZt.npy
sfCcAmF18amB3nI94mMW,mother,57,test,sfCcAmF18amB3nI94mMW.npy
gwmsgarRqP2jUjm3q3Ta,water,85,train,gwmsgarRqP2jUjm3q3Ta.npy
jG3utycNrc5PAJAWiovF,how,48,test,jG3utycNrc5PAJAWiovF.npy
JeFENOl9EC21b6lQLE1S,come,39,train,JeFENOl9EC21b6lQLE1S.npy
kNwijWhjmoS8QEwmMbGa,finish,84,train,kNwijWhjmoS8QEwmMbGa.npy
9Q6NFNHNrlAuRa1xH0lP,worse,39,val,9Q6NFNHNrlAuRa1xH0lP.npy
NetqYFVxLCOaSt37hO7V,close,60,train,NetqYFVxLCOaSt37hO7V.npy
qFlkMSfi8ul7Ce11Ie3l,bad,59,train,qFlkMSfi8ul7Ce11Ie3l.npy
HPE8WDQhPaNVyapMxcET,when,30,train,HPE8WDQhPaNVyapMxcET.npy
BLUvxtUgZZxonwFUGHvD,water,84,val,BLUvxtUgZZxonwFUGHvD.npy
l4ihTO2XmxOhjQCWdzy8,water,7,train,l4ihTO2XmxOhjQCWdzy8.npy
rK6qC7clBUoD7SFMek9X,big,57,test,rK6qC7clBUoD7SFMek9X.npy
57Ft08sHuGqmvyqJpiss,today,35,train,57Ft08sHuGqmvyqJpiss.npy
uC6bS6ZGLBMA9ykz5Xhj,sick,57,test,uC6bS6ZGLBMA9ykz5Xhj.npy
UuQN1qPfhY5JGNG51CdB,week,49,train,UuQN1qPfhY5JGNG51CdB.npy
WNkxNPDopCB7cJvXSC15,sick,62,train,WNkxNPDopCB7cJvXSC15.npy
3XWnYTN7HDBLgM1U4CkJ,test,62,train,3XWnYTN7HDBLgM1U4CkJ.npy
k8bL9M2OFWojvJMlsHeK,want,49,train,k8bL9M2OFWojvJMlsHeK.npy
56MBtJom6WiUT7v0tW3C,ask,39,train,56MBtJom6WiUT7v0tW3C.npy
82xalHUhQKaqYZ5n7yVH,baby,14,train,82xalHUhQKaqYZ5n7yVH.npy
iHs44kfF9k6zpYLAOgAB,water,84,train,iHs44kfF9k6zpYLAOgAB.npy
vtCh1k0vTCV9zjasvyLy,where,42,val,vtCh1k0vTCV9zjasvyLy.npy
vesSYaKqIgd67e5eEUAu,which,30,train,vesSYaKqIgd67e5eEUAu.npy
PwvfhAXa11rKJErcv5cl,walk,63,train,PwvfhAXa11rKJErcv5cl.npy
qZat9Qla5h5DMvH00rmQ,doctor,17,train,qZat9Qla5h5DMvH00rmQ.npy
0MvgLdYSFvJwriKpXN17,water,62,train,0MvgLdYSFvJwriKpXN17.npy
TXsB2gIMGoIg89jkFtZh,medicine,36,test,TXsB2gIMGoIg89jkFtZh.npy
8PKV6pSKUK7Brb14vUKz,wait,39,val,8PKV6pSKUK7Brb14vUKz.npy
qSNwhNBHVwKAi9xx24Sv,thank_you,12,train,qSNwhNBHVwKAi9xx24Sv.npy
4MlRJDAOi2MeNchqU7RX,breathe,49,train,4MlRJDAOi2MeNchqU7RX.npy
1YDW91wWn3Dg1bCzVmj7,understand,49,val,1YDW91wWn3Dg1bCzVmj7.npy
DrTBTFi80M3R4tLrGIWK,hospital,49,train,DrTBTFi80M3R4tLrGIWK.npy
8HGJ1OMM7gTElbEva8VE,sick,38,val,8HGJ1OMM7gTElbEva8VE.npy
j43HshjEaLK1bPDGj8Vc,big,30,train,j43HshjEaLK1bPDGj8Vc.npy
9yHaks7Z4yZt1wnKOIoR,morning,7,train,9yHaks7Z4yZt1wnKOIoR.npy
mYdd9GBwoY8ZLY9feKeO,sleep,57,test,mYdd9GBwoY8ZLY9feKeO.npy
rRt6HEw1ReGjA0Jn1OlK,baby,57,test,rRt6HEw1ReGjA0Jn1OlK.npy
1kJZq8DdZrdm5ZbWqEIs,again,84,train,1kJZq8DdZrdm5ZbWqEIs.npy
Nt2Uvk9tHx0P9czZgtyx,drink,88,train,Nt2Uvk9tHx0P9czZgtyx.npy
JexPCmyqwxbpbFO6BLoZ,sick,84,train,JexPCmyqwxbpbFO6BLoZ.npy
Q6IR9qt3bmHm1WkXJV6h,need,49,train,Q6IR9qt3bmHm1WkXJV6h.npy
vBWjF6VbkI0rESQV4Khc,help,17,val,vBWjF6VbkI0rESQV4Khc.npy
F8tufr4pM8zxJ5sCgJqj,finish,11,train,F8tufr4pM8zxJ5sCgJqj.npy
i6NVXdoTIR0X2GFhHyCX,face,42,val,i6NVXdoTIR0X2GFhHyCX.npy
28f7kBZIFyPT1T7EViqh,yes,39,val,28f7kBZIFyPT1T7EViqh.npy
2UsAP8IrYQHwSFi3m575,drink,30,train,2UsAP8IrYQHwSFi3m575.npy
nRoYXkhOy2fFWFgC3yjG,take,46,train,nRoYXkhOy2fFWFgC3yjG.npy
EjhOgU0FoyJHU99d0lCM,baby,50,test,EjhOgU0FoyJHU99d0lCM.npy
4FgYFZ2xW74wjLdL1FLh,hurt,11,train,4FgYFZ2xW74wjLdL1FLh.npy
tsL9PJmULxo2oGHwLBEx,where,38,train,tsL9PJmULxo2oGHwLBEx.npy
ERxWvMGvOA0sl8sNckyW,water,61,test,ERxWvMGvOA0sl8sNckyW.npy
rRbINzTy093uCScmyOP6,sick,39,train,rRbINzTy093uCScmyOP6.npy
S8UsEKGCJbkzjmFV3ZwR,cold,57,test,S8UsEKGCJbkzjmFV3ZwR.npy
nUHjRjJVaGWwLkVUfu7W,breathe,39,train,nUHjRjJVaGWwLkVUfu7W.npy
pN2TJpYKQ4C52QzJgSQK,baby,48,test,pN2TJpYKQ4C52QzJgSQK.npy
fnHQCVZsnv91Wd2v9JYa,tomorrow,39,val,fnHQCVZsnv91Wd2v9JYa.npy
MOHu4yHPfLLnC1lVJ2NJ,sleep,80,val,MOHu4yHPfLLnC1lVJ2NJ.npy
rjd7DJa3Z8mmHWx7N8Ta,head,53,test,rjd7DJa3Z8mmHWx7N8Ta.npy
RjJ4xnHQ1oMADyAK3ccS,day,39,val,RjJ4xnHQ1oMADyAK3ccS.npy
nvVBMUi6KPlKOqajA7qU,hands,8,train,nvVBMUi6KPlKOqajA7qU.npy
X6hFoHA9iabrJZJz6Eaj,finish,78,train,X6hFoHA9iabrJZJz6Eaj.npy
7giMWRjKLIlAA0wxZwbU,show,49,val,7giMWRjKLIlAA0wxZwbU.npy
HHYBaY7qVRUXEZVQyOiI,sharp,80,train,HHYBaY7qVRUXEZVQyOiI.npy
NS7Dm6LpcpCDzjrf7Czj,wait,7,train,NS7Dm6LpcpCDzjrf7Czj.npy
AN0zluCN8VBxR7M552W0,thank_you,39,train,AN0zluCN8VBxR7M552W0.npy
bV7oLIZoxRRnYJzpfEtp,weak,48,test,bV7oLIZoxRRnYJzpfEtp.npy
LPVOSS0WXIR6JJR8qcNz,now,39,train,LPVOSS0WXIR6JJR8qcNz.npy
Qm7y5lbb53U9BmXoPNi3,baby,62,train,Qm7y5lbb53U9BmXoPNi3.npy
hQQ6LmNEEtIVMd4BShWl,sleep,88,train,hQQ6LmNEEtIVMd4BShWl.npy
2EXokHfuNHA1Nokb8MdO,touch,23,train,2EXokHfuNHA1Nokb8MdO.npy
NaJNJZQxqpXI9KxTBR9v,finish,57,test,NaJNJZQxqpXI9KxTBR9v.npy
cErL2jqMre62P6uL7xH7,hurt,15,val,cErL2jqMre62P6uL7xH7.npy
sGegu2bHr4g1OOoSF9Fp,which,17,val,sGegu2bHr4g1OOoSF9Fp.npy
JQ05Q5S2psDFEASVVWx3,yesterday,49,val,JQ05Q5S2psDFEASVVWx3.npy
Aui9TkSpRZMGw6WPIQUi,face,53,test,Aui9TkSpRZMGw6WPIQUi.npy
36tdm1gZ0CQ59vXP3gpd,sleep,8,train,36tdm1gZ0CQ59vXP3gpd.npy
bRfXe6rTiPVPvNcf1ODF,long,59,val,bRfXe6rTiPVPvNcf1ODF.npy
1VbcQ7ae8eAv4yNprXnQ,bone,39,train,1VbcQ7ae8eAv4yNprXnQ.npy
znZWBiJw31JZ0rc8tMzW,sick,49,train,znZWBiJw31JZ0rc8tMzW.npy
tejEuuiRMSy2UShtfBdH,cold,39,train,tejEuuiRMSy2UShtfBdH.npy
KSZqnDbivdZXQQzuX1Gv,cold,35,val,KSZqnDbivdZXQQzuX1Gv.npy
yzmGVuNxKsZXRvqR6kmK,big,84,train,yzmGVuNxKsZXRvqR6kmK.npy
ZsmSP0MxvwdaPCTGOMEB,hour,84,train,ZsmSP0MxvwdaPCTGOMEB.npy
kgSVzDC8UZFw0PoLPFnM,dizzy,57,test,kgSVzDC8UZFw0PoLPFnM.npy
P8y82omiiZNUke841EYt,skin,84,train,P8y82omiiZNUke841EYt.npy
unBhjCMr4Ymgxg6b4QQ8,feel,57,test,unBhjCMr4Ymgxg6b4QQ8.npy
t8dSiZFtIydHK9ajpeNW,family,49,train,t8dSiZFtIydHK9ajpeNW.npy
YjyI0ALaXr7ToWXI87Zm,strong,49,train,YjyI0ALaXr7ToWXI87Zm.npy
NF2Iyo9zvdKoRNnTjkud,test,39,val,NF2Iyo9zvdKoRNnTjkud.npy
EeztRjN4sFgT4r34dMtn,again,61,test,EeztRjN4sFgT4r34dMtn.npy
SxqJpNsc1hm4yHBfc8E5,cold,49,train,SxqJpNsc1hm4yHBfc8E5.npy
meu7FTHCuz88Pw4YyLtd,tell,85,train,meu7FTHCuz88Pw4YyLtd.npy
eDKl6PFGxE3GYXNZ0Vph,now,23,val,eDKl6PFGxE3GYXNZ0Vph.npy
vQO65i9em33lKo4DwImG,move,48,test,vQO65i9em33lKo4DwImG.npy
IwykLsSBXYn6ctOChqCl,eyes,88,train,IwykLsSBXYn6ctOChqCl.npy
pQkTWSUrbm8TsrACDPXT,sorry,31,train,pQkTWSUrbm8TsrACDPXT.npy
Rb1nzsRRbrk4FozaYvL2,drink,39,train,Rb1nzsRRbrk4FozaYvL2.npy
0VXLRdnMlI8KQdUL7Ct1,afternoon,85,train,0VXLRdnMlI8KQdUL7Ct1.npy
amlfQYuEOzR8vhPrU96Q,tell,57,test,amlfQYuEOzR8vhPrU96Q.npy
fcT2nvBxYhpmC8Hb5IIL,sick,84,val,fcT2nvBxYhpmC8Hb5IIL.npy
2sPsDGVDW7MoIXC3AtNH,walk,12,val,2sPsDGVDW7MoIXC3AtNH.npy
gKF22eukindhFc9bQVo5,hot,54,train,gKF22eukindhFc9bQVo5.npy
pSuSiNPwDT5FdowgUrSU,give,57,test,pSuSiNPwDT5FdowgUrSU.npy
GrNKNqepzRE3LwYxqaAZ,yes,42,train,GrNKNqepzRE3LwYxqaAZ.npy
IuUYaV8Npdceyn7zRuUt,tired,88,train,IuUYaV8Npdceyn7zRuUt.npy
DWnBMea4ZMRIXNIE2oWT,where,78,train,DWnBMea4ZMRIXNIE2oWT.npy
7W98sijtaRoXDeyGu5oC,week,30,train,7W98sijtaRoXDeyGu5oC.npy
0m47KrzJpXjObEsBMXS6,come,31,train,0m47KrzJpXjObEsBMXS6.npy
WrWGbmKOSyzvQZ4rmuUM,open,49,val,WrWGbmKOSyzvQZ4rmuUM.npy
HDMflBiAjvZxWGXLS5kJ,hot,30,val,HDMflBiAjvZxWGXLS5kJ.npy
bMPtIM0PdmPrt7LeQj0a,year,17,train,bMPtIM0PdmPrt7LeQj0a.npy
GN56zOKzJuplMEYvXHnj,tired,62,train,GN56zOKzJuplMEYvXHnj.npy
YFMiXvCje8zRgRwp5rHl,wait,57,test,YFMiXvCje8zRgRwp5rHl.npy
JbiEPIauXrRs166M3HjZ,drink,38,val,JbiEPIauXrRs166M3HjZ.npy
RSiMpyYjFkdW35iS2S9c,water,57,test,RSiMpyYjFkdW35iS2S9c.npy
TDXb0wXzuoii8LZF2knI,need,17,train,TDXb0wXzuoii8LZF2knI.npy
MXuy32f9c5GkWfUBRPas,woman,61,test,MXuy32f9c5GkWfUBRPas.npy
vUMhlFHONTfKOUVKjLua,hands,39,val,vUMhlFHONTfKOUVKjLua.npy
uwToGxPnCqckchbipKxX,today,48,test,uwToGxPnCqckchbipKxX.npy
nPz4xXz9Bn5c33J9GmYD,breathe,84,val,nPz4xXz9Bn5c33J9GmYD.npy
MFNUSVXhDTmAC7cS2bwX,big,61,test,MFNUSVXhDTmAC7cS2bwX.npy
ViSgid1Xn3FBGpqJqJsI,feel,61,test,ViSgid1Xn3FBGpqJqJsI.npy
FTr8zM0HyK55uOIgHViz,help,48,test,FTr8zM0HyK55uOIgHViz.npy
arcXNgKILC8BIBvMQgmA,look,64,test,arcXNgKILC8BIBvMQgmA.npy
TdiDeuYIAtHYJIs64mD7,why,49,val,TdiDeuYIAtHYJIs64mD7.npy
irC1M6lxCwYbxPUmEppQ,finish,11,val,irC1M6lxCwYbxPUmEppQ.npy
PhalpNOyuH1yIv48U7Xn,when,17,train,PhalpNOyuH1yIv48U7Xn.npy
WtiULWyo4iwhAHQ9LzF2,tired,30,train,WtiULWyo4iwhAHQ9LzF2.npy
Eyd69gl0ILp2Ei3yp3LT,sick,48,test,Eyd69gl0ILp2Ei3yp3LT.npy
sj3ie2dl959zCrL7i8oT,skin,61,test,sj3ie2dl959zCrL7i8oT.npy
9egNLRdjk1JlT4vBr2rF,drink,39,train,9egNLRdjk1JlT4vBr2rF.npy
XbWXdQ4jEuqWfYHJAlDo,ask,17,train,XbWXdQ4jEuqWfYHJAlDo.npy
EyBOln8TBiX4pTnkx3f4,all,36,test,EyBOln8TBiX4pTnkx3f4.npy
N7GHDgM0v6ji86BEi6nK,where,54,train,N7GHDgM0v6ji86BEi6nK.npy
DygGjhxdk3MD9EQRoFk5,woman,61,test,DygGjhxdk3MD9EQRoFk5.npy
Da0ug4dtEQ6vQNDCVIlY,medicine,84,train,Da0ug4dtEQ6vQNDCVIlY.npy
ZrAh4cX1DYTGQHTxchwf,hospital,62,train,ZrAh4cX1DYTGQHTxchwf.npy
uQHWLXyb6REm3RO0V7Il,interpreter,36,test,uQHWLXyb6REm3RO0V7Il.npy
tnmwnjtPRdl8JVE2Npbs,feel,11,train,tnmwnjtPRdl8JVE2Npbs.npy
nS9V7cJCteGNCc5GV3CZ,understand,27,train,nS9V7cJCteGNCc5GV3CZ.npy
n6JGLanonMLFcLWs8pVp,bleed,30,train,n6JGLanonMLFcLWs8pVp.npy
eQlMZJuv4OvOFnLjYnQG,understand,17,train,eQlMZJuv4OvOFnLjYnQG.npy
qs7R4I9IhIFI6FvIAqBk,mother,88,train,qs7R4I9IhIFI6FvIAqBk.npy
LnhpAJKMXMlIAm4khhhv,glasses,38,train,LnhpAJKMXMlIAm4khhhv.npy
alk6MtfzRELEAyh1EHiT,sick,62,train,alk6MtfzRELEAyh1EHiT.npy
qp72IaOEPraXdQCRpkct,water,38,val,qp72IaOEPraXdQCRpkct.npy
ZAuxmVp48bInkfhHyRFl,woman,7,train,ZAuxmVp48bInkfhHyRFl.npy
WSTLPhKgn2mYe7zpg0oc,bathroom,49,train,WSTLPhKgn2mYe7zpg0oc.npy
rlsOnalrRe5Xs0DTJ00D,finish,62,train,rlsOnalrRe5Xs0DTJ00D.npy
UFt7EvDhIDxzBPjzbkFX,sleep,84,train,UFt7EvDhIDxzBPjzbkFX.npy
XzNIj1ESdwZRmUqHKWFC,why,42,train,XzNIj1ESdwZRmUqHKWFC.npy
xO69rlB9buqCjSLd5E7r,drink,48,test,xO69rlB9buqCjSLd5E7r.npy
PyJWFfuRl98vUbmijZ1T,ask,46,val,PyJWFfuRl98vUbmijZ1T.npy
YojMXkDYxs7daNKTx3zh,tired,88,val,YojMXkDYxs7daNKTx3zh.npy
OplYcpkvElJE2S9N93g2,want,35,train,OplYcpkvElJE2S9N93g2.npy
K7kyMKf35Dz0LGjBiZM4,baby,36,test,K7kyMKf35Dz0LGjBiZM4.npy
2gh4c2TODFwhOMuUyd0u,all,38,val,2gh4c2TODFwhOMuUyd0u.npy
rvK4hnUEooem9fbsPkXO,again,49,train,rvK4hnUEooem9fbsPkXO.npy
fCB9HAHGh58QdamyjfWS,feel,49,train,fCB9HAHGh58QdamyjfWS.npy
EjPT3Yoi0P1rxyaT2UT3,weak,57,test,EjPT3Yoi0P1rxyaT2UT3.npy
pVbf25R1bxzlLRojDDP9,sit,50,test,pVbf25R1bxzlLRojDDP9.npy
E8vMdopffNu7DwLJdUx3,man,11,val,E8vMdopffNu7DwLJdUx3.npy
dqnTUb6JG08c0f67CzIb,tomorrow,38,train,dqnTUb6JG08c0f67CzIb.npy
1Etzh5PqN9O8vNupcS0V,who,57,test,1Etzh5PqN9O8vNupcS0V.npy
sMsiJWarlxKPxzd9xDTX,touch,53,test,sMsiJWarlxKPxzd9xDTX.npy
DWOIbJV0XyonSSAqBOLt,day,62,train,DWOIbJV0XyonSSAqBOLt.npy
pL4HiTc4U4xqFZ6PVu3Y,help,85,train,pL4HiTc4U4xqFZ6PVu3Y.npy
ei2VunvNAfkOi4jQbtTl,day,48,test,ei2VunvNAfkOi4jQbtTl.npy
a6DJxVOoqrXzAFjxdeKw,skin,48,test,a6DJxVOoqrXzAFjxdeKw.npy
RGL81ZdLaflxbJgXS33v,water,61,test,RGL81ZdLaflxbJgXS33v.npy
CttFIkQ6C8skv1Dk43x5,hurt,60,val,CttFIkQ6C8skv1Dk43x5.npy
RqwwaerpDF4FUh2lTQ0g,understand,39,train,RqwwaerpDF4FUh2lTQ0g.npy
aNR7fblxCVr2uXf171lC,teeth,35,train,aNR7fblxCVr2uXf171lC.npy
uPQ5u0GGawWxR9Rfrcxm,stop,84,train,uPQ5u0GGawWxR9Rfrcxm.npy
ZmIsW93mviYR5TKLr5Q4,go,49,train,ZmIsW93mviYR5TKLr5Q4.npy
dFH0orhYeXxfcqNj8isZ,can,84,val,dFH0orhYeXxfcqNj8isZ.npy
anvL7Ida7qtKSXB0KgcH,finish,12,train,anvL7Ida7qtKSXB0KgcH.npy
pnVAMEL2zzJ5WDQnZdac,weak,84,train,pnVAMEL2zzJ5WDQnZdac.npy
QhnKnTgeLFFY0ZxwhXkH,bone,17,train,QhnKnTgeLFFY0ZxwhXkH.npy
yUELHdLiE1MUbyBrzSI8,no,52,val,yUELHdLiE1MUbyBrzSI8.npy
j93W2CfgAXKDycaIsEVb,feel,48,test,j93W2CfgAXKDycaIsEVb.npy
e29kjmgdpvthPZkZS2Hl,big,17,train,e29kjmgdpvthPZkZS2Hl.npy
aoBzyJphB9l4TOIvgKTm,head,84,train,aoBzyJphB9l4TOIvgKTm.npy
Aph1XSCqKjeR9mA3nbhz,family,59,val,Aph1XSCqKjeR9mA3nbhz.npy
e9B1rl5HYvLEGcUrUg68,finish,61,test,e9B1rl5HYvLEGcUrUg68.npy
ZrAgwvvhI3QShMyowmTV,long,39,train,ZrAgwvvhI3QShMyowmTV.npy
UmPPTtTceu6ueDO1GtUG,long,46,train,UmPPTtTceu6ueDO1GtUG.npy
T7sPRS1bw9EDbSF7xyQl,mouth,7,train,T7sPRS1bw9EDbSF7xyQl.npy
2Uv69WslkyzJM7ZsAHky,sorry,84,train,2Uv69WslkyzJM7ZsAHky.npy
jRplEmfOeWUaY82wEuLD,drink,57,test,jRplEmfOeWUaY82wEuLD.npy
gIjob1SazGQxQkEINf2V,drink,62,train,gIjob1SazGQxQkEINf2V.npy
IaBKY1RQco56OhgP4kVr,test,48,test,IaBKY1RQco56OhgP4kVr.npy
YHgaNWADZL7IYFNShNip,understand,57,test,YHgaNWADZL7IYFNShNip.npy
vjUnbwJzvugCHHbt2UC7,minute,11,val,vjUnbwJzvugCHHbt2UC7.npy
NvYSbN6zkfr5vJtDCXB4,give,64,test,NvYSbN6zkfr5vJtDCXB4.npy
4a9P4bwUnXze0W1lbTPP,hot,11,train,4a9P4bwUnXze0W1lbTPP.npy
LhnEct6l3RnEU0F0N4bt,cold,50,test,LhnEct6l3RnEU0F0N4bt.npy
ZgsXVAnbNuDJNNzKT2bj,cold,17,train,ZgsXVAnbNuDJNNzKT2bj.npy
6LnGEXfDnVBNeNrUf4p3,what,49,train,6LnGEXfDnVBNeNrUf4p3.npy
C0YVZmuGfvx8JEnpaIpL,doctor,62,train,C0YVZmuGfvx8JEnpaIpL.npy
FoTmsXwW1O6IyuTqLfe0,hands,46,val,FoTmsXwW1O6IyuTqLfe0.npy
7ZqvIMzOqnFHsoXd3QzR,finish,39,train,7ZqvIMzOqnFHsoXd3QzR.npy
QKXdYZG3Q86BctBAjXUI,light,30,train,QKXdYZG3Q86BctBAjXUI.npy
m8zRe6GIbG0lqvMFNXDO,understand,39,val,m8zRe6GIbG0lqvMFNXDO.npy
Ioubo5Mnqc6VI2snW8vp,who,80,train,Ioubo5Mnqc6VI2snW8vp.npy
hPou4UkelTPyBSWDHwlB,big,84,train,hPou4UkelTPyBSWDHwlB.npy
9VHqTqyrYsnAFgIKiAyS,sleep,88,val,9VHqTqyrYsnAFgIKiAyS.npy
r3gAh06D8TudXZgpTTNW,when,62,val,r3gAh06D8TudXZgpTTNW.npy
lmsooxMDtmQm607hq3O4,blood,7,train,lmsooxMDtmQm607hq3O4.npy
gqhwl22bpsezjKcV2Xmt,hot,48,test,gqhwl22bpsezjKcV2Xmt.npy
XfbP7RraZaKz1aQJGU2T,finish,84,val,XfbP7RraZaKz1aQJGU2T.npy
IqKAGsupZ5Y11U3l4ido,tongue,7,val,IqKAGsupZ5Y11U3l4ido.npy
5RSglay4iVeoGHPaqxdT,drink,30,train,5RSglay4iVeoGHPaqxdT.npy
Cl6wpskjFxw2HttgoRer,sick,57,test,Cl6wpskjFxw2HttgoRer.npy
4OBQSNVvWBFWpmgmtLrs,night,7,train,4OBQSNVvWBFWpmgmtLrs.npy
0dbVaeoj1qVxBvELOzc4,heart,38,train,0dbVaeoj1qVxBvELOzc4.npy
wRQ73YyMF5DursocckB3,month,31,train,wRQ73YyMF5DursocckB3.npy
5Wt2uEMotIP20YxF21TW,mother,11,train,5Wt2uEMotIP20YxF21TW.npy
zY0dJrY8Xw8zJNsUQGER,baby,62,val,zY0dJrY8Xw8zJNsUQGER.npy
tM9PuWZYnQKzD631VjIZ,drink,35,val,tM9PuWZYnQKzD631VjIZ.npy
jcVJtVeS6KynRdmiL8UG,sleep,84,train,jcVJtVeS6KynRdmiL8UG.npy
keCAB1H6fRN4NEbQruGc,back,38,val,keCAB1H6fRN4NEbQruGc.npy
DN9fipWvd86Wga3aOWWQ,morning,88,train,DN9fipWvd86Wga3aOWWQ.npy
1rZYQZ2PjMcSeNjgOqME,hurt,15,train,1rZYQZ2PjMcSeNjgOqME.npy
YT7do4csJp2s8ewVHKe5,hot,84,train,YT7do4csJp2s8ewVHKe5.npy
qOYAP5vEtLD0BV7xqagd,open,62,train,qOYAP5vEtLD0BV7xqagd.npy
sgXpjlZAIQtnYX9NZ4uO,water,57,test,sgXpjlZAIQtnYX9NZ4uO.npy
9aaQj2Nvak3C0vHNvJOe,please,39,train,9aaQj2Nvak3C0vHNvJOe.npy
epE9Fc5A9RsR7vASTwYw,baby,43,train,epE9Fc5A9RsR7vASTwYw.npy
uCDEZ20uhSFHlBQrSFIp,sick,31,train,uCDEZ20uhSFHlBQrSFIp.npy
pDdmjVemgsVCXujLXzlt,hospital,62,val,pDdmjVemgsVCXujLXzlt.npy
ru5SKNFkxNHj6qRnnlN3,please,84,train,ru5SKNFkxNHj6qRnnlN3.npy
Dkl97NC78FjB7j6HaNiE,day,7,train,Dkl97NC78FjB7j6HaNiE.npy
zq3KLO2eZ0noBPBBQvin,choke,63,train,zq3KLO2eZ0noBPBBQvin.npy
rv6jblgtQdbr4kpeZC9R,all,11,train,rv6jblgtQdbr4kpeZC9R.npy
yQhF7ZX0lPNllhM6r7Vq,water,64,test,yQhF7ZX0lPNllhM6r7Vq.npy
EOWTOxNZsJyku2gkML0f,sick,7,train,EOWTOxNZsJyku2gkML0f.npy
jBURkWAxn3FcWXUvnqOb,understand,42,val,jBURkWAxn3FcWXUvnqOb.npy
WncR6BPozE9mMWT7Qox7,finish,60,train,WncR6BPozE9mMWT7Qox7.npy
N6kWHLwPHAsPs1fKsDRx,close,53,test,N6kWHLwPHAsPs1fKsDRx.npy
q4xQHt4W34BKszticnch,hurt,8,train,q4xQHt4W34BKszticnch.npy
3Lb3cO6RbE7w7TkvQY10,family,57,test,3Lb3cO6RbE7w7TkvQY10.npy
9kZb7OMMTz93VJirXrTA,baby,30,train,9kZb7OMMTz93VJirXrTA.npy
rI5iAWQALv1Yy7mD4x5g,where,39,val,rI5iAWQALv1Yy7mD4x5g.npy
ALGkDRpvnkJ5jvyp9Jmj,blood,57,test,ALGkDRpvnkJ5jvyp9Jmj.npy
2zRH0Xm2qYFB309PZXSj,yes,46,train,2zRH0Xm2qYFB309PZXSj.npy
pZOAobfL3u6V9E01tD7i,drink,30,train,pZOAobfL3u6V9E01tD7i.npy
LDTDZSDiATvgeFnB9WZJ,feel,49,train,LDTDZSDiATvgeFnB9WZJ.npy
0tSkWdfde5KkhN05HBHW,sick,62,val,0tSkWdfde5KkhN05HBHW.npy
G23oGuYPpFt6N9Dwffs6,test,43,train,G23oGuYPpFt6N9Dwffs6.npy
oqTGEjtH93CvpxgUUnGm,long,57,test,oqTGEjtH93CvpxgUUnGm.npy
E7xRCTHZQ84D6ckx3iwr,eyes,7,train,E7xRCTHZQ84D6ckx3iwr.npy
BzvlMVhOzCnLoMnuAa8a,go,39,train,BzvlMVhOzCnLoMnuAa8a.npy
tqr8pb3Upe2IVWCfcsq0,baby,7,val,tqr8pb3Upe2IVWCfcsq0.npy
AEcj3ZosN4IaWuMf7VOE,pill,54,val,AEcj3ZosN4IaWuMf7VOE.npy
N6rt6XFaB6dLqAdyPBEB,open,62,val,N6rt6XFaB6dLqAdyPBEB.npy
MOUckS5guSP2HaS9AwIQ,understand,88,train,MOUckS5guSP2HaS9AwIQ.npy
b0exWO13RzNdl2AfV98b,headache,80,val,b0exWO13RzNdl2AfV98b.npy
0fsBRhYK6HIUanpG7pIw,understand,8,train,0fsBRhYK6HIUanpG7pIw.npy
vwNvvHEmgVlvmJ64iVnz,give,49,train,vwNvvHEmgVlvmJ64iVnz.npy
wwo984LRH4RgMhHyYLzl,sick,38,train,wwo984LRH4RgMhHyYLzl.npy
IyuV1PPv8d0mzVxwwBl3,man,50,test,IyuV1PPv8d0mzVxwwBl3.npy
T1HFwHvKhKHIr4g2lXTo,water,50,test,T1HFwHvKhKHIr4g2lXTo.npy
ulIshh1KGIUF5vxiC3uS,cold,84,val,ulIshh1KGIUF5vxiC3uS.npy
WoMVQgKklOY2yigfzgg2,hot,14,train,WoMVQgKklOY2yigfzgg2.npy
X61W6C9VllnVLSTUohXd,test,61,test,X61W6C9VllnVLSTUohXd.npy
iUuJUzhk1uYI9j07mWtN,nose,88,train,iUuJUzhk1uYI9j07mWtN.npy
ci3OdxcGVvg4a4Yq29ut,understand,57,test,ci3OdxcGVvg4a4Yq29ut.npy
ZoBSW11kCQaRbO9hxR10,need,17,train,ZoBSW11kCQaRbO9hxR10.npy
dj84l9gmsPjIK2Xt6RFv,walk,38,train,dj84l9gmsPjIK2Xt6RFv.npy
hTnSquIHiszKVtGwej1e,drink,78,train,hTnSquIHiszKVtGwej1e.npy
HqJswDBdY7jTUKGHLkYk,surgery,85,val,HqJswDBdY7jTUKGHLkYk.npy
A7DogtQVTjaJlbNkhKAI,mother,85,train,A7DogtQVTjaJlbNkhKAI.npy
lsMmVOEJUFyWR6pIZrnJ,water,8,train,lsMmVOEJUFyWR6pIZrnJ.npy
HUt36tlZsQZNrFHiHsAJ,who,35,train,HUt36tlZsQZNrFHiHsAJ.npy
l1lYPcUfrft7iHYmI0cg,hurt,57,test,l1lYPcUfrft7iHYmI0cg.npy
6tMre1gICW0TZmTppZnx,mouth,7,train,6tMre1gICW0TZmTppZnx.npy
8ocU5T2qc7ioecBpUWeH,today,39,val,8ocU5T2qc7ioecBpUWeH.npy
HUMRSw1TGkyfxjRWXgTA,drink,14,train,HUMRSw1TGkyfxjRWXgTA.npy
IOJYpFfUp6Wpp8WX9FHG,day,7,train,IOJYpFfUp6Wpp8WX9FHG.npy
wqrW108yhymTLUzpOkyT,tongue,49,train,wqrW108yhymTLUzpOkyT.npy
US21QL0009nVTr9pm1yX,open,42,train,US21QL0009nVTr9pm1yX.npy
xwKJunUYTNZ9KlEkOgMn,father,11,train,xwKJunUYTNZ9KlEkOgMn.npy
NviTNnIVZQjO0KZTKFqF,big,59,val,NviTNnIVZQjO0KZTKFqF.npy
1xcwIRQXio6LQfZnHQ37,sick,8,train,1xcwIRQXio6LQfZnHQ37.npy
SysztM5BgY8cApMxrLBj,doctor,49,train,SysztM5BgY8cApMxrLBj.npy
xrENXhFrofrCwXd2W5TW,yes,57,test,xrENXhFrofrCwXd2W5TW.npy
poSLq222mjxiVSkE66oe,not,62,val,poSLq222mjxiVSkE66oe.npy
pdOeue0WmeUWGd05qyGP,family,60,train,pdOeue0WmeUWGd05qyGP.npy
76PVE2hTZnonsbrAMP2p,now,39,train,76PVE2hTZnonsbrAMP2p.npy
uUNnC25Hua3O28dZCFtO,today,54,train,uUNnC25Hua3O28dZCFtO.npy
TwbWPRLfZnqAYTWdDO32,long,84,train,TwbWPRLfZnqAYTWdDO32.npy
PiAfyc07crH2LSiIInh1,understand,39,train,PiAfyc07crH2LSiIInh1.npy
Dh6t5zkRexrrZLpaB0aU,family,31,train,Dh6t5zkRexrrZLpaB0aU.npy
eJ1uuIeTwlhY7bxu9I8i,hurt,57,test,eJ1uuIeTwlhY7bxu9I8i.npy
cH8vtFF3zlzNvhJ7iRH5,finish,48,test,cH8vtFF3zlzNvhJ7iRH5.npy
OuLTTqWwGMR6zSBuuKX5,water,23,train,OuLTTqWwGMR6zSBuuKX5.npy
QMBWP78F7YrZvYmAr1Pr,ask,17,val,QMBWP78F7YrZvYmAr1Pr.npy
P9HaxeCVH97IBHFvBY2R,move,84,train,P9HaxeCVH97IBHFvBY2R.npy
1ErMiDUcBav6FScgcm6Y,no,31,train,1ErMiDUcBav6FScgcm6Y.npy
bZnkAa8063zupCRgoOsC,water,7,train,bZnkAa8063zupCRgoOsC.npy
1nFblJDj3oq5bvDOWAOG,much,88,val,1nFblJDj3oq5bvDOWAOG.npy
BUKFddVGScya5Vnb3vzF,all,52,train,BUKFddVGScya5Vnb3vzF.npy
LQDwhYtGCJK0BvKQuRKW,big,59,train,LQDwhYtGCJK0BvKQuRKW.npy
EuiiT40GbAfRU4nf03Cl,man,57,test,EuiiT40GbAfRU4nf03Cl.npy
i332a0gASQYjBGnGNz3a,hurt,61,test,i332a0gASQYjBGnGNz3a.npy
FYHJ4jMm164IE3V2IjPa,heart,23,train,FYHJ4jMm164IE3V2IjPa.npy
c9ByjSRcWhVdgN9MQWwy,water,57,test,c9ByjSRcWhVdgN9MQWwy.npy
nhXGiF8mYBACN6cdGzSH,day,46,val,nhXGiF8mYBACN6cdGzSH.npy
GThdNugWG8TAHeLMbUtj,touch,35,train,GThdNugWG8TAHeLMbUtj.npy
dY0O0SRh424QWv2kREHm,choke,61,test,dY0O0SRh424QWv2kREHm.npy
NTgmFl131XZ2j2jA025Z,baby,49,train,NTgmFl131XZ2j2jA025Z.npy
kddivYkSaqCrnjH24iNo,woman,43,train,kddivYkSaqCrnjH24iNo.npy
0YMpFEVxGhBgeDYVzOxK,walk,50,test,0YMpFEVxGhBgeDYVzOxK.npy
6zCoaSdLfV0EKbBrTPQR,family,35,train,6zCoaSdLfV0EKbBrTPQR.npy
YUy9czUHsjhDS5VFjMFl,sleep,62,train,YUy9czUHsjhDS5VFjMFl.npy
VCVLxEmPeI47xVMWUU3d,blood,61,test,VCVLxEmPeI47xVMWUU3d.npy
0WUCQg3Q3wVtH7zYKzgY,stop,17,val,0WUCQg3Q3wVtH7zYKzgY.npy
gVRa4QQtWv7IdUjJFnCS,move,33,test,gVRa4QQtWv7IdUjJFnCS.npy
iIsdieJxh8A3rKBl5xNa,cold,35,train,iIsdieJxh8A3rKBl5xNa.npy
AN8ibceYVPzCqRoDAg8z,need,61,test,AN8ibceYVPzCqRoDAg8z.npy
HKrJUkRgG8MadNMUNKfO,start,31,train,HKrJUkRgG8MadNMUNKfO.npy
DeLjN6921pQl0AQe6b42,hurt,88,val,DeLjN6921pQl0AQe6b42.npy
FSKDjBzDLx81sq0nLcKi,doctor,59,val,FSKDjBzDLx81sq0nLcKi.npy
p90bcbfERyRiKWW0aCEQ,day,7,train,p90bcbfERyRiKWW0aCEQ.npy
JHShgvhKAS4P4kbn9wfD,water,84,val,JHShgvhKAS4P4kbn9wfD.npy
k3NHNqUFC5KKdSE71TEz,sick,84,train,k3NHNqUFC5KKdSE71TEz.npy
j2Sv3aUARzpukEdWv1NF,move,63,train,j2Sv3aUARzpukEdWv1NF.npy
a4ubfgx9hy1Nyji6nuA6,drink,78,train,a4ubfgx9hy1Nyji6nuA6.npy
CYH8jgrqXQXukeofVGEK,eyes,61,test,CYH8jgrqXQXukeofVGEK.npy
9xFcgk8lm9TDSY9jHMFA,head,84,train,9xFcgk8lm9TDSY9jHMFA.npy
mLdviupYhKAjT8gkwfd4,cold,84,train,mLdviupYhKAjT8gkwfd4.npy
UEJnaHA28YBcB5Cjq9PS,baby,8,train,UEJnaHA28YBcB5Cjq9PS.npy
JVHXFMV38a5eUq8rhyLO,hot,78,val,JVHXFMV38a5eUq8rhyLO.npy
R7z9lmD69JYtoY28kHjo,year,78,val,R7z9lmD69JYtoY28kHjo.npy
8VXtIhD4Ybz1QbMsrH61,breathe,88,train,8VXtIhD4Ybz1QbMsrH61.npy
eKD8TFyfgbXruL9IiANY,big,30,train,eKD8TFyfgbXruL9IiANY.npy
c5HNsHoxFnsEcXkKwVoy,sleep,61,test,c5HNsHoxFnsEcXkKwVoy.npy
S1uL9q6B5XdB2geCTTi7,tell,39,val,S1uL9q6B5XdB2geCTTi7.npy
fbgRoUOt3psvf2VMfHBj,hot,48,test,fbgRoUOt3psvf2VMfHBj.npy
UafsUV7RNpv6BDqzbuNX,sick,31,train,UafsUV7RNpv6BDqzbuNX.npy
WNMd4vNk5VZhgq1OrSUN,family,62,val,WNMd4vNk5VZhgq1OrSUN.npy
fypfOtLte0oJbiLD6pZd,bed,38,train,fypfOtLte0oJbiLD6pZd.npy
9jUHGUJRh2HK4DzC7dSl,hands,84,train,9jUHGUJRh2HK4DzC7dSl.npy
9rIc3VQH2DwtTSmY6kFP,which,17,train,9rIc3VQH2DwtTSmY6kFP.npy
nloA9XxqMyW5M8AdN0ql,sick,35,val,nloA9XxqMyW5M8AdN0ql.npy
n15UyvMarUrXiVp57QFz,maybe,49,train,n15UyvMarUrXiVp57QFz.npy
RFUuX2JJkIoV11PSayvF,strong,30,val,RFUuX2JJkIoV11PSayvF.npy
pFryXYEzoOzPf81vTEJS,blood,31,train,pFryXYEzoOzPf81vTEJS.npy
Is6YtdOfEZsxpXusyo6T,open,88,train,Is6YtdOfEZsxpXusyo6T.npy
nza5eW65JeoWLbmIqJOE,always,17,train,nza5eW65JeoWLbmIqJOE.npy
JIaXpfJ0wcom16kFwuvf,help,49,train,JIaXpfJ0wcom16kFwuvf.npy
Av0bb9aJX5xBi4ZKHBvH,hurt,7,train,Av0bb9aJX5xBi4ZKHBvH.npy
qklTlk43OJIlmjAGa5Bm,can,42,train,qklTlk43OJIlmjAGa5Bm.npy
nXp7OaHQYiKMeuFmDg0c,baby,48,test,nXp7OaHQYiKMeuFmDg0c.npy
jwHxlvNnCsi5f9qtBIjs,sick,76,train,jwHxlvNnCsi5f9qtBIjs.npy
14tf8OGClUTxUVfBTBS4,finish,42,train,14tf8OGClUTxUVfBTBS4.npy
mo2Gm7NsgCVfSXsEgmJe,long,39,train,mo2Gm7NsgCVfSXsEgmJe.npy
YBCcrdtQTptssYRqE72x,sleep,7,train,YBCcrdtQTptssYRqE72x.npy
4YJUFIYCBsRBhyShotr9,hurt,8,train,4YJUFIYCBsRBhyShotr9.npy
I0rqFWHVpTJhoEl9EV33,hospital,49,train,I0rqFWHVpTJhoEl9EV33.npy
vOdKxgbfJVCpuxKcynW7,can,42,train,vOdKxgbfJVCpuxKcynW7.npy
68ExJbrWSTqVRAoe6pVR,finish,62,train,68ExJbrWSTqVRAoe6pVR.npy
r2J3xzWsADSHcJASFVry,test,49,train,r2J3xzWsADSHcJASFVry.npy
2JgY87WYiGZie12ffWQW,hurt,62,train,2JgY87WYiGZie12ffWQW.npy
nU9G9MyB5jybpM1fbkaV,hurt,7,train,nU9G9MyB5jybpM1fbkaV.npy
0rVzCsfgntDaoQhPq8we,much,35,train,0rVzCsfgntDaoQhPq8we.npy
NpcgYikU9DtOyp57o9D5,year,11,train,NpcgYikU9DtOyp57o9D5.npy
rIy76M50nofOrpXP9rUo,bed,49,val,rIy76M50nofOrpXP9rUo.npy
HRxQTXVRWaQcJAtB49DT,ask,84,train,HRxQTXVRWaQcJAtB49DT.npy
cKRATAlamdvRClMMittU,choke,78,train,cKRATAlamdvRClMMittU.npy
doXwG2Xp2zhkS62cL5o6,water,49,train,doXwG2Xp2zhkS62cL5o6.npy
NJfRmNoVfCqJJhjcACq2,breathe,39,train,NJfRmNoVfCqJJhjcACq2.npy
CdfYdrEEgSSnllLJ9ZsS,walk,50,test,CdfYdrEEgSSnllLJ9ZsS.npy
a2ROcGU9P24jF9GpDy61,food,39,val,a2ROcGU9P24jF9GpDy61.npy
1eHbeg3AMf6vaFaqVrH8,some,49,train,1eHbeg3AMf6vaFaqVrH8.npy
INuGdZGMOhXmrYCJrX8U,hurt,17,val,INuGdZGMOhXmrYCJrX8U.npy
6lWxGM9OZFJsXisIju9K,more,17,val,6lWxGM9OZFJsXisIju9K.npy
JG3cpmhV1aXxJJpNYxHF,doctor,62,train,JG3cpmhV1aXxJJpNYxHF.npy
cPCXLorIxnnpnvQQF0sO,water,49,train,cPCXLorIxnnpnvQQF0sO.npy
NM3ULSfxJV5Jhe0mRz1x,show,57,test,NM3ULSfxJV5Jhe0mRz1x.npy
gdneTRY5lopenk31DRUP,bed,88,train,gdneTRY5lopenk31DRUP.npy
m6Pab27hwzugVimRqXnZ,hurt,84,train,m6Pab27hwzugVimRqXnZ.npy
bvTQo3viYnbQWdFVyFFf,when,57,test,bvTQo3viYnbQWdFVyFFf.npy
mhdEFqTIp2ULZMy2BYZL,family,11,train,mhdEFqTIp2ULZMy2BYZL.npy
1pT7ySGca8hKkDTlsKXp,go,88,val,1pT7ySGca8hKkDTlsKXp.npy
3qNHFdSfGDPAW9nqgV6x,move,30,val,3qNHFdSfGDPAW9nqgV6x.npy
8ZBNtEjk3EP4sHXPflo7,week,11,train,8ZBNtEjk3EP4sHXPflo7.npy
STM5kcQF3FWLXcSuyatH,bed,46,train,STM5kcQF3FWLXcSuyatH.npy
9iareBOgFC26lwnBcDNF,who,39,val,9iareBOgFC26lwnBcDNF.npy
XCd2i0uQdfclSkcqpXDf,bad,85,val,XCd2i0uQdfclSkcqpXDf.npy
mLtebLZJVYZhQvCL0ZPb,ask,7,train,mLtebLZJVYZhQvCL0ZPb.npy
pjxK18ThGxrta2PQn0ps,baby,42,train,pjxK18ThGxrta2PQn0ps.npy
ExpwNd1WEpR0hLOEng7c,again,85,train,ExpwNd1WEpR0hLOEng7c.npy
KxxTuX0k1tOwkaAmC9Cq,mother,78,val,KxxTuX0k1tOwkaAmC9Cq.npy
ft6kCeVAOy5n4kxp0clQ,sick,53,test,ft6kCeVAOy5n4kxp0clQ.npy
7GgmjhcI02lJXdUXoM7N,big,49,train,7GgmjhcI02lJXdUXoM7N.npy
WVaMGqeT2nXLI2gSIQ3q,sit,11,val,WVaMGqeT2nXLI2gSIQ3q.npy
cMUT700oPpIsaqPrrTwG,walk,62,train,cMUT700oPpIsaqPrrTwG.npy
d4etwMUA4OpwaoaZ0O98,bad,30,train,d4etwMUA4OpwaoaZ0O98.npy
uOXQYB6oF4P9LzsfPbVG,yes,38,train,uOXQYB6oF4P9LzsfPbVG.npy
qwYf8ptGCYfI4YK8hAwg,better,33,test,qwYf8ptGCYfI4YK8hAwg.npy
1KfWrO8uytjyxL9sDs7z,dentist,80,train,1KfWrO8uytjyxL9sDs7z.npy
K0reUXSk8RmAwGyx5oLx,hot,17,train,K0reUXSk8RmAwGyx5oLx.npy
ORK84GV7nDJxeGJ8o8CH,finish,46,val,ORK84GV7nDJxeGJ8o8CH.npy
w3aKP4d9Qzwh5s9W2MF4,help,17,train,w3aKP4d9Qzwh5s9W2MF4.npy
ILCcyCfyOBOY4MTK88cl,bad,80,train,ILCcyCfyOBOY4MTK88cl.npy
cPozyL1TsVP0faTYgUNh,glasses,49,train,cPozyL1TsVP0faTYgUNh.npy
nOjW9VBfvfiNoJqCaq0g,take,50,test,nOjW9VBfvfiNoJqCaq0g.npy
LC1hF7EWbNCpDyT18uLA,walk,59,train,LC1hF7EWbNCpDyT18uLA.npy
4QnddCmCwM6MxSGCdPzi,test,49,train,4QnddCmCwM6MxSGCdPzi.npy
jhMLCTm4VXtTEYEH5f4D,now,30,train,jhMLCTm4VXtTEYEH5f4D.npy
LVLHpOHzDEfUx1kA7B6n,big,35,val,LVLHpOHzDEfUx1kA7B6n.npy
nXSGrye05ydMe32suSi2,come,36,test,nXSGrye05ydMe32suSi2.npy
03F54pTYO23GiF2eGikc,drink,52,val,03F54pTYO23GiF2eGikc.npy
RHEOScGE9g8gVWERDryw,open,84,train,RHEOScGE9g8gVWERDryw.npy
ucmWtu5JP82lZ96zgiOv,give,17,val,ucmWtu5JP82lZ96zgiOv.npy
Pn03OSePBP0at7wY3E9T,help,35,val,Pn03OSePBP0at7wY3E9T.npy
98ydNNW8JjJaa69VNXkm,drink,31,train,98ydNNW8JjJaa69VNXkm.npy
DFIVC2kjuXYpwWaiJZGP,cold,7,train,DFIVC2kjuXYpwWaiJZGP.npy
SEyUQg4HqkIYVISLd4zl,wait,84,train,SEyUQg4HqkIYVISLd4zl.npy
NoblnJ8yXHSb4VQ8dBbQ,head,46,val,NoblnJ8yXHSb4VQ8dBbQ.npy
QbUJoFwJWRnaYVuMADee,need,17,val,QbUJoFwJWRnaYVuMADee.npy
zoHHWgQ9DZmAzKMx2J4X,baby,62,val,zoHHWgQ9DZmAzKMx2J4X.npy
LwHD3EsEr5rjICfY68Sc,not,49,train,LwHD3EsEr5rjICfY68Sc.npy
5ts7Rc9rfDD7kG79H1qj,baby,84,train,5ts7Rc9rfDD7kG79H1qj.npy
ORTC8rI83S4zuKfQ1ldL,medicine,76,val,ORTC8rI83S4zuKfQ1ldL.npy
OLYzlSqGY86DnYhn1Afz,long,12,val,OLYzlSqGY86DnYhn1Afz.npy
H6l8iqEXMxXryE5wFuSE,woman,78,val,H6l8iqEXMxXryE5wFuSE.npy
U2kq6zh0xzONq7E44u5W,understand,62,train,U2kq6zh0xzONq7E44u5W.npy
QEf7mDZZwYei8WrZmS02,mother,49,train,QEf7mDZZwYei8WrZmS02.npy
XstEpfyDZOxiWhPl5YwZ,understand,50,test,XstEpfyDZOxiWhPl5YwZ.npy
iEq5XRVHTQmyq0AyCYvN,cold,78,val,iEq5XRVHTQmyq0AyCYvN.npy
wi5xg0rEhm1STP1QeHQA,vomit,88,val,wi5xg0rEhm1STP1QeHQA.npy
D8yWadYVYjRLF5Z9ymyJ,give,57,test,D8yWadYVYjRLF5Z9ymyJ.npy
FCCX03DhDKdvFDxDXBbO,mouth,46,val,FCCX03DhDKdvFDxDXBbO.npy
ZjqseUukKDuPIxvZ5ap1,hot,88,train,ZjqseUukKDuPIxvZ5ap1.npy
CZTN0vLenrRAKsYUQbM9,now,49,train,CZTN0vLenrRAKsYUQbM9.npy
C013fATLVcHrGFjqYwua,all,35,train,C013fATLVcHrGFjqYwua.npy
Zl1Ur79GC64Qjn1OGaoD,bad,11,train,Zl1Ur79GC64Qjn1OGaoD.npy
9Jzc3NhJY3coI2Jz88Nl,bed,49,train,9Jzc3NhJY3coI2Jz88Nl.npy
IZGSAyMXDE3wEvdAPuTo,look,49,train,IZGSAyMXDE3wEvdAPuTo.npy
x1oIj9fzULhZOMWW8gWe,pain,39,train,x1oIj9fzULhZOMWW8gWe.npy
dpTQDfZeWtZKFacePIkv,heart,39,train,dpTQDfZeWtZKFacePIkv.npy
ehlGWM9H7oty96duD1oT,drink,84,train,ehlGWM9H7oty96duD1oT.npy
Jkdh72KmjcQBjuGwK3Vq,show,62,train,Jkdh72KmjcQBjuGwK3Vq.npy
tH1QdauUH0JYzbqQhgpQ,look,57,test,tH1QdauUH0JYzbqQhgpQ.npy
iSIZ5uscn9wRwEjiNGfD,baby,49,train,iSIZ5uscn9wRwEjiNGfD.npy
zsdWSo2K2RVluwWzjVBW,cold,57,test,zsdWSo2K2RVluwWzjVBW.npy
eCw80Xunj9NWExpuhRXi,better,35,train,eCw80Xunj9NWExpuhRXi.npy
ZJoNSoCI2Zd9amMnwCUw,blood,88,train,ZJoNSoCI2Zd9amMnwCUw.npy
SocISiuJAootfGw1W7IV,family,49,train,SocISiuJAootfGw1W7IV.npy
GNPoGBfZbMP1eZ0p0xKf,night,62,train,GNPoGBfZbMP1eZ0p0xKf.npy
n6pIEJUdcPA0PhIcQwGC,day,62,train,n6pIEJUdcPA0PhIcQwGC.npy
ZmA7Cr7FV3NRyMaSk2ns,open,31,val,ZmA7Cr7FV3NRyMaSk2ns.npy
Hp1d5ZnjP7jez9S2tS4w,sit,88,train,Hp1d5ZnjP7jez9S2tS4w.npy
fffoztxf6aafe7IVV2tn,dentist,78,val,fffoztxf6aafe7IVV2tn.npy
2QIjRxwoFMSHgHqFDkXQ,sleep,38,val,2QIjRxwoFMSHgHqFDkXQ.npy
5iHYSJelm5jwiyr2VlmF,sit,39,train,5iHYSJelm5jwiyr2VlmF.npy
4Ah0t5l9IKOr8cqG3ePl,teeth,50,test,4Ah0t5l9IKOr8cqG3ePl.npy
bos02TBtfzrJswpgsXHT,now,62,val,bos02TBtfzrJswpgsXHT.npy
6BqchABpaq7NOTUDhvpT,medicine,30,train,6BqchABpaq7NOTUDhvpT.npy
Y9wkAX7Kh8ox8plluHz0,move,53,test,Y9wkAX7Kh8ox8plluHz0.npy
L4wIoCBswFFOUGnFkVyB,hurt,52,train,L4wIoCBswFFOUGnFkVyB.npy
f8VOIcZWxpaq32ChgTGV,medicine,78,train,f8VOIcZWxpaq32ChgTGV.npy
lSHxDBQLfgeIHbQdLIzJ,worse,88,train,lSHxDBQLfgeIHbQdLIzJ.npy
ilQ0e1V5240LYVKFewa0,start,84,val,ilQ0e1V5240LYVKFewa0.npy
ZI2Cl9xZNz0IsZBRU65p,again,49,val,ZI2Cl9xZNz0IsZBRU65p.npy
eNjsRcOWiCe2CaCfjZO8,eyes,84,train,eNjsRcOWiCe2CaCfjZO8.npy
emWUrrv7MvK8OwFVuG4h,come,39,val,emWUrrv7MvK8OwFVuG4h.npy
10wHEGRCO3SlyDSUp8En,who,30,train,10wHEGRCO3SlyDSUp8En.npy
ZLVpU61TxYHnpRQtsIQr,mother,49,train,ZLVpU61TxYHnpRQtsIQr.npy
82a0UMRFZ7AGs2s4Ykso,finish,17,train,82a0UMRFZ7AGs2s4Ykso.npy
Ksf4ctsDg7ARNoD0II4W,breathe,46,train,Ksf4ctsDg7ARNoD0II4W.npy
vUXySxZcN5dgPudbsBsc,show,7,train,vUXySxZcN5dgPudbsBsc.npy
5EG1ctAfan5vw02Z4OYK,hurt,62,train,5EG1ctAfan5vw02Z4OYK.npy
ZO7rK3RMCrLkrYVwkQ5L,all,62,train,ZO7rK3RMCrLkrYVwkQ5L.npy
wdhg54ui5hzPTNRyBsPU,help,53,test,wdhg54ui5hzPTNRyBsPU.npy
mqqud1gmtIRmH2AEl4xC,needle,53,test,mqqud1gmtIRmH2AEl4xC.npy
4SnoqxlNlNu5FMPb90uz,sick,43,train,4SnoqxlNlNu5FMPb90uz.npy
jGm1F63STQ6SHEfyVMm1,eyes,57,test,jGm1F63STQ6SHEfyVMm1.npy
fXwPChf9WktHwerASOPp,all,84,val,fXwPChf9WktHwerASOPp.npy
o9GMrQvk3yYZSTOeRqbZ,water,49,train,o9GMrQvk3yYZSTOeRqbZ.npy
CY3gDvMAqjXjR7DNyNZp,blood,60,val,CY3gDvMAqjXjR7DNyNZp.npy
1MzqgNV8mAnBYDV5SYiZ,water,84,val,1MzqgNV8mAnBYDV5SYiZ.npy
rH83YbjwGp6fjTMvNBd7,minute,39,train,rH83YbjwGp6fjTMvNBd7.npy
j74oJyw5fMFbZLCTg8cJ,show,39,val,j74oJyw5fMFbZLCTg8cJ.npy
UShjUIsFsxwX8DJWEadm,thank_you,7,train,UShjUIsFsxwX8DJWEadm.npy
wQk95XRHYJ2PyhNAVv7r,vomit,49,train,wQk95XRHYJ2PyhNAVv7r.npy
KQdK3UZqZkm92qxNxzoT,hospital,49,train,KQdK3UZqZkm92qxNxzoT.npy
gzgII9HhXByrGmEdxqU0,breathe,39,val,gzgII9HhXByrGmEdxqU0.npy
Ox0Feq88p2Vtk6u5FDes,day,57,test,Ox0Feq88p2Vtk6u5FDes.npy
rb3Mk788vFqMovuk5Vtm,when,62,train,rb3Mk788vFqMovuk5Vtm.npy
6sRx9fieDZoKQaMGi2Eo,help,49,train,6sRx9fieDZoKQaMGi2Eo.npy
YBaJcgEW4JvO7TwPn62f,where,39,train,YBaJcgEW4JvO7TwPn62f.npy
px2Fqu24lk20Kp1PQzWP,hot,49,val,px2Fqu24lk20Kp1PQzWP.npy
BSKOtzFWsyaB8Wt7gkE4,blood,30,train,BSKOtzFWsyaB8Wt7gkE4.npy
CBVXGMEAnNclCzexnZJZ,drink,14,train,CBVXGMEAnNclCzexnZJZ.npy
6JHWCnRREFZtpOtJmbdY,medicine,12,train,6JHWCnRREFZtpOtJmbdY.npy
sngfXGQIMIPMZC6SCqna,why,31,train,sngfXGQIMIPMZC6SCqna.npy
ZTnzPeNC5eH93C2gih3Z,cough,88,train,ZTnzPeNC5eH93C2gih3Z.npy
wBj8uzfNCj24fAfdLaev,feet,46,train,wBj8uzfNCj24fAfdLaev.npy
3E38L3AIrYVwNyqElSlj,strong,84,train,3E38L3AIrYVwNyqElSlj.npy
LKDxAYu03S3NN6BvmZe1,give,31,train,LKDxAYu03S3NN6BvmZe1.npy
853LpIG6njeKqhUViXwR,understand,57,test,853LpIG6njeKqhUViXwR.npy
7SjC4wqyO97egxLGE5Yz,wait,31,val,7SjC4wqyO97egxLGE5Yz.npy
1Ul1RBmegrt35sOFLy7s,face,35,train,1Ul1RBmegrt35sOFLy7s.npy
21pxxhqC432xr4qljPv5,touch,31,val,21pxxhqC432xr4qljPv5.npy
QnVtKYm3t4UTf1l5hdvA,big,35,train,QnVtKYm3t4UTf1l5hdvA.npy
LCu3U4oMBhjSWW3RZI0I,sick,30,train,LCu3U4oMBhjSWW3RZI0I.npy
3FfYrQ1Q3T8yf0Kjnm0u,dizzy,84,train,3FfYrQ1Q3T8yf0Kjnm0u.npy
WpgQtqpeDdhKsyPU0i1V,hurt,88,train,WpgQtqpeDdhKsyPU0i1V.npy
mLIM7J2yTQFS7VYuJaol,baby,30,train,mLIM7J2yTQFS7VYuJaol.npy
YuK8c8fB4E7kddbMNtod,light,57,test,YuK8c8fB4E7kddbMNtod.npy
OhXDuCEi6vEvFqIbWi2S,hands,48,test,OhXDuCEi6vEvFqIbWi2S.npy
tN769sT2anIiyqFGj4hb,hurt,53,test,tN769sT2anIiyqFGj4hb.npy
IJQCIqztGuwzZvVXtdWX,cough,49,train,IJQCIqztGuwzZvVXtdWX.npy
3QAEL70w7dBwtBDjSRsC,water,88,train,3QAEL70w7dBwtBDjSRsC.npy
aRhPwbLaGUnuirpJO6qG,knee,63,train,aRhPwbLaGUnuirpJO6qG.npy
8wZ0femrx1pvgk9fnnsf,hot,17,train,8wZ0femrx1pvgk9fnnsf.npy
j4FyUwqO8OBObqupjJjO,how,46,train,j4FyUwqO8OBObqupjJjO.npy
AO8C1mNhb00hz9eGZ0iE,sit,46,train,AO8C1mNhb00hz9eGZ0iE.npy
8Wu3Gsp2WbivqCiVyxZ8,month,49,val,8Wu3Gsp2WbivqCiVyxZ8.npy
4QFIDQz11X9FIOlMkZzO,want,11,train,4QFIDQz11X9FIOlMkZzO.npy
DtUxAAsFS9VUokgJ76L7,sit,12,val,DtUxAAsFS9VUokgJ76L7.npy
gbJf5I8d9M9LZAbyF1ls,man,61,test,gbJf5I8d9M9LZAbyF1ls.npy
Oyiij8fv9FF2dwu9sbhx,sick,38,val,Oyiij8fv9FF2dwu9sbhx.npy
rKrhnezAKEAv7yqoLk6b,hurt,31,train,rKrhnezAKEAv7yqoLk6b.npy
RIORG4HLWJcLh6TvH1Az,sometimes,49,val,RIORG4HLWJcLh6TvH1Az.npy
UlHpoTNLtTkyEYwMrscG,water,84,train,UlHpoTNLtTkyEYwMrscG.npy
4c0GXArZ8c9Shs2pcEZm,need,7,train,4c0GXArZ8c9Shs2pcEZm.npy
ZDJ0r9V0DYkklzdmKJo7,move,53,test,ZDJ0r9V0DYkklzdmKJo7.npy
RzdOLQETQ8IbkHDTK93R,sharp,7,train,RzdOLQETQ8IbkHDTK93R.npy
kEnLzf4yOoNHgVcxS1aQ,hot,8,train,kEnLzf4yOoNHgVcxS1aQ.npy
M7gQBdzyd6zZCm09omjN,yes,80,val,M7gQBdzyd6zZCm09omjN.npy
U1HJSMOKCRs59P9nNNx9,glasses,80,train,U1HJSMOKCRs59P9nNNx9.npy
7NbbGVaPzBJ5yv7hKQfm,open,80,train,7NbbGVaPzBJ5yv7hKQfm.npy
SypZTy53tdtDKSzRgZ6n,baby,49,val,SypZTy53tdtDKSzRgZ6n.npy
SoJ8fqqHdDsDphyjaNSs,eyes,8,train,SoJ8fqqHdDsDphyjaNSs.npy
N7mUWt7DbxXIZihagxtU,give,31,train,N7mUWt7DbxXIZihagxtU.npy
S3uoCKQ6YsinacMYUF46,child,61,test,S3uoCKQ6YsinacMYUF46.npy
03wrfTFadfqkIuA1HlIQ,bad,62,val,03wrfTFadfqkIuA1HlIQ.npy
AvZliObAuuydJU3UKoEQ,who,64,test,AvZliObAuuydJU3UKoEQ.npy
PzLnmFav3A5CC51CVXu3,teeth,49,train,PzLnmFav3A5CC51CVXu3.npy
ThgXKLJ2FJnuOurm8WmG,hurt,39,train,ThgXKLJ2FJnuOurm8WmG.npy
0S1caZJ7JoyZtYI2Oce0,morning,35,train,0S1caZJ7JoyZtYI2Oce0.npy
TOG41A2WZqzq2zj5xo6U,day,84,val,TOG41A2WZqzq2zj5xo6U.npy
MXSalEoMJ9CwUVW8j30W,show,64,test,MXSalEoMJ9CwUVW8j30W.npy
wVkkAWmOwjmiT8v2zMCE,cold,62,train,wVkkAWmOwjmiT8v2zMCE.npy
6HpDqym0SpjrCCWGf3mL,help,85,train,6HpDqym0SpjrCCWGf3mL.npy
9f8wFOgg6tszjgAAXmio,understand,14,val,9f8wFOgg6tszjgAAXmio.npy
MztJwKZjLdGvLTSKt8Ur,cold,85,train,MztJwKZjLdGvLTSKt8Ur.npy
yJf0ip2AV1dFh7CkUyU5,move,85,train,yJf0ip2AV1dFh7CkUyU5.npy
lvZthmhgGyNbb720SyQu,baby,11,train,lvZthmhgGyNbb720SyQu.npy
vp6OnYVFjNOAKKdm2sxK,night,84,train,vp6OnYVFjNOAKKdm2sxK.npy
VPDNVAuorVktBus4zOtC,sleep,52,train,VPDNVAuorVktBus4zOtC.npy
VKvqTtjIHpouMAlvs2Kg,help,62,train,VKvqTtjIHpouMAlvs2Kg.npy
RyHixgwiwCNO05YkOZTf,need,17,train,RyHixgwiwCNO05YkOZTf.npy
XAnLE7L1SpYPz0ufNDVf,long,84,train,XAnLE7L1SpYPz0ufNDVf.npy
qN3f0sLaQhzWcPWQ6eKC,morning,39,val,qN3f0sLaQhzWcPWQ6eKC.npy
hPD7XLhUJypF09KO82y9,year,84,train,hPD7XLhUJypF09KO82y9.npy
WgsEG0IpapcozE4YBsFB,stop,62,train,WgsEG0IpapcozE4YBsFB.npy
ivdofYa8BgU9MozXuEoU,help,17,val,ivdofYa8BgU9MozXuEoU.npy
r6QaMEreJROrfnqzvh0V,water,15,train,r6QaMEreJROrfnqzvh0V.npy
uXLvlH1dPjllhCGc8908,arm,57,test,uXLvlH1dPjllhCGc8908.npy
Av64dEr2ztvb47mnG21k,sleep,62,train,Av64dEr2ztvb47mnG21k.npy
DL5htx6znpZHxKxQETOy,family,39,train,DL5htx6znpZHxKxQETOy.npy
Jm6nyJscRcdG0mpCSoE4,cold,8,train,Jm6nyJscRcdG0mpCSoE4.npy
iUh3ENF9Y9ZoXfeXXYhr,bed,85,val,iUh3ENF9Y9ZoXfeXXYhr.npy
uvHFHhbOXvAEnVUeZPmn,woman,61,test,uvHFHhbOXvAEnVUeZPmn.npy
F41n75uBX3Pym43VY1qu,medicine,61,test,F41n75uBX3Pym43VY1qu.npy
rcm3y8681wPyryPf37tZ,big,61,test,rcm3y8681wPyryPf37tZ.npy
EhgPBKswKunqwSZXeRl7,pill,88,train,EhgPBKswKunqwSZXeRl7.npy
Yo9gx602z5M8To6yJVMW,which,49,train,Yo9gx602z5M8To6yJVMW.npy
SRsSUqN3qOsPcdfad6Dx,water,39,val,SRsSUqN3qOsPcdfad6Dx.npy
Xd239HNCe9oEZLCm4GAk,water,35,train,Xd239HNCe9oEZLCm4GAk.npy
GfXBYvubh1IOkPjSgCq3,medicine,39,val,GfXBYvubh1IOkPjSgCq3.npy
hx4yXXLtkrNv2KBQ0mH3,wait,88,train,hx4yXXLtkrNv2KBQ0mH3.npy
pbr9ODMUnTkFuTjK7CWF,sick,39,train,pbr9ODMUnTkFuTjK7CWF.npy
myDrx5Lpb4UPwClXExoa,come,38,train,myDrx5Lpb4UPwClXExoa.npy
3Oas6ILgdDWHj4AiYxNp,sleep,7,train,3Oas6ILgdDWHj4AiYxNp.npy
JgdW8py9mVmgxrQzfi6A,not,49,train,JgdW8py9mVmgxrQzfi6A.npy
RY3FvTNpjMqMj4SHU4Mf,wait,85,train,RY3FvTNpjMqMj4SHU4Mf.npy
xphIldIfzSy4GrqnWBDn,ask,12,train,xphIldIfzSy4GrqnWBDn.npy
wpctXS9Ms8wfBZsiXNPN,bad,62,train,wpctXS9Ms8wfBZsiXNPN.npy
hRC7GgtcKIlv0mN7SICt,sit,49,val,hRC7GgtcKIlv0mN7SICt.npy
79fGsycluFoKkwgNop6g,where,35,train,79fGsycluFoKkwgNop6g.npy
i8oS6G63z6VKxZUerSjc,headache,39,train,i8oS6G63z6VKxZUerSjc.npy
NyCTupzpyE3LocxDP8pT,baby,15,train,NyCTupzpyE3LocxDP8pT.npy
zDOOSEggbraxm5DsOkdi,again,14,train,zDOOSEggbraxm5DsOkdi.npy
4VqTGQYTo00GQYFU2fzk,some,43,train,4VqTGQYTo00GQYFU2fzk.npy
JLaVexVgrvPkEpLFNYop,baby,42,train,JLaVexVgrvPkEpLFNYop.npy
DwNKfhMarP5R5iHQcPSq,sleep,49,val,DwNKfhMarP5R5iHQcPSq.npy
ZB6e6dvzn5aixV5i8AG1,hands,80,train,ZB6e6dvzn5aixV5i8AG1.npy
77VvonsCtrLHCYnTTYyq,face,7,train,77VvonsCtrLHCYnTTYyq.npy
ApLR7Zdops2hYBI594MG,light,38,train,ApLR7Zdops2hYBI594MG.npy
sz9PWJyIWUhWpwIrRNgT,cold,85,val,sz9PWJyIWUhWpwIrRNgT.npy
kvt3EIsiOWsHY9W3K0TY,cough,57,test,kvt3EIsiOWsHY9W3K0TY.npy
6NwY8DR1jm3h3G8E3Ps7,long,39,train,6NwY8DR1jm3h3G8E3Ps7.npy
d7s0mZmwixzRdeOAU32w,man,64,test,d7s0mZmwixzRdeOAU32w.npy
hUTzdrzsw0wrR22oO4Cn,why,49,train,hUTzdrzsw0wrR22oO4Cn.npy
ZFSsasR8UgyZYjbTeG5b,shoulder,88,train,ZFSsasR8UgyZYjbTeG5b.npy
g5XkGs7SmFB3vidRrlCE,drink,30,train,g5XkGs7SmFB3vidRrlCE.npy
CWFThQrb8Dw37PCCiReu,water,46,train,CWFThQrb8Dw37PCCiReu.npy
oACHWDru1scq7kXhwz0f,day,57,test,oACHWDru1scq7kXhwz0f.npy
Ie3g9D6ZzcQC0cpXdr55,cold,60,train,Ie3g9D6ZzcQC0cpXdr55.npy
50JtfzSqGl6aVV2UOqun,where,38,train,50JtfzSqGl6aVV2UOqun.npy
qrpI3WmqpLiooo2Os0Pg,baby,46,val,qrpI3WmqpLiooo2Os0Pg.npy
VzEMhPBujpRKu9SkevTg,choke,49,val,VzEMhPBujpRKu9SkevTg.npy
apV1cJSFybp2MT2KKAAg,week,62,val,apV1cJSFybp2MT2KKAAg.npy
Lq3kDgUC9ON0hHG0tlpg,morning,84,train,Lq3kDgUC9ON0hHG0tlpg.npy
nhfWLMMx12rH6JC67Xeh,sleep,48,test,nhfWLMMx12rH6JC67Xeh.npy
YulWxwMiivmpiLmpET2C,family,62,val,YulWxwMiivmpiLmpET2C.npy
03w4svNdO0hNcWiveV1C,long,57,test,03w4svNdO0hNcWiveV1C.npy
2DjDH99PZ23A17SYoPzM,ask,62,train,2DjDH99PZ23A17SYoPzM.npy
HAon2RZ6bYQTmQ6H5Oul,bad,7,train,HAon2RZ6bYQTmQ6H5Oul.npy
4Ev1ygScSYHR3lEXdHJv,afternoon,88,train,4Ev1ygScSYHR3lEXdHJv.npy
LZkSTgyyRTU6u8c8hwjc,water,48,test,LZkSTgyyRTU6u8c8hwjc.npy
PYwXQlqsqSdrKYpDRjHL,finish,84,train,PYwXQlqsqSdrKYpDRjHL.npy
OqDAmT2DDmBwv7LT8wer,sleep,85,train,OqDAmT2DDmBwv7LT8wer.npy
F5tbyIHxsVXDIhps3AtX,breathe,49,train,F5tbyIHxsVXDIhps3AtX.npy
YoIpL9yOTj2NzpYe7CES,skin,49,train,YoIpL9yOTj2NzpYe7CES.npy
akxOFqp2H1GyHQuNJ9QI,back,62,train,akxOFqp2H1GyHQuNJ9QI.npy
fqAdmsTB8QkgdlCavox6,morning,60,train,fqAdmsTB8QkgdlCavox6.npy
Y3GAB1fIYe5aR2AvEYks,wait,30,train,Y3GAB1fIYe5aR2AvEYks.npy
dyywiHWxpVW4KwWo64tK,finish,39,val,dyywiHWxpVW4KwWo64tK.npy
I0Sk9pVfRhxLQ2rqgFzF,man,49,train,I0Sk9pVfRhxLQ2rqgFzF.npy
5yhzklqduhogHzF2n4jT,baby,61,test,5yhzklqduhogHzF2n4jT.npy
nJLk7IaK1pYUcmH5xjDf,sick,7,train,nJLk7IaK1pYUcmH5xjDf.npy
3MC8YOtMExrLNPdckmQm,maybe,42,train,3MC8YOtMExrLNPdckmQm.npy
cnP388EcOGHyVn6rqXpA,nose,84,train,cnP388EcOGHyVn6rqXpA.npy
fZU93w3j8bmRCodhMJdG,again,49,train,fZU93w3j8bmRCodhMJdG.npy
YCJIWHKO09aOW6LSyXsB,show,84,train,YCJIWHKO09aOW6LSyXsB.npy
sahjetzOXLCi8AYhM251,help,57,test,sahjetzOXLCi8AYhM251.npy
RRzPTW5sVoKSx0ZGY2Xw,sorry,49,train,RRzPTW5sVoKSx0ZGY2Xw.npy
LvAhnyNee4fcMqSnB0yQ,man,17,train,LvAhnyNee4fcMqSnB0yQ.npy
fZiYIo9waU4Yev9xWfDf,cold,84,train,fZiYIo9waU4Yev9xWfDf.npy
xzxJERFJ81dmzqswZlYr,tired,46,train,xzxJERFJ81dmzqswZlYr.npy
Xuy6jwfi7ufb7XZHbmZS,today,48,test,Xuy6jwfi7ufb7XZHbmZS.npy
eSex0bCirKPxIOqlY1OM,father,38,train,eSex0bCirKPxIOqlY1OM.npy
7WUypkQxdOI2pjoR8wLh,ask,7,val,7WUypkQxdOI2pjoR8wLh.npy
EnFV01sr7B2FHqJXidnv,help,57,test,EnFV01sr7B2FHqJXidnv.npy
85fXmGRuDfzZ3WZ7upfa,sick,7,val,85fXmGRuDfzZ3WZ7upfa.npy
GbBrIKcaBoEhYwYg1i3w,move,84,train,GbBrIKcaBoEhYwYg1i3w.npy
qWpHM5F9aLvYaXxffhuP,eat,60,train,qWpHM5F9aLvYaXxffhuP.npy
o70S0H1kw2sDqoix8p3j,now,63,train,o70S0H1kw2sDqoix8p3j.npy
dIZQUiklUb2lLgkgKL8D,wait,11,val,dIZQUiklUb2lLgkgKL8D.npy
fRNRmM5rkgwdsWyiKexv,tired,43,train,fRNRmM5rkgwdsWyiKexv.npy
FY7YUE9ok5HI2YYmPljV,skin,49,train,FY7YUE9ok5HI2YYmPljV.npy
LeftUEQ2r0jxVQHUzLKv,breathe,53,test,LeftUEQ2r0jxVQHUzLKv.npy
7G1fX2n6zk7mfWX4SW4x,burn,49,train,7G1fX2n6zk7mfWX4SW4x.npy
V0luKsnFtd4JHd40y9Lj,weak,33,test,V0luKsnFtd4JHd40y9Lj.npy
lXjTldRefE6JtNbfpDfp,night,49,val,lXjTldRefE6JtNbfpDfp.npy
LpZUCsAU2wEbgefe71ur,week,84,train,LpZUCsAU2wEbgefe71ur.npy
9rNyhWsSsbKX7KWLxRjD,who,11,train,9rNyhWsSsbKX7KWLxRjD.npy
HryZuupvsscZG4Hr9yav,hurt,8,train,HryZuupvsscZG4Hr9yav.npy
q9gpJSxmweeZvFdBeLOh,now,7,train,q9gpJSxmweeZvFdBeLOh.npy
4ZBPww7jKoILxwO8ugUM,bed,62,val,4ZBPww7jKoILxwO8ugUM.npy
X4Pu02ASb61M1ZmDuvOO,stop,31,train,X4Pu02ASb61M1ZmDuvOO.npy
wHQAcXzV0O4ITqZ7yFpR,who,49,train,wHQAcXzV0O4ITqZ7yFpR.npy
EdmINV2Ty9EmoUPxGxYl,understand,57,test,EdmINV2Ty9EmoUPxGxYl.npy
YilNAFTl1w2jjiH36NJB,sick,88,train,YilNAFTl1w2jjiH36NJB.npy
NYA00wxOcP2KfqlYPkdM,when,62,train,NYA00wxOcP2KfqlYPkdM.npy
dTOBL5hSDh6NkG3HKQRf,where,17,val,dTOBL5hSDh6NkG3HKQRf.npy
fLkmMUzJDRAtk0L1Q9ix,teeth,62,train,fLkmMUzJDRAtk0L1Q9ix.npy
5Qjqm7FgCZ2bod0yfAMM,who,48,test,5Qjqm7FgCZ2bod0yfAMM.npy
VIve6jDCyafkGZj4CXJp,week,46,train,VIve6jDCyafkGZj4CXJp.npy
k2Ia1czHG130SX9rPhiY,medicine,49,train,k2Ia1czHG130SX9rPhiY.npy
g4bD0FRCmGGmshaqChTH,water,17,train,g4bD0FRCmGGmshaqChTH.npy
hA2ulFHU0K9gEKHQyGr9,baby,64,test,hA2ulFHU0K9gEKHQyGr9.npy
XoN92bUyWsul0fD79v7u,where,11,train,XoN92bUyWsul0fD79v7u.npy
KJwApTCl0McAKxK8RlgT,medicine,84,train,KJwApTCl0McAKxK8RlgT.npy
MK8vZR1ia29b5wIY3lb7,baby,43,train,MK8vZR1ia29b5wIY3lb7.npy
i1FEcqL1IOXXm5M5VcJ9,finish,39,train,i1FEcqL1IOXXm5M5VcJ9.npy
vj0hh8I6ZGv3bdjDgiqY,bone,84,val,vj0hh8I6ZGv3bdjDgiqY.npy
sGZvcjqgLmL4JsRvmtXA,baby,84,train,sGZvcjqgLmL4JsRvmtXA.npy
6LEI8fS3cbvITFBW3jIf,day,84,train,6LEI8fS3cbvITFBW3jIf.npy
KPrjsee2tVRfXkbFZSzn,afternoon,39,val,KPrjsee2tVRfXkbFZSzn.npy
wtXMkmwz3WozNHbiuxNL,take,85,val,wtXMkmwz3WozNHbiuxNL.npy
16yWF4i23FoZNT4OH9fE,morning,30,train,16yWF4i23FoZNT4OH9fE.npy
fMQlVZ6oEXcrnumiHyoi,sleep,39,train,fMQlVZ6oEXcrnumiHyoi.npy
6qH62VCEQph91hgARHBq,sick,62,train,6qH62VCEQph91hgARHBq.npy
zGQ0pWvT4fuuM3f5o3k2,more,35,train,zGQ0pWvT4fuuM3f5o3k2.npy
0hBxvxko6WRLyXC787pE,man,61,test,0hBxvxko6WRLyXC787pE.npy
lUf7xmwVzDXWZr5NEb8J,all,7,train,lUf7xmwVzDXWZr5NEb8J.npy
vn3G3KYmAf7kXKFWE5gP,family,11,train,vn3G3KYmAf7kXKFWE5gP.npy
OtEFCDXC6zIttXFr2tp5,bone,46,train,OtEFCDXC6zIttXFr2tp5.npy
peixD2l8kypFx6MuMFCo,again,46,train,peixD2l8kypFx6MuMFCo.npy
nCiGFx6ohhuUot8uCRLo,muscle,84,val,nCiGFx6ohhuUot8uCRLo.npy
gIaaeBpa3W0oDa8MtvBT,baby,84,train,gIaaeBpa3W0oDa8MtvBT.npy
oDACJbbWiSHMtsicvClZ,headache,76,val,oDACJbbWiSHMtsicvClZ.npy
THLEtwmOwO4TCxHPbqo1,help,85,train,THLEtwmOwO4TCxHPbqo1.npy
b57WH0AmP7kRnzQ0mCjq,much,7,train,b57WH0AmP7kRnzQ0mCjq.npy
nNNofvgfYFnMvfTG4Kzq,ask,62,train,nNNofvgfYFnMvfTG4Kzq.npy
N6jqQ5mjTRgwdqmjyfXR,day,35,train,N6jqQ5mjTRgwdqmjyfXR.npy
ZrG5wpZGJpWKJhANCLBh,drink,39,val,ZrG5wpZGJpWKJhANCLBh.npy
3LtUKeQqnsMLnqhmgBEb,bathroom,59,train,3LtUKeQqnsMLnqhmgBEb.npy
xfTHLjoj7nHxibM57Vfz,faint,57,test,xfTHLjoj7nHxibM57Vfz.npy
mvJuvplkbXhU1PnetlpV,water,84,val,mvJuvplkbXhU1PnetlpV.npy
2n91Wr9emHJyjS08ws8Z,pain,57,test,2n91Wr9emHJyjS08ws8Z.npy
8jbf2xJqB34FgbkxqDEX,night,7,train,8jbf2xJqB34FgbkxqDEX.npy
rba2xzQCVjEIJKitEQWp,tomorrow,36,test,rba2xzQCVjEIJKitEQWp.npy
pF3NxbNGnuuGQF2A3F76,drink,57,test,pF3NxbNGnuuGQF2A3F76.npy
inG3XoBGxeeIiwgVY7jc,please,84,train,inG3XoBGxeeIiwgVY7jc.npy
soj5vX0XMCuw43H0b4eI,breathe,49,train,soj5vX0XMCuw43H0b4eI.npy
EBo5pylzlW0plfA8jFFj,woman,14,train,EBo5pylzlW0plfA8jFFj.npy
hnyRW9CplePUNyVJbUKk,finish,27,train,hnyRW9CplePUNyVJbUKk.npy
eaIVMCrSQlqbYepVjcPB,drink,7,train,eaIVMCrSQlqbYepVjcPB.npy
TZfPs04u8fovIM12uh8s,night,38,train,TZfPs04u8fovIM12uh8s.npy
MkuPmWf5dlruCuzKZTuL,again,49,val,MkuPmWf5dlruCuzKZTuL.npy
hyR7O2KuZ9LXIgvN6fsa,glasses,49,val,hyR7O2KuZ9LXIgvN6fsa.npy
zdZIXBVZzMVps5Irzs9Y,help,17,train,zdZIXBVZzMVps5Irzs9Y.npy
Or8YtbcNj3EZKRU7wNx9,water,27,train,Or8YtbcNj3EZKRU7wNx9.npy
vj62d52XqigH7TmRXert,eat,42,train,vj62d52XqigH7TmRXert.npy
dROp23p8CFr1fY8ag1G1,day,62,train,dROp23p8CFr1fY8ag1G1.npy
TfdwtrAtKdp6KdPffspk,hurt,39,train,TfdwtrAtKdp6KdPffspk.npy
XQYfOnul94YhI1w17b0u,move,52,train,XQYfOnul94YhI1w17b0u.npy
oocTYjKf3D9w5BWzBY2J,skin,57,test,oocTYjKf3D9w5BWzBY2J.npy
hab4k7RBoZ58qSNi9CLD,hurt,84,train,hab4k7RBoZ58qSNi9CLD.npy
gi6XPvCNFzISPE5VNmXY,medicine,39,train,gi6XPvCNFzISPE5VNmXY.npy
GAq2g6m639txFG17XAbM,bathroom,49,val,GAq2g6m639txFG17XAbM.npy
13AkK3JriXsWWAAS90bX,long,39,train,13AkK3JriXsWWAAS90bX.npy
BCIXB6LEkrHOSZFL5lYx,want,38,val,BCIXB6LEkrHOSZFL5lYx.npy
Nuwjm4z0S2phxySKE9Sz,teeth,57,test,Nuwjm4z0S2phxySKE9Sz.npy
CisZUeRjPEHp9OvFKafv,big,57,test,CisZUeRjPEHp9OvFKafv.npy
bYUEJXuasoDzsnuB2Dkj,where,17,train,bYUEJXuasoDzsnuB2Dkj.npy
ePhfEsVgrV8UskNv14NR,today,49,train,ePhfEsVgrV8UskNv14NR.npy
wsY9bMv8qVC8YdvqOJsb,hot,48,test,wsY9bMv8qVC8YdvqOJsb.npy
syvpdoPhStUPovuzTPPZ,long,52,val,syvpdoPhStUPovuzTPPZ.npy
SSHgUaKXrNczokWrWGdX,take,63,train,SSHgUaKXrNczokWrWGdX.npy
lt7knDifnjWbq8C1pfad,year,7,train,lt7knDifnjWbq8C1pfad.npy
2aUG8FNAJvPjAxwWcWd0,strong,48,test,2aUG8FNAJvPjAxwWcWd0.npy
av6bcdS5kFbfVJpi6PYK,back,11,train,av6bcdS5kFbfVJpi6PYK.npy
zBTeAoAeOhukYqQ6HLgp,lungs,30,train,zBTeAoAeOhukYqQ6HLgp.npy
cuWnX0tModmSXJ0rPwpa,cold,38,train,cuWnX0tModmSXJ0rPwpa.npy
bA27byqBwoP2VKllLdde,when,7,val,bA27byqBwoP2VKllLdde.npy
dqjNr3ySOUJ3exsbZ0ko,teeth,62,train,dqjNr3ySOUJ3exsbZ0ko.npy
Uf8lA9hN8baOdrNyP9Yb,open,88,train,Uf8lA9hN8baOdrNyP9Yb.npy
4K2aqHNmt2T6FBguBusY,morning,50,test,4K2aqHNmt2T6FBguBusY.npy
fv8d5RW3mgni6i5viM2t,medicine,57,test,fv8d5RW3mgni6i5viM2t.npy
gX0f9vEUFG50I0tdAc2B,hospital,49,train,gX0f9vEUFG50I0tdAc2B.npy
1RkfQQUMkwMMd56a51BZ,bad,46,train,1RkfQQUMkwMMd56a51BZ.npy
KLfF2XWx0ncEdytiZJmX,long,84,train,KLfF2XWx0ncEdytiZJmX.npy
fJeHq9UF5xAIZ5Hv1xAk,morning,46,val,fJeHq9UF5xAIZ5Hv1xAk.npy
k66swUhLQkknP37emlf2,finish,46,train,k66swUhLQkknP37emlf2.npy
iArElxNaJmMwhuBDnNuQ,man,42,val,iArElxNaJmMwhuBDnNuQ.npy
na5QXtR5vPTaPYMinI0p,bad,62,val,na5QXtR5vPTaPYMinI0p.npy
aLGcYzHCQ2eFvoxtuoge,water,61,test,aLGcYzHCQ2eFvoxtuoge.npy
9Y5F72EeCnsp8Gt2hzDU,cold,46,val,9Y5F72EeCnsp8Gt2hzDU.npy
bPZiHUDBGirCqrPePhER,hurt,88,val,bPZiHUDBGirCqrPePhER.npy
imXLiUEbuqyQUskScgIT,water,39,train,imXLiUEbuqyQUskScgIT.npy
2LT2Gh7sCDi6qb8Iv4Ws,when,12,train,2LT2Gh7sCDi6qb8Iv4Ws.npy
XCUXb4WyFwUkn5a7TVn7,hospital,39,val,XCUXb4WyFwUkn5a7TVn7.npy
n3xfUBQQTL6iIsFGlzlX,bad,46,train,n3xfUBQQTL6iIsFGlzlX.npy
U0uPaDYOjBryUXdZiPUZ,medicine,27,val,U0uPaDYOjBryUXdZiPUZ.npy
ZHtPKTaRHmWZQTt7Z3El,sick,62,train,ZHtPKTaRHmWZQTt7Z3El.npy
qCiy8mCkgW0L7bJIZ6oy,hands,48,test,qCiy8mCkgW0L7bJIZ6oy.npy
lEWFw0u9vPuPcUevv6ZK,baby,57,test,lEWFw0u9vPuPcUevv6ZK.npy
TpQ0VzHnreU867PACtDN,who,17,train,TpQ0VzHnreU867PACtDN.npy
sQph7wpYo71JRDvrZohI,stop,39,train,sQph7wpYo71JRDvrZohI.npy
xbolXz82uOriUO9xCaZK,throat,42,train,xbolXz82uOriUO9xCaZK.npy
wuz9qvDaxQ533yqNmklI,tell,84,train,wuz9qvDaxQ533yqNmklI.npy
Gp60l5taayiIq4jDbXip,need,17,val,Gp60l5taayiIq4jDbXip.npy
WLP35P7Wcg0rB8bDx8UX,week,39,train,WLP35P7Wcg0rB8bDx8UX.npy
JrSPzHOKZRtDvksz5aq5,big,46,train,JrSPzHOKZRtDvksz5aq5.npy
Zt9AK79zQaVq6cSuc77Z,cough,39,train,Zt9AK79zQaVq6cSuc77Z.npy
oaL4Chnj1w9fv35HzqST,open,7,train,oaL4Chnj1w9fv35HzqST.npy
z8Om2evlKuf9OXKpM7QW,hurt,8,train,z8Om2evlKuf9OXKpM7QW.npy
beV3CW6aWLZEPaLn5J7Y,understand,23,train,beV3CW6aWLZEPaLn5J7Y.npy
7aQlN72ZdFejldtYcRcG,no,88,val,7aQlN72ZdFejldtYcRcG.npy
AyijFpuXH1g3wI8mVIsS,water,60,train,AyijFpuXH1g3wI8mVIsS.npy
sZxbHDsfclL79sxZMiAP,sleep,50,test,sZxbHDsfclL79sxZMiAP.npy
51GrhDYXbTHiursFpVvy,cold,17,train,51GrhDYXbTHiursFpVvy.npy
IN1MkZx1TW27VjJJtC9s,doctor,84,train,IN1MkZx1TW27VjJJtC9s.npy
CLOL4aEjaFB6HlHg7Js5,show,88,train,CLOL4aEjaFB6HlHg7Js5.npy
eHtY7iyR0OJLuoVgEdQS,look,57,test,eHtY7iyR0OJLuoVgEdQS.npy
Kp9UEcjewOC2xIkBZrCs,arm,8,train,Kp9UEcjewOC2xIkBZrCs.npy
ayWn57oH9Rs1QrNVPTXy,walk,88,val,ayWn57oH9Rs1QrNVPTXy.npy
W4D8mNg4r2awR5rezOyY,strong,39,train,W4D8mNg4r2awR5rezOyY.npy
xIXvG4iIl1bMDU83ctok,move,84,val,xIXvG4iIl1bMDU83ctok.npy
0lsgYD5ETeEZD7eFc7o4,eyes,14,train,0lsgYD5ETeEZD7eFc7o4.npy
pd1CwuDaJ17Znhbjcflz,want,11,train,pd1CwuDaJ17Znhbjcflz.npy
2ffZWzsqjNeyuvZKWv8R,day,38,val,2ffZWzsqjNeyuvZKWv8R.npy
gU2jaeDBrvVyCB0NH1QJ,hospital,8,train,gU2jaeDBrvVyCB0NH1QJ.npy
S9nOF1ksIM5Ub1w5EbjR,hot,62,train,S9nOF1ksIM5Ub1w5EbjR.npy
GWAp22QWay6HRWlbAUC8,family,84,train,GWAp22QWay6HRWlbAUC8.npy
DDlHJv7PEKzbv6ZlJH1n,help,17,train,DDlHJv7PEKzbv6ZlJH1n.npy
hubG4n7We5Hw7nR6Ah66,woman,7,train,hubG4n7We5Hw7nR6Ah66.npy
yTFRg3ufIT3sLcVYaj2K,cold,57,test,yTFRg3ufIT3sLcVYaj2K.npy
sieBn7YTash6EKmZ44cg,much,62,train,sieBn7YTash6EKmZ44cg.npy
AivDMXU3lOXA3y1SursO,yes,42,train,AivDMXU3lOXA3y1SursO.npy
awrZqp1edfjm847EukRY,man,85,train,awrZqp1edfjm847EukRY.npy
hDXMTDWHFqDY3eAjTeZk,head,57,test,hDXMTDWHFqDY3eAjTeZk.npy
R1zHrNUOTqt4xFcJds2a,drink,7,train,R1zHrNUOTqt4xFcJds2a.npy
kavUgraJWdsPqctSw5Bg,hurt,39,train,kavUgraJWdsPqctSw5Bg.npy
WhqX6plCjFf9ucUhN6zr,baby,46,val,WhqX6plCjFf9ucUhN6zr.npy
xJZ9mRipAOdJXZgmH12j,skin,62,val,xJZ9mRipAOdJXZgmH12j.npy
r5Q1dzF2iwiFg4hIPzbA,mother,88,val,r5Q1dzF2iwiFg4hIPzbA.npy
jvFqoGetQzZiNdfPLglK,sit,8,train,jvFqoGetQzZiNdfPLglK.npy
MHsckJkWreA35sHD2pUJ,strong,84,train,MHsckJkWreA35sHD2pUJ.npy
UmrWT7spIMj1l1HrAvPX,start,39,train,UmrWT7spIMj1l1HrAvPX.npy
RfcxSs9kvXzefqvhUXXJ,sometimes,88,train,RfcxSs9kvXzefqvhUXXJ.npy
DayD3saRrPxgykA1vHaO,who,62,train,DayD3saRrPxgykA1vHaO.npy
8J6cDgv2Et0IDxQhCKDT,finish,53,test,8J6cDgv2Et0IDxQhCKDT.npy
SAhYlU1mvAxKGIyLoyPc,drink,46,train,SAhYlU1mvAxKGIyLoyPc.npy
ghok74LQy4QovJtIVnqO,drink,62,val,ghok74LQy4QovJtIVnqO.npy
JShP19mZyUhVMrGI1xKg,some,84,train,JShP19mZyUhVMrGI1xKg.npy
mx1Ecv8dSBpnE2p6Myp7,hospital,63,train,mx1Ecv8dSBpnE2p6Myp7.npy
gL1fGRFsEfam007oFhNy,maybe,38,train,gL1fGRFsEfam007oFhNy.npy
admT5GZsFqkSqeUjADI5,tired,84,val,admT5GZsFqkSqeUjADI5.npy
hsfEKVm7YrW16MQBsxXv,tomorrow,11,train,hsfEKVm7YrW16MQBsxXv.npy
ZmLlodLvBnz0JMlpfWB6,back,46,train,ZmLlodLvBnz0JMlpfWB6.npy
TaM7TndgOpIUuK4C9IOy,sick,7,val,TaM7TndgOpIUuK4C9IOy.npy
4mZqFgmuq0VcZpaVknJx,baby,49,train,4mZqFgmuq0VcZpaVknJx.npy
LtGOANHdMiUnmxjHpwTH,finish,12,val,LtGOANHdMiUnmxjHpwTH.npy
jM6h7knKLTkbOnD0GN95,finish,46,train,jM6h7knKLTkbOnD0GN95.npy
zjMJbqubRwG9ojoZY3i6,family,14,train,zjMJbqubRwG9ojoZY3i6.npy
D8mU7boAIM0pZlbrBB5y,doctor,39,train,D8mU7boAIM0pZlbrBB5y.npy
IhDUTpkU1fcBZfxtJQE3,some,62,train,IhDUTpkU1fcBZfxtJQE3.npy
5QdVM24rg6oG12wr94wQ,move,39,val,5QdVM24rg6oG12wr94wQ.npy
uyWvebgKnBMRBZXm6cdp,mouth,48,test,uyWvebgKnBMRBZXm6cdp.npy
wBgFfueLI9l8d2j0rJ6T,feel,46,train,wBgFfueLI9l8d2j0rJ6T.npy
RDN4dMqj6EJdSGasGcq6,hour,54,train,RDN4dMqj6EJdSGasGcq6.npy
CjtaLODoqg9ePbfyARvm,where,49,train,CjtaLODoqg9ePbfyARvm.npy
qdw4Xfz6jV5uDSIt9mNa,family,49,val,qdw4Xfz6jV5uDSIt9mNa.npy
7ae22Zu0AGioKTNovGgq,come,84,val,7ae22Zu0AGioKTNovGgq.npy
KvQWqSUCF7a5QtkrcAG1,cold,54,train,KvQWqSUCF7a5QtkrcAG1.npy
m1TsuFLwA3vS16HGXtpE,man,50,test,m1TsuFLwA3vS16HGXtpE.npy
wlIpLDt2Hi1l4EzHHZjO,feet,84,train,wlIpLDt2Hi1l4EzHHZjO.npy
f0bR7gVDm08xeEHeoNYY,baby,38,train,f0bR7gVDm08xeEHeoNYY.npy
q2qeNIOAWYV59Cvz4hQ7,breathe,53,test,q2qeNIOAWYV59Cvz4hQ7.npy
yqWpUaUkjRam8J8RblZa,sit,49,train,yqWpUaUkjRam8J8RblZa.npy
KjYIr0hTBTmWfHDoRTGd,year,39,val,KjYIr0hTBTmWfHDoRTGd.npy
biJ2tt6S8NHGSmc1wEyR,finish,49,train,biJ2tt6S8NHGSmc1wEyR.npy
EXoyudiomZBAiIdnqoVC,family,84,train,EXoyudiomZBAiIdnqoVC.npy
vJCxX3E7oLDGvp6KAYnC,medicine,57,test,vJCxX3E7oLDGvp6KAYnC.npy
2YiPQWM2BAtozvujLL9i,strong,48,test,2YiPQWM2BAtozvujLL9i.npy
FL2agRwdNHSxBL2dhpuX,muscle,85,train,FL2agRwdNHSxBL2dhpuX.npy
flXKDVjfiBV1Lv8UkI95,medicine,8,train,flXKDVjfiBV1Lv8UkI95.npy
SDZLQgzQJOOQT0pAl0Ir,help,35,val,SDZLQgzQJOOQT0pAl0Ir.npy
6BoJrfwst8aQ2IngCQKN,hurt,59,train,6BoJrfwst8aQ2IngCQKN.npy
ilwx3EpTCbEOuUh6lmPj,teeth,39,val,ilwx3EpTCbEOuUh6lmPj.npy
xE1yPKMv61BMg59S4QvU,family,59,train,xE1yPKMv61BMg59S4QvU.npy
1QtKXheU1k606zrzX4D1,not,49,train,1QtKXheU1k606zrzX4D1.npy
ZcD5spxJXxuxxqkXzOi8,more,7,train,ZcD5spxJXxuxxqkXzOi8.npy
sUl5NCfjx4rKxTUBpjx7,finish,43,train,sUl5NCfjx4rKxTUBpjx7.npy
IGCTeQNPCJ44czKhuskb,need,27,train,IGCTeQNPCJ44czKhuskb.npy
YZc0JUoI9DLTY218xtpb,hot,88,val,YZc0JUoI9DLTY218xtpb.npy
N0dvF54yZKzgY8r1Wb3s,go,39,val,N0dvF54yZKzgY8r1Wb3s.npy
afX8TF3K8D2GCoiXpo6h,surgery,50,test,afX8TF3K8D2GCoiXpo6h.npy
2mvzg9irE77ngpPwLStK,drink,35,train,2mvzg9irE77ngpPwLStK.npy
8k1ndrfGyqZ95K4oZqqR,big,57,test,8k1ndrfGyqZ95K4oZqqR.npy
I9iIeJqC1mFIXkYx5vfX,move,17,train,I9iIeJqC1mFIXkYx5vfX.npy
Kyd3tC1PU02X0TpcRYtO,again,39,train,Kyd3tC1PU02X0TpcRYtO.npy
suDTXYPlKJBkxiE3fB3y,glasses,62,train,suDTXYPlKJBkxiE3fB3y.npy
IxQJTi03hGkO9h6Q5IcP,tired,59,train,IxQJTi03hGkO9h6Q5IcP.npy
bbmSAAk22k6SIR9tXLR6,heart,43,val,bbmSAAk22k6SIR9tXLR6.npy
SADEWtggVabfT6jhjuJT,bad,43,train,SADEWtggVabfT6jhjuJT.npy
g0XpBkIokFhMhffzXPW1,tell,46,train,g0XpBkIokFhMhffzXPW1.npy
nhXwuwZ8S3SeEBd9xa9c,father,36,test,nhXwuwZ8S3SeEBd9xa9c.npy
7g9P18Wouo0KwBIhmtjg,can,84,train,7g9P18Wouo0KwBIhmtjg.npy
bkdkwm8ZAptYKv1bt7Q9,bathroom,52,train,bkdkwm8ZAptYKv1bt7Q9.npy
EycPnM8P38o5uwkxuMDt,water,57,test,EycPnM8P38o5uwkxuMDt.npy
KyduT5O01w1Y1HZ5lrjp,cold,15,train,KyduT5O01w1Y1HZ5lrjp.npy
ynU67yxK6tIBduhxEirm,when,49,train,ynU67yxK6tIBduhxEirm.npy
X6BfSKmyCYy2bfB9Nisj,vomit,88,train,X6BfSKmyCYy2bfB9Nisj.npy
r4qg5Q3ewlwdJaHjUPyV,stop,54,train,r4qg5Q3ewlwdJaHjUPyV.npy
9jjNtjiwPibP99FlN7Gm,medicine,49,train,9jjNtjiwPibP99FlN7Gm.npy
4NLWrxDiq7sVElquTQow,hurt,64,test,4NLWrxDiq7sVElquTQow.npy
7oVOszvKDZSTl9hy2vfF,no,39,train,7oVOszvKDZSTl9hy2vfF.npy
87pCVzgFY6m1Yw5SjZaf,family,63,train,87pCVzgFY6m1Yw5SjZaf.npy
qGT5FmH3XC1z2FyUwULa,doctor,61,test,qGT5FmH3XC1z2FyUwULa.npy
mcpcZUO12BdPxUajUXBx,now,11,train,mcpcZUO12BdPxUajUXBx.npy
dy9wwhRIfrD3e66pydJD,day,80,train,dy9wwhRIfrD3e66pydJD.npy
iytLZmAMlnYcDkVviRWg,long,48,test,iytLZmAMlnYcDkVviRWg.npy
H6hb9dN3KQgIFW8TK8eK,skin,57,test,H6hb9dN3KQgIFW8TK8eK.npy
JyuURR2jWYRwlSZmHBwW,look,35,train,JyuURR2jWYRwlSZmHBwW.npy
7XlxmNuEZMB9dxjIZP0I,hot,84,train,7XlxmNuEZMB9dxjIZP0I.npy
glZ8PFpREDZOLIrIFUZB,bed,85,train,glZ8PFpREDZOLIrIFUZB.npy
lnjtbZ7uXg3knjNTS2XZ,eyes,48,test,lnjtbZ7uXg3knjNTS2XZ.npy
px0tjv506xlvpm37nXBs,stop,62,val,px0tjv506xlvpm37nXBs.npy
gFsj9P7biAAqde9rSyIP,start,59,train,gFsj9P7biAAqde9rSyIP.npy
AShP0A3X0VEiILP8fzT8,sick,17,train,AShP0A3X0VEiILP8fzT8.npy
lYQr8QDWbIi5lChgnQlf,water,52,val,lYQr8QDWbIi5lChgnQlf.npy
1wGfD2TT8CFZAoPOSWTz,cold,54,train,1wGfD2TT8CFZAoPOSWTz.npy
9xf2tl35xkHAPOxHsr2w,morning,62,train,9xf2tl35xkHAPOxHsr2w.npy
1kGgLxVCNxN5a2vw33sh,wait,84,train,1kGgLxVCNxN5a2vw33sh.npy
AAgnwgih2SVA7arMVtQ5,dentist,54,val,AAgnwgih2SVA7arMVtQ5.npy
iIQtbVaZWwF0SkYI8E8s,test,62,val,iIQtbVaZWwF0SkYI8E8s.npy
VyynGEPaOqEv2FvSvtCX,woman,88,train,VyynGEPaOqEv2FvSvtCX.npy
xZIhoyNRVdft1Hlo6Zay,finish,39,val,xZIhoyNRVdft1Hlo6Zay.npy
abfgS363jd0s85iNEOPt,big,35,train,abfgS363jd0s85iNEOPt.npy
BO55bnscwJl6Ht7frxiz,finish,38,train,BO55bnscwJl6Ht7frxiz.npy
khI2NSAvfuZ1zg6rkMIM,long,52,train,khI2NSAvfuZ1zg6rkMIM.npy
wiWFQQrA7wtIGFVhXRCu,woman,8,val,wiWFQQrA7wtIGFVhXRCu.npy
SyqDu3Cg8V6ZpJiCau3O,doctor,39,train,SyqDu3Cg8V6ZpJiCau3O.npy
lpgp7bdq6OYNfYJ3kft1,long,48,test,lpgp7bdq6OYNfYJ3kft1.npy
6j34vhUJavOFcXZiLLp6,pain,52,val,6j34vhUJavOFcXZiLLp6.npy
h36RKrLj3m1TiMMLDHoa,start,50,test,h36RKrLj3m1TiMMLDHoa.npy
vPuL7N9infEtTFVpu2wF,man,48,test,vPuL7N9infEtTFVpu2wF.npy
PzdZEXK999RnVIJiWeK3,baby,38,train,PzdZEXK999RnVIJiWeK3.npy
8KLgYzRo440MBV0OIZSB,water,84,train,8KLgYzRo440MBV0OIZSB.npy
ATDwCAdCGb4fep6VOLM5,water,61,test,ATDwCAdCGb4fep6VOLM5.npy
ox56cFuOO5ZRgex6xsov,wait,84,train,ox56cFuOO5ZRgex6xsov.npy
00sx5EtkGl63P4IZoXAd,no,39,train,00sx5EtkGl63P4IZoXAd.npy
lxGOCUruEEQe61oE5fLe,show,85,train,lxGOCUruEEQe61oE5fLe.npy
sSM7hXUQqhIAygkGt1w5,close,52,val,sSM7hXUQqhIAygkGt1w5.npy
Las3T7mpDnUTwdPZVSgt,go,57,test,Las3T7mpDnUTwdPZVSgt.npy
8P1Dw9hKCEg5CulTI19t,walk,57,test,8P1Dw9hKCEg5CulTI19t.npy
B09KO6GGu4sXa9TKdTh8,wait,35,val,B09KO6GGu4sXa9TKdTh8.npy
89AfQXQ7s1SADQkHGc5O,day,84,train,89AfQXQ7s1SADQkHGc5O.npy
MG7lcxmJL8MykDwH5CGU,dentist,39,train,MG7lcxmJL8MykDwH5CGU.npy
ggc7A4HgFeJIpX1EoCEL,finish,11,train,ggc7A4HgFeJIpX1EoCEL.npy
FR9yNoy4vxd7T9G44mag,family,60,val,FR9yNoy4vxd7T9G44mag.npy
g6esCG796DhbW3JuF67A,teeth,38,train,g6esCG796DhbW3JuF67A.npy
nYA74THHIYRNualnwpAo,hot,49,train,nYA74THHIYRNualnwpAo.npy
tmqhSQJTTYzKnuv0B1kw,big,60,val,tmqhSQJTTYzKnuv0B1kw.npy
TnrpwBJrPzHh5GBprH5k,big,84,train,TnrpwBJrPzHh5GBprH5k.npy
tfYHYcAa8enBDd349eOd,when,7,train,tfYHYcAa8enBDd349eOd.npy
tRrULnzI568iCEhP4y4i,when,30,val,tRrULnzI568iCEhP4y4i.npy
gwRjcu0QD8tB0LHZpqtZ,hot,84,train,gwRjcu0QD8tB0LHZpqtZ.npy
a1WJgckfgfgS1cVK6EOG,no,49,val,a1WJgckfgfgS1cVK6EOG.npy
bO19SNklwC8oMOB2KqdA,bad,8,train,bO19SNklwC8oMOB2KqdA.npy
hMLxOMCxd9OLKOg7G32S,need,49,train,hMLxOMCxd9OLKOg7G32S.npy
kwL9sIZbpupXHikEeYjH,teeth,62,train,kwL9sIZbpupXHikEeYjH.npy
gWQ6rC5iTznRcNLqTgZy,pill,57,test,gWQ6rC5iTznRcNLqTgZy.npy
AKelx7OouVCFwXT2Y3pB,walk,49,train,AKelx7OouVCFwXT2Y3pB.npy
svFPheFrutEpiYEkJM9C,cold,46,train,svFPheFrutEpiYEkJM9C.npy
onJU4Pvb6rTHkcoq5AiR,today,62,val,onJU4Pvb6rTHkcoq5AiR.npy
KQqMOnOrlogWdQ6bN2Vm,hurt,46,train,KQqMOnOrlogWdQ6bN2Vm.npy
1QS0hmp9V34u34NwVEtI,night,7,train,1QS0hmp9V34u34NwVEtI.npy
j3x8Hw30RIucdreX8b7Z,sleep,57,test,j3x8Hw30RIucdreX8b7Z.npy
j8ae2yJYRSqH3fs6av9S,finish,53,test,j8ae2yJYRSqH3fs6av9S.npy
5sBDtml8oxxdggwy5B8C,sleep,38,train,5sBDtml8oxxdggwy5B8C.npy
5gr0WUfx8tAXIqQ68WQI,tongue,61,test,5gr0WUfx8tAXIqQ68WQI.npy
xX5q6buQWx55g4KmyxkY,drink,7,train,xX5q6buQWx55g4KmyxkY.npy
s5E5lnAT56GmhpVljkGa,hot,63,val,s5E5lnAT56GmhpVljkGa.npy
mw0hR0x8MmHYVebxR7J3,move,57,test,mw0hR0x8MmHYVebxR7J3.npy
5XfPPVpbFkcjmLDTy4xV,day,84,train,5XfPPVpbFkcjmLDTy4xV.npy
HWMJPriRp0eTZdQgaDha,not,49,val,HWMJPriRp0eTZdQgaDha.npy
kVqCVXNq4HhqwGI0YT5k,big,49,train,kVqCVXNq4HhqwGI0YT5k.npy
Slan72iyOWAMv3aXbT9g,week,39,val,Slan72iyOWAMv3aXbT9g.npy
mxdYR30IhmvcYPsVK0s2,give,7,train,mxdYR30IhmvcYPsVK0s2.npy
K2EI6LS2CZMeqoEwr5w7,yesterday,63,train,K2EI6LS2CZMeqoEwr5w7.npy
JlUZj7O0nvjCwYLvbMmQ,feet,12,val,JlUZj7O0nvjCwYLvbMmQ.npy
wvIavh7clAMUXbGU0mJE,help,17,train,wvIavh7clAMUXbGU0mJE.npy
RAGYfeWNWfs9mt1CY9ud,where,11,train,RAGYfeWNWfs9mt1CY9ud.npy
KSzbZGzZL9SJkKfCEuB0,today,49,train,KSzbZGzZL9SJkKfCEuB0.npy
SQoNQbqsDGtiEEPTR1NN,day,11,val,SQoNQbqsDGtiEEPTR1NN.npy
RzPXZWyqEgvhdNwQfv0k,ear,61,test,RzPXZWyqEgvhdNwQfv0k.npy
DetGcYUTmufPbdIFDGhW,medicine,48,test,DetGcYUTmufPbdIFDGhW.npy
58mT3jYTJCG5osICjXhJ,ask,30,train,58mT3jYTJCG5osICjXhJ.npy
Idd3TnwTiPV5VvNzosaz,water,46,train,Idd3TnwTiPV5VvNzosaz.npy
YHkNKMKyfpkR31iK2FtX,need,57,test,YHkNKMKyfpkR31iK2FtX.npy
7OxKgRVnZb2OEcujHeYQ,want,46,train,7OxKgRVnZb2OEcujHeYQ.npy
zW81WsOFebc95YKmKhv4,head,7,train,zW81WsOFebc95YKmKhv4.npy
ZrtWQmI4Iro1yLaB2QnK,breathe,54,train,ZrtWQmI4Iro1yLaB2QnK.npy
W0H8KcxSGuqkzwEXPCix,pill,84,train,W0H8KcxSGuqkzwEXPCix.npy
NOckrKklg1EINzlguqH8,understand,57,test,NOckrKklg1EINzlguqH8.npy
Oo6a9UL4SSUMssKCeJLt,can,57,test,Oo6a9UL4SSUMssKCeJLt.npy
Qeqzqhki5o3lJUlK3Csc,move,84,train,Qeqzqhki5o3lJUlK3Csc.npy
RFCFttmhfHNxd9BzBsPK,come,31,train,RFCFttmhfHNxd9BzBsPK.npy
vMFGrctQj4GiJ3aF7YML,pain,59,train,vMFGrctQj4GiJ3aF7YML.npy
9o5GnrdjHHGli5T7jE70,test,39,train,9o5GnrdjHHGli5T7jE70.npy
KCBd80Jo29wXn5cKvicQ,family,48,test,KCBd80Jo29wXn5cKvicQ.npy
mV7NXGseruwyLLVM5JeS,come,88,train,mV7NXGseruwyLLVM5JeS.npy
ZLzkJhqcLFX2HPFnCU3s,finish,46,train,ZLzkJhqcLFX2HPFnCU3s.npy
Vga4yUUd0pcjOw65yuLQ,skin,57,test,Vga4yUUd0pcjOw65yuLQ.npy
oL0PLZN5OfKIIlp2jOIo,bed,48,test,oL0PLZN5OfKIIlp2jOIo.npy
Zq2t2GemkevDEjeu6DKm,morning,84,train,Zq2t2GemkevDEjeu6DKm.npy
RWWDggDUn0bwo7bomqOu,water,49,val,RWWDggDUn0bwo7bomqOu.npy
Yys3I8UciSH9R0XQl2dZ,face,88,train,Yys3I8UciSH9R0XQl2dZ.npy
ISCEsckuwPwQ12EooIzK,family,49,train,ISCEsckuwPwQ12EooIzK.npy
WqXrsfAOrG5TCWkL563U,cold,39,train,WqXrsfAOrG5TCWkL563U.npy
yqv937xAGjnBmBB0Oac6,big,48,test,yqv937xAGjnBmBB0Oac6.npy
B6wH9klbPUM7ZT69GIlo,thank_you,49,train,B6wH9klbPUM7ZT69GIlo.npy
gLNVXvZs0WIBsSNPwzec,doctor,54,train,gLNVXvZs0WIBsSNPwzec.npy
90DrVLZGyQJcWRQ2IhVH,medicine,17,train,90DrVLZGyQJcWRQ2IhVH.npy
gkrRek3nsXm7xpim29sg,sick,59,train,gkrRek3nsXm7xpim29sg.npy
GRgLbbTAcLjWq7PFKZVt,touch,39,train,GRgLbbTAcLjWq7PFKZVt.npy
0PP0xO2ovx1Jhgodhxa7,long,17,train,0PP0xO2ovx1Jhgodhxa7.npy
NubcEjPfnRR3T5KXWa1i,sorry,88,val,NubcEjPfnRR3T5KXWa1i.npy
F7ht2DhEMpK4XJgXqT17,hurt,84,val,F7ht2DhEMpK4XJgXqT17.npy
Dxr4T4GzGlJnrezhojPw,long,48,test,Dxr4T4GzGlJnrezhojPw.npy
IthjU1L5fMX3s7kzD2tK,touch,48,test,IthjU1L5fMX3s7kzD2tK.npy
z5acxyvB6d3V4JRN5AxX,drink,57,test,z5acxyvB6d3V4JRN5AxX.npy
OZ8Mg9BkUZKpXbfpNBcV,sleep,46,train,OZ8Mg9BkUZKpXbfpNBcV.npy
HUsXhitX5HwRbF3IftaA,drink,50,test,HUsXhitX5HwRbF3IftaA.npy
TtOAy4LU8iF7lgL7AFSP,doctor,49,train,TtOAy4LU8iF7lgL7AFSP.npy
kyRMuoLIe8r4Pgy0Tyt8,what,54,val,kyRMuoLIe8r4Pgy0Tyt8.npy
ZoPjB01P4l9dABq0VcQZ,big,84,train,ZoPjB01P4l9dABq0VcQZ.npy
Zp3vKfo9qq8XS1ROpgqU,which,49,train,Zp3vKfo9qq8XS1ROpgqU.npy
9vkrlh0vj83PZZOwMp3D,some,11,val,9vkrlh0vj83PZZOwMp3D.npy
VLRxTfHqKZyrSXDgpSq6,hospital,48,test,VLRxTfHqKZyrSXDgpSq6.npy
woXuRstZ8DHNgL5oX0fU,help,46,train,woXuRstZ8DHNgL5oX0fU.npy
w4vVmSSFu8M4i62K2IvZ,hour,11,val,w4vVmSSFu8M4i62K2IvZ.npy
EUuBV4ZXMUcFAIB9DsIo,teeth,80,train,EUuBV4ZXMUcFAIB9DsIo.npy
vsAp6y1t2WRN2C5Y6JK4,family,61,test,vsAp6y1t2WRN2C5Y6JK4.npy
rRKTYNqcXapYCKpQqeLi,sleep,88,val,rRKTYNqcXapYCKpQqeLi.npy
oEsynbSliMLdNQGin6me,big,46,val,oEsynbSliMLdNQGin6me.npy
n5ArGvrS9Kshc8Szl3eJ,give,42,train,n5ArGvrS9Kshc8Szl3eJ.npy
kfpBKkfoLVzHWyRLKJ3s,big,61,test,kfpBKkfoLVzHWyRLKJ3s.npy
XcblgO5INyzqQwEq6sxR,big,84,train,XcblgO5INyzqQwEq6sxR.npy
oGV2FPvGwtv5myYW8egL,sleep,8,train,oGV2FPvGwtv5myYW8egL.npy
hFoYBWCoEJ5zaILFcCgy,breathe,8,val,hFoYBWCoEJ5zaILFcCgy.npy
ankHO4ZKXPUpVrUfLEUA,day,60,train,ankHO4ZKXPUpVrUfLEUA.npy
HYXhLa8vJSgfmzpbtBh6,hospital,57,test,HYXhLa8vJSgfmzpbtBh6.npy
BIrV3pc0cskDuqNtMffG,food,42,train,BIrV3pc0cskDuqNtMffG.npy
U6BPRnIYQClaAgqzZHJI,medicine,52,val,U6BPRnIYQClaAgqzZHJI.npy
fLaO8Wnm5BFT9OSxseRN,test,39,train,fLaO8Wnm5BFT9OSxseRN.npy
BcZI3lnkH8yhciyWFS01,tired,36,test,BcZI3lnkH8yhciyWFS01.npy
LWWcDk1Un7XuJe8iFY8q,stop,36,test,LWWcDk1Un7XuJe8iFY8q.npy
T9iplNmoLTPGbvtAO5bC,water,17,train,T9iplNmoLTPGbvtAO5bC.npy
9lICcbnmWRFzqlhXzltT,tomorrow,57,test,9lICcbnmWRFzqlhXzltT.npy
qINLYyoB5qh1VbHGFh8C,long,84,val,qINLYyoB5qh1VbHGFh8C.npy
6RUk8IvEghTExvZuX0E9,who,57,test,6RUk8IvEghTExvZuX0E9.npy
eWDYInwjLjpxznYwt0dP,drink,35,train,eWDYInwjLjpxznYwt0dP.npy
PeQq8Oq4l6rUEx9zbH2R,ask,17,train,PeQq8Oq4l6rUEx9zbH2R.npy
eBpUC2CJ93rBCEShNaQx,breathe,85,train,eBpUC2CJ93rBCEShNaQx.npy
xkIlrHsrFOOi0yWNAb1h,strong,48,test,xkIlrHsrFOOi0yWNAb1h.npy
QJaLcEU2rVBAXHe5LBmZ,finish,42,val,QJaLcEU2rVBAXHe5LBmZ.npy
OfEvXIx7cAaAZ944i8WM,bad,62,train,OfEvXIx7cAaAZ944i8WM.npy
GE4MQi4VlAs6ukUKNicv,hot,60,train,GE4MQi4VlAs6ukUKNicv.npy
ABd15aL33kbCuis35ybE,vomit,38,train,ABd15aL33kbCuis35ybE.npy
a97AA7sNujAx7duTs6UO,medicine,46,train,a97AA7sNujAx7duTs6UO.npy
FIbsglBMKZLayNznmfOw,open,54,train,FIbsglBMKZLayNznmfOw.npy
xoAmyVusxVqIbx2IlIrq,baby,52,val,xoAmyVusxVqIbx2IlIrq.npy
6n4b8wzZeITiH9V5NMRp,maybe,35,train,6n4b8wzZeITiH9V5NMRp.npy
43ZJGBpAurZFlwcI5CPn,water,84,train,43ZJGBpAurZFlwcI5CPn.npy
XIzmb5jdHmsvgHStwalF,sleep,42,train,XIzmb5jdHmsvgHStwalF.npy
Ci5sEtcMtpdq3G9cdPNL,water,57,test,Ci5sEtcMtpdq3G9cdPNL.npy
32RRhrKD3uXUfjRIkdCQ,not,23,train,32RRhrKD3uXUfjRIkdCQ.npy
aB4EOBSrUPQ5CBhppglA,open,76,train,aB4EOBSrUPQ5CBhppglA.npy
CHZ7rKNHjGUvfqzH4ZY7,show,84,val,CHZ7rKNHjGUvfqzH4ZY7.npy
Q0IGMmiKqo3pKCux0VJY,hands,57,test,Q0IGMmiKqo3pKCux0VJY.npy
SntvgjzAwhSKTEu6gcvv,nurse,30,train,SntvgjzAwhSKTEu6gcvv.npy
UXhi6K2yzTdIjAPsrs9u,open,62,val,UXhi6K2yzTdIjAPsrs9u.npy
gI4ijyie4uo3NsJlxRCy,sick,43,train,gI4ijyie4uo3NsJlxRCy.npy
MDmW9etfObwZ2FomYgTi,understand,62,train,MDmW9etfObwZ2FomYgTi.npy
Hl2lnGjOnpbQIyE0ImrR,tell,59,train,Hl2lnGjOnpbQIyE0ImrR.npy
8BTBVQgMWP1quz7TXe2T,baby,11,train,8BTBVQgMWP1quz7TXe2T.npy
evalfrRU86Ugt4yOUKkP,show,62,train,evalfrRU86Ugt4yOUKkP.npy
Rchlq0CTmerd2PKo4Rgk,no,57,test,Rchlq0CTmerd2PKo4Rgk.npy
7zdacDZa6bRBetjWotZQ,where,78,train,7zdacDZa6bRBetjWotZQ.npy
ND2GA9Yo0wnJmopOJy32,teeth,39,train,ND2GA9Yo0wnJmopOJy32.npy
SmphxmTInXbnBSetAbjd,sleep,43,train,SmphxmTInXbnBSetAbjd.npy
hYNJ1aUw3a0Du4ZF6P9h,sick,88,train,hYNJ1aUw3a0Du4ZF6P9h.npy
rOJa3f9yCDF9RHGTylD2,move,84,train,rOJa3f9yCDF9RHGTylD2.npy
hzS4oPtcV8O0mSrOmdrw,year,84,train,hzS4oPtcV8O0mSrOmdrw.npy
yv4t5zYp1KVaxoeoQcKX,stop,36,test,yv4t5zYp1KVaxoeoQcKX.npy
QCUhMdd1tHwq0HL9DFdB,drink,49,val,QCUhMdd1tHwq0HL9DFdB.npy
VTghTrZjLTAwLFak3Sol,nose,46,train,VTghTrZjLTAwLFak3Sol.npy
BvZ7pO60RgZ9b9frw2n0,hospital,49,train,BvZ7pO60RgZ9b9frw2n0.npy
Y29szAK8e0d7KHhEUniC,what,17,train,Y29szAK8e0d7KHhEUniC.npy
44QIj7aqWzQTBHsnsyj4,want,88,train,44QIj7aqWzQTBHsnsyj4.npy
PVHJkx4kb9gGc4e5rbeE,understand,42,train,PVHJkx4kb9gGc4e5rbeE.npy
kpNbV4XYRO6iK2mZaNSC,weak,80,train,kpNbV4XYRO6iK2mZaNSC.npy
oZuwzKjYg48v9OSHFsmu,show,64,test,oZuwzKjYg48v9OSHFsmu.npy
kmSrNTgxZHqnPSBaXB7f,water,35,train,kmSrNTgxZHqnPSBaXB7f.npy
es1V2EJ2OcfZtOkzrPjE,needle,88,val,es1V2EJ2OcfZtOkzrPjE.npy
G4AGjgvBA5HgUAlv5Sxz,drink,57,test,G4AGjgvBA5HgUAlv5Sxz.npy
of5BKIEC4g8IU7UDJ7oc,medicine,39,train,of5BKIEC4g8IU7UDJ7oc.npy
jJXuNXveJd5yB7RWBHl4,bad,38,val,jJXuNXveJd5yB7RWBHl4.npy
CkWuxRckkwozMJpvBR88,want,30,val,CkWuxRckkwozMJpvBR88.npy
IWlArieEb6WNHvmmbFnr,sorry,39,train,IWlArieEb6WNHvmmbFnr.npy
xcIIKd63bDYUBwbezv4j,big,17,train,xcIIKd63bDYUBwbezv4j.npy
Z5JfgB8lS3Mp0F2Z15zR,who,46,train,Z5JfgB8lS3Mp0F2Z15zR.npy
agzD19phQanBrrRbaJEd,day,46,train,agzD19phQanBrrRbaJEd.npy
GbgtGcAppEtiDIB74fG0,cough,39,val,GbgtGcAppEtiDIB74fG0.npy
zxXXDc9O9nQEkXaddrVV,water,7,val,zxXXDc9O9nQEkXaddrVV.npy
zFE5fhilYORHQyRA9ohv,today,11,train,zFE5fhilYORHQyRA9ohv.npy
4ImBRJNo49JX3ogSybVI,family,35,train,4ImBRJNo49JX3ogSybVI.npy
FxSgSCTrYJpIUrhXFL2t,water,57,test,FxSgSCTrYJpIUrhXFL2t.npy
T3SijRikZUcB2bhxxR1v,show,39,train,T3SijRikZUcB2bhxxR1v.npy
j3S879WGdnDqkYYeLCFK,week,42,train,j3S879WGdnDqkYYeLCFK.npy
QwEeVUQSSD2p0ZBRxl5h,hurt,53,test,QwEeVUQSSD2p0ZBRxl5h.npy
saFi2IZe2pyfPlwnudaw,morning,30,train,saFi2IZe2pyfPlwnudaw.npy
ndGUaztWmZbatcfYVERy,doctor,35,train,ndGUaztWmZbatcfYVERy.npy
VV0nsHM0Y5j2ku1se930,hot,24,train,VV0nsHM0Y5j2ku1se930.npy
HV2g0sWAjarz6TfWkDoL,what,57,test,HV2g0sWAjarz6TfWkDoL.npy
6kSKMKZaU9A7E2vS0S5i,finish,36,test,6kSKMKZaU9A7E2vS0S5i.npy
BHN97K1UOvjO6vtHtNeD,open,30,train,BHN97K1UOvjO6vtHtNeD.npy
vPH9mtDNsxhjlddHC38J,hurt,84,train,vPH9mtDNsxhjlddHC38J.npy
it209ovUQpsItbsZJMgF,help,35,train,it209ovUQpsItbsZJMgF.npy
mgwHsfZ7OBHImbhsEuSi,muscle,57,test,mgwHsfZ7OBHImbhsEuSi.npy
K3O7fgLHhe4eXaC4Dk2U,family,39,train,K3O7fgLHhe4eXaC4Dk2U.npy
QmHVactJFlycJrhEGO6C,year,7,train,QmHVactJFlycJrhEGO6C.npy
DezzuRwn63Jx8aBt7ABW,sleep,12,train,DezzuRwn63Jx8aBt7ABW.npy
PTJcu4gXr8oItl8XLIsZ,understand,50,test,PTJcu4gXr8oItl8XLIsZ.npy
JL8WYElgngjt32SRkq5Q,again,8,train,JL8WYElgngjt32SRkq5Q.npy
5Gj2749toZsDOKQakOwI,thank_you,7,train,5Gj2749toZsDOKQakOwI.npy
GkPCsLRNy4R9yvsdukfe,sleep,80,val,GkPCsLRNy4R9yvsdukfe.npy
T2figWpXi1dj4jGzmIMI,what,42,train,T2figWpXi1dj4jGzmIMI.npy
Rr4hKlMoqiqrSxBS60wn,water,88,train,Rr4hKlMoqiqrSxBS60wn.npy
4BGzenTn7Zr8hWw9zr3c,long,84,train,4BGzenTn7Zr8hWw9zr3c.npy
x4owhYhR8L46qeudWznv,show,88,train,x4owhYhR8L46qeudWznv.npy
H76LlnExs6rJbN3T14kk,year,46,train,H76LlnExs6rJbN3T14kk.npy
nuXvq6FaR1fILpInfM5q,month,7,train,nuXvq6FaR1fILpInfM5q.npy
f9FdGhSluamPZKQkTaFg,teeth,47,test,f9FdGhSluamPZKQkTaFg.npy
zUQepdwXiw1jTg6reN3h,wait,60,train,zUQepdwXiw1jTg6reN3h.npy
ksW8tNq3zL3WXw94PmD3,which,84,val,ksW8tNq3zL3WXw94PmD3.npy
dLPmKORtSKPzD0gWL3MK,again,62,train,dLPmKORtSKPzD0gWL3MK.npy
BICYqj06ZQ8hWfx91sOw,long,49,train,BICYqj06ZQ8hWfx91sOw.npy
7nnUULmW7tOwX2QqXcK5,doctor,30,val,7nnUULmW7tOwX2QqXcK5.npy
E75eAoCZ6tZSKWijXCqR,hot,61,test,E75eAoCZ6tZSKWijXCqR.npy
ZYakBaXcu6bHs0Lb9D6n,strong,39,val,ZYakBaXcu6bHs0Lb9D6n.npy
BgBi8iqYhETRx25IpBNw,pain,57,test,BgBi8iqYhETRx25IpBNw.npy
dMiWNAem0vDhkjACU9ol,family,35,val,dMiWNAem0vDhkjACU9ol.npy
TXOIx17H7nhBRRrtYrkf,year,49,val,TXOIx17H7nhBRRrtYrkf.npy
u87omaP62OSjrWlE0hRX,come,30,train,u87omaP62OSjrWlE0hRX.npy
TMf5CvSWTAB6ksjFKCYr,teeth,30,val,TMf5CvSWTAB6ksjFKCYr.npy
7qGgaoCDECfbbSjDM0cr,year,46,train,7qGgaoCDECfbbSjDM0cr.npy
obgHnbOaVjPpmIMvWRef,face,49,val,obgHnbOaVjPpmIMvWRef.npy
Yi2XsT3pomVK2qG77jEv,sleep,7,train,Yi2XsT3pomVK2qG77jEv.npy
L7CtakVuIIQjAs8bd0ZF,doctor,80,train,L7CtakVuIIQjAs8bd0ZF.npy
2QQnHRRKOpT4CTnnaZ7k,breathe,84,train,2QQnHRRKOpT4CTnnaZ7k.npy
6o1q82MbINDml8GYnghk,ear,84,val,6o1q82MbINDml8GYnghk.npy
uyPuAauCjg3qcQbHaIRy,woman,17,train,uyPuAauCjg3qcQbHaIRy.npy
gagovokHoxGzigZ1Tl0m,what,42,train,gagovokHoxGzigZ1Tl0m.npy
vfGTIYR0E7e76l833tME,water,49,train,vfGTIYR0E7e76l833tME.npy
bHjXhyaGOexGB7tYaoSP,bad,23,train,bHjXhyaGOexGB7tYaoSP.npy
GDhLyG6oovlir5EM6Osn,sleep,62,train,GDhLyG6oovlir5EM6Osn.npy
2IaILe6akbU0DhSrmq8l,again,61,test,2IaILe6akbU0DhSrmq8l.npy
j35jUAOSKbQ26pxYRfNd,tired,48,test,j35jUAOSKbQ26pxYRfNd.npy
DGpCx87dOimV9rmK2Ke0,more,39,train,DGpCx87dOimV9rmK2Ke0.npy
2OtrIpDoLLePL5Ih9VjO,water,64,test,2OtrIpDoLLePL5Ih9VjO.npy
ofOXVQsDjxRucoxFJldy,water,84,train,ofOXVQsDjxRucoxFJldy.npy
B1XQCQKDFIBRcm2dZJ5Y,water,61,test,B1XQCQKDFIBRcm2dZJ5Y.npy
KwxSOyScton5yI4cMmbQ,skin,17,train,KwxSOyScton5yI4cMmbQ.npy
6vLBgD5HsXMWjEEnhHEy,family,48,test,6vLBgD5HsXMWjEEnhHEy.npy
a6TPktFDHgVmJKm8u7vX,ear,42,train,a6TPktFDHgVmJKm8u7vX.npy
SETr4pmuhmGRCBK2Tzjn,move,61,test,SETr4pmuhmGRCBK2Tzjn.npy
U9croDFO0FySGWQq49BL,hurt,84,train,U9croDFO0FySGWQq49BL.npy
KLkPYvlaYXLMimaTozzr,bad,80,train,KLkPYvlaYXLMimaTozzr.npy
WarJ8espNOW452hC6xnM,finish,61,test,WarJ8espNOW452hC6xnM.npy
4ymHttphfMV4fcQUaklt,hot,84,train,4ymHttphfMV4fcQUaklt.npy
VdChvBHzFxWMPF37pGPi,where,33,test,VdChvBHzFxWMPF37pGPi.npy
8O6xl8EsK6kKCIY0eSXc,today,30,train,8O6xl8EsK6kKCIY0eSXc.npy
4GmPDYjXpEatmKZYSzuU,sometimes,42,train,4GmPDYjXpEatmKZYSzuU.npy
buqKSULqN6koBo97a9NM,yes,57,test,buqKSULqN6koBo97a9NM.npy
JC4gY5Ybkr9tN83nnQdI,medicine,42,val,JC4gY5Ybkr9tN83nnQdI.npy
WHP3HIpUy4bJUz2ooK8w,hurt,60,train,WHP3HIpUy4bJUz2ooK8w.npy
0QnNBGhMq2fKZeK9K8O5,stop,84,train,0QnNBGhMq2fKZeK9K8O5.npy
4kwK39QBY9hrMppTMAKK,day,84,train,4kwK39QBY9hrMppTMAKK.npy
W9ecuYtmPZgQKb58OPxd,sick,7,val,W9ecuYtmPZgQKb58OPxd.npy
uNnnb76EGdpKB67pykOp,bleed,17,train,uNnnb76EGdpKB67pykOp.npy
lASmfSBSHBnGwGUaCqEH,move,62,train,lASmfSBSHBnGwGUaCqEH.npy
IRhVzwa2wzwVUJzg0Loa,tired,85,train,IRhVzwa2wzwVUJzg0Loa.npy
iRXMDsAPJoLiOQc8HbNd,thank_you,84,val,iRXMDsAPJoLiOQc8HbNd.npy
Pp3jZg6b7PKVn3ULGf5W,sick,46,train,Pp3jZg6b7PKVn3ULGf5W.npy
ii9CpiPxeQnlMjDh9d0P,morning,7,val,ii9CpiPxeQnlMjDh9d0P.npy
vhSKUcVueAcoiwzBEGp2,now,62,val,vhSKUcVueAcoiwzBEGp2.npy
GLvYFiZRbBL31qJt9mLL,hands,49,train,GLvYFiZRbBL31qJt9mLL.npy
ikmJma9a6CAUGCEgQaZL,help,42,val,ikmJma9a6CAUGCEgQaZL.npy
wjWo9Cbb0sD7Si9WXEdB,where,17,train,wjWo9Cbb0sD7Si9WXEdB.npy
enfxuS6iHCJY3EDJw52P,bad,36,test,enfxuS6iHCJY3EDJw52P.npy
vfMxPqPVrwEiNucgdhTc,take,36,test,vfMxPqPVrwEiNucgdhTc.npy
VtBl7sJKEs5i7PXUNyCr,now,17,train,VtBl7sJKEs5i7PXUNyCr.npy
qxKFit9QHnLq9MkO01AA,hurt,84,val,qxKFit9QHnLq9MkO01AA.npy
do8UZ3eKz1I6VOwbbyTI,wait,14,train,do8UZ3eKz1I6VOwbbyTI.npy
85wB7EwBXm4AIWgU9O4s,baby,49,train,85wB7EwBXm4AIWgU9O4s.npy
SwZk7tCNoncp8XbVRu3b,water,61,test,SwZk7tCNoncp8XbVRu3b.npy
K0wBxFimwCLznefRwAXc,hurt,61,test,K0wBxFimwCLznefRwAXc.npy
po64VtzEiWRLhu86tqG7,drink,78,train,po64VtzEiWRLhu86tqG7.npy
3ML8lgL1ICH8Z690yqRf,want,11,train,3ML8lgL1ICH8Z690yqRf.npy
HgaMSEqPka8GeJUJ1mDo,baby,39,val,HgaMSEqPka8GeJUJ1mDo.npy
yLYH74OCQhQNHK8x08Sp,muscle,35,train,yLYH74OCQhQNHK8x08Sp.npy
uxM5tT2KjfdJbKjc7dXx,bed,11,train,uxM5tT2KjfdJbKjc7dXx.npy
jXLtPMHpLfpPDusA0WkS,day,30,val,jXLtPMHpLfpPDusA0WkS.npy
gqqVzK30h5BFQ1l13QLd,bleed,84,val,gqqVzK30h5BFQ1l13QLd.npy
lPvh0Kpvz6hVwt1ZDEvf,no,57,test,lPvh0Kpvz6hVwt1ZDEvf.npy
pdfokSfXlnyN3f8d3kUN,wait,62,train,pdfokSfXlnyN3f8d3kUN.npy
S9gysMBxkOX4mjg5oK7W,baby,46,train,S9gysMBxkOX4mjg5oK7W.npy
PPZ7jaMoh1k9WHTrNWUY,big,48,test,PPZ7jaMoh1k9WHTrNWUY.npy
NLkgIdRyOPUpxEBN1OS7,want,7,train,NLkgIdRyOPUpxEBN1OS7.npy
B8SIWIBGjwvycdxuth6e,hurt,48,test,B8SIWIBGjwvycdxuth6e.npy
qSuzJOfhlQhT2ZHvXCDF,dentist,8,train,qSuzJOfhlQhT2ZHvXCDF.npy
cAdFuanNY4XaRLG25jWO,hot,57,test,cAdFuanNY4XaRLG25jWO.npy
x8uESj41gmREV3zOGf8r,drink,53,test,x8uESj41gmREV3zOGf8r.npy
iErWqbEW5mV7YBIITEpF,breathe,48,test,iErWqbEW5mV7YBIITEpF.npy
QjH3v4OLH5VhbONKOR0A,tired,31,train,QjH3v4OLH5VhbONKOR0A.npy
5DJngSdjYQRQKiE0EPIg,hot,11,val,5DJngSdjYQRQKiE0EPIg.npy
EpbfkMVSnZgh3n8g1JHX,big,48,test,EpbfkMVSnZgh3n8g1JHX.npy
1fe5jc0115U68yhfLnnz,teeth,17,train,1fe5jc0115U68yhfLnnz.npy
zZ0xFHGCiH54ucvI0Chg,year,84,train,zZ0xFHGCiH54ucvI0Chg.npy
2LCrFyKm8uGBAaYhv3pZ,bed,42,train,2LCrFyKm8uGBAaYhv3pZ.npy
qzKvzxOHn32AYMRwjwRQ,hurt,17,train,qzKvzxOHn32AYMRwjwRQ.npy
hFFdKZVmX6ymFnHp7L1F,surgery,8,train,hFFdKZVmX6ymFnHp7L1F.npy
K5coTgA8wTOKTStf49zq,why,39,train,K5coTgA8wTOKTStf49zq.npy
oieeZa4XT0PPKwQ5onot,hurt,61,test,oieeZa4XT0PPKwQ5onot.npy
tFLm9a5bVjQjeEdrgUDy,touch,30,val,tFLm9a5bVjQjeEdrgUDy.npy
ivWLElu0gYaq24ewmP6b,sick,64,test,ivWLElu0gYaq24ewmP6b.npy
qlXWlLm83Ogt6mNecJqx,water,57,test,qlXWlLm83Ogt6mNecJqx.npy
w0REWkdgKFQBc6x5MQbb,night,52,val,w0REWkdgKFQBc6x5MQbb.npy
3Rs0hXsdFGBybLTaIBUQ,woman,88,train,3Rs0hXsdFGBybLTaIBUQ.npy
irGjV1OlNCFPLurMjTt0,stop,39,train,irGjV1OlNCFPLurMjTt0.npy
3UtVbO0nzKN3ziAWGNts,tired,17,val,3UtVbO0nzKN3ziAWGNts.npy
it5HF70KON32q4xnWXXo,hot,50,test,it5HF70KON32q4xnWXXo.npy
TCiMEnLUpOaJqELuB6UX,day,12,train,TCiMEnLUpOaJqELuB6UX.npy
sCjExRGsPm9HYUxiHjLk,mother,11,train,sCjExRGsPm9HYUxiHjLk.npy
ewTBdexFxYTtnODsdg7u,drink,78,train,ewTBdexFxYTtnODsdg7u.npy
969FqpwqX7HN8hZcn6QV,woman,57,test,969FqpwqX7HN8hZcn6QV.npy
4YNNfULlNj8zwH0BteeJ,family,59,train,4YNNfULlNj8zwH0BteeJ.npy
AiCWq2KHPLuUfmlidZcb,open,48,test,AiCWq2KHPLuUfmlidZcb.npy
TswO2iIINeTPGCrtTA3A,afternoon,39,train,TswO2iIINeTPGCrtTA3A.npy
6tLRhSsBcUl2invvnbxJ,day,12,train,6tLRhSsBcUl2invvnbxJ.npy
znM5qe9kye1oAVDHZlGJ,much,8,train,znM5qe9kye1oAVDHZlGJ.npy
gRkjLdgUzxTMl0OXUq29,year,17,train,gRkjLdgUzxTMl0OXUq29.npy
O3A5oPq0OAkr8iwTzZ4r,sick,49,train,O3A5oPq0OAkr8iwTzZ4r.npy
AaRn2gw8MMZo1dlqyxpr,family,84,train,AaRn2gw8MMZo1dlqyxpr.npy
SQ5u5CiCRIxKItGfBejT,woman,59,train,SQ5u5CiCRIxKItGfBejT.npy
o96dZ39wP4XevrTOroFJ,maybe,52,train,o96dZ39wP4XevrTOroFJ.npy
e3QpjIiZsI97Ufu1vHKp,eyes,49,val,e3QpjIiZsI97Ufu1vHKp.npy
95BgFXDI6czDPhTxMRrN,baby,88,val,95BgFXDI6czDPhTxMRrN.npy
AXcBS36iButwMRhHGbeY,help,33,test,AXcBS36iButwMRhHGbeY.npy
HSps79HURLUeNFWCUv5n,hurt,35,train,HSps79HURLUeNFWCUv5n.npy
7srUg3NlwoOfQKQctYEx,hot,78,train,7srUg3NlwoOfQKQctYEx.npy
eQ4bybEkoM79X0jYB6lP,who,62,val,eQ4bybEkoM79X0jYB6lP.npy
7ee5kTSsgdHS4OIs5G1o,feel,46,train,7ee5kTSsgdHS4OIs5G1o.npy
L1SdEQLAclGptDnFxRvD,feel,48,test,L1SdEQLAclGptDnFxRvD.npy
2Uy0y4l84qxC9CgquhSr,head,64,test,2Uy0y4l84qxC9CgquhSr.npy
QVnFy5flp1SDbKibMeLH,want,88,train,QVnFy5flp1SDbKibMeLH.npy
7GCfZTx7i6Ch18sd7NNF,dizzy,46,train,7GCfZTx7i6Ch18sd7NNF.npy
5xQPyaBzRtjiFLBSPYqq,need,84,val,5xQPyaBzRtjiFLBSPYqq.npy
t3P4x3XreYL6SBCraXim,bad,62,train,t3P4x3XreYL6SBCraXim.npy
HpGOcD0lH35X0Hl6I7QS,strong,48,test,HpGOcD0lH35X0Hl6I7QS.npy
xk6Mob7JQ7Kikwz9XxMz,open,33,test,xk6Mob7JQ7Kikwz9XxMz.npy
JO2Y9d82oGJYjkIECE1K,show,39,val,JO2Y9d82oGJYjkIECE1K.npy
LgrZ4mygH5jsDMX6uGpf,bad,11,val,LgrZ4mygH5jsDMX6uGpf.npy
OlQ7NvCPE8dr2LJa1WQF,night,61,test,OlQ7NvCPE8dr2LJa1WQF.npy
AwzYEWhruFeLWYHTLGKx,where,49,val,AwzYEWhruFeLWYHTLGKx.npy
sXbEUOqWjIaqnipY6hpz,long,14,train,sXbEUOqWjIaqnipY6hpz.npy
w5G0xrzYC3RT4KsnDW1G,skin,31,train,w5G0xrzYC3RT4KsnDW1G.npy
CCqloHzEBDpWGPqpVTZ9,dizzy,84,train,CCqloHzEBDpWGPqpVTZ9.npy
fmkdITmU2JEqv8pyhC8U,sleep,48,test,fmkdITmU2JEqv8pyhC8U.npy
1qMRhC99nNNgENBUnOPd,ask,39,val,1qMRhC99nNNgENBUnOPd.npy
rpOV0CETFQCTRYDbQpNA,which,17,train,rpOV0CETFQCTRYDbQpNA.npy
4i1nI1qHVRAvrlrdePh9,hurt,84,train,4i1nI1qHVRAvrlrdePh9.npy
ek9lJMKUeWU5UxJy3Tq4,pain,59,train,ek9lJMKUeWU5UxJy3Tq4.npy
QCYynqTeFxhDd7tqf6J5,where,17,train,QCYynqTeFxhDd7tqf6J5.npy
gstjRsZ1nhq0zZpOOmHr,sick,84,train,gstjRsZ1nhq0zZpOOmHr.npy
O8XAy0hSXpILhADkirjt,face,46,train,O8XAy0hSXpILhADkirjt.npy
jEwtya0Q3YsEllBgrNeK,finish,46,train,jEwtya0Q3YsEllBgrNeK.npy
3bxowBPgCGytQ6YBQel7,tired,17,train,3bxowBPgCGytQ6YBQel7.npy
0KixGPUX5IkiQxhtmGDa,medicine,7,train,0KixGPUX5IkiQxhtmGDa.npy
m5JCJ5shX20r5rOYFmUB,sleep,62,train,m5JCJ5shX20r5rOYFmUB.npy
i0LO8eb9dSdJvw3xUQqR,open,49,train,i0LO8eb9dSdJvw3xUQqR.npy
ZUQUZtJZIe1SdP2XoCsH,feel,57,test,ZUQUZtJZIe1SdP2XoCsH.npy
JvFVOrXt4ldyAXHQQcjn,long,84,val,JvFVOrXt4ldyAXHQQcjn.npy
qgUdH6W5x1rNTKjUeXxg,help,7,train,qgUdH6W5x1rNTKjUeXxg.npy
CIYWGva1hM5liWsWRF9D,help,57,test,CIYWGva1hM5liWsWRF9D.npy
ipp5gcKYS7gSEAvykIkn,sick,38,val,ipp5gcKYS7gSEAvykIkn.npy
SosxBgm92nUI5W0E1yqT,sick,49,train,SosxBgm92nUI5W0E1yqT.npy
80yPsqH6eToT6z7VmxCh,cold,60,train,80yPsqH6eToT6z7VmxCh.npy
KYBI27p316knDVTvRLwU,hospital,76,val,KYBI27p316knDVTvRLwU.npy
gwuUU7DIuDj2ggZHYDtp,hurt,17,val,gwuUU7DIuDj2ggZHYDtp.npy
pLs9odgKrIB6fqie1QyQ,head,17,train,pLs9odgKrIB6fqie1QyQ.npy
JmSzGwQkX28RjiGIQhTU,sleep,49,train,JmSzGwQkX28RjiGIQhTU.npy
AVsOFyydPI7e1rX4Xwtm,hot,38,train,AVsOFyydPI7e1rX4Xwtm.npy
D3l6RCYvk3unCwlkQWjC,baby,59,train,D3l6RCYvk3unCwlkQWjC.npy
WhpC0bBCg953jDkuYLZm,sick,38,train,WhpC0bBCg953jDkuYLZm.npy
CCEysk1YyGfAHnRGvlE4,itch,61,test,CCEysk1YyGfAHnRGvlE4.npy
g9qxWssWiMpv0GYP8iAX,help,42,train,g9qxWssWiMpv0GYP8iAX.npy
tcJ1USGoKn4P48gD0LcY,worse,57,test,tcJ1USGoKn4P48gD0LcY.npy
jN5lXGjIvywNHpY0eHZl,family,78,train,jN5lXGjIvywNHpY0eHZl.npy
IJoIJAnOb72shfSB9ByA,walk,62,train,IJoIJAnOb72shfSB9ByA.npy
FLfYVfSUkn1Q1rPLJNbE,finish,60,val,FLfYVfSUkn1Q1rPLJNbE.npy
cURlvp2YmAGnYW1vHu5m,who,57,test,cURlvp2YmAGnYW1vHu5m.npy
sU5P7aakjNjuxq3PSnJB,who,17,train,sU5P7aakjNjuxq3PSnJB.npy
qHkGjHOhXrrmk8SBnqgu,drink,35,train,qHkGjHOhXrrmk8SBnqgu.npy
44ZXD5jdyLC3C06VHzGw,where,62,train,44ZXD5jdyLC3C06VHzGw.npy
Vke5SViNarOXpL9UuC65,yes,17,train,Vke5SViNarOXpL9UuC65.npy
IVhcXvH6X1PMHuZdJxWw,sorry,39,train,IVhcXvH6X1PMHuZdJxWw.npy
cx3nFpbqFeL2tnHBkVzk,help,39,train,cx3nFpbqFeL2tnHBkVzk.npy
PIT4q5KrMlaJGHJh9doH,hands,84,train,PIT4q5KrMlaJGHJh9doH.npy
ZWWRxqAT7gZ78ONpPMsl,feel,76,train,ZWWRxqAT7gZ78ONpPMsl.npy
ScSAZTsBzbWMeCmkknXM,hurt,57,test,ScSAZTsBzbWMeCmkknXM.npy
zefKwb2zkhgUWK2f0N0D,hurt,84,train,zefKwb2zkhgUWK2f0N0D.npy
sMY65TKc0zVtdYjfGSH6,need,17,train,sMY65TKc0zVtdYjfGSH6.npy
Kusf1BiYntJI7hro93X5,bone,78,train,Kusf1BiYntJI7hro93X5.npy
teQMslNixa5yY82MN7RO,pill,49,val,teQMslNixa5yY82MN7RO.npy
f1PvyRrXFKjJUcl2KPPc,week,39,train,f1PvyRrXFKjJUcl2KPPc.npy
04Ah6oYe2P2EWHQmoLfu,open,48,test,04Ah6oYe2P2EWHQmoLfu.npy
H1MgRt9iYy1NbOdE8qRy,breathe,30,train,H1MgRt9iYy1NbOdE8qRy.npy
AcJZV54pfbiyeCy0DrOd,tired,8,train,AcJZV54pfbiyeCy0DrOd.npy
4ecKFs38d8160xB8bXo5,no,30,train,4ecKFs38d8160xB8bXo5.npy
PvymDViIukjXK94Zi3xe,move,53,test,PvymDViIukjXK94Zi3xe.npy
hPDiUBaKOap5rcMDTeNG,need,49,train,hPDiUBaKOap5rcMDTeNG.npy
w8stMK1KFKcXzUtytDOT,finish,39,train,w8stMK1KFKcXzUtytDOT.npy
JjiLJoeEy6IzzUxcjwrB,sit,64,test,JjiLJoeEy6IzzUxcjwrB.npy
aQkqkRlAZ7qL9JBpLqda,night,76,train,aQkqkRlAZ7qL9JBpLqda.npy
ACic8girlNL72TVdbYVv,day,84,train,ACic8girlNL72TVdbYVv.npy
bJzlqlO5ERBWgrQBF7kX,yesterday,88,train,bJzlqlO5ERBWgrQBF7kX.npy
ZMNkdn7Khw4W0rzZF5ru,cold,17,train,ZMNkdn7Khw4W0rzZF5ru.npy
HMyMYZEJAS5Z12Kujigt,hot,53,test,HMyMYZEJAS5Z12Kujigt.npy
GkQf5gOQCqbKz8WRoAnF,mouth,84,train,GkQf5gOQCqbKz8WRoAnF.npy
dkD03DVMsLyfQCb2mSFT,sick,15,train,dkD03DVMsLyfQCb2mSFT.npy
DXKwRo8JxtqiTexgnsp8,wait,30,val,DXKwRo8JxtqiTexgnsp8.npy
Zk8nhLcu4WVEKHy1qH0l,mouth,88,train,Zk8nhLcu4WVEKHy1qH0l.npy
SP5GlbPVyvUa5cIeh7do,father,50,test,SP5GlbPVyvUa5cIeh7do.npy
R5YuKOokoSpvf3NZJ0lK,breathe,42,val,R5YuKOokoSpvf3NZJ0lK.npy
lElzocWlovx4CERt28BZ,man,62,train,lElzocWlovx4CERt28BZ.npy
AJ2ya3To2wmxt6OhCZ5m,baby,38,train,AJ2ya3To2wmxt6OhCZ5m.npy
1jJRNyS3O7w0JEiuDSQb,where,88,train,1jJRNyS3O7w0JEiuDSQb.npy
BccsVPzr5UWWZa00urab,afternoon,39,train,BccsVPzr5UWWZa00urab.npy
Y21lb9zCHXmibkRP56BE,hurt,35,train,Y21lb9zCHXmibkRP56BE.npy
h6xwrGmmJf2MuPbg4AOb,help,35,val,h6xwrGmmJf2MuPbg4AOb.npy
5GNgwPJPclfu8jQg54dm,week,57,test,5GNgwPJPclfu8jQg54dm.npy
XHJhgEFbpDb0LNF1dfip,cold,7,train,XHJhgEFbpDb0LNF1dfip.npy
aHcQ2dER56L5AYY3g8ek,move,33,test,aHcQ2dER56L5AYY3g8ek.npy
cSQzWWEkpdBisXWY5OCZ,cold,80,val,cSQzWWEkpdBisXWY5OCZ.npy
Ac2VdDe2uvDzjA0GTfZ0,feet,39,train,Ac2VdDe2uvDzjA0GTfZ0.npy
ZRdWVV0zyj5c9YZzDYeH,long,61,test,ZRdWVV0zyj5c9YZzDYeH.npy
T5OggED1G0KcvvVP99HV,hands,88,val,T5OggED1G0KcvvVP99HV.npy
UHrpRKfGilcaX3jsvoKd,where,17,val,UHrpRKfGilcaX3jsvoKd.npy
JjH8tIM5VHLbJ9Jo07nb,water,8,train,JjH8tIM5VHLbJ9Jo07nb.npy
HESBtSZMyD2ADOOIMZy4,feel,57,test,HESBtSZMyD2ADOOIMZy4.npy
6KRiqyHbWevn9gq3yjxe,minute,31,train,6KRiqyHbWevn9gq3yjxe.npy
uVLrstJSsMOt10kLa6yx,finish,62,train,uVLrstJSsMOt10kLa6yx.npy
0FvVbCWiF3cHjooW1wfy,cold,57,test,0FvVbCWiF3cHjooW1wfy.npy
3pdDclfq1q2BQI2cTR20,doctor,62,train,3pdDclfq1q2BQI2cTR20.npy
m8VwvxzcXhyKHi3NrxyP,no,57,test,m8VwvxzcXhyKHi3NrxyP.npy
9xzGybclmqtYp6EfT20K,man,35,train,9xzGybclmqtYp6EfT20K.npy
9rqfNUQbRftOPa8ksa7W,water,85,train,9rqfNUQbRftOPa8ksa7W.npy
owBJ14NUdiJJaZl74tc7,move,46,train,owBJ14NUdiJJaZl74tc7.npy
0Fp81qXJHQUWxeyeRZXm,month,57,test,0Fp81qXJHQUWxeyeRZXm.npy
6Yo0OpGEJCeqGLajLH7j,sleep,78,train,6Yo0OpGEJCeqGLajLH7j.npy
tKuSLBr5YyIT7pqCRQI2,wait,39,train,tKuSLBr5YyIT7pqCRQI2.npy
8Ei2Rbc9XwNSsptoCu6o,big,61,test,8Ei2Rbc9XwNSsptoCu6o.npy
ihw4M0tkeoC2k72tlqqv,choke,52,train,ihw4M0tkeoC2k72tlqqv.npy
aPINYor1ML9xB9YLS074,help,12,train,aPINYor1ML9xB9YLS074.npy
yj3YuuJlLulYXYDTKrSF,again,49,val,yj3YuuJlLulYXYDTKrSF.npy
pmWHICAZTwhyjlvuCn1u,sleep,49,train,pmWHICAZTwhyjlvuCn1u.npy
0zXBzWeExZDEeeS9XSux,big,48,test,0zXBzWeExZDEeeS9XSux.npy
UnA2SuqKtFlT50e7R8U6,week,7,train,UnA2SuqKtFlT50e7R8U6.npy
B0d2MrFuu27DE2EJ6OGX,family,15,train,B0d2MrFuu27DE2EJ6OGX.npy
pjoaWTCyPQU2N59zt9pm,tired,42,train,pjoaWTCyPQU2N59zt9pm.npy
kjGhxbfraVmPKeqLkS9i,head,7,val,kjGhxbfraVmPKeqLkS9i.npy
SUzElwqRsg2WtmGupfvV,man,62,val,SUzElwqRsg2WtmGupfvV.npy
OxzQlUKKwstMQLsqqxkz,stop,46,train,OxzQlUKKwstMQLsqqxkz.npy
BsoybwnIQfa73jSily6y,drink,57,test,BsoybwnIQfa73jSily6y.npy
s4GEV8XCKZrcyOuFb4Mt,afternoon,46,train,s4GEV8XCKZrcyOuFb4Mt.npy
NDsxmYPRgRLxw03CtsqQ,tired,11,val,NDsxmYPRgRLxw03CtsqQ.npy
Mx60Fzefm6QgL6z4ykxK,sleep,49,val,Mx60Fzefm6QgL6z4ykxK.npy
eXLyUKxi7bZ51IdGtyYX,water,62,val,eXLyUKxi7bZ51IdGtyYX.npy
R3TYHcfgz04um7oi6w7a,sleep,61,test,R3TYHcfgz04um7oi6w7a.npy
6kWPeStkq8Yqf7xNNOzu,tomorrow,30,train,6kWPeStkq8Yqf7xNNOzu.npy
TV6y3Mazs1rbp03IeoWE,water,39,train,TV6y3Mazs1rbp03IeoWE.npy
j6vIrAveQNVshPMbXSsh,finish,84,val,j6vIrAveQNVshPMbXSsh.npy
BVMtCevDArtvipwTbHBx,sit,78,train,BVMtCevDArtvipwTbHBx.npy
UGeBkPiA8XqLuTaGpHrh,sleep,36,test,UGeBkPiA8XqLuTaGpHrh.npy
s3JcGSodC2MGM4enbRlq,always,61,test,s3JcGSodC2MGM4enbRlq.npy
icAkxpC2TwDFFWcLspgm,where,38,train,icAkxpC2TwDFFWcLspgm.npy
WXqCv0Ea1RA4945Rg9DG,look,57,test,WXqCv0Ea1RA4945Rg9DG.npy
B8Vk3Am5PwQpr9k6hLoF,doctor,50,test,B8Vk3Am5PwQpr9k6hLoF.npy
V5fFUP02oZ0cZiht1Vh3,mouth,84,train,V5fFUP02oZ0cZiht1Vh3.npy
7E0rw7aUYrhHNm75qlRc,arm,61,test,7E0rw7aUYrhHNm75qlRc.npy
f0ETpOnTypC4gFWfkuGH,hot,35,train,f0ETpOnTypC4gFWfkuGH.npy
amtq8MYUB2tw1GW37NUy,test,62,train,amtq8MYUB2tw1GW37NUy.npy
77VcYoWh1x1ho7mI3dfp,tired,49,train,77VcYoWh1x1ho7mI3dfp.npy
P73e6irY3gJ3K7EM03QM,teeth,8,val,P73e6irY3gJ3K7EM03QM.npy
DBrrB8Zpd5dE4zj2LgYZ,hurt,17,val,DBrrB8Zpd5dE4zj2LgYZ.npy
ygPmWA0VzhwlT41kN4uy,hospital,61,test,ygPmWA0VzhwlT41kN4uy.npy
ob3zjiKNpr7tbaooYPBM,baby,46,train,ob3zjiKNpr7tbaooYPBM.npy
BGvTfmVkSMCklGLzvfoI,move,23,val,BGvTfmVkSMCklGLzvfoI.npy
BGFYE1RUGlZD3n3CA14O,head,7,train,BGFYE1RUGlZD3n3CA14O.npy
4q9qf6y3tTW7ERP60qwY,tired,63,train,4q9qf6y3tTW7ERP60qwY.npy
GTQR6PTyZEHHH53nboCX,open,62,train,GTQR6PTyZEHHH53nboCX.npy
ho5fqN87SsogViZSPZMw,baby,48,test,ho5fqN87SsogViZSPZMw.npy
b6QLzBpVXJYDlN9AkGBI,night,57,test,b6QLzBpVXJYDlN9AkGBI.npy
WrO5VQ065Rwm9YWENUnf,medicine,11,train,WrO5VQ065Rwm9YWENUnf.npy
8nyDXPN700JfIlwexQf1,sleep,35,train,8nyDXPN700JfIlwexQf1.npy
qN6HV5ZwxFFF1Yb0fi3Q,no,57,test,qN6HV5ZwxFFF1Yb0fi3Q.npy
PdTaiFX2TXGTvbZWiD6T,now,62,train,PdTaiFX2TXGTvbZWiD6T.npy
9jEwqFXTuKhjqkRfrnNF,hurt,80,train,9jEwqFXTuKhjqkRfrnNF.npy
ZYiy1EH96Nw0rg2rEwal,now,31,train,ZYiy1EH96Nw0rg2rEwal.npy
VVBCq1hx7kQH8epTmhtB,big,49,train,VVBCq1hx7kQH8epTmhtB.npy
VgjugXUG6cNDXJMTXIoi,nurse,62,train,VgjugXUG6cNDXJMTXIoi.npy
wjPF8IgY8vJCjVlXZk4k,walk,7,train,wjPF8IgY8vJCjVlXZk4k.npy
KACYxZiYwQmq1y9r8Qo8,strong,53,test,KACYxZiYwQmq1y9r8Qo8.npy
YAIYgoYm8d8QPGD1XAni,finish,42,train,YAIYgoYm8d8QPGD1XAni.npy
DAPQQsIF6wAuRWdoN7re,cough,57,test,DAPQQsIF6wAuRWdoN7re.npy
N4iMjwscCKOVYWhwizXF,tired,84,train,N4iMjwscCKOVYWhwizXF.npy
ds3c9n6XcA4JslYyXm5p,wait,64,test,ds3c9n6XcA4JslYyXm5p.npy
Gvis85KK6K5yqEZEeIf9,bathroom,62,train,Gvis85KK6K5yqEZEeIf9.npy
VVR9yqJ8oV0iRZngm2HR,light,60,train,VVR9yqJ8oV0iRZngm2HR.npy
A76DeRWdE4sWzxTZCFux,maybe,35,val,A76DeRWdE4sWzxTZCFux.npy
hGBaGq1vWs47UdcAmTHN,day,42,val,hGBaGq1vWs47UdcAmTHN.npy
mmRkc6Ew4SjcIjQn0jCK,day,17,train,mmRkc6Ew4SjcIjQn0jCK.npy
OcO4HcOAzofJhgqrbP5L,sick,49,val,OcO4HcOAzofJhgqrbP5L.npy
9mUpbcdeQMtQTwnkZ25n,day,84,train,9mUpbcdeQMtQTwnkZ25n.npy
byRgQZfyNIEfxPR7LiSk,shoulder,57,test,byRgQZfyNIEfxPR7LiSk.npy
5o59qjgpxOLGaecRmqgI,tired,8,val,5o59qjgpxOLGaecRmqgI.npy
3AQ351glBBDY3tOVGDyL,needle,49,train,3AQ351glBBDY3tOVGDyL.npy
T4BMllrMqE2Sorw40x5B,headache,31,train,T4BMllrMqE2Sorw40x5B.npy
l1WiJVoI2lpXSGFDIoeg,big,39,val,l1WiJVoI2lpXSGFDIoeg.npy
Vann4xBZ7g4l4OUwJicZ,mother,52,train,Vann4xBZ7g4l4OUwJicZ.npy
y7ZtGwMPLLmTecOf8YJ7,water,39,train,y7ZtGwMPLLmTecOf8YJ7.npy
t5OxNnqTSJdf9g0ODekC,woman,11,train,t5OxNnqTSJdf9g0ODekC.npy
Fd7BgNpiVMkcFfhGxiEc,feel,48,test,Fd7BgNpiVMkcFfhGxiEc.npy
GEwKAtY6cFUAMZi9tkIO,cold,88,train,GEwKAtY6cFUAMZi9tkIO.npy
C6ackfvAgtpCefWPyQMy,pain,14,train,C6ackfvAgtpCefWPyQMy.npy
9JfylUcUvfzoK3qpxCnq,back,38,train,9JfylUcUvfzoK3qpxCnq.npy
UqClWDA7FBHiTDBfUK0P,can,39,train,UqClWDA7FBHiTDBfUK0P.npy
PTq9twwfUNt5Js2UCNQU,head,7,train,PTq9twwfUNt5Js2UCNQU.npy
MxtyKp0jYjZ4Fxn7ZOmM,skin,62,train,MxtyKp0jYjZ4Fxn7ZOmM.npy
6bV2a1SAgQ65R5tK5fuk,tired,62,train,6bV2a1SAgQ65R5tK5fuk.npy
cl6qdEUCphMbTCb9Tj9m,hospital,88,train,cl6qdEUCphMbTCb9Tj9m.npy
wRikYY3fxo6pGkzVvGoA,yesterday,14,train,wRikYY3fxo6pGkzVvGoA.npy
Yf717KlSqn9ovgTl3BCl,baby,49,val,Yf717KlSqn9ovgTl3BCl.npy
G5glFt6XJUnMV4PHncvr,feel,30,val,G5glFt6XJUnMV4PHncvr.npy
phOhbCYnTRyIUcWgou7m,hot,39,train,phOhbCYnTRyIUcWgou7m.npy
nJPba4XQuYWzsERcorY3,headache,78,train,nJPba4XQuYWzsERcorY3.npy
cqwe4D2IxJptS3kOPlNh,doctor,84,train,cqwe4D2IxJptS3kOPlNh.npy
8tyLXC0w33OK9jmZ8e4s,ask,39,train,8tyLXC0w33OK9jmZ8e4s.npy
tR1ZTifrw5nxscktwxfF,morning,46,train,tR1ZTifrw5nxscktwxfF.npy
biNcJ13jpanyJRhYqgWv,finish,59,train,biNcJ13jpanyJRhYqgWv.npy
2KuqleABva2S6UDjrJG5,help,62,train,2KuqleABva2S6UDjrJG5.npy
XFReKL0JoGhI8V4kmAQD,finish,62,train,XFReKL0JoGhI8V4kmAQD.npy
VsjoLnyZsSGI7tVx74A7,sorry,42,train,VsjoLnyZsSGI7tVx74A7.npy
pLs7xTTAyzctpPiDYRcU,knee,63,val,pLs7xTTAyzctpPiDYRcU.npy
qGVO5Y7IKEBmven3ElG7,hot,14,train,qGVO5Y7IKEBmven3ElG7.npy
gsFqricHGvWnfO9JZ46F,cold,61,test,gsFqricHGvWnfO9JZ46F.npy
zY91IjnzYBxnNtcVkFv7,pain,23,train,zY91IjnzYBxnNtcVkFv7.npy
XuqdUEzhfFgTRiI6Fi46,feel,62,train,XuqdUEzhfFgTRiI6Fi46.npy
gLDnPpt5MAOUblyI8WzJ,water,48,test,gLDnPpt5MAOUblyI8WzJ.npy
expOhaZAszM6iNj62VIM,hands,17,train,expOhaZAszM6iNj62VIM.npy
zj0wXLb5QeqZVuTRIZtS,move,57,test,zj0wXLb5QeqZVuTRIZtS.npy
N2QVEVjGkS5iz8aETXDQ,move,84,train,N2QVEVjGkS5iz8aETXDQ.npy
kSLCL5hjPf1MCb7N40hj,bad,8,train,kSLCL5hjPf1MCb7N40hj.npy
0nhE2RTOD4IWsR6QmODN,hot,17,train,0nhE2RTOD4IWsR6QmODN.npy
AHtci1uELbk1YSRmX8zO,water,50,test,AHtci1uELbk1YSRmX8zO.npy
7JGkvyPdK9INBWCgxl2N,thank_you,49,train,7JGkvyPdK9INBWCgxl2N.npy
h0GDI0qCqmN3X8bygGGk,drink,57,test,h0GDI0qCqmN3X8bygGGk.npy
i1leVQYDfYWSOlrVtqpM,drink,30,val,i1leVQYDfYWSOlrVtqpM.npy
Rrh2zbwLB2B1lEYRRfSJ,again,48,test,Rrh2zbwLB2B1lEYRRfSJ.npy
U122XS4Zi9NyfgPdO61S,bathroom,49,train,U122XS4Zi9NyfgPdO61S.npy
Ah0dj5AurcdDjSAqDxCr,want,17,val,Ah0dj5AurcdDjSAqDxCr.npy
zrs0K5ppclIJU9gzEh0o,sleep,46,train,zrs0K5ppclIJU9gzEh0o.npy
84ndYl1Uu26cQia0Orom,hot,84,val,84ndYl1Uu26cQia0Orom.npy
4OxS1VkT7YNwWByh8Swh,medicine,49,train,4OxS1VkT7YNwWByh8Swh.npy
wEEtmEryiDHflufbPucL,cold,52,train,wEEtmEryiDHflufbPucL.npy
GecWuliiNatxpJrwqJW8,baby,84,train,GecWuliiNatxpJrwqJW8.npy
kntbiSiuZHKwFtMAw1fK,where,17,train,kntbiSiuZHKwFtMAw1fK.npy
OyeGS21AQgXM7r8PTSlC,medicine,48,test,OyeGS21AQgXM7r8PTSlC.npy
rTZF3UkLYNPDgmHstpRt,water,39,train,rTZF3UkLYNPDgmHstpRt.npy
iZyQz95S2SxwQ5021G9L,sick,57,test,iZyQz95S2SxwQ5021G9L.npy
j4mL19jxEJ78K1Sdynkq,who,39,train,j4mL19jxEJ78K1Sdynkq.npy
opcQpPio2m2VrnIRHDmI,worse,48,test,opcQpPio2m2VrnIRHDmI.npy
LofHpbCeBuQ6d2fd1iFJ,breathe,39,train,LofHpbCeBuQ6d2fd1iFJ.npy
gW7bnGZ2AxN6ZAe9gFQr,throat,42,train,gW7bnGZ2AxN6ZAe9gFQr.npy
UPTYFhVD6w1Qj6nHcfUq,cold,61,test,UPTYFhVD6w1Qj6nHcfUq.npy
J9ftBAIigk56YoJS5Ld5,help,49,train,J9ftBAIigk56YoJS5Ld5.npy
wiWdfNXxQduNYjcxJ8R3,man,7,train,wiWdfNXxQduNYjcxJ8R3.npy
xKQJkqYaTT6Jl6DuqDYR,open,64,test,xKQJkqYaTT6Jl6DuqDYR.npy
R3EFIj4Gf288IPJphqRt,hot,84,train,R3EFIj4Gf288IPJphqRt.npy
sptwLT6hUPDqKa4fNGlx,hurt,49,train,sptwLT6hUPDqKa4fNGlx.npy
8dsiG45Pj1p4jhkIlMKj,why,80,train,8dsiG45Pj1p4jhkIlMKj.npy
Kcq8sh6YeI6zB2hXW8LL,hurt,88,train,Kcq8sh6YeI6zB2hXW8LL.npy
2bKY4YXNYCCBZGQhbp1o,touch,62,train,2bKY4YXNYCCBZGQhbp1o.npy
1HCrGIjk4V0VWt4oZKhe,teeth,54,train,1HCrGIjk4V0VWt4oZKhe.npy
5uqT2qnau4cvc1ZwbtOr,big,17,train,5uqT2qnau4cvc1ZwbtOr.npy
dFczL5hKftxJyoRO9tGh,water,85,val,dFczL5hKftxJyoRO9tGh.npy
HgNOZtxcweEHxDaW2LKj,woman,46,val,HgNOZtxcweEHxDaW2LKj.npy
aGagIusXMm2RRb1JFPey,help,17,val,aGagIusXMm2RRb1JFPey.npy
NUE9r09FjIDZg1Uj06nS,water,17,train,NUE9r09FjIDZg1Uj06nS.npy
45e5ycMYtgNRZlGQFwKZ,come,39,train,45e5ycMYtgNRZlGQFwKZ.npy
8gD4qJloRL1VXZl8t1au,understand,8,val,8gD4qJloRL1VXZl8t1au.npy
drw80IkRhZQu8QU2RgnL,finish,49,val,drw80IkRhZQu8QU2RgnL.npy
MM94PWXcKE7AgcRRAyiH,wait,50,test,MM94PWXcKE7AgcRRAyiH.npy
DuZmNcOinTcdjqkukbO8,throat,50,test,DuZmNcOinTcdjqkukbO8.npy
5Gt5kOsnXTo4VJxOOlAF,month,39,train,5Gt5kOsnXTo4VJxOOlAF.npy
UIzuCnpbeu9LupEGfwAX,finish,59,train,UIzuCnpbeu9LupEGfwAX.npy
hJr61BdkQwXN35ojNlia,need,17,train,hJr61BdkQwXN35ojNlia.npy
me5H5yWOueECdwVtDhFh,now,59,val,me5H5yWOueECdwVtDhFh.npy
NT5LuiMRZasAnMGwNrcC,cold,12,train,NT5LuiMRZasAnMGwNrcC.npy
RfcQb1FCH1UcHsTl32Cb,medicine,52,val,RfcQb1FCH1UcHsTl32Cb.npy
yeeOZRmkZWsn5jxGBpu6,skin,39,val,yeeOZRmkZWsn5jxGBpu6.npy
64scnLivV8yh8KQSCdtX,tomorrow,48,test,64scnLivV8yh8KQSCdtX.npy
l4kIWjTFj7mJt6hLdgqp,woman,38,train,l4kIWjTFj7mJt6hLdgqp.npy
pv8yXsibpNDiSD0baE1W,no,57,test,pv8yXsibpNDiSD0baE1W.npy
YCSuV53HsrwQEtgVmaWw,bed,7,train,YCSuV53HsrwQEtgVmaWw.npy
6kFXGwbluLoBQ2mcN1YS,water,39,train,6kFXGwbluLoBQ2mcN1YS.npy
y56SOFz4LLIcKGNLszNd,no,17,train,y56SOFz4LLIcKGNLszNd.npy
4VV9zNk3P6hW98e0pIRH,sick,61,test,4VV9zNk3P6hW98e0pIRH.npy
Yqlv0uNBInE4yOeWaKhx,thank_you,63,train,Yqlv0uNBInE4yOeWaKhx.npy
HhddRyuew9fDXZTDYrn0,not,78,train,HhddRyuew9fDXZTDYrn0.npy
UFfU1p1zq8E4Gr4m7msV,who,54,train,UFfU1p1zq8E4Gr4m7msV.npy
7LraEj2syzmqDvDmOdhf,blood,39,train,7LraEj2syzmqDvDmOdhf.npy
QZlxIsJUff6VgYgmBFFI,much,36,test,QZlxIsJUff6VgYgmBFFI.npy
t4gEw2HnwoTLlYypxfJy,bad,46,train,t4gEw2HnwoTLlYypxfJy.npy
QjvMgxW2WJMOCogLG5Yj,yes,8,train,QjvMgxW2WJMOCogLG5Yj.npy
2qeFhnVoiJ5FFEGmd0pU,tired,57,test,2qeFhnVoiJ5FFEGmd0pU.npy
LBksQe3dxeGKwiFQJnhk,yesterday,23,val,LBksQe3dxeGKwiFQJnhk.npy
DJGC5v357SSAUEMtrFq3,give,63,train,DJGC5v357SSAUEMtrFq3.npy
8ZZOgAVCu5TI8RhoiUkk,baby,11,train,8ZZOgAVCu5TI8RhoiUkk.npy
6ff2JaDuzah5Q00Rq1nr,baby,31,train,6ff2JaDuzah5Q00Rq1nr.npy
5OWEQejG7drRJQTwpbpR,day,30,val,5OWEQejG7drRJQTwpbpR.npy
Q05fzDcWLI6kO6jJTYTb,feel,62,train,Q05fzDcWLI6kO6jJTYTb.npy
FGR34Z6mV4WJaju56OI3,tired,52,train,FGR34Z6mV4WJaju56OI3.npy
l3HGhU8pUgdU7M6AuLQo,day,84,train,l3HGhU8pUgdU7M6AuLQo.npy
eO3a47btUG8krSRoXO3f,test,49,val,eO3a47btUG8krSRoXO3f.npy
icHmIdNjGZZIpBoRWNTE,where,7,train,icHmIdNjGZZIpBoRWNTE.npy
C92H5qcCPWQpgSYVbYVB,please,38,val,C92H5qcCPWQpgSYVbYVB.npy
es7r7dpYkfem3sqBHHwA,family,48,test,es7r7dpYkfem3sqBHHwA.npy
ZurBEkD03EBTBUW1vH5z,sharp,7,train,ZurBEkD03EBTBUW1vH5z.npy
PGdgsWO1mNm3kCJQZG6h,sick,35,train,PGdgsWO1mNm3kCJQZG6h.npy
RuyS82EL3qE4dqJMRnXG,tired,78,train,RuyS82EL3qE4dqJMRnXG.npy
ljSxxKqLvajAHGR7J7hf,test,39,train,ljSxxKqLvajAHGR7J7hf.npy
FcBnoK7dMruBkI8anxaJ,cold,31,val,FcBnoK7dMruBkI8anxaJ.npy
X6D0MVGMqWaGWSfRrnG9,what,57,test,X6D0MVGMqWaGWSfRrnG9.npy
Q4tA7kJ7mpZYs7xssIAD,wait,30,train,Q4tA7kJ7mpZYs7xssIAD.npy
IZAFfNSrdXxNj9QzX5wu,some,46,train,IZAFfNSrdXxNj9QzX5wu.npy
cvW4YWLhOFSlBXydE7Kd,help,49,train,cvW4YWLhOFSlBXydE7Kd.npy
KJzmyzg6RWZJLEUgDpQa,tired,11,val,KJzmyzg6RWZJLEUgDpQa.npy
9jlaV9GWd2YYwcaapSVP,start,84,train,9jlaV9GWd2YYwcaapSVP.npy
bZo2vfcarUQmG8MtvYys,want,57,test,bZo2vfcarUQmG8MtvYys.npy
UJFkmc1iiMfd02b3YGQh,need,62,val,UJFkmc1iiMfd02b3YGQh.npy
414QI7Q7MWZommWnfpF4,drink,49,train,414QI7Q7MWZommWnfpF4.npy
LFJLjLyUSWQGjLMa07a7,hurt,52,train,LFJLjLyUSWQGjLMa07a7.npy
ZyxYzgMuuIY4cqElc3ot,night,61,test,ZyxYzgMuuIY4cqElc3ot.npy
eRA7YerICrSvmbKrwdhn,ask,62,train,eRA7YerICrSvmbKrwdhn.npy
UwG5B4yWbomPxVdxAhlz,doctor,12,val,UwG5B4yWbomPxVdxAhlz.npy
uJBfWsfZGV2NEmqtEfPK,test,52,train,uJBfWsfZGV2NEmqtEfPK.npy
AOSjTMPOt8BnYwYKsTrj,what,49,val,AOSjTMPOt8BnYwYKsTrj.npy
i5Wzser7vwhQ0Q8zyL0s,dentist,63,train,i5Wzser7vwhQ0Q8zyL0s.npy
qHKGvA2searQ1V0AqPuz,when,17,train,qHKGvA2searQ1V0AqPuz.npy
HxKuWt7P39k1AKtj99BM,water,12,train,HxKuWt7P39k1AKtj99BM.npy
CG6tWSY2culHjRnudFiW,wait,59,train,CG6tWSY2culHjRnudFiW.npy
lQGQuPk0kexIold4AR8j,water,61,test,lQGQuPk0kexIold4AR8j.npy
BtBVusCZXebmEFA9Q8LS,cold,88,train,BtBVusCZXebmEFA9Q8LS.npy
2f8eBx7NEDvLfJ0dcjJr,arm,7,train,2f8eBx7NEDvLfJ0dcjJr.npy
YzJkYTKLZCuy9CvWXZ88,can,7,train,YzJkYTKLZCuy9CvWXZ88.npy
F1ho0P8rTBQu5kjTS2zv,woman,35,train,F1ho0P8rTBQu5kjTS2zv.npy
bJy66k0FNETEzAN8tsEo,heart,30,train,bJy66k0FNETEzAN8tsEo.npy
1wSphmzVIln6V5rRMexO,family,59,train,1wSphmzVIln6V5rRMexO.npy
9NXp9q6maTls6yI5nS84,stop,31,val,9NXp9q6maTls6yI5nS84.npy
qrPXDXtwSdWGBffsCRX4,some,39,train,qrPXDXtwSdWGBffsCRX4.npy
vwe9VpblrmC8M31puKds,again,48,test,vwe9VpblrmC8M31puKds.npy
1fbTGkkPlytMeQvpMwcg,teeth,8,train,1fbTGkkPlytMeQvpMwcg.npy
HxZwpSEnFd4DimOSdI7q,doctor,30,train,HxZwpSEnFd4DimOSdI7q.npy
Czq5avynuD3bSOvhIvTC,go,88,train,Czq5avynuD3bSOvhIvTC.npy
64u4K6IhWKQUDAXvgviy,tongue,31,train,64u4K6IhWKQUDAXvgviy.npy
wIMBJ4fB50KcHY4tNVXv,show,31,train,wIMBJ4fB50KcHY4tNVXv.npy
MkNCF82f19Up2tfUXUTR,baby,84,val,MkNCF82f19Up2tfUXUTR.npy
v0fNTRHgiUUOO66TTJw3,what,54,train,v0fNTRHgiUUOO66TTJw3.npy
0tyJdr6LsgmtMhJelhwc,finish,57,test,0tyJdr6LsgmtMhJelhwc.npy
tXqMCq2SYf8ckkqXkk3j,where,17,val,tXqMCq2SYf8ckkqXkk3j.npy
gSn6YiA0HCKKSq0PxeWv,better,63,val,gSn6YiA0HCKKSq0PxeWv.npy
top8g1LOhNCprlnshuvj,hot,17,train,top8g1LOhNCprlnshuvj.npy
gPdkEzzk2O8vMlYxh10T,yesterday,80,train,gPdkEzzk2O8vMlYxh10T.npy
HipbJaFkCTZlfiZSmxq7,bone,8,train,HipbJaFkCTZlfiZSmxq7.npy
1X9fxb62B6BIG4jRJZEi,cold,59,train,1X9fxb62B6BIG4jRJZEi.npy
4RLTScCHAc1uDbgSV4ZU,teeth,42,train,4RLTScCHAc1uDbgSV4ZU.npy
1dN9LvJHkyzWgN4lpD5k,hurt,84,val,1dN9LvJHkyzWgN4lpD5k.npy
W4FotnsCvdm7kN1IJIbk,eat,39,train,W4FotnsCvdm7kN1IJIbk.npy
fNMBct6Rdkq314Ob38Ks,move,17,train,fNMBct6Rdkq314Ob38Ks.npy
tyCyxIgFCfWw0SUFqhFN,morning,62,train,tyCyxIgFCfWw0SUFqhFN.npy
I3YET5V7YmjCU2EzS9ft,man,42,train,I3YET5V7YmjCU2EzS9ft.npy
wYXlH0eDznlqyo3oanuv,walk,61,test,wYXlH0eDznlqyo3oanuv.npy
frItSvBAlG5sSG0uo6rH,sit,60,train,frItSvBAlG5sSG0uo6rH.npy
CIyotmyQTA1bxCXAZ00F,doctor,31,train,CIyotmyQTA1bxCXAZ00F.npy
7U11YHIuZcDyCUQVzPd2,now,57,test,7U11YHIuZcDyCUQVzPd2.npy
OxM58x9fKn1QkeWm1ID3,big,57,test,OxM58x9fKn1QkeWm1ID3.npy
ZgCdmP61lPeNJdRvE2pF,understand,54,train,ZgCdmP61lPeNJdRvE2pF.npy
yjthfneppetY0UJjojnA,sleep,23,train,yjthfneppetY0UJjojnA.npy
SonS8C9lNWPLsoAQbShm,feel,59,train,SonS8C9lNWPLsoAQbShm.npy
K9a19WzMkQ03ynDIdTB1,cold,84,train,K9a19WzMkQ03ynDIdTB1.npy
fJYaLfWAEtb5lBeDSfXj,breathe,84,train,fJYaLfWAEtb5lBeDSfXj.npy
KIfHRFjUC0HyxFiNjftQ,test,84,train,KIfHRFjUC0HyxFiNjftQ.npy
69XCXG2pRf2k7wWU66K4,water,85,val,69XCXG2pRf2k7wWU66K4.npy
FwOudON8LDNqd0Zbjwye,much,57,test,FwOudON8LDNqd0Zbjwye.npy
ehoupqKNvVyERrkC731u,dentist,50,test,ehoupqKNvVyERrkC731u.npy
FchMkCVV5TJClW7jPHnL,pain,12,val,FchMkCVV5TJClW7jPHnL.npy
cGHw14KuAKAAnooBV0fn,baby,52,train,cGHw14KuAKAAnooBV0fn.npy
QhnDINau2Xnt6CMakZYo,big,84,train,QhnDINau2Xnt6CMakZYo.npy
5DQDwL2CZtnedFe38fRi,finish,62,train,5DQDwL2CZtnedFe38fRi.npy
Q3A4to6IhNIC4FHuOezB,yes,38,val,Q3A4to6IhNIC4FHuOezB.npy
WHuPDNghriJcQh9sBqgY,open,38,val,WHuPDNghriJcQh9sBqgY.npy
Wf7TQhWFPnkNG5mTFZ83,no,39,train,Wf7TQhWFPnkNG5mTFZ83.npy
s9Kgoh1d723qCcPb1nIY,need,49,train,s9Kgoh1d723qCcPb1nIY.npy
hXHtxDfY55JLKHQoo9ag,understand,39,train,hXHtxDfY55JLKHQoo9ag.npy
djWxQNe9wGEDEz4j25K5,water,84,train,djWxQNe9wGEDEz4j25K5.npy
r47qTnTS6MSM2Vql6Bmc,open,64,test,r47qTnTS6MSM2Vql6Bmc.npy
SIJzo1JidzbM5ShZsrYc,understand,17,train,SIJzo1JidzbM5ShZsrYc.npy
OgrBt1B8m4WkVLi56OTw,doctor,49,train,OgrBt1B8m4WkVLi56OTw.npy
qw8HdTKILldK0yMmkqXW,sick,48,test,qw8HdTKILldK0yMmkqXW.npy
YP5wufYlobjIOrNkqfXV,family,39,train,YP5wufYlobjIOrNkqfXV.npy
ZY7hb028oCt9DVWDJyAt,bad,17,val,ZY7hb028oCt9DVWDJyAt.npy
l96XMKOIllXQdWSNcW9h,hands,84,train,l96XMKOIllXQdWSNcW9h.npy
vEyNImKK2Pj9KlLQhb06,understand,35,val,vEyNImKK2Pj9KlLQhb06.npy
zrClQxaFX8RB1oc6JVMm,hot,35,train,zrClQxaFX8RB1oc6JVMm.npy
St41dc4Vc2mmHPirH3DJ,night,62,train,St41dc4Vc2mmHPirH3DJ.npy
6uTKvoHwBsT12wUpN7MG,start,61,test,6uTKvoHwBsT12wUpN7MG.npy
pjusO3daVh0EgAnm8mDv,when,30,train,pjusO3daVh0EgAnm8mDv.npy
RFbvQLzQQzBRp4iOHUxp,big,8,val,RFbvQLzQQzBRp4iOHUxp.npy
rdDdw6kGzHpSnqCmyLNg,cold,54,train,rdDdw6kGzHpSnqCmyLNg.npy
6U1r4sLA8azel9lUHVjV,ask,62,val,6U1r4sLA8azel9lUHVjV.npy
Men295I1WuDK7ECTaVTn,where,17,train,Men295I1WuDK7ECTaVTn.npy
ixzWYRkNcGfL5Ubm2Hki,big,85,train,ixzWYRkNcGfL5Ubm2Hki.npy
WibFJSYIfCmL9PTjd1Fd,drink,78,train,WibFJSYIfCmL9PTjd1Fd.npy
koLHkSmBGwgBpAoIdg9r,feel,46,val,koLHkSmBGwgBpAoIdg9r.npy
eNmTGqYif5K5N60JLQyD,hot,49,val,eNmTGqYif5K5N60JLQyD.npy
XFjhHAGKKqDbSjOsSWKl,understand,84,train,XFjhHAGKKqDbSjOsSWKl.npy
xzhPNKvApfu9a4aw4dqa,hurt,46,train,xzhPNKvApfu9a4aw4dqa.npy
0jViCL4daR2mfmwm3vYQ,hurt,84,train,0jViCL4daR2mfmwm3vYQ.npy
bhUuSVqYDS41JtWth5l3,maybe,84,train,bhUuSVqYDS41JtWth5l3.npy
N4l0Qzw5p4P7xHN2fnKE,come,38,val,N4l0Qzw5p4P7xHN2fnKE.npy
a701gxHQP1bJHWGYM5XH,need,17,train,a701gxHQP1bJHWGYM5XH.npy
s9drM3VKDL4Ux94FwTcV,doctor,62,val,s9drM3VKDL4Ux94FwTcV.npy
y82bgAOBeVsK9GHuGB6J,baby,14,train,y82bgAOBeVsK9GHuGB6J.npy
luuIeMz0z142FlunaWua,help,42,train,luuIeMz0z142FlunaWua.npy
k1ZMXHt5l9t4J3DXdzV5,water,84,train,k1ZMXHt5l9t4J3DXdzV5.npy
VZdBAxzUhREd4vd51B5r,long,48,test,VZdBAxzUhREd4vd51B5r.npy
6cou3SOPBZaK62l1ovpb,light,63,val,6cou3SOPBZaK62l1ovpb.npy
OXEnVvs0lWUxAqRjgC3F,understand,62,train,OXEnVvs0lWUxAqRjgC3F.npy
5WwMfZo2vo2zTPVXdO6q,water,48,test,5WwMfZo2vo2zTPVXdO6q.npy
KcCZrlfqc92kNYARnP7z,long,57,test,KcCZrlfqc92kNYARnP7z.npy
u8Kddf2MTjFbpxp1PkTd,move,63,train,u8Kddf2MTjFbpxp1PkTd.npy
YHsC26f3aTRhpe3vhjWV,food,59,train,YHsC26f3aTRhpe3vhjWV.npy
sgNAu28GUWKlMayTDVvJ,night,42,train,sgNAu28GUWKlMayTDVvJ.npy
9w4C77zkE1MEajexYWHy,family,88,val,9w4C77zkE1MEajexYWHy.npy
U7tNb327JOsQs7FFTGtb,bathroom,36,test,U7tNb327JOsQs7FFTGtb.npy
ipS6VIf3ZmdVFjbztNUy,teeth,23,val,ipS6VIf3ZmdVFjbztNUy.npy
REb25jy2eH3r12hfs4Ge,blood,35,train,REb25jy2eH3r12hfs4Ge.npy
AcvejLQyTMPBL1hSEia4,where,48,test,AcvejLQyTMPBL1hSEia4.npy
DLCjtUYp9ok0VQ8aUxr5,hurt,46,train,DLCjtUYp9ok0VQ8aUxr5.npy
98mjt3UW4W6szml92XEK,no,49,train,98mjt3UW4W6szml92XEK.npy
EbiWbFfhh1icyCSQzRDv,pain,14,train,EbiWbFfhh1icyCSQzRDv.npy
dZQHxKkMszkeZDfkjFjW,big,11,train,dZQHxKkMszkeZDfkjFjW.npy
llim4kUxs6aQImoMIGGR,bad,35,train,llim4kUxs6aQImoMIGGR.npy
jQhC8ugyEFHKtGpCQA9K,help,48,test,jQhC8ugyEFHKtGpCQA9K.npy
mfjiBRqxkELGmcXOiRFi,big,43,train,mfjiBRqxkELGmcXOiRFi.npy
3KokwVmNoCC0FJg9R6Dq,look,62,val,3KokwVmNoCC0FJg9R6Dq.npy
Jxcbl09EcLR7aKzuHwOl,hands,85,train,Jxcbl09EcLR7aKzuHwOl.npy
0gSB4gnFIyxIZTq4Iop0,yes,50,test,0gSB4gnFIyxIZTq4Iop0.npy
VteusROFIh1nGHqQF0OX,again,54,train,VteusROFIh1nGHqQF0OX.npy
x4P3QBnrrtFFkBy6bVBK,thank_you,54,train,x4P3QBnrrtFFkBy6bVBK.npy
vytbHL1kKe01cLc0Vjns,hurt,17,val,vytbHL1kKe01cLc0Vjns.npy
tIAiRJ0nwpneAYfhUBvq,leg,61,test,tIAiRJ0nwpneAYfhUBvq.npy
atk0R1zZ51fJKINwDCYA,big,48,test,atk0R1zZ51fJKINwDCYA.npy
6VZNKYJkpN8kX3kv5THF,wait,49,val,6VZNKYJkpN8kX3kv5THF.npy
PKJTmobOho0gOC32J7aB,move,11,train,PKJTmobOho0gOC32J7aB.npy
r6DbZJRxl7ELKVMcRoGe,help,17,train,r6DbZJRxl7ELKVMcRoGe.npy
eqcomKLY5q9T7arps0RA,doctor,62,train,eqcomKLY5q9T7arps0RA.npy
w0f6LBDglG8K9P5ibWsO,give,30,val,w0f6LBDglG8K9P5ibWsO.npy
S14ntEmRytXBAnU48izI,year,54,val,S14ntEmRytXBAnU48izI.npy
gpiSOVxUplzaTbibzSDW,surgery,62,train,gpiSOVxUplzaTbibzSDW.npy
dAELfYIlGgYlCjaz8hlF,month,62,train,dAELfYIlGgYlCjaz8hlF.npy
i6zz5pOx0K8clk4WEkyD,who,48,test,i6zz5pOx0K8clk4WEkyD.npy
uNpBEDK3PBRweiacpYmj,yesterday,63,train,uNpBEDK3PBRweiacpYmj.npy
vbngKBNhX0geQRERmB3T,eat,30,val,vbngKBNhX0geQRERmB3T.npy
68yxyazzfpmSW1jorHIv,hands,84,val,68yxyazzfpmSW1jorHIv.npy
UnSrmwkrCAGAYb669bCU,yes,57,test,UnSrmwkrCAGAYb669bCU.npy
ODLW8jQwvC4FX0FtYCrI,water,46,val,ODLW8jQwvC4FX0FtYCrI.npy
hePFbtfg05fRvg2eF2qR,better,88,train,hePFbtfg05fRvg2eF2qR.npy
qr5Cb5KF1iCxDMhmgUIk,knee,35,train,qr5Cb5KF1iCxDMhmgUIk.npy
ipuGC9UbVktg3orpDXZO,big,39,val,ipuGC9UbVktg3orpDXZO.npy
Al9BZwaOoKlVvpb5mupK,need,17,train,Al9BZwaOoKlVvpb5mupK.npy
lvJWAiKubKem6eu5LVtD,cold,53,test,lvJWAiKubKem6eu5LVtD.npy
6GWpHBN2cDZLi5Y0mIxY,big,49,train,6GWpHBN2cDZLi5Y0mIxY.npy
ZYLufEYdMgZ8vnLvz1BQ,need,35,val,ZYLufEYdMgZ8vnLvz1BQ.npy
kzsreACzGcLKk1XoHiaE,sleep,48,test,kzsreACzGcLKk1XoHiaE.npy
aZkxEbALpczhuRxwvueT,cold,39,val,aZkxEbALpczhuRxwvueT.npy
HQMR0wsHmpkS1HABlcXo,cough,53,test,HQMR0wsHmpkS1HABlcXo.npy
snMeLRFKKZS9YeL4mnXF,sorry,85,train,snMeLRFKKZS9YeL4mnXF.npy
MYt5VTbRRu1BjoEr3yQ9,take,31,train,MYt5VTbRRu1BjoEr3yQ9.npy
UXg9ovmUESjhjr2iSoXu,help,61,test,UXg9ovmUESjhjr2iSoXu.npy
LyGAv3Jfi1SyJRdOUDAE,tired,88,train,LyGAv3Jfi1SyJRdOUDAE.npy
Bf1nfCnA01u2Hg2BhPFB,can,35,train,Bf1nfCnA01u2Hg2BhPFB.npy
Ldlzcarz5Br5fDwS2OBv,walk,59,val,Ldlzcarz5Br5fDwS2OBv.npy
kbSbiAvDjrQlcthsIWa5,wait,63,train,kbSbiAvDjrQlcthsIWa5.npy
O1jG48WYyvCAQ7yrHKMX,tired,59,train,O1jG48WYyvCAQ7yrHKMX.npy
0V9VBlfz6GReICWB8xNy,mother,36,test,0V9VBlfz6GReICWB8xNy.npy
iNCSTxtmSQoCpNtmvKmT,big,61,test,iNCSTxtmSQoCpNtmvKmT.npy
uX9NoQcYdNc82lhdxYZ8,pain,59,train,uX9NoQcYdNc82lhdxYZ8.npy
pqxFYs7Dw7YxT79vggJn,nose,88,val,pqxFYs7Dw7YxT79vggJn.npy
1JgLD3e9jnq9lwbB8xty,morning,62,train,1JgLD3e9jnq9lwbB8xty.npy
x7I910VGIW8ub0KZZ7j1,water,50,test,x7I910VGIW8ub0KZZ7j1.npy
UwPEselqLhQNh0QL0F5e,minute,49,train,UwPEselqLhQNh0QL0F5e.npy
HU3CBwQAm1OdBhCyqJf5,can,57,test,HU3CBwQAm1OdBhCyqJf5.npy
jzZrtTAGFkhaS9TYix37,move,84,val,jzZrtTAGFkhaS9TYix37.npy
IvKaW3WTye6WBIwidzOZ,hospital,59,train,IvKaW3WTye6WBIwidzOZ.npy
W0JHeAtrz1AW6TTIG0yW,hot,61,test,W0JHeAtrz1AW6TTIG0yW.npy
SnEqMuJPSZAILB1PIJHP,who,60,val,SnEqMuJPSZAILB1PIJHP.npy
zs96csoet9ocSEWytML5,hot,36,test,zs96csoet9ocSEWytML5.npy
NskxTgubzIdoK3JCG3nZ,morning,62,val,NskxTgubzIdoK3JCG3nZ.npy
6urt2l4jZ1Kx3W8mXNJk,help,17,val,6urt2l4jZ1Kx3W8mXNJk.npy
hoRltdzorEbvPznefoXD,water,43,train,hoRltdzorEbvPznefoXD.npy
AXuVs3q4Cm47UCjqszMJ,big,17,train,AXuVs3q4Cm47UCjqszMJ.npy
6Dn11btRUgz0EBzj6a0s,eyes,88,train,6Dn11btRUgz0EBzj6a0s.npy
apZdMwpQ2cdHqla3NBYC,tired,35,train,apZdMwpQ2cdHqla3NBYC.npy
O6G5Z1F9PQ6Z4zTqk3HU,no,42,train,O6G5Z1F9PQ6Z4zTqk3HU.npy
NBTUtUPy1gT3gf6BBxIf,sick,52,train,NBTUtUPy1gT3gf6BBxIf.npy
eLyzFAuopFgN5Fj46h0N,sick,31,val,eLyzFAuopFgN5Fj46h0N.npy
SA6lbWArGtuU5AfW1nQg,water,84,train,SA6lbWArGtuU5AfW1nQg.npy
K5fzWVpQueuCW5DsB4z2,baby,59,train,K5fzWVpQueuCW5DsB4z2.npy
bNTkif13rUcEMX8byl7m,big,84,train,bNTkif13rUcEMX8byl7m.npy
cHFynvr8KTi8LbglVmTK,night,57,test,cHFynvr8KTi8LbglVmTK.npy
nZCQihBZYrxLo0WEZSVB,teeth,36,test,nZCQihBZYrxLo0WEZSVB.npy
f1dpTv03JhkpZJzRa5uT,stop,78,train,f1dpTv03JhkpZJzRa5uT.npy
mBvkUHdYNTKRPWQVTRFF,feel,63,train,mBvkUHdYNTKRPWQVTRFF.npy
qLNoXbjIoi0JWGf0wUsB,strong,46,train,qLNoXbjIoi0JWGf0wUsB.npy
9Ezwn2A1m8bU2FWTDDME,family,49,train,9Ezwn2A1m8bU2FWTDDME.npy
vdVoOh5vQQMvSC3ZVmkp,nurse,17,train,vdVoOh5vQQMvSC3ZVmkp.npy
92JKF1ihsTX6i6sHlRrH,teeth,7,train,92JKF1ihsTX6i6sHlRrH.npy
CfP84Mjpl1zOcf3aWHli,feel,48,test,CfP84Mjpl1zOcf3aWHli.npy
O5NLCPmJpyqr7jNbttd6,water,49,train,O5NLCPmJpyqr7jNbttd6.npy
ZH4cORalrXfSFrkzIJSz,sick,8,train,ZH4cORalrXfSFrkzIJSz.npy
2GdFTo2OGnLtgFhzrgeG,bad,84,train,2GdFTo2OGnLtgFhzrgeG.npy
4SyXrSwSXpG44kThlWt7,night,57,test,4SyXrSwSXpG44kThlWt7.npy
XLqzUbmK23RQR3zXgDWX,heart,11,train,XLqzUbmK23RQR3zXgDWX.npy
hjs68gM2TmuDzXGKYyRy,need,62,train,hjs68gM2TmuDzXGKYyRy.npy
zrgbRtfOMSqetmUnEUOZ,doctor,35,train,zrgbRtfOMSqetmUnEUOZ.npy
jHEfbsWG4s1s0ifA2eXo,cold,57,test,jHEfbsWG4s1s0ifA2eXo.npy
tLrKgKBUNJYpbmYrxTE6,sick,80,train,tLrKgKBUNJYpbmYrxTE6.npy
5GGyaTviulHCOWD4gJl4,no,49,val,5GGyaTviulHCOWD4gJl4.npy
vmt5UsSX46sqrZzw9XsM,bad,46,train,vmt5UsSX46sqrZzw9XsM.npy
8Qql8nBeQ3ltcjcgCJGD,hurt,46,train,8Qql8nBeQ3ltcjcgCJGD.npy
tKIv2MEAvR34oJaMFHEu,muscle,46,val,tKIv2MEAvR34oJaMFHEu.npy
KKRnQZaHfsBuii49v8fm,tired,57,test,KKRnQZaHfsBuii49v8fm.npy
25mGATgUYhZC2YPl3pc2,tell,57,test,25mGATgUYhZC2YPl3pc2.npy
iMHxZGGvQFMxuKCTAWdk,big,59,val,iMHxZGGvQFMxuKCTAWdk.npy
zG83Uj5WvpCgrpuGcJgX,understand,52,train,zG83Uj5WvpCgrpuGcJgX.npy
kGS4cVE3DZ1ABw5bELNn,understand,35,train,kGS4cVE3DZ1ABw5bELNn.npy
iJCRT1gmn9WW6xLsZPY2,finish,62,train,iJCRT1gmn9WW6xLsZPY2.npy
uTimGQQdsNYLre5XlwHP,water,48,test,uTimGQQdsNYLre5XlwHP.npy
HLS2r4lVnLgbQcZvfTdw,tired,35,val,HLS2r4lVnLgbQcZvfTdw.npy
sk4Xegg0iphcLyCi6VGc,doctor,50,test,sk4Xegg0iphcLyCi6VGc.npy
fxTLuUSTGyFvLSd9EGyf,hands,43,train,fxTLuUSTGyFvLSd9EGyf.npy
h1i2R5Qx3gShpzPsLArO,medicine,76,train,h1i2R5Qx3gShpzPsLArO.npy
pzPi3LM7VEdTxaQ8GmgQ,dizzy,57,test,pzPi3LM7VEdTxaQ8GmgQ.npy
ZI2zqVzaL0HccoagR5aL,medicine,39,train,ZI2zqVzaL0HccoagR5aL.npy
S8yeqs8UCjQN2MUj9Sme,drink,60,val,S8yeqs8UCjQN2MUj9Sme.npy
JdAXGlnAtzCRLN8TpEht,morning,15,train,JdAXGlnAtzCRLN8TpEht.npy
54b6DfBMtdIxuO8GCsnW,father,38,val,54b6DfBMtdIxuO8GCsnW.npy
q3Sh0yGW8bbtmMqqkQpf,year,50,test,q3Sh0yGW8bbtmMqqkQpf.npy
VEipv5ik0nn8pw8dihYh,baby,17,val,VEipv5ik0nn8pw8dihYh.npy
Er5QVC9hv6v1R0h0XQBc,cold,88,train,Er5QVC9hv6v1R0h0XQBc.npy
f51o76aAcDxfSv5LC6ko,breathe,49,train,f51o76aAcDxfSv5LC6ko.npy
zoCqcN1AMrWBoPpXWXFE,day,59,train,zoCqcN1AMrWBoPpXWXFE.npy
wb8ilF3Uog8jiCUhmDjG,week,84,val,wb8ilF3Uog8jiCUhmDjG.npy
2JcMxozFoPP14YBxsvm3,sick,50,test,2JcMxozFoPP14YBxsvm3.npy
WFClPX5miEJJNmAhTVN7,long,84,train,WFClPX5miEJJNmAhTVN7.npy
8mwrXZs3PKw8SZn1UlEu,understand,57,test,8mwrXZs3PKw8SZn1UlEu.npy
4U4uSy3jQfFJvm7LkMjW,who,52,train,4U4uSy3jQfFJvm7LkMjW.npy
MMFZCpmnDC4rVfhLXiwA,ear,88,train,MMFZCpmnDC4rVfhLXiwA.npy
LSPJm2jfKAY8Q3cLKBHr,wait,84,train,LSPJm2jfKAY8Q3cLKBHr.npy
36QpyGz6L0RCO5bvNMVa,hands,57,test,36QpyGz6L0RCO5bvNMVa.npy
uPflmI32A4kyQ1lrGJPd,today,39,val,uPflmI32A4kyQ1lrGJPd.npy
kSZoWLeUeupJHX2hF3s0,want,39,val,kSZoWLeUeupJHX2hF3s0.npy
DbecdLem6r1Lhziq8Do3,hospital,17,train,DbecdLem6r1Lhziq8Do3.npy
zEIri38TrV4KhzScfJxN,father,36,test,zEIri38TrV4KhzScfJxN.npy
lJdmHYe0KKUlvUGB59eb,want,61,test,lJdmHYe0KKUlvUGB59eb.npy
tTBRrKkkWdVepGFvX4Qo,help,46,train,tTBRrKkkWdVepGFvX4Qo.npy
dNlcYHjDMnl0PCd4RC0G,drink,11,train,dNlcYHjDMnl0PCd4RC0G.npy
ki3N8NSCP8ZQ7dFFMUeG,finish,30,val,ki3N8NSCP8ZQ7dFFMUeG.npy
9NfbI5Es9XTkjaytHM29,pill,88,train,9NfbI5Es9XTkjaytHM29.npy
0j9BJyvdUhacBaiczjQv,look,60,train,0j9BJyvdUhacBaiczjQv.npy
frlU8CBSdngtFjn6oMic,drink,85,train,frlU8CBSdngtFjn6oMic.npy
cFlsqMj8gdmSJG7mO4yy,sleep,57,test,cFlsqMj8gdmSJG7mO4yy.npy
DfoMjLuKEDZ2xg21nlUb,sit,88,val,DfoMjLuKEDZ2xg21nlUb.npy
p7Il5y0J2mRNXQGLXcEX,not,23,train,p7Il5y0J2mRNXQGLXcEX.npy
7khLmEnLiCyc2RusY7jh,maybe,64,test,7khLmEnLiCyc2RusY7jh.npy
7lKW528iN8SYpPRej0R4,ear,84,train,7lKW528iN8SYpPRej0R4.npy
87xTyJH0mZF9kT9V7Foj,sorry,39,val,87xTyJH0mZF9kT9V7Foj.npy
3cXbdKVvVwMo6bhy2yAl,sleep,57,test,3cXbdKVvVwMo6bhy2yAl.npy
X82lOJbeQMmiuHtOm6Z1,cold,61,test,X82lOJbeQMmiuHtOm6Z1.npy
j2KUAXqF9L3EP1iQK0Jd,finish,52,train,j2KUAXqF9L3EP1iQK0Jd.npy
7swZ6KxqONeIe1KZ4dHP,back,17,val,7swZ6KxqONeIe1KZ4dHP.npy
CuMuRfFdl79aL2RaHUpJ,surgery,63,train,CuMuRfFdl79aL2RaHUpJ.npy
nuAbomLExy6J37xJd5it,hot,63,train,nuAbomLExy6J37xJd5it.npy
DvgN2Y3aSlYuFurYFM4X,dizzy,49,train,DvgN2Y3aSlYuFurYFM4X.npy
zfgfaJuGjRfNSLZJEOKl,help,84,train,zfgfaJuGjRfNSLZJEOKl.npy
jNH3ogkbXe9r3PKZD5kZ,where,61,test,jNH3ogkbXe9r3PKZD5kZ.npy
2eVYSFsWLnEPnbI6eGC6,shoulder,31,val,2eVYSFsWLnEPnbI6eGC6.npy
yJsBMYRqsmUePcqQq4me,ask,39,train,yJsBMYRqsmUePcqQq4me.npy
VoDHPoV4t8zOUxkc4jOk,hot,84,train,VoDHPoV4t8zOUxkc4jOk.npy
SXK1ipUPlSUe8AMvMSiu,sleep,30,val,SXK1ipUPlSUe8AMvMSiu.npy
R0NjUPyp33WZtcrrI4h0,big,7,train,R0NjUPyp33WZtcrrI4h0.npy
cnie17e6N2vQDzPYFZbB,not,49,val,cnie17e6N2vQDzPYFZbB.npy
XUo0jCNj0dWuZyjwUGtj,heart,42,val,XUo0jCNj0dWuZyjwUGtj.npy
4QQPrKJWEa6ZAkcprJgC,look,46,train,4QQPrKJWEa6ZAkcprJgC.npy
YNcymUybLs6jsxv7h33w,day,33,test,YNcymUybLs6jsxv7h33w.npy
mlpXgxteLKEN0zOq28tF,baby,42,train,mlpXgxteLKEN0zOq28tF.npy
E9uelLPECKLNZsYN169x,hot,60,train,E9uelLPECKLNZsYN169x.npy
o7zLjQZZdC525SoDZw4o,nose,59,train,o7zLjQZZdC525SoDZw4o.npy
YRMXvMR2G8cy5amoZUdO,month,48,test,YRMXvMR2G8cy5amoZUdO.npy
ZjqRdVwicAoOl1vRxwKV,hot,8,val,ZjqRdVwicAoOl1vRxwKV.npy
aFiWzxG77kl2gj9pA1uy,start,38,train,aFiWzxG77kl2gj9pA1uy.npy
3FZHOK8HvGJUYW92gKjG,wait,36,test,3FZHOK8HvGJUYW92gKjG.npy
V9KwJN1p21MQVz4twrx5,dentist,49,val,V9KwJN1p21MQVz4twrx5.npy
brSx0DKFHiOtLyijoQzY,sick,11,train,brSx0DKFHiOtLyijoQzY.npy
PgcYnOANbKxKIIpHp7uk,drink,84,train,PgcYnOANbKxKIIpHp7uk.npy
K5sfd3qTJHeUhXeX1N1P,medicine,11,train,K5sfd3qTJHeUhXeX1N1P.npy
yPWMiDJw3l2KLmayGS4Q,water,46,val,yPWMiDJw3l2KLmayGS4Q.npy
pS1mRwNfY97jlHwwRzh8,baby,85,train,pS1mRwNfY97jlHwwRzh8.npy
M08abKmAngxYJSlKhAor,light,46,train,M08abKmAngxYJSlKhAor.npy
Ylww3Bbt7odg5jNGZcn3,where,59,train,Ylww3Bbt7odg5jNGZcn3.npy
lnvSgLfEOfnyXbh7mIr6,sit,49,train,lnvSgLfEOfnyXbh7mIr6.npy
ukZEiY5YJbu5Sq159lB6,water,84,train,ukZEiY5YJbu5Sq159lB6.npy
aEtBRKsgTUDcQYu7QgYD,hot,88,train,aEtBRKsgTUDcQYu7QgYD.npy
077nKc6guMJL4GZdA0dW,come,39,train,077nKc6guMJL4GZdA0dW.npy
4rHv19NW2m9wjHEzPQEx,bone,8,val,4rHv19NW2m9wjHEzPQEx.npy
rZoFU6tndUzt825LJZCj,sick,57,test,rZoFU6tndUzt825LJZCj.npy
Sfc6DlWIss0pw15nZF9m,who,38,train,Sfc6DlWIss0pw15nZF9m.npy
EivSftxIqhyGLBrmJJEJ,show,52,train,EivSftxIqhyGLBrmJJEJ.npy
0Jdj1PbAb7LcRg4EC6E5,water,61,test,0Jdj1PbAb7LcRg4EC6E5.npy
8km5wksgywRBIfdKRhYG,father,7,train,8km5wksgywRBIfdKRhYG.npy
V5ddv13dsOGIeIY3KvyF,all,62,train,V5ddv13dsOGIeIY3KvyF.npy
UmI5a11IIhjxFW1lFcU5,stop,84,train,UmI5a11IIhjxFW1lFcU5.npy
hmpdbQF893BcK5EZa0G7,much,62,train,hmpdbQF893BcK5EZa0G7.npy
LQPCLQO5eBll29yuY7Py,can,39,val,LQPCLQO5eBll29yuY7Py.npy
x3dJWILxVGIANjvwaglF,morning,15,train,x3dJWILxVGIANjvwaglF.npy
11tvNKMwKoCKO0oe7CZO,muscle,85,train,11tvNKMwKoCKO0oe7CZO.npy
WL52aIaZmHujmijcgphd,test,49,train,WL52aIaZmHujmijcgphd.npy
yPeT6ZeiVVSxYVTbM8aI,medicine,14,val,yPeT6ZeiVVSxYVTbM8aI.npy
UMoRIs4AkS4PdiDvrqUl,wait,84,train,UMoRIs4AkS4PdiDvrqUl.npy
LvUrWaJIBBHUlb1SOAyo,thank_you,39,val,LvUrWaJIBBHUlb1SOAyo.npy
7BiXKYhmzIkwG8Y5Gcy1,hurt,84,train,7BiXKYhmzIkwG8Y5Gcy1.npy
SudMOWWnxd2i417LlAe1,pill,49,train,SudMOWWnxd2i417LlAe1.npy
TwEAG0dnopSlMeldr6ht,water,35,train,TwEAG0dnopSlMeldr6ht.npy
7t0Zu53mdXlA6l2DRwIe,go,88,train,7t0Zu53mdXlA6l2DRwIe.npy
LGVnebi2Th6LOTvcJcr1,open,62,train,LGVnebi2Th6LOTvcJcr1.npy
uZK46ZSuvWzIyX2FXnLV,understand,88,train,uZK46ZSuvWzIyX2FXnLV.npy
indhpmSZbo1S8X4Kmwhw,give,39,train,indhpmSZbo1S8X4Kmwhw.npy
OxqFdp1ESyAQu3ml4aqa,now,7,train,OxqFdp1ESyAQu3ml4aqa.npy
blJga08qIi5U9xgFzfjM,understand,84,val,blJga08qIi5U9xgFzfjM.npy
jMz7Ppycmp30JxTK53uc,hurt,17,train,jMz7Ppycmp30JxTK53uc.npy
JA5thPKokwiKarAMjXhP,skin,57,test,JA5thPKokwiKarAMjXhP.npy
qwLMYYiKcf52PbPnky0G,when,11,val,qwLMYYiKcf52PbPnky0G.npy
fo1YdD3TFr1cOxeCVYhr,hurt,39,val,fo1YdD3TFr1cOxeCVYhr.npy
iQeCA1VKcVZLO4tEFCDO,all,59,train,iQeCA1VKcVZLO4tEFCDO.npy
QDtrHdZ5SE0gCI3DrjdN,sick,53,test,QDtrHdZ5SE0gCI3DrjdN.npy
3fRdEfRzpQ1VeSINLbAJ,drink,39,val,3fRdEfRzpQ1VeSINLbAJ.npy
iae2mPAyzI5WNestOxjf,bad,7,val,iae2mPAyzI5WNestOxjf.npy
hAHVoYGiuj1K0KSaoyQc,man,59,train,hAHVoYGiuj1K0KSaoyQc.npy
CNQRzKf8G2H6U1cgdy6K,water,38,train,CNQRzKf8G2H6U1cgdy6K.npy
XkiYeEruhFX6Pe1DUA2p,more,62,train,XkiYeEruhFX6Pe1DUA2p.npy
6GL6m4aQEs59ZMdJKnTy,bathroom,8,val,6GL6m4aQEs59ZMdJKnTy.npy
yf45ICsFu3unCTY7FD5I,pain,53,test,yf45ICsFu3unCTY7FD5I.npy
b6dMoHDLzdEQ9cFzXRLi,nose,76,train,b6dMoHDLzdEQ9cFzXRLi.npy
9beDlq4vghnbXymrVcMf,want,46,train,9beDlq4vghnbXymrVcMf.npy
zAdS2CWwYdvRXL4U24aI,woman,59,val,zAdS2CWwYdvRXL4U24aI.npy
AkZbFlmekp2H4sT8DljV,hot,17,train,AkZbFlmekp2H4sT8DljV.npy
gceFmons2jLC2Zo7NAXV,woman,78,train,gceFmons2jLC2Zo7NAXV.npy
HyYNFCvoBHLBhN7H28h0,child,52,train,HyYNFCvoBHLBhN7H28h0.npy
Pd7wYCa3xOgQj8C1hG5y,finish,46,train,Pd7wYCa3xOgQj8C1hG5y.npy
bWuvXs33lIDqHASKHexb,finish,85,train,bWuvXs33lIDqHASKHexb.npy
xXEWLfN9Oa4ITxiuitps,long,46,train,xXEWLfN9Oa4ITxiuitps.npy
WeIvgyjoG3n6qicnYFzi,eyes,7,train,WeIvgyjoG3n6qicnYFzi.npy
s2ZtYOBkDSeg5J5t0Pih,big,57,test,s2ZtYOBkDSeg5J5t0Pih.npy
u88XoknQJ0kzfOIAKaaW,look,64,test,u88XoknQJ0kzfOIAKaaW.npy
dQ5lEvNPuMYhzo9Y2F4v,hurt,50,test,dQ5lEvNPuMYhzo9Y2F4v.npy
pnK55HwaOAfIbxoEpCbh,day,62,train,pnK55HwaOAfIbxoEpCbh.npy
iDhNsBkDO6obqecxq2Mm,help,7,train,iDhNsBkDO6obqecxq2Mm.npy
GH2PzJFJBQ6bX3YR8zaX,want,84,train,GH2PzJFJBQ6bX3YR8zaX.npy
mw7l1DfBXoTYG2yaBZUt,hot,60,train,mw7l1DfBXoTYG2yaBZUt.npy
HJgYUHhXzzmxJhlrgjgw,big,48,test,HJgYUHhXzzmxJhlrgjgw.npy
LqcwUR0G3Q2abFBaKNF7,touch,36,test,LqcwUR0G3Q2abFBaKNF7.npy
eKNZXoxfpivRQhO3lN7U,help,62,val,eKNZXoxfpivRQhO3lN7U.npy
B8urwVhbvtf0eoOfeuFI,need,17,train,B8urwVhbvtf0eoOfeuFI.npy
GqkWVNI0qaoFnxeoyfiR,sleep,52,train,GqkWVNI0qaoFnxeoyfiR.npy
O7EgQcVfLs2I34w5uJRi,night,14,val,O7EgQcVfLs2I34w5uJRi.npy
Q7rBUYR7z0SO2GmnSGfC,want,35,train,Q7rBUYR7z0SO2GmnSGfC.npy
oAe0MgZPI3rmF4HjDxKq,interpreter,31,val,oAe0MgZPI3rmF4HjDxKq.npy
LPXow1WNsKoiElNursSu,water,84,val,LPXow1WNsKoiElNursSu.npy
h7FiaZKA8qReuCtq9vnb,walk,11,train,h7FiaZKA8qReuCtq9vnb.npy
kWrW2Ga8HTjkHPdl7oQx,always,49,val,kWrW2Ga8HTjkHPdl7oQx.npy
R2PaTNb0Tk1pCDkw4fDT,big,61,test,R2PaTNb0Tk1pCDkw4fDT.npy
SuzuP8SPIObtkg02nEWn,water,84,train,SuzuP8SPIObtkg02nEWn.npy
SyZ5Zgo6x4eyI47Rz19H,eyes,57,test,SyZ5Zgo6x4eyI47Rz19H.npy
gOWeL4xxNrQh317Gjiwq,ask,49,train,gOWeL4xxNrQh317Gjiwq.npy
E1xhb4mzgFLuwDLsXy2x,eyes,15,train,E1xhb4mzgFLuwDLsXy2x.npy
lfntcMApphWEXa4ZnfBD,finish,52,val,lfntcMApphWEXa4ZnfBD.npy
e5fzHzSwzmeJaJRAkxhi,heart,49,train,e5fzHzSwzmeJaJRAkxhi.npy
E1gNmmR9Q2CckdQMIizb,man,7,train,E1gNmmR9Q2CckdQMIizb.npy
KM5D8Df5b0nY2QfabSZQ,hospital,61,test,KM5D8Df5b0nY2QfabSZQ.npy
HQVYPEJGKa8Tw5CIoZOv,water,11,train,HQVYPEJGKa8Tw5CIoZOv.npy
k47Wvs3ihKMpeKkum9sd,skin,59,train,k47Wvs3ihKMpeKkum9sd.npy
7ePEzxpDMDrd0xDNMxK8,much,50,test,7ePEzxpDMDrd0xDNMxK8.npy
Vlqt27PAIlyVXJVnZZiv,choke,80,train,Vlqt27PAIlyVXJVnZZiv.npy
3YviVo7SgqsZzRfMrHFE,baby,84,train,3YviVo7SgqsZzRfMrHFE.npy
bTEXvVVlJIhlJN8oH6gt,eyes,7,val,bTEXvVVlJIhlJN8oH6gt.npy
34LQeMXUEoh0P9xErqpi,cough,88,train,34LQeMXUEoh0P9xErqpi.npy
AfIf0UXkHBDsYevLhfQl,test,49,train,AfIf0UXkHBDsYevLhfQl.npy
b8iffIZNAMeSyfhkptas,need,17,train,b8iffIZNAMeSyfhkptas.npy
3dLBoscdtkp0V6emPg1m,bathroom,59,train,3dLBoscdtkp0V6emPg1m.npy
sZh0CydsNJe4cnIjhmUW,blood,46,val,sZh0CydsNJe4cnIjhmUW.npy
aZCkiNl8WY90mOSerI8j,cold,46,train,aZCkiNl8WY90mOSerI8j.npy
69iALO7hHdi702Byuj1r,understand,62,train,69iALO7hHdi702Byuj1r.npy
fZmKl6gtjHFCfVNGKcOk,hurt,39,train,fZmKl6gtjHFCfVNGKcOk.npy
ab0tQL7cUb9vVOJt5fvk,what,42,train,ab0tQL7cUb9vVOJt5fvk.npy
zr5RnerSSzAFqV2xWVZO,morning,7,val,zr5RnerSSzAFqV2xWVZO.npy
UMJMytOeiFAOvAakuPpY,drink,50,test,UMJMytOeiFAOvAakuPpY.npy
vhGExMf60Ov7zNYrU2RG,bathroom,49,train,vhGExMf60Ov7zNYrU2RG.npy
nutIGo5mojgBlFY3SZJX,can,42,val,nutIGo5mojgBlFY3SZJX.npy
eTjrZLgdl9a1JrmSiFzX,walk,53,test,eTjrZLgdl9a1JrmSiFzX.npy
d989wXm5YEzByVsIIkR8,wait,54,train,d989wXm5YEzByVsIIkR8.npy
wXE3fIL9p7k0E41vlfBG,big,39,train,wXE3fIL9p7k0E41vlfBG.npy
A0YPPbu4wZa1Djip08DR,take,84,train,A0YPPbu4wZa1Djip08DR.npy
LdoU6Pft9xGdUlqwIaLS,open,49,val,LdoU6Pft9xGdUlqwIaLS.npy
sXoWL79yKrf1KqJAm01K,test,7,train,sXoWL79yKrf1KqJAm01K.npy
9qSdNIgOXWdzvw8Ittq0,big,30,val,9qSdNIgOXWdzvw8Ittq0.npy
rD6OK4Mq6OxOjsUK8wWp,today,11,train,rD6OK4Mq6OxOjsUK8wWp.npy
HYVZ1e9HSNilNwo1TfBD,finish,30,train,HYVZ1e9HSNilNwo1TfBD.npy
2oACY8VuNiaQBifyNWta,water,7,val,2oACY8VuNiaQBifyNWta.npy
blrrofBPdlJzCf5wt8dT,sleep,57,test,blrrofBPdlJzCf5wt8dT.npy
HzI5iew9hTDLArBfj0Qj,cold,8,train,HzI5iew9hTDLArBfj0Qj.npy
HxMZ3ZOQt3fch0SrqigV,hurt,7,train,HxMZ3ZOQt3fch0SrqigV.npy
6iEGEBkxBFSGxG1oKpLw,sleep,84,train,6iEGEBkxBFSGxG1oKpLw.npy
sL5vGcDv3KMJXM1ii05z,where,57,test,sL5vGcDv3KMJXM1ii05z.npy
pANN3N1ipsLnLkXdk3PJ,strong,35,train,pANN3N1ipsLnLkXdk3PJ.npy
7BmUhXYVrkkEVlbXWTY0,show,62,train,7BmUhXYVrkkEVlbXWTY0.npy
0Vh64zXkkhyyQurTjDJt,long,38,val,0Vh64zXkkhyyQurTjDJt.npy
W9h5jI4OBiLqw0S38lU9,minute,50,test,W9h5jI4OBiLqw0S38lU9.npy
GZdmt0eJ9NkGQrq7pSHx,surgery,50,test,GZdmt0eJ9NkGQrq7pSHx.npy
XoIQSfnwe9gcOMuDd9zH,no,88,train,XoIQSfnwe9gcOMuDd9zH.npy
irsR0LLlLETkBNf10J9A,food,84,train,irsR0LLlLETkBNf10J9A.npy
tSDggZIVeK0SEzRVJpc0,face,54,train,tSDggZIVeK0SEzRVJpc0.npy
CDCqCyINoYTDLXN6GTf0,hurt,61,test,CDCqCyINoYTDLXN6GTf0.npy
Cgrnf5HFQAszLW3ZH880,big,84,train,Cgrnf5HFQAszLW3ZH880.npy
MjLZaW2qS9Mo7j3FijYt,water,62,train,MjLZaW2qS9Mo7j3FijYt.npy
29CtzugoCGEWvq03SHgD,who,17,train,29CtzugoCGEWvq03SHgD.npy
RW9OkcrsMafyRkTRkhV8,eat,78,train,RW9OkcrsMafyRkTRkhV8.npy
anmp5uuQLKdWDxkEhhqW,man,7,val,anmp5uuQLKdWDxkEhhqW.npy
b8b5Rk7GDkdmE7EwsotT,strong,39,train,b8b5Rk7GDkdmE7EwsotT.npy
7yoZxnyz3MZwdeluN4JJ,throat,46,train,7yoZxnyz3MZwdeluN4JJ.npy
52tCr5Zt54tocCiNGCwF,understand,62,train,52tCr5Zt54tocCiNGCwF.npy
vwKrksRGso6zY5Tj98TW,eyes,35,train,vwKrksRGso6zY5Tj98TW.npy
lIlVUpNxIfLbXwJegzHW,man,49,train,lIlVUpNxIfLbXwJegzHW.npy
17WVLOTsBycKdHCfZN6w,hot,85,val,17WVLOTsBycKdHCfZN6w.npy
qmWsu012fZqVWQnPG5sR,water,17,train,qmWsu012fZqVWQnPG5sR.npy
2QF2SJGlrJFhYnjtcxps,doctor,8,train,2QF2SJGlrJFhYnjtcxps.npy
fPmvxwJvf1vnm2LtngUY,understand,39,train,fPmvxwJvf1vnm2LtngUY.npy
6C7XZEmuKBhMIyw1Rk7b,again,48,test,6C7XZEmuKBhMIyw1Rk7b.npy
aEhGSUqBOc47SOuLlQ2Z,water,48,test,aEhGSUqBOc47SOuLlQ2Z.npy
KVFoORruAIAGELQxBEm0,finish,17,train,KVFoORruAIAGELQxBEm0.npy
yyD5wJ6Y6WqNLJuEntF6,back,42,val,yyD5wJ6Y6WqNLJuEntF6.npy
lbETaVlqGBLYG4ADfBtB,hospital,30,val,lbETaVlqGBLYG4ADfBtB.npy
WIGeYVA7PG1YIh9pUMWv,hurt,61,test,WIGeYVA7PG1YIh9pUMWv.npy
REK7GAThz0gZbXqlxqDF,understand,63,val,REK7GAThz0gZbXqlxqDF.npy
YhNSDrOJ4KFYAN9P2oTb,all,85,val,YhNSDrOJ4KFYAN9P2oTb.npy
HdD5qesIQ1NDsEdOpRKD,sick,50,test,HdD5qesIQ1NDsEdOpRKD.npy
FdvfO9HLtgZ9zkL2WGcK,show,38,val,FdvfO9HLtgZ9zkL2WGcK.npy
gVsq91Klb83v6xHsQTij,go,30,val,gVsq91Klb83v6xHsQTij.npy
cFgZ3EIdBsjFcbfqGGlK,man,7,train,cFgZ3EIdBsjFcbfqGGlK.npy
oHMufdmrfQb8J5WanWRe,show,53,test,oHMufdmrfQb8J5WanWRe.npy
O49304Rcg8OkjkuNyaE7,morning,31,train,O49304Rcg8OkjkuNyaE7.npy
vZegL36jS6qwedkil3aZ,mother,31,train,vZegL36jS6qwedkil3aZ.npy
YzZmYXHIEUV4dyA0LrIR,water,39,train,YzZmYXHIEUV4dyA0LrIR.npy
Kj4oyedUtT2ssnLajSqs,water,7,val,Kj4oyedUtT2ssnLajSqs.npy
TqsCMXobpz4QTfQIgIbn,bleed,63,val,TqsCMXobpz4QTfQIgIbn.npy
TxTToWpxtxIYgx5wr0Sg,help,46,train,TxTToWpxtxIYgx5wr0Sg.npy
lVq0kDed2Y433vwiIgcB,nose,7,train,lVq0kDed2Y433vwiIgcB.npy
Y8RCn0KXTzbPWTXh1bMr,sick,17,val,Y8RCn0KXTzbPWTXh1bMr.npy
Tm6wyyN37iA0VJhHDcES,look,80,train,Tm6wyyN37iA0VJhHDcES.npy
B2Ga1dG3I7GHUfnD12yK,glasses,49,train,B2Ga1dG3I7GHUfnD12yK.npy
YPmg1CaeOlPn0SvE2fgw,pain,57,test,YPmg1CaeOlPn0SvE2fgw.npy
JeqosAiwnvWQKQM75mPh,weak,38,train,JeqosAiwnvWQKQM75mPh.npy
Gvy9DAPzvujNebqN4oE0,family,50,test,Gvy9DAPzvujNebqN4oE0.npy
RkKhE519XHYLRdJ7BRqW,cold,15,val,RkKhE519XHYLRdJ7BRqW.npy
tu3ghdkAjMNx4NECI72v,maybe,49,train,tu3ghdkAjMNx4NECI72v.npy
whx04lxHxI83dDcFV0Tp,doctor,17,val,whx04lxHxI83dDcFV0Tp.npy
TEdRwqqeBLTZ2FCXgZyp,surgery,57,test,TEdRwqqeBLTZ2FCXgZyp.npy
l0avkqA44bAw9bw3UlLs,baby,11,val,l0avkqA44bAw9bw3UlLs.npy
l68Na6em0x1TS4EcABeI,weak,35,val,l68Na6em0x1TS4EcABeI.npy
NzCkWOCplf5qKKGGaX7o,now,38,train,NzCkWOCplf5qKKGGaX7o.npy
nfnMCQ3dy5ARhZ5xYVpa,family,17,train,nfnMCQ3dy5ARhZ5xYVpa.npy
4y2rJsWVqI1ovwaOBeAm,finish,42,train,4y2rJsWVqI1ovwaOBeAm.npy
7tpibMrYBaMlCWyMha7C,bleed,84,train,7tpibMrYBaMlCWyMha7C.npy
b7A4u2MJJs2qS2odZxwE,strong,57,test,b7A4u2MJJs2qS2odZxwE.npy
HAaJiftpvlqFSTp5fHJP,sick,7,train,HAaJiftpvlqFSTp5fHJP.npy
Srvd6JC5st3LVECKcwf2,feel,57,test,Srvd6JC5st3LVECKcwf2.npy
tvrIHD9L4CgTzhJSZJbR,cold,42,train,tvrIHD9L4CgTzhJSZJbR.npy
aW3m63Zo61qyukGaMx8V,yes,17,train,aW3m63Zo61qyukGaMx8V.npy
tACv3wxNrwsHBjqe7k7F,hour,62,train,tACv3wxNrwsHBjqe7k7F.npy
6Z62DNWObGRSC1yQF9fx,go,17,train,6Z62DNWObGRSC1yQF9fx.npy
MT28beCkunBm6av9uwm2,pain,12,train,MT28beCkunBm6av9uwm2.npy
IHTPKJHZfMutpCQtseM8,head,57,test,IHTPKJHZfMutpCQtseM8.npy
2n7GMogSxdeaBKAXbjt1,month,7,val,2n7GMogSxdeaBKAXbjt1.npy
CvB7gNsHx5f9lkor73o4,sick,14,train,CvB7gNsHx5f9lkor73o4.npy
zIveN46PiMcCOiM96cyj,breathe,50,test,zIveN46PiMcCOiM96cyj.npy
9x2KK7tKw5qPnBKf5p3C,sit,17,train,9x2KK7tKw5qPnBKf5p3C.npy
CUBiMYxzhKtfCPY8HTNS,yes,88,train,CUBiMYxzhKtfCPY8HTNS.npy
nwI0Oeyg7012DGBNWsbz,cold,48,test,nwI0Oeyg7012DGBNWsbz.npy
XIWTV0IV6QFiO00g8vzr,hurt,43,val,XIWTV0IV6QFiO00g8vzr.npy
R2sNjHkLqNd1e9ZIgs3Y,finish,42,train,R2sNjHkLqNd1e9ZIgs3Y.npy
vMNiIjzXyYbedxR91Kfn,today,57,test,vMNiIjzXyYbedxR91Kfn.npy
H6MJEA8oiKOVIaOvAfS1,sleep,48,test,H6MJEA8oiKOVIaOvAfS1.npy
ymDqQO1mm6UV8E06ZPaC,much,62,val,ymDqQO1mm6UV8E06ZPaC.npy
KTOt04tZmM6B5CGZYbD8,hurt,62,train,KTOt04tZmM6B5CGZYbD8.npy
VWn1p6MXHC3cq9o24EiH,need,17,val,VWn1p6MXHC3cq9o24EiH.npy
UT2FZLh74N99mPqkAA9l,light,42,train,UT2FZLh74N99mPqkAA9l.npy
1SMaiGMi0LUsrBgL5b55,tomorrow,7,val,1SMaiGMi0LUsrBgL5b55.npy
E6FazEgSUKrRY5oOQuIl,family,14,val,E6FazEgSUKrRY5oOQuIl.npy
weiZNDQGCgaju6bdXp0q,cold,62,train,weiZNDQGCgaju6bdXp0q.npy
5lGp3Wy3aiY8Dj5rOSsw,week,49,train,5lGp3Wy3aiY8Dj5rOSsw.npy
EY8C53ZVyWRGp8ssR4uu,tomorrow,38,train,EY8C53ZVyWRGp8ssR4uu.npy
u4ghWax5fD6o2x40YuTy,water,39,train,u4ghWax5fD6o2x40YuTy.npy
mQ8Nwp8CBEdVZNFYL5iD,feel,62,train,mQ8Nwp8CBEdVZNFYL5iD.npy
blsq4fdB87IobhaKSIaf,feel,17,train,blsq4fdB87IobhaKSIaf.npy
FkRFaTDsnNT8lr22eZTx,bleed,23,train,FkRFaTDsnNT8lr22eZTx.npy
7yAFfnkpu7cItcr8vzrM,where,30,train,7yAFfnkpu7cItcr8vzrM.npy
zSjmU4HZCWUpTjcpPhdC,ask,42,train,zSjmU4HZCWUpTjcpPhdC.npy
eEcP7xDezOighwGEbrLF,family,11,train,eEcP7xDezOighwGEbrLF.npy
xbNBWvmNV5h91LP0lJcg,family,62,train,xbNBWvmNV5h91LP0lJcg.npy
alDCuJNNCQPyqmN7ggtZ,sleep,30,val,alDCuJNNCQPyqmN7ggtZ.npy
oQDM4900xDfQ66EJb7yf,hot,88,train,oQDM4900xDfQ66EJb7yf.npy
KIAFkpaaMteV1yp4qbXL,water,63,train,KIAFkpaaMteV1yp4qbXL.npy
UkOF4YJMSCU4b00Nma61,hurt,48,test,UkOF4YJMSCU4b00Nma61.npy
5Ku8knkBQ56YfLIJYQNI,big,63,train,5Ku8knkBQ56YfLIJYQNI.npy
OlWWMJdmpnhmgQGmNKWI,wait,54,train,OlWWMJdmpnhmgQGmNKWI.npy
5xv9fyCkzlVIDxtQqiIU,cold,38,val,5xv9fyCkzlVIDxtQqiIU.npy
TbhSCOoKNiCDT4f8sOcF,sick,23,train,TbhSCOoKNiCDT4f8sOcF.npy
j79RZFBvSNJIKKQwZSM9,blood,50,test,j79RZFBvSNJIKKQwZSM9.npy
RvgPYQKIQxYZDDnTbwuD,arm,48,test,RvgPYQKIQxYZDDnTbwuD.npy
cUB2Y7JE1geQgfRp8i8g,hurt,38,val,cUB2Y7JE1geQgfRp8i8g.npy
LGRNPZAETO9euNV0CWD7,understand,30,train,LGRNPZAETO9euNV0CWD7.npy
rKsaWS6nfPGvVGDR9djm,vomit,57,test,rKsaWS6nfPGvVGDR9djm.npy
fP0FaI5zjckGpPX8qFdx,sleep,30,train,fP0FaI5zjckGpPX8qFdx.npy
2usrLczvtQ312eudYrEx,tired,52,train,2usrLczvtQ312eudYrEx.npy
gz2PC4ZNqQmM0xFbtRK9,surgery,8,val,gz2PC4ZNqQmM0xFbtRK9.npy
td7kO7fCUnTTvAG3CYEr,again,23,train,td7kO7fCUnTTvAG3CYEr.npy
xrbkeGhoSBycSfJFkxe2,feel,61,test,xrbkeGhoSBycSfJFkxe2.npy
ovVi7CDVPNvRTXx4TqK0,big,57,test,ovVi7CDVPNvRTXx4TqK0.npy
9I0gjdSbhFKQFgFRUQ0w,wait,84,val,9I0gjdSbhFKQFgFRUQ0w.npy
CcTQB8OcnlLsiQ0VouSF,big,8,train,CcTQB8OcnlLsiQ0VouSF.npy
RsrYXgB0steEtvZyt1VM,show,39,train,RsrYXgB0steEtvZyt1VM.npy
96gtGCrB82oFOPQqVpy6,why,48,test,96gtGCrB82oFOPQqVpy6.npy
9xrImhRRxN4Dr9t5gagt,baby,49,train,9xrImhRRxN4Dr9t5gagt.npy
1dx3tLk6UuI8tJ9puXxC,woman,52,train,1dx3tLk6UuI8tJ9puXxC.npy
T3WCwWioKvsS6Y3Kmi9e,wait,57,test,T3WCwWioKvsS6Y3Kmi9e.npy
mM23pKJ3II2Aghul4XQ9,family,48,test,mM23pKJ3II2Aghul4XQ9.npy
kxnTU3IcvcdDuNwp2mAQ,finish,62,val,kxnTU3IcvcdDuNwp2mAQ.npy
DvWYTs1hwwqId33Y1pk8,hurt,64,test,DvWYTs1hwwqId33Y1pk8.npy
rhl7F1Ovm5OC8zlCU0yO,morning,57,test,rhl7F1Ovm5OC8zlCU0yO.npy
ZbttWvjhyrpI8guedAe8,hot,46,train,ZbttWvjhyrpI8guedAe8.npy
011ncn15hJxPcZSExcs4,start,39,val,011ncn15hJxPcZSExcs4.npy
O2vQHV41m5NvEViQiT3r,sleep,36,test,O2vQHV41m5NvEViQiT3r.npy
c5LueiLAPtVcQlFESJQO,feel,57,test,c5LueiLAPtVcQlFESJQO.npy
rpDPJE90f4wn6qgjLlUF,where,35,val,rpDPJE90f4wn6qgjLlUF.npy
O25agpYq4Fsb8FN8MIIG,sick,62,val,O25agpYq4Fsb8FN8MIIG.npy
wqfcmM1XJtwiOWKiyFK8,always,84,train,wqfcmM1XJtwiOWKiyFK8.npy
wzLPg6zKjSePMWsbPL5W,doctor,30,train,wzLPg6zKjSePMWsbPL5W.npy
y6IQ33QUQV47kFrHOHFt,water,46,train,y6IQ33QUQV47kFrHOHFt.npy
pDxWB3QxJSQyKM3HZTlH,start,88,train,pDxWB3QxJSQyKM3HZTlH.npy
iLRPPQVEWn7OPmWqg78F,test,48,test,iLRPPQVEWn7OPmWqg78F.npy
jtulaWmFyJfZaeVE0f3Q,help,49,train,jtulaWmFyJfZaeVE0f3Q.npy
vepFykoO3AxghyOjFLxy,cold,8,train,vepFykoO3AxghyOjFLxy.npy
ng2ulxuztb2xsdxaFkHR,cold,48,test,ng2ulxuztb2xsdxaFkHR.npy
5yLodyFXfCnYpMkQnU3L,mouth,88,train,5yLodyFXfCnYpMkQnU3L.npy
gE6AWY4sAToddbhPG7XE,drink,7,train,gE6AWY4sAToddbhPG7XE.npy
LpFRMr9G6L982xcF9Use,tell,7,val,LpFRMr9G6L982xcF9Use.npy
6YzlKcDIUq1BeePLwmJ1,finish,38,train,6YzlKcDIUq1BeePLwmJ1.npy
klQVTnsWTanjLjrNa6ju,water,57,test,klQVTnsWTanjLjrNa6ju.npy
V2WqtDUQnDL3ITrk0IDF,morning,48,test,V2WqtDUQnDL3ITrk0IDF.npy
KZkZbdH0Rg0ERGAET8Us,big,35,val,KZkZbdH0Rg0ERGAET8Us.npy
p7l58U3fGOg7nyxlWQcV,water,39,train,p7l58U3fGOg7nyxlWQcV.npy
XNhIWbR0DI89YGolUDXJ,give,30,val,XNhIWbR0DI89YGolUDXJ.npy
sF1JTod5qmL6DNaWArEw,stop,23,train,sF1JTod5qmL6DNaWArEw.npy
yk923POQY4QmvVcu0ZF2,start,61,test,yk923POQY4QmvVcu0ZF2.npy
Eo4Ki6dcUH716hZFRCDF,eyes,24,train,Eo4Ki6dcUH716hZFRCDF.npy
YPPEqCcAIUpBgO0KDTOB,hour,88,train,YPPEqCcAIUpBgO0KDTOB.npy
ATn5Nh3ZodwKjeIezB4z,night,84,train,ATn5Nh3ZodwKjeIezB4z.npy
qHXdgK9DBfahV0l2WvZx,water,61,test,qHXdgK9DBfahV0l2WvZx.npy
EWBao8ZOxchrlqSET4h7,morning,31,train,EWBao8ZOxchrlqSET4h7.npy
L2w7mn8zo7dtsxjK5mXJ,dizzy,49,val,L2w7mn8zo7dtsxjK5mXJ.npy
O6XIsAM7fdQ2fqxAiqmX,now,62,train,O6XIsAM7fdQ2fqxAiqmX.npy
FqewERtkufu8WZ3NNBDF,sick,14,train,FqewERtkufu8WZ3NNBDF.npy
jVcK2pIpSQS8jTA8r2rn,sorry,46,train,jVcK2pIpSQS8jTA8r2rn.npy
nhNT7NrMZQj2rLiFMo6f,cold,48,test,nhNT7NrMZQj2rLiFMo6f.npy
G6ZQ9SoVFtEAx8Vxzsug,day,39,val,G6ZQ9SoVFtEAx8Vxzsug.npy
LxyXbxxOTvXBoSXry9xZ,big,63,train,LxyXbxxOTvXBoSXry9xZ.npy
4RTJv8lpq8DnxkgbkdYm,pill,76,train,4RTJv8lpq8DnxkgbkdYm.npy
cfHYsjYcoOawMXK50Yuf,bad,46,train,cfHYsjYcoOawMXK50Yuf.npy
5PiB9jxFDk74usABigis,feel,49,val,5PiB9jxFDk74usABigis.npy
sQXcrawxT6hNUWqrlZgd,eat,30,train,sQXcrawxT6hNUWqrlZgd.npy
63kq91A5vHkjWOzPqktR,stop,88,val,63kq91A5vHkjWOzPqktR.npy
nMruQ6d6LRj7RztgBIL5,sick,17,train,nMruQ6d6LRj7RztgBIL5.npy
HwU1V3NKd7gSOJQxPQax,drink,64,test,HwU1V3NKd7gSOJQxPQax.npy
KlFmNs3nmpyGr6hBDxq2,vomit,84,val,KlFmNs3nmpyGr6hBDxq2.npy
yPIeeiWcB8eIXwP0HrgO,arm,39,val,yPIeeiWcB8eIXwP0HrgO.npy
4rbz8ZqwbsajZKg2jcXh,night,36,test,4rbz8ZqwbsajZKg2jcXh.npy
0athX8XVvI3b7GrejGGW,can,42,train,0athX8XVvI3b7GrejGGW.npy
TsLaurnJSQfQyMMznwJg,understand,39,train,TsLaurnJSQfQyMMznwJg.npy
PFCQkcM3ddJjDrmA8ZPi,finish,7,train,PFCQkcM3ddJjDrmA8ZPi.npy
9ZyxwJT4G9zy0M39GcmU,family,62,train,9ZyxwJT4G9zy0M39GcmU.npy
7VcdZIn7LTtEyBHk8HNd,more,17,val,7VcdZIn7LTtEyBHk8HNd.npy
XcsIZu31eBUp5CXqlBO4,yesterday,35,train,XcsIZu31eBUp5CXqlBO4.npy
9L0wX2Fv8Km4XNMKdU8r,sleep,78,train,9L0wX2Fv8Km4XNMKdU8r.npy
PA3Mx83ZxIsQGCJZLQ4T,go,38,train,PA3Mx83ZxIsQGCJZLQ4T.npy
aKm26Abv5gTXeiu1L2nz,leg,7,val,aKm26Abv5gTXeiu1L2nz.npy
Z8aGye8EHLkdxee1WHQY,water,61,test,Z8aGye8EHLkdxee1WHQY.npy
4Rk2yov7fNtqkRFi9C36,tired,8,train,4Rk2yov7fNtqkRFi9C36.npy
WE94EZJz6CtXZkbVFPsl,all,84,train,WE94EZJz6CtXZkbVFPsl.npy
7vTRHroypQqLb0VSV78b,hurt,46,train,7vTRHroypQqLb0VSV78b.npy
b1GLgdzb92gBIDx6wnhL,father,11,train,b1GLgdzb92gBIDx6wnhL.npy
QXksiO6MbCIhoOZuZobY,hospital,46,train,QXksiO6MbCIhoOZuZobY.npy
ywAmTd2WQrQQD3vFXujF,baby,57,test,ywAmTd2WQrQQD3vFXujF.npy
UbvLIU8s3KmpV89sDnZ1,please,17,train,UbvLIU8s3KmpV89sDnZ1.npy
EG8ZeNpPTcXNy8zZnez9,woman,62,train,EG8ZeNpPTcXNy8zZnez9.npy
i2wLOgSRYsaLSfgNWXsg,touch,84,train,i2wLOgSRYsaLSfgNWXsg.npy
30pH2l7SCkVPIcYIVbk8,family,43,val,30pH2l7SCkVPIcYIVbk8.npy
g9DvOhlhNTXrjgry0KfT,child,35,val,g9DvOhlhNTXrjgry0KfT.npy
vBkNrAIlv3NX7tHdxYB8,where,88,train,vBkNrAIlv3NX7tHdxYB8.npy
2zhujVuWU6qG0GkIgUzv,bad,88,train,2zhujVuWU6qG0GkIgUzv.npy
CyjamJVspF1LoL4THdWY,help,39,train,CyjamJVspF1LoL4THdWY.npy
ULEl67QVN6cqtzeZJVkw,where,88,train,ULEl67QVN6cqtzeZJVkw.npy
e5Vj3dUZSEtuvGNtXAFq,water,88,train,e5Vj3dUZSEtuvGNtXAFq.npy
ZLEeytaVLPpeSc80h9sb,thank_you,57,test,ZLEeytaVLPpeSc80h9sb.npy
LnfLotRWAXMDLEbBvjUJ,glasses,42,train,LnfLotRWAXMDLEbBvjUJ.npy
vz24MP28GnUyAWvSamkh,where,49,train,vz24MP28GnUyAWvSamkh.npy
K4s9PnfF0Aa4CIPutj3r,back,80,train,K4s9PnfF0Aa4CIPutj3r.npy
FrfVhxLOQKlyFZuapCz1,hot,23,val,FrfVhxLOQKlyFZuapCz1.npy
uZlJT4i0mKFpWlbdPZJA,better,49,train,uZlJT4i0mKFpWlbdPZJA.npy
FN7PSqeggYerp15UjqWz,baby,46,train,FN7PSqeggYerp15UjqWz.npy
qZNJGxbuC2TIOGGNoQnP,hurt,84,train,qZNJGxbuC2TIOGGNoQnP.npy
nxMxIcEYLVa9AT0lPI5w,man,7,train,nxMxIcEYLVa9AT0lPI5w.npy
pZ8Lqz5jQT6TfuM8Jjbv,water,11,train,pZ8Lqz5jQT6TfuM8Jjbv.npy
EHGQE2KB6mmmXeofYnvK,again,30,val,EHGQE2KB6mmmXeofYnvK.npy
1Jmod39GuwLR9br3OzSj,blood,49,train,1Jmod39GuwLR9br3OzSj.npy
Ofr3Migm6YfbW8SNq4Cv,dentist,80,train,Ofr3Migm6YfbW8SNq4Cv.npy
BIZmvnJPoy6BM5cr9yZZ,sleep,39,train,BIZmvnJPoy6BM5cr9yZZ.npy
vEqE05oGUtcVDoOk3qVW,man,76,val,vEqE05oGUtcVDoOk3qVW.npy
M4XJJcWYw11O5YVD0I0T,woman,84,val,M4XJJcWYw11O5YVD0I0T.npy
1qqNceQHMwC4zcwYpjUu,hurt,8,val,1qqNceQHMwC4zcwYpjUu.npy
GJDKu0djh00ZHevgLhat,cold,24,train,GJDKu0djh00ZHevgLhat.npy
elxAVlaj9B9TfZxFrk4a,strong,7,val,elxAVlaj9B9TfZxFrk4a.npy
ukWfMbF1SSPKq0YEcKGp,woman,42,train,ukWfMbF1SSPKq0YEcKGp.npy
uvfomhPSIkIGQQlVZRCX,man,61,test,uvfomhPSIkIGQQlVZRCX.npy
zeR9dqeGkmNOZl5dkBje,surgery,49,train,zeR9dqeGkmNOZl5dkBje.npy
KpxjiHSndrk03RBPy78W,big,17,train,KpxjiHSndrk03RBPy78W.npy
kUeyut6s7noEIDAPdWQv,cold,84,train,kUeyut6s7noEIDAPdWQv.npy
KV9xJvvvYmuNtI8vr45D,understand,38,train,KV9xJvvvYmuNtI8vr45D.npy
HoTKNKea5ZgPYvbKZzgr,water,46,val,HoTKNKea5ZgPYvbKZzgr.npy
p6WY9ugsU9vJekmFVH6O,sick,35,train,p6WY9ugsU9vJekmFVH6O.npy
CfYlsK8UY5Z9cV8Gnw8j,doctor,11,train,CfYlsK8UY5Z9cV8Gnw8j.npy
i1g7Bh3ekWMzL8qTScQd,sick,57,test,i1g7Bh3ekWMzL8qTScQd.npy
t7s6pWEoUoBUZo2drK4w,please,46,train,t7s6pWEoUoBUZo2drK4w.npy
t5EmLpu5nVhBFgpqfQ2B,start,62,train,t5EmLpu5nVhBFgpqfQ2B.npy
klpQzMFYIxXIKbNhWynI,eat,46,train,klpQzMFYIxXIKbNhWynI.npy
MprJsMYo0ESxbF6HIhDp,better,61,test,MprJsMYo0ESxbF6HIhDp.npy
e3UcEKQLzNsfBH5j5sx7,big,46,train,e3UcEKQLzNsfBH5j5sx7.npy
mhKwzBluIzLNeDYDIfAR,head,49,train,mhKwzBluIzLNeDYDIfAR.npy
unXyrSPmnFTIaosvEYfg,want,49,val,unXyrSPmnFTIaosvEYfg.npy
hdzaH5QDLV8AC2bjT73M,choke,38,train,hdzaH5QDLV8AC2bjT73M.npy
4G3UhSJ8CukDEIxP7PGK,man,43,train,4G3UhSJ8CukDEIxP7PGK.npy
jNuPnTprQXUUd0EsGY0d,knees,84,train,jNuPnTprQXUUd0EsGY0d.npy
0NMyDjv8ufPl50YNsTQY,take,39,val,0NMyDjv8ufPl50YNsTQY.npy
2vc6NrGkPOL0egeX7Uz5,father,49,train,2vc6NrGkPOL0egeX7Uz5.npy
YdzgkkBLSLN8wPUMSbN1,water,27,train,YdzgkkBLSLN8wPUMSbN1.npy
mmITx5g0KsKSKZLLX4ud,shoulder,63,train,mmITx5g0KsKSKZLLX4ud.npy
ZQHAZw5FMxXrQ0VpQlt0,why,39,val,ZQHAZw5FMxXrQ0VpQlt0.npy
n2Gw5rS2OeCQWN5IHWNq,move,84,train,n2Gw5rS2OeCQWN5IHWNq.npy
Qe4AkJMZHnN0mPQrsxVH,sleep,31,val,Qe4AkJMZHnN0mPQrsxVH.npy
53DHGlnfBycVtSsjbATm,baby,39,train,53DHGlnfBycVtSsjbATm.npy
eUfhftcYGE3044d0ICyX,drink,46,train,eUfhftcYGE3044d0ICyX.npy
H2K3LdgPemFC33boZLDt,morning,36,test,H2K3LdgPemFC33boZLDt.npy
F8Ath6HwDLpBwTwFoibU,woman,59,train,F8Ath6HwDLpBwTwFoibU.npy
c9kM0lsuQ7ECid9audcf,hot,57,test,c9kM0lsuQ7ECid9audcf.npy
6ebZBjEmJsjcRMJsfnnz,father,30,val,6ebZBjEmJsjcRMJsfnnz.npy
yvYGPd7dSgwRzfwStpTJ,wait,38,train,yvYGPd7dSgwRzfwStpTJ.npy
yfnmqMfFI3oRoqnlNuri,hurt,11,train,yfnmqMfFI3oRoqnlNuri.npy
McZ5QscnVnz3gQB8O4fr,help,57,test,McZ5QscnVnz3gQB8O4fr.npy
6enfK5oySsMaWOsuBr67,interpreter,61,test,6enfK5oySsMaWOsuBr67.npy
P3vh7cQJWE6NYeojWugX,again,57,test,P3vh7cQJWE6NYeojWugX.npy
lgJWRkEJ4cx53HqvpBaE,long,49,train,lgJWRkEJ4cx53HqvpBaE.npy
pWy0xMmzUxDorZtUfpPN,big,84,train,pWy0xMmzUxDorZtUfpPN.npy
jOzploU5mznI4rtAf4NU,want,7,train,jOzploU5mznI4rtAf4NU.npy
CvPjWq0IIZOCJAvrKyUM,not,62,train,CvPjWq0IIZOCJAvrKyUM.npy
0IWJyoAeO8kVRMZyBATn,hot,17,train,0IWJyoAeO8kVRMZyBATn.npy
RNgzos8EvP4OvXMuuHTh,cold,49,val,RNgzos8EvP4OvXMuuHTh.npy
pb6UNv7Td0c2qc4mrQEl,cold,39,val,pb6UNv7Td0c2qc4mrQEl.npy
NZAOmSJSXpuakpPNrpNt,sick,38,train,NZAOmSJSXpuakpPNrpNt.npy
TSChElD897xKDQeLcnxc,man,42,train,TSChElD897xKDQeLcnxc.npy
v3tw1rBac0LSvsu5FcUu,why,17,train,v3tw1rBac0LSvsu5FcUu.npy
JeINbV7nHQbKguGKV2Qk,test,48,test,JeINbV7nHQbKguGKV2Qk.npy
97ubnfp0J6YyPpZTQlAn,night,43,train,97ubnfp0J6YyPpZTQlAn.npy
5dDf9GghIeWUDm4gogFw,close,57,test,5dDf9GghIeWUDm4gogFw.npy
dhVIdufQ1HBWUjyacOfH,move,85,train,dhVIdufQ1HBWUjyacOfH.npy
s4fBxPLEUJFIraIqy5TZ,yesterday,57,test,s4fBxPLEUJFIraIqy5TZ.npy
Fyla06iLZg9JQLLFQ4Wb,eyes,57,test,Fyla06iLZg9JQLLFQ4Wb.npy
BhUHk936OUAw5EB3TLhv,need,7,train,BhUHk936OUAw5EB3TLhv.npy
gMIPs0jg3L5FgoZkMpIH,walk,15,train,gMIPs0jg3L5FgoZkMpIH.npy
uJtZkW2LBNK4RFSPftW9,maybe,7,train,uJtZkW2LBNK4RFSPftW9.npy
prLf3VXcjvVa48SqVIQG,move,62,train,prLf3VXcjvVa48SqVIQG.npy
wpfKAXhqeVnhuJPQeq1I,finish,54,train,wpfKAXhqeVnhuJPQeq1I.npy
RfncrLNnlg8uW60PdTRo,muscle,35,val,RfncrLNnlg8uW60PdTRo.npy
ikIZKuMLnsTQyKIwF3LJ,where,88,val,ikIZKuMLnsTQyKIwF3LJ.npy
yyT4rwleQH6S2fwCWULV,man,62,train,yyT4rwleQH6S2fwCWULV.npy
bDxChxkQu4m7SyhlaEib,hot,30,train,bDxChxkQu4m7SyhlaEib.npy
gOfcu4ZJ9frq4KYXXgRg,feel,52,train,gOfcu4ZJ9frq4KYXXgRg.npy
QE7rgVwubXv4EGtWX5Wb,drink,63,val,QE7rgVwubXv4EGtWX5Wb.npy
Q8blifEwxaTFpEBgDGRF,dizzy,84,train,Q8blifEwxaTFpEBgDGRF.npy
Y6wTBK0RUEq1LuLgCHcT,cold,7,train,Y6wTBK0RUEq1LuLgCHcT.npy
Qscv031hwjZ2HH4HgHor,baby,39,val,Qscv031hwjZ2HH4HgHor.npy
3TKM6X2XfVyeVUji7NG2,family,17,train,3TKM6X2XfVyeVUji7NG2.npy
isHXT7dfHfUMKeP0SVZw,walk,8,train,isHXT7dfHfUMKeP0SVZw.npy
m1dpWZWef0oCJWNRIgAX,finish,48,test,m1dpWZWef0oCJWNRIgAX.npy
z6cBuXRWvvTwNAHqwsjX,pill,30,val,z6cBuXRWvvTwNAHqwsjX.npy
WzSJkDATuq9dcbLwh35A,water,7,train,WzSJkDATuq9dcbLwh35A.npy
iyw1qfHq5IilQsKOnnx1,water,48,test,iyw1qfHq5IilQsKOnnx1.npy
zf4Z7bv4loIzM7tzvXzQ,doctor,7,train,zf4Z7bv4loIzM7tzvXzQ.npy
ETSm7dRJcrItrfcOgMiL,better,54,train,ETSm7dRJcrItrfcOgMiL.npy
NGNoGPvFqAUM99HCArVS,always,35,train,NGNoGPvFqAUM99HCArVS.npy
apTSuU0wVQqQF7Eh3vTf,go,57,test,apTSuU0wVQqQF7Eh3vTf.npy
6qUoOxtMbBrJfxyMwqND,always,30,train,6qUoOxtMbBrJfxyMwqND.npy
jlzysJujM6Mldrdi59Ov,test,49,val,jlzysJujM6Mldrdi59Ov.npy
8cVRQj6fpCaHx8eHbFRq,big,57,test,8cVRQj6fpCaHx8eHbFRq.npy
SSpoM09Mq3dbMeP9UWIU,understand,60,val,SSpoM09Mq3dbMeP9UWIU.npy
0O5JYj3RzQjxchxIbR5h,sit,61,test,0O5JYj3RzQjxchxIbR5h.npy
ocf2Rw3hTSVVBUqKz5d7,big,61,test,ocf2Rw3hTSVVBUqKz5d7.npy
j4VTvhUiiVDml5PFwIaD,big,85,val,j4VTvhUiiVDml5PFwIaD.npy
2aViX8Qp6xSTjRZeGcEG,hot,7,train,2aViX8Qp6xSTjRZeGcEG.npy
TfMA3mrVK8DTRzoeXdil,where,49,train,TfMA3mrVK8DTRzoeXdil.npy
PrD5tGCOs6uXt0kDuJlr,finish,52,val,PrD5tGCOs6uXt0kDuJlr.npy
gk0CxNooVKFxsSkw80M4,cold,12,train,gk0CxNooVKFxsSkw80M4.npy
4Js3i0KKUDndBbqShOjY,drink,49,train,4Js3i0KKUDndBbqShOjY.npy
1Qy75tB8uaMdtpR6eAKI,doctor,84,val,1Qy75tB8uaMdtpR6eAKI.npy
q4Bsk6VIWGoRXix3WsBT,blood,59,train,q4Bsk6VIWGoRXix3WsBT.npy
nEbeC0TGDMi813ElvFZe,open,46,train,nEbeC0TGDMi813ElvFZe.npy
UhsP3TMK4g8snHANlufX,want,54,train,UhsP3TMK4g8snHANlufX.npy
SdNJ6DlxoL0XbelsKzkJ,cold,62,val,SdNJ6DlxoL0XbelsKzkJ.npy
bzyUcFd7FLoO72Mm7WMj,year,57,test,bzyUcFd7FLoO72Mm7WMj.npy
I5uvGpmkVZn5yEAIqtXf,father,7,train,I5uvGpmkVZn5yEAIqtXf.npy
UVd3zWdiYMvKciWmD0Y4,breathe,61,test,UVd3zWdiYMvKciWmD0Y4.npy
9DhEM6PK9bYnoskHO2gM,breathe,48,test,9DhEM6PK9bYnoskHO2gM.npy
6VRygPh35LQ4ByOZ0EbU,not,49,train,6VRygPh35LQ4ByOZ0EbU.npy
xNPmJVMATHTQzWLSiWtN,week,57,test,xNPmJVMATHTQzWLSiWtN.npy
GjVzcfS1D9MxvAVo6RJk,need,62,train,GjVzcfS1D9MxvAVo6RJk.npy
W50LejIOJ4TEbqrYZ0u3,no,49,train,W50LejIOJ4TEbqrYZ0u3.npy
jlg10W4lO7pS5kxVgjzX,can,54,train,jlg10W4lO7pS5kxVgjzX.npy
z8G90FFyVdHUzXhaRvS3,bad,35,train,z8G90FFyVdHUzXhaRvS3.npy
jWuFzUTUO1N9UNMR3JJL,drink,48,test,jWuFzUTUO1N9UNMR3JJL.npy
A7Lf7AFtOG1gu6cYNOPR,understand,49,train,A7Lf7AFtOG1gu6cYNOPR.npy
sgPvYVLnSskHBLWPfFYd,give,49,train,sgPvYVLnSskHBLWPfFYd.npy
rJGzJoq4hv3cp9OBMR82,understand,62,train,rJGzJoq4hv3cp9OBMR82.npy
f7DcJsWW6pDYAAeUPP8b,sometimes,49,train,f7DcJsWW6pDYAAeUPP8b.npy
hazfZ5LMnpaKWRbMZ9f9,where,17,train,hazfZ5LMnpaKWRbMZ9f9.npy
TkR58uWBrJRlDOGxqFUO,woman,36,test,TkR58uWBrJRlDOGxqFUO.npy
2rUJhxtMi3iSAapa37yT,cold,38,train,2rUJhxtMi3iSAapa37yT.npy
gEUJpQyloI4U9VAj9OC6,test,49,train,gEUJpQyloI4U9VAj9OC6.npy
q7Maj0uhCyoL0Efj4JyK,close,39,train,q7Maj0uhCyoL0Efj4JyK.npy
DSXLKYQcrngrqsVpl3rl,doctor,31,train,DSXLKYQcrngrqsVpl3rl.npy
IVM7qmStqkG2lXcaoXVx,today,39,train,IVM7qmStqkG2lXcaoXVx.npy
MVuRYz5ww5wsF4sxKWS8,which,49,train,MVuRYz5ww5wsF4sxKWS8.npy
7qGPd6LaZP56yQxXKp7r,finish,46,train,7qGPd6LaZP56yQxXKp7r.npy
GZsc2W0BFfxRe4LQ4HNg,how,80,train,GZsc2W0BFfxRe4LQ4HNg.npy
EoqVnx5j0H1HK5xXelhQ,long,88,train,EoqVnx5j0H1HK5xXelhQ.npy
UeSlbZVqwjyVEfArX9FU,weak,57,test,UeSlbZVqwjyVEfArX9FU.npy
qnPsRzc4ts3gpY8cbHJs,feel,11,train,qnPsRzc4ts3gpY8cbHJs.npy
o8BcqUbdBF4CbAijfPOg,today,59,train,o8BcqUbdBF4CbAijfPOg.npy
cuDAwb0mbrRGACJ6rrIA,teeth,49,train,cuDAwb0mbrRGACJ6rrIA.npy
KF5ZYAcynxbJGIWMYubT,big,7,train,KF5ZYAcynxbJGIWMYubT.npy
iEbi1iZxHkqswCIZ0wVF,show,46,train,iEbi1iZxHkqswCIZ0wVF.npy
mtR6TcG9gptNzWk9heEO,sleep,8,train,mtR6TcG9gptNzWk9heEO.npy
3DbvaCc8r1dommuLO0zb,test,46,train,3DbvaCc8r1dommuLO0zb.npy
i19qqTB8uaWJI3xTxKGD,today,30,val,i19qqTB8uaWJI3xTxKGD.npy
IBaggLCSrnXP8w9LpxGq,sleep,11,train,IBaggLCSrnXP8w9LpxGq.npy
NKc8yMrq3m6UvLfQqxQJ,tired,54,val,NKc8yMrq3m6UvLfQqxQJ.npy
5SJzzfxCbz09ZpgWcSEw,walk,31,val,5SJzzfxCbz09ZpgWcSEw.npy
ogb21BgSGKz4d6T8ErqN,stop,30,train,ogb21BgSGKz4d6T8ErqN.npy
bw3Jp0urhUQOWuoUFDDS,can,57,test,bw3Jp0urhUQOWuoUFDDS.npy
9j650TXsQX2k25OLjRCl,baby,88,train,9j650TXsQX2k25OLjRCl.npy
evuecSRt9JBEJ1Wzt8Up,medicine,80,train,evuecSRt9JBEJ1Wzt8Up.npy
zGmhE5j3qJbc588FkzCG,bad,17,val,zGmhE5j3qJbc588FkzCG.npy
sniNt8Qkg8rKdxzG3BOH,sick,30,train,sniNt8Qkg8rKdxzG3BOH.npy
x7rRbEmi2K2h22tDIrK6,bad,49,train,x7rRbEmi2K2h22tDIrK6.npy
l6BjlhztWBRQylGZYjNC,move,49,val,l6BjlhztWBRQylGZYjNC.npy
MDEBCx1oDQKYYNVMvYfV,open,49,val,MDEBCx1oDQKYYNVMvYfV.npy
qYs9otBQ1CMUTbHndHSK,doctor,36,test,qYs9otBQ1CMUTbHndHSK.npy
K99wfQrKK20ZTFw3e5T3,give,50,test,K99wfQrKK20ZTFw3e5T3.npy
UDivFp5TffikLWZRKdp4,morning,42,train,UDivFp5TffikLWZRKdp4.npy
92ZM9upWYJchrY4kGp74,muscle,48,test,92ZM9upWYJchrY4kGp74.npy
zU3Ia8NAovv1grD3joir,night,7,train,zU3Ia8NAovv1grD3joir.npy
LpQfKaFHGnnFL228Ggok,day,11,train,LpQfKaFHGnnFL228Ggok.npy
8Hoz7QiRUFGtV8vZQ4Wb,doctor,49,train,8Hoz7QiRUFGtV8vZQ4Wb.npy
kxBdKVUzxi7R3yF0CwUJ,where,33,test,kxBdKVUzxi7R3yF0CwUJ.npy
qmDYg4n1CRWIYT4DnYPh,feel,23,train,qmDYg4n1CRWIYT4DnYPh.npy
BOYt5tBXkua9wVGgSunz,again,14,train,BOYt5tBXkua9wVGgSunz.npy
3SBP9602Rp57PF01LbjK,doctor,84,train,3SBP9602Rp57PF01LbjK.npy
kjXxIkmRGu1ZALM5rRUl,interpreter,30,train,kjXxIkmRGu1ZALM5rRUl.npy
Shzr8FjgQDDGhnAjliGQ,family,57,test,Shzr8FjgQDDGhnAjliGQ.npy
SE6bS4HHEmUUh6hSzju3,family,85,train,SE6bS4HHEmUUh6hSzju3.npy
6uxpVrIffkae5jKa6wm3,want,7,train,6uxpVrIffkae5jKa6wm3.npy
MkNElipIGuTaex5czMDW,big,84,train,MkNElipIGuTaex5czMDW.npy
HlMSPRHqvtH7h4RuUYyj,help,17,val,HlMSPRHqvtH7h4RuUYyj.npy
nwQpulxjp3Ui3BTURJdY,man,84,val,nwQpulxjp3Ui3BTURJdY.npy
uTEu3ehkCVThG2ufEA04,open,38,train,uTEu3ehkCVThG2ufEA04.npy
yqoD6lzWk4Tk9ONZ5G1c,skin,35,train,yqoD6lzWk4Tk9ONZ5G1c.npy
pnO1jzxFHPEkxWHHtjg7,start,39,train,pnO1jzxFHPEkxWHHtjg7.npy
MMIoHOGABg2mC2Lz4f4A,tomorrow,50,test,MMIoHOGABg2mC2Lz4f4A.npy
OjPZkgGuWMYnUzSpc8nT,long,62,train,OjPZkgGuWMYnUzSpc8nT.npy
X459DKueu2SUWGLB0Znv,hospital,35,train,X459DKueu2SUWGLB0Znv.npy
9f4QSEe9d4wOxSuRPlaT,big,17,train,9f4QSEe9d4wOxSuRPlaT.npy
N74Xm2XiOlmN5DG4zX92,medicine,48,test,N74Xm2XiOlmN5DG4zX92.npy
cmUN6dU77mP0exblfrGn,sit,49,train,cmUN6dU77mP0exblfrGn.npy
X9ZirTvZCCykuKpCgo7b,day,7,train,X9ZirTvZCCykuKpCgo7b.npy
JldqGoTRJ7SYQFAyKdDq,move,46,val,JldqGoTRJ7SYQFAyKdDq.npy
EzbumdZLI0ki4knjJbQ9,finish,46,train,EzbumdZLI0ki4knjJbQ9.npy
VkAzOiFUw4F1wD6qa5VO,who,17,val,VkAzOiFUw4F1wD6qa5VO.npy
YUeJYXCwCFlJA62XSYkQ,take,46,train,YUeJYXCwCFlJA62XSYkQ.npy
V2k80jTigFaNMGuwz5iP,again,61,test,V2k80jTigFaNMGuwz5iP.npy
GBds75ir7rhsnw6cbkZd,open,36,test,GBds75ir7rhsnw6cbkZd.npy
lnpOc0JQq703sMetR6G6,yes,49,train,lnpOc0JQq703sMetR6G6.npy
qXoZH5fvjwD81Wm6pKuz,hot,84,train,qXoZH5fvjwD81Wm6pKuz.npy
Kw3sj7RSHJrrHNn6b8fB,who,42,val,Kw3sj7RSHJrrHNn6b8fB.npy
xSc7Ol2IPiulmL4mPDTE,finish,62,train,xSc7Ol2IPiulmL4mPDTE.npy
7iYIn8Ls3mMYC4iG2JaE,give,49,train,7iYIn8Ls3mMYC4iG2JaE.npy
6PhOYmMIamDNmJMgEbFp,family,14,val,6PhOYmMIamDNmJMgEbFp.npy
NLhY4TpJZbHr4gqVXsXr,sick,88,val,NLhY4TpJZbHr4gqVXsXr.npy
lgp3I20TcB24K9TCPHAX,water,57,test,lgp3I20TcB24K9TCPHAX.npy
D7kKGao8gtVROwYpERqX,tired,7,train,D7kKGao8gtVROwYpERqX.npy
x41gP2BfTzC18C1Gm7Jr,surgery,36,test,x41gP2BfTzC18C1Gm7Jr.npy
SffXnNuejtIPSUsKiUyh,strong,54,train,SffXnNuejtIPSUsKiUyh.npy
nNMyvRpeyxaSOJZlreRG,sick,49,train,nNMyvRpeyxaSOJZlreRG.npy
bjLsJ57DDVpQPNLz3AFG,move,64,test,bjLsJ57DDVpQPNLz3AFG.npy
G70FW2GFzOtAtkrVS3ZS,head,84,val,G70FW2GFzOtAtkrVS3ZS.npy
UNxmKfsAqgSHphllrGaH,cold,49,train,UNxmKfsAqgSHphllrGaH.npy
MwF27V8K60c5jT36AbLE,year,62,train,MwF27V8K60c5jT36AbLE.npy
RS95NbHUT2HMGhbe7MmG,want,85,val,RS95NbHUT2HMGhbe7MmG.npy
pLex2mAMgxaclloHEJ2Z,hurt,46,train,pLex2mAMgxaclloHEJ2Z.npy
ZcKitmuxJ36gapMXeZeK,need,15,train,ZcKitmuxJ36gapMXeZeK.npy
EmrU0VljYK92KMiRTAsr,where,62,train,EmrU0VljYK92KMiRTAsr.npy
kIP5jPA9jQjzZFPXZDnJ,bone,7,train,kIP5jPA9jQjzZFPXZDnJ.npy
99MnGDb2pF8erP8KABtm,ask,39,val,99MnGDb2pF8erP8KABtm.npy
Y1QB23uqO7RpGzAxpd8Y,again,49,train,Y1QB23uqO7RpGzAxpd8Y.npy
dr9KvroyLf1OF93uiGUB,test,49,train,dr9KvroyLf1OF93uiGUB.npy
0L7rIAfrg2drPXHeSgUC,man,7,train,0L7rIAfrg2drPXHeSgUC.npy
JsgSNH0DimNw5UqeddF7,sorry,46,train,JsgSNH0DimNw5UqeddF7.npy
RgROtSDzYhto4MmqFtN3,no,88,train,RgROtSDzYhto4MmqFtN3.npy
m6ONyqzkc0GYewNZNknv,man,62,train,m6ONyqzkc0GYewNZNknv.npy
7vtFH6gMbJOuVt7OPWk8,where,88,val,7vtFH6gMbJOuVt7OPWk8.npy
HH1eZuYbU60sima2yAyp,hot,39,train,HH1eZuYbU60sima2yAyp.npy
LdNl81RY3VH8STCPBqsT,cold,84,train,LdNl81RY3VH8STCPBqsT.npy
KiIK1wYQFRTNQCgZ3XrE,where,35,train,KiIK1wYQFRTNQCgZ3XrE.npy
ilRUgb5Hp7qMwLAKahZA,tomorrow,35,train,ilRUgb5Hp7qMwLAKahZA.npy
IundrNQ13MadI9OagSlX,hospital,49,train,IundrNQ13MadI9OagSlX.npy
MmyVM07txZCOBpf9OGin,help,30,train,MmyVM07txZCOBpf9OGin.npy
9BoEzr1obd5LtUnO3E1F,hot,17,train,9BoEzr1obd5LtUnO3E1F.npy
u9qcnSBJTXFaKzZsJG1i,ear,84,val,u9qcnSBJTXFaKzZsJG1i.npy
ZhBuyeJRVF3PkGik5NrE,show,39,train,ZhBuyeJRVF3PkGik5NrE.npy
K1Ovdp9mRfA1PTML0hu4,need,54,val,K1Ovdp9mRfA1PTML0hu4.npy
GeAoEN3WLxiYMKQDxx55,week,84,train,GeAoEN3WLxiYMKQDxx55.npy
3ny7PjuO784rBLZ9gnu4,drink,49,train,3ny7PjuO784rBLZ9gnu4.npy
0S6EArukdMpL6PYop9Ie,tired,39,train,0S6EArukdMpL6PYop9Ie.npy
sWRyXr3bIcGnUgA2TDbk,move,17,train,sWRyXr3bIcGnUgA2TDbk.npy
N9EkRVktGOU2Uwo7BFE2,sit,46,val,N9EkRVktGOU2Uwo7BFE2.npy
TPqIIH1y1XoY6Yaa850o,why,88,train,TPqIIH1y1XoY6Yaa850o.npy
aUHTv8IrK0ibAqhjADvF,hot,48,test,aUHTv8IrK0ibAqhjADvF.npy
yqT218jLa3orZ3tHlUul,wait,84,train,yqT218jLa3orZ3tHlUul.npy
sznoHWp0PaGSlFq5gZmg,understand,30,val,sznoHWp0PaGSlFq5gZmg.npy
42IRlsqYJ5OU7yDNHPjm,dentist,11,train,42IRlsqYJ5OU7yDNHPjm.npy
Ayu7woL5i9GML206jNly,surgery,17,train,Ayu7woL5i9GML206jNly.npy
uNkgi1xNLTJamsYocJk3,water,33,test,uNkgi1xNLTJamsYocJk3.npy
j2H9VdT2DFGPPEPeTJRG,show,78,val,j2H9VdT2DFGPPEPeTJRG.npy
9yLEy1pgeWv5dNnQG3Ks,hurt,84,train,9yLEy1pgeWv5dNnQG3Ks.npy
Udq8USUsr4gKvpr2Xtgt,cold,63,val,Udq8USUsr4gKvpr2Xtgt.npy
bt41H8BsktkklTbfKkbu,hot,84,val,bt41H8BsktkklTbfKkbu.npy
5r3KfbJtVQJvBIIBtTNH,big,48,test,5r3KfbJtVQJvBIIBtTNH.npy
gnYLTXQjSJQTaiEGd30N,family,62,train,gnYLTXQjSJQTaiEGd30N.npy
y5gHwaLXs2g5jR9L8NOK,finish,42,train,y5gHwaLXs2g5jR9L8NOK.npy
Itks6X1bjdmbsEQt8o81,heart,7,val,Itks6X1bjdmbsEQt8o81.npy
Iuf8pst1gVdVqyZjUhj1,sleep,85,train,Iuf8pst1gVdVqyZjUhj1.npy
AmseHQTGKhWfH7wGvARE,hot,17,train,AmseHQTGKhWfH7wGvARE.npy
Nlayd0l5ZYBGGXUOiSwy,again,61,test,Nlayd0l5ZYBGGXUOiSwy.npy
FjWy7TW3ln8GDhJRjmKO,family,84,train,FjWy7TW3ln8GDhJRjmKO.npy
7jUfZf00HOCfARTsXOt1,teeth,35,train,7jUfZf00HOCfARTsXOt1.npy
p29yRf00tVzMdGYs8lsF,understand,49,train,p29yRf00tVzMdGYs8lsF.npy
zD5KR2o4tqhKdNf0iDMZ,better,46,val,zD5KR2o4tqhKdNf0iDMZ.npy
edMym18aY4tj8C7hVgUx,water,31,val,edMym18aY4tj8C7hVgUx.npy
gMt3g4fF8gnurnBZxo0A,big,61,test,gMt3g4fF8gnurnBZxo0A.npy
Y9Q3PVo2NWf4plB2rxSo,doctor,49,val,Y9Q3PVo2NWf4plB2rxSo.npy
3SFoS4IVtVHrlq93wbO3,bad,88,train,3SFoS4IVtVHrlq93wbO3.npy
kl7bc62kkGOSQWGHp1bA,pill,17,train,kl7bc62kkGOSQWGHp1bA.npy
SPQX2G90NWi5FetB3Fuj,wait,78,train,SPQX2G90NWi5FetB3Fuj.npy
q8jkABcBfxD3ZgmB9RPz,can,43,train,q8jkABcBfxD3ZgmB9RPz.npy
eftRlzCwPDWgge1a1V8L,water,39,train,eftRlzCwPDWgge1a1V8L.npy
yU9CzIzhzrz340EL7rDT,woman,15,train,yU9CzIzhzrz340EL7rDT.npy
uH8tZGjmTEWyKSzepcvs,move,57,test,uH8tZGjmTEWyKSzepcvs.npy
WEicWL2s0wubz8XUHC3D,day,54,train,WEicWL2s0wubz8XUHC3D.npy
Yy9sv1ehejZr8WAZipbV,pain,61,test,Yy9sv1ehejZr8WAZipbV.npy
7a9c2DIascTCwrwBzuTv,sleep,7,val,7a9c2DIascTCwrwBzuTv.npy
4ku141WNfZl2DIFtXBn5,bone,39,train,4ku141WNfZl2DIFtXBn5.npy
nA9rppHcObxb5VQF0kzk,walk,12,train,nA9rppHcObxb5VQF0kzk.npy
OOp5RSkcJ7JZC2qbUT8c,surgery,14,train,OOp5RSkcJ7JZC2qbUT8c.npy
g2iSiY1rvVTb3flBD2m7,skin,35,train,g2iSiY1rvVTb3flBD2m7.npy
cyn05WkAHhqxTFWto6sE,doctor,54,train,cyn05WkAHhqxTFWto6sE.npy
wwq0TrqjcibuFgfwVYit,mouth,52,train,wwq0TrqjcibuFgfwVYit.npy
KZgcQEbGaAvyF9Il6Lbs,skin,62,val,KZgcQEbGaAvyF9Il6Lbs.npy
tb7LxoWScMsjmB5hne0N,water,46,train,tb7LxoWScMsjmB5hne0N.npy
ZX4XPwLqdqHYsry8WVA2,sit,88,train,ZX4XPwLqdqHYsry8WVA2.npy
ZuQNMbefvuQjFrmHAJUK,water,62,train,ZuQNMbefvuQjFrmHAJUK.npy
ynQHs8iIXwvV0kJi7Cz8,blood,54,train,ynQHs8iIXwvV0kJi7Cz8.npy
5i6idY63eXVqkEsGpQbS,long,46,val,5i6idY63eXVqkEsGpQbS.npy
APERRIE5PhSslD3kApa8,baby,59,train,APERRIE5PhSslD3kApa8.npy
H545V1r4Wumq6e3T3IrJ,wait,7,val,H545V1r4Wumq6e3T3IrJ.npy
sFniV4XZLyx3OqEParsY,close,39,train,sFniV4XZLyx3OqEParsY.npy
b7FJRu3RTZAL5I6ZS5cW,night,46,val,b7FJRu3RTZAL5I6ZS5cW.npy
w4zJdo1Rgux0zbO7GrVd,touch,57,test,w4zJdo1Rgux0zbO7GrVd.npy
zMF6DEGB8xxu7iochtoE,cold,62,train,zMF6DEGB8xxu7iochtoE.npy
AJXxgPdHry6DZiQaDSb1,doctor,78,train,AJXxgPdHry6DZiQaDSb1.npy
GaSwugxE2PBT0AzibfW5,cold,8,train,GaSwugxE2PBT0AzibfW5.npy
xRLacxZD6Mne7l7ktjdm,feel,49,val,xRLacxZD6Mne7l7ktjdm.npy
bUfWeHzclCFblNS5QlYe,drink,60,train,bUfWeHzclCFblNS5QlYe.npy
LJMi4WWC0iwXiyFaIWO8,ear,88,train,LJMi4WWC0iwXiyFaIWO8.npy
2aH39T6ZGhyQNT0uYGat,big,46,val,2aH39T6ZGhyQNT0uYGat.npy
umB6f08re073gjtEWfuH,finish,23,val,umB6f08re073gjtEWfuH.npy
LXgvGQpir9e0AeDlJjGm,family,33,test,LXgvGQpir9e0AeDlJjGm.npy
v5ZWGzvLSPjJYSN0WueN,tired,39,train,v5ZWGzvLSPjJYSN0WueN.npy
ynMgJcDx9zaHhOQd20rM,big,60,train,ynMgJcDx9zaHhOQd20rM.npy
nGtQOW9dUnD1ZM1MlynI,lungs,80,val,nGtQOW9dUnD1ZM1MlynI.npy
4vaEEr2psVLY1Xi9Q0JD,hurt,12,val,4vaEEr2psVLY1Xi9Q0JD.npy
lZVkD1GWYgf0MJTF6KUt,itch,17,train,lZVkD1GWYgf0MJTF6KUt.npy
myVn5jl7pjikGhXKu0d6,cold,38,val,myVn5jl7pjikGhXKu0d6.npy
jQyAIL89731lrV7hnJ9M,thank_you,57,test,jQyAIL89731lrV7hnJ9M.npy
aWq8U5c2VjXHoV0eMrbm,blood,59,val,aWq8U5c2VjXHoV0eMrbm.npy
ftIDpzYfIxYpwExqXNZD,cold,7,train,ftIDpzYfIxYpwExqXNZD.npy
6IYHq5QKmy90EYcKCGOK,touch,46,train,6IYHq5QKmy90EYcKCGOK.npy
3heQdGqRYVA3PinjOJBV,day,14,val,3heQdGqRYVA3PinjOJBV.npy
4SeSM8zpLgq9VmPdBzdV,water,84,val,4SeSM8zpLgq9VmPdBzdV.npy
iZld6tVXoPeS4nFhS3He,water,17,train,iZld6tVXoPeS4nFhS3He.npy
ovedRqILexqirfoXHx9E,minute,43,val,ovedRqILexqirfoXHx9E.npy
zRpQCXSj0BWERc3vGr4a,hurt,30,train,zRpQCXSj0BWERc3vGr4a.npy
BYIf1W00iQ3NidPtl7uu,sleep,49,train,BYIf1W00iQ3NidPtl7uu.npy
ct0R9FA7zf6U5R4TVz3c,big,61,test,ct0R9FA7zf6U5R4TVz3c.npy
t1OsCUgRnrLo3oQ8xVT9,doctor,84,train,t1OsCUgRnrLo3oQ8xVT9.npy
gsQEE0Wa6Bq7aCdiRGMY,tell,57,test,gsQEE0Wa6Bq7aCdiRGMY.npy
H5y5Enjs6SJMvEOX8qPH,weak,48,test,H5y5Enjs6SJMvEOX8qPH.npy
CJR5Dv4JlPpisz84gBd0,face,88,val,CJR5Dv4JlPpisz84gBd0.npy
HRt52ZVcBM1UWBevXrr1,cold,12,train,HRt52ZVcBM1UWBevXrr1.npy
0DZkq9WInTUHixIr1z0v,much,88,train,0DZkq9WInTUHixIr1z0v.npy
NzTZdMhvf05BDhpCCUoH,hands,17,train,NzTZdMhvf05BDhpCCUoH.npy
wEqx0OT2R7im4ltNUW3v,cold,8,train,wEqx0OT2R7im4ltNUW3v.npy
JGdDlPv3DLfC4cFJ79nq,drink,78,val,JGdDlPv3DLfC4cFJ79nq.npy
H3OgcgRXsXyiuHVzR03F,again,61,test,H3OgcgRXsXyiuHVzR03F.npy
ZKh3cmoo3T6DwilSmZ79,medicine,7,train,ZKh3cmoo3T6DwilSmZ79.npy
9IVO3uujVF6ggaPxVAYG,hot,63,train,9IVO3uujVF6ggaPxVAYG.npy
h70aDTUp2ZYpkzT3p7UA,thank_you,31,train,h70aDTUp2ZYpkzT3p7UA.npy
rJjp76kxXQJNmkCHYTZB,water,84,train,rJjp76kxXQJNmkCHYTZB.npy
6qdVfarZ0QUwDCXCSBCN,sleep,49,train,6qdVfarZ0QUwDCXCSBCN.npy
YPFXL5nPEtFkdD5oMQDp,water,60,train,YPFXL5nPEtFkdD5oMQDp.npy
64SCGmR8yWYfv6gV9Zms,hot,31,train,64SCGmR8yWYfv6gV9Zms.npy
vov0mKO0qJ3UpmwJ5CLh,medicine,46,train,vov0mKO0qJ3UpmwJ5CLh.npy
QLlQMAtEZxFfonriqIaT,eyes,7,train,QLlQMAtEZxFfonriqIaT.npy
IhGStI3qGYe1qQb78C6j,now,52,train,IhGStI3qGYe1qQb78C6j.npy
nI89Ttkuw5zRhQqbItQg,stop,36,test,nI89Ttkuw5zRhQqbItQg.npy
Vg9v2bMdYwSLrtbfurq8,bed,39,val,Vg9v2bMdYwSLrtbfurq8.npy
SnFoZQ91t0gR02qakt9K,night,57,test,SnFoZQ91t0gR02qakt9K.npy
JKPMLZe6uDvDi5NSa4c2,sit,76,train,JKPMLZe6uDvDi5NSa4c2.npy
V55Vj0H9T6TBAS73d9OG,help,17,train,V55Vj0H9T6TBAS73d9OG.npy
4bZuTvtde10ifbvli2OQ,cold,48,test,4bZuTvtde10ifbvli2OQ.npy
EYJDUrO8KR2DPgq8YRHd,stop,30,train,EYJDUrO8KR2DPgq8YRHd.npy
13LaEDloeyQwG8FKaMgQ,cold,42,val,13LaEDloeyQwG8FKaMgQ.npy
cxlIT1iHFeOcB6BF2XHP,what,42,train,cxlIT1iHFeOcB6BF2XHP.npy
DzibzvSInmNO7GqXH67r,water,46,val,DzibzvSInmNO7GqXH67r.npy
7Kd4FPabAkLEuVucc5ui,big,30,train,7Kd4FPabAkLEuVucc5ui.npy
JWvr5YTUxxDrGAp5B0RG,cold,7,train,JWvr5YTUxxDrGAp5B0RG.npy
xYPVaFACNn7Q5IaJ1wDd,which,17,train,xYPVaFACNn7Q5IaJ1wDd.npy
JCYjIXaK1M1JWIldAu18,muscle,61,test,JCYjIXaK1M1JWIldAu18.npy
72RB8pdIEm5aval885hZ,hurt,57,test,72RB8pdIEm5aval885hZ.npy
zeijNPjIvdwu89v4ZwW5,back,17,train,zeijNPjIvdwu89v4ZwW5.npy
a8NfedYu6CccgcT3wLnw,not,49,train,a8NfedYu6CccgcT3wLnw.npy
B9bubkaPzO8Zai9a0Ejk,tomorrow,80,train,B9bubkaPzO8Zai9a0Ejk.npy
RkHh04CzVGSFVxy3DRwO,today,8,train,RkHh04CzVGSFVxy3DRwO.npy
1NcekEItechmc6MuP5Zx,bathroom,17,train,1NcekEItechmc6MuP5Zx.npy
dUqHLkw5GtErWLBjjrR6,water,39,train,dUqHLkw5GtErWLBjjrR6.npy
rWlw0B0DlALyRyaCNipp,go,43,train,rWlw0B0DlALyRyaCNipp.npy
OLYvmVEnULtM5NhxtTxm,understand,60,train,OLYvmVEnULtM5NhxtTxm.npy
OBxZGMA68utMbNd7JpEL,when,39,train,OBxZGMA68utMbNd7JpEL.npy
J1FRAgnn2fv1i0CSSp0u,tell,84,train,J1FRAgnn2fv1i0CSSp0u.npy
6PwWenOqEkLCWm9uGVLE,month,52,train,6PwWenOqEkLCWm9uGVLE.npy
eovAjpnp56sgGlKVUa5V,finish,49,train,eovAjpnp56sgGlKVUa5V.npy
3VTjJW5Kq9tiYTx7t3yZ,drink,30,train,3VTjJW5Kq9tiYTx7t3yZ.npy
NmZnNSIVINev0XcCIVyU,some,53,test,NmZnNSIVINev0XcCIVyU.npy
kLqtCN8DoobKe4keLYp3,morning,39,val,kLqtCN8DoobKe4keLYp3.npy
GxUpHTSz24yNFzjwsPRy,water,49,train,GxUpHTSz24yNFzjwsPRy.npy
O33UkKb2k9UqdgjINSpI,drink,49,train,O33UkKb2k9UqdgjINSpI.npy
4YaFNok7i1j2VpV1cNN5,give,57,test,4YaFNok7i1j2VpV1cNN5.npy
3wi0jmnZdvZBuOR4XdQ0,bathroom,88,val,3wi0jmnZdvZBuOR4XdQ0.npy
KMug2Pj3hp9sUAu92Y3z,mouth,62,train,KMug2Pj3hp9sUAu92Y3z.npy
RsaBNXtFKWf17V9W3qgm,year,38,train,RsaBNXtFKWf17V9W3qgm.npy
zL7v01SmJt1vnFKEzvN7,thank_you,76,train,zL7v01SmJt1vnFKEzvN7.npy
zpQpMGPO53iuVHrtxBgd,man,62,train,zpQpMGPO53iuVHrtxBgd.npy
I0VxlC7YuYaHBXFnfSvt,hospital,62,val,I0VxlC7YuYaHBXFnfSvt.npy
GZGV4Cu60VtodGINlngt,nurse,80,val,GZGV4Cu60VtodGINlngt.npy
WejxUwrg6bbmXXUVaLPd,bad,48,test,WejxUwrg6bbmXXUVaLPd.npy
Oex1o52TJB1LHKlyvBcV,take,39,train,Oex1o52TJB1LHKlyvBcV.npy
07hazhEPBLmmYhh6QG4i,baby,88,val,07hazhEPBLmmYhh6QG4i.npy
DqQqSXIjrW26DDT7FQOj,family,48,test,DqQqSXIjrW26DDT7FQOj.npy
O6W47nobVthWs00ZlpRL,mother,7,val,O6W47nobVthWs00ZlpRL.npy
PGo6vIrCiiCPrl2fEjtr,baby,39,train,PGo6vIrCiiCPrl2fEjtr.npy
vBpJJbb6ZDNes1GvHy21,big,84,train,vBpJJbb6ZDNes1GvHy21.npy
3nDlJVGld4qgQesh94xg,long,63,train,3nDlJVGld4qgQesh94xg.npy
VWza3qneRn5MjXTE9rm0,which,31,val,VWza3qneRn5MjXTE9rm0.npy
TBmHJ0xoycLfUEJywAVb,head,30,train,TBmHJ0xoycLfUEJywAVb.npy
TwUHml4ZA7mnWpa1gtix,again,36,test,TwUHml4ZA7mnWpa1gtix.npy
k3mBMiZCe5e3tH9GeOUR,water,61,test,k3mBMiZCe5e3tH9GeOUR.npy
4dj8WSUjSosPStNqohDA,hour,17,train,4dj8WSUjSosPStNqohDA.npy
jozffei08lYnDtvbFQoT,want,35,train,jozffei08lYnDtvbFQoT.npy
yhFFN8LhkOE6II9vByKP,where,17,train,yhFFN8LhkOE6II9vByKP.npy
mJJlS86WhBkkU0UuoiWQ,family,48,test,mJJlS86WhBkkU0UuoiWQ.npy
DOIh7eDN9cwrG4eueFu9,sleep,84,train,DOIh7eDN9cwrG4eueFu9.npy
AP2F205FyuklpufHA3n1,big,49,val,AP2F205FyuklpufHA3n1.npy
1z4W0OwcQm31PGKUBT3J,needle,84,train,1z4W0OwcQm31PGKUBT3J.npy
9IeLwkG28wmbqyI9oKVO,finish,42,train,9IeLwkG28wmbqyI9oKVO.npy
tVbP8slzNp4zicqLtNfM,pain,46,train,tVbP8slzNp4zicqLtNfM.npy
SSg52XTIDuNG8RH6GM2W,water,39,train,SSg52XTIDuNG8RH6GM2W.npy
otM5bAeEJBr2vXcZb4AU,morning,35,train,otM5bAeEJBr2vXcZb4AU.npy
lq9d5kMg0lrPDfYsgfnF,finish,84,train,lq9d5kMg0lrPDfYsgfnF.npy
pkI9RblQw54ajhnZdX9a,help,46,train,pkI9RblQw54ajhnZdX9a.npy
u66acWTV1kUQri8CwDNM,mouth,14,val,u66acWTV1kUQri8CwDNM.npy
IoAqX5gM26lQvjR33KJz,finish,48,test,IoAqX5gM26lQvjR33KJz.npy
7ErgvQvZK27sNTya41s7,tired,60,train,7ErgvQvZK27sNTya41s7.npy
La4NenyPVvLZQespOEVX,nose,88,val,La4NenyPVvLZQespOEVX.npy
swIJJOVrkIosdLVczJsx,back,11,val,swIJJOVrkIosdLVczJsx.npy
EVsPke5XMcVadcvgb9Fg,who,62,train,EVsPke5XMcVadcvgb9Fg.npy
OIAUIUDtre6l84WFOW6I,drink,39,train,OIAUIUDtre6l84WFOW6I.npy
zxyiHZ1tqZ5vwNPNsyxu,bad,8,train,zxyiHZ1tqZ5vwNPNsyxu.npy
Sg5SoLk5NDLMnYiutvbt,family,59,train,Sg5SoLk5NDLMnYiutvbt.npy
Xmt2dN5v7jJ7Q4DsHN3J,who,42,train,Xmt2dN5v7jJ7Q4DsHN3J.npy
43P5RiJWh3SdYKVrNQuy,cold,59,train,43P5RiJWh3SdYKVrNQuy.npy
KSrXcIKmScuoBDkB9ahZ,sick,30,train,KSrXcIKmScuoBDkB9ahZ.npy
giX6UxBEr5Ve5RJ2Ae2o,please,88,train,giX6UxBEr5Ve5RJ2Ae2o.npy
Gu3rf9ly1kEdvfUwvTd2,medicine,49,val,Gu3rf9ly1kEdvfUwvTd2.npy
SIpCgrXO71DOPwWMX5qL,hurt,60,train,SIpCgrXO71DOPwWMX5qL.npy
JZrmLDfwz4aY9GbRYCom,wait,11,train,JZrmLDfwz4aY9GbRYCom.npy
nnKDOSJt7KUayQmvTjdd,open,84,train,nnKDOSJt7KUayQmvTjdd.npy
uYRdwwJ6y5A6N4IJQPNp,water,57,test,uYRdwwJ6y5A6N4IJQPNp.npy
HQtD6OgGt3caTu2VhEc5,breathe,33,test,HQtD6OgGt3caTu2VhEc5.npy
nbKbw2zUosS0B877oAtP,teeth,88,val,nbKbw2zUosS0B877oAtP.npy
Dkrh0hZZUTm0XlO7bLBR,food,35,val,Dkrh0hZZUTm0XlO7bLBR.npy
PKVa7NyCcWz0zSlrSRuG,sick,14,train,PKVa7NyCcWz0zSlrSRuG.npy
BmWC1w2l4uRCOtxWPkGB,what,43,val,BmWC1w2l4uRCOtxWPkGB.npy
LOFAyEqsxHgWXOMhLuVJ,week,46,val,LOFAyEqsxHgWXOMhLuVJ.npy
YSxm1y8XueanP48ZaRN9,big,84,train,YSxm1y8XueanP48ZaRN9.npy
veBNsq2nSZntNuhrBQyh,open,49,train,veBNsq2nSZntNuhrBQyh.npy
9vIBDiGBVxLNKoNbjQ67,breathe,30,val,9vIBDiGBVxLNKoNbjQ67.npy
jAFb3ZLOui6zLCoA8Dhe,move,61,test,jAFb3ZLOui6zLCoA8Dhe.npy
7aaaLLgoMXp6ze8nHMYs,can,39,train,7aaaLLgoMXp6ze8nHMYs.npy
lmtSO3Dyj0J0mDVCPCsO,no,46,val,lmtSO3Dyj0J0mDVCPCsO.npy
MgTZhbdeGceL0p2KueUW,move,61,test,MgTZhbdeGceL0p2KueUW.npy
pxcQDPof5Jd5p3CVNUNb,move,39,train,pxcQDPof5Jd5p3CVNUNb.npy
3RWjKl2ZbVFApvitF0lw,water,49,val,3RWjKl2ZbVFApvitF0lw.npy
F5syfb9XTA1Je6KL9xZp,test,61,test,F5syfb9XTA1Je6KL9xZp.npy
51O8gdNYu9eutExR0IFi,better,39,train,51O8gdNYu9eutExR0IFi.npy
ctVbUn8e2iQSjFG6tHFK,nurse,88,train,ctVbUn8e2iQSjFG6tHFK.npy
jb4wjjDvcdPtfaaVkF6y,wait,35,train,jb4wjjDvcdPtfaaVkF6y.npy
8Q29lQD1Eof5bSb10RNu,yes,42,train,8Q29lQD1Eof5bSb10RNu.npy
o2ZI6n86YDN1KcXLaArm,water,46,train,o2ZI6n86YDN1KcXLaArm.npy
PZE97BA7A9tzOBtelyIl,sit,46,train,PZE97BA7A9tzOBtelyIl.npy
88XB2IQNiqF1jrqvVcpL,big,48,test,88XB2IQNiqF1jrqvVcpL.npy
JSw6Cxi0vxEalZxTAVvx,bone,84,train,JSw6Cxi0vxEalZxTAVvx.npy
taJP9244TYLdB3hdjZmV,baby,88,train,taJP9244TYLdB3hdjZmV.npy
SMfcHy6mLRe4RzQVx9Fe,pill,43,train,SMfcHy6mLRe4RzQVx9Fe.npy
tOaqMJtSzC6RNJ9502vV,pill,11,train,tOaqMJtSzC6RNJ9502vV.npy
QtkcVtL46YqSiofz75sT,hot,54,val,QtkcVtL46YqSiofz75sT.npy
f5MUayWUc6vzNk1ZQOX6,hands,8,train,f5MUayWUc6vzNk1ZQOX6.npy
PK01Dy8KJcQVbpi5Kl11,wait,30,train,PK01Dy8KJcQVbpi5Kl11.npy
5tZmTPq7frTtviO42ddp,muscle,50,test,5tZmTPq7frTtviO42ddp.npy
pgEEcYg3A6NAPSSdRnuL,today,39,train,pgEEcYg3A6NAPSSdRnuL.npy
NZn5RYugL1eEmhkGHIar,bad,31,val,NZn5RYugL1eEmhkGHIar.npy
VowGhn3nFF8GOJc1awHx,now,39,val,VowGhn3nFF8GOJc1awHx.npy
jbYLTKhKVjxCt71qa3fK,night,62,train,jbYLTKhKVjxCt71qa3fK.npy
7QPgl0T2ryXs6RjmWFT6,take,39,train,7QPgl0T2ryXs6RjmWFT6.npy
OddlCWNV3IAW9rYe04Pt,sick,85,val,OddlCWNV3IAW9rYe04Pt.npy
9SVDXlwRrPsIjguPQSNw,sick,63,train,9SVDXlwRrPsIjguPQSNw.npy
LDGEn9It4vUpZmM41W3f,baby,85,train,LDGEn9It4vUpZmM41W3f.npy
rOpQAS2ZnjIkw7hJVXIt,can,62,val,rOpQAS2ZnjIkw7hJVXIt.npy
8QRiBkkBPuzmNR6fkL8Z,walk,63,train,8QRiBkkBPuzmNR6fkL8Z.npy
J89pREqBCWS9NRzHsTWk,strong,57,test,J89pREqBCWS9NRzHsTWk.npy
ZNhG5nxfvLdCow6FydD5,nurse,12,train,ZNhG5nxfvLdCow6FydD5.npy
vPw6ljH41C6wm2T0sK8A,hot,84,train,vPw6ljH41C6wm2T0sK8A.npy
EhtilrFBNUtvhQcVBTC7,night,42,train,EhtilrFBNUtvhQcVBTC7.npy
gAlKzWc7OyGDKHwmkCEK,where,54,train,gAlKzWc7OyGDKHwmkCEK.npy
zJeVNa72AlRFnUAmDaZG,feel,46,train,zJeVNa72AlRFnUAmDaZG.npy
VtObYAcc7DEjmq2ikF3x,drink,7,train,VtObYAcc7DEjmq2ikF3x.npy
ksuNdojQYxvvMhB8B2UJ,big,61,test,ksuNdojQYxvvMhB8B2UJ.npy
7UjR2rEi31QJuUPasR4u,cold,39,train,7UjR2rEi31QJuUPasR4u.npy
dUxx3OxEYKv3mfFqCzRn,understand,49,train,dUxx3OxEYKv3mfFqCzRn.npy
LWax5RNzmU5KLplPJoiA,sometimes,42,val,LWax5RNzmU5KLplPJoiA.npy
cOSJNzwYhF2Y90oYNOAh,go,84,train,cOSJNzwYhF2Y90oYNOAh.npy
qPdYZMa0cAurI0juL7xe,morning,8,train,qPdYZMa0cAurI0juL7xe.npy
200p6TmJG9c4cDc4wY2j,sit,78,val,200p6TmJG9c4cDc4wY2j.npy
wuwmcN9NzDLfN8LxsgrU,help,59,val,wuwmcN9NzDLfN8LxsgrU.npy
wcg1VCxK10rnmV9RMRAJ,drink,43,val,wcg1VCxK10rnmV9RMRAJ.npy
F0CxQcRTVugBDD3CYVbl,morning,39,train,F0CxQcRTVugBDD3CYVbl.npy
LEScriITjzoS6R5D0oin,ask,39,train,LEScriITjzoS6R5D0oin.npy
1bLQumAXFnFfrYRo6x5i,want,17,train,1bLQumAXFnFfrYRo6x5i.npy
yekJ6lajdJjrrpDrT5mW,cold,60,val,yekJ6lajdJjrrpDrT5mW.npy
B2BuJy4B1ylrrgtye6fu,sorry,39,train,B2BuJy4B1ylrrgtye6fu.npy
iCngkkMu7hc0qfwpwxg2,night,35,train,iCngkkMu7hc0qfwpwxg2.npy
4Yujmu3adt2LrZV1KMY8,big,48,test,4Yujmu3adt2LrZV1KMY8.npy
NJKZcA3WIJV05CTkP0GU,big,15,train,NJKZcA3WIJV05CTkP0GU.npy
jUSn530KbtadAAlj11Kp,water,12,train,jUSn530KbtadAAlj11Kp.npy
zn6dsCgVXv56Dc9UdcdC,tell,62,train,zn6dsCgVXv56Dc9UdcdC.npy
V2CmJb9eMkSCpjGM2paf,always,48,test,V2CmJb9eMkSCpjGM2paf.npy
nLZAEzQRn5MarYIN6d00,eyes,30,val,nLZAEzQRn5MarYIN6d00.npy
oDAzVcPCrckUtOGOZvqO,tired,15,val,oDAzVcPCrckUtOGOZvqO.npy
dNkRXoXIiAgE3mc5qVa7,tired,61,test,dNkRXoXIiAgE3mc5qVa7.npy
BPx0fls22WSGSduuVcoJ,walk,39,train,BPx0fls22WSGSduuVcoJ.npy
T54dYHdQrRm29XuPdRAC,not,17,val,T54dYHdQrRm29XuPdRAC.npy
P6z5AVMhi276u4jL6RTx,yes,30,train,P6z5AVMhi276u4jL6RTx.npy
flmEUd0tPIZCMiln5iTe,hot,54,train,flmEUd0tPIZCMiln5iTe.npy
o7WD3dJXwmNXMncPLVWg,minute,85,train,o7WD3dJXwmNXMncPLVWg.npy
mTy8jCRCODnSrnl3vIuG,finish,60,val,mTy8jCRCODnSrnl3vIuG.npy
4uUSLDR4WJYDGWf4i8Ka,eyes,62,train,4uUSLDR4WJYDGWf4i8Ka.npy
8pJo6bPxWWyFA17euISJ,stop,49,train,8pJo6bPxWWyFA17euISJ.npy
pkX9SNJVqDAT6qnBhVp8,back,62,train,pkX9SNJVqDAT6qnBhVp8.npy
GaJy7w3RxwSm1szD0RBP,hot,59,train,GaJy7w3RxwSm1szD0RBP.npy
zUVlmtkOYHDcRyw7oWaR,back,17,train,zUVlmtkOYHDcRyw7oWaR.npy
ljjIifm1F5y7ZjzuVoI3,baby,49,train,ljjIifm1F5y7ZjzuVoI3.npy
ghpiPccdhlfADHjAlhO7,understand,39,val,ghpiPccdhlfADHjAlhO7.npy
KGvONwwjHvQhlj6gzlvL,sit,35,train,KGvONwwjHvQhlj6gzlvL.npy
MNI59OuqWPUe81d6aGP1,night,62,train,MNI59OuqWPUe81d6aGP1.npy
2fOXBCwte4plWvYWFCxi,tell,57,test,2fOXBCwte4plWvYWFCxi.npy
JF1oip4NrCp2WhsoD6mL,feel,46,train,JF1oip4NrCp2WhsoD6mL.npy
Sqp3G6tcYUBxuMmfbvGg,breathe,36,test,Sqp3G6tcYUBxuMmfbvGg.npy
Pma4PiRlWUYegYmdFcw7,hurt,84,train,Pma4PiRlWUYegYmdFcw7.npy
XPMpJy4zaPUluoCKRz9Y,drink,42,train,XPMpJy4zaPUluoCKRz9Y.npy
KphHLdJEfk8JLvhkhQsN,nose,46,train,KphHLdJEfk8JLvhkhQsN.npy
vYpCXmyIqH6SWwGw4cJ8,move,49,train,vYpCXmyIqH6SWwGw4cJ8.npy
HfH7aqzza08prAFC07iv,hurt,15,val,HfH7aqzza08prAFC07iv.npy
2d5V10kP4yIVNxRJcgZx,day,15,train,2d5V10kP4yIVNxRJcgZx.npy
bf3cY7IKRpsS6TWTqeNN,how,88,train,bf3cY7IKRpsS6TWTqeNN.npy
BRbN3lLmLRwMgkragckP,close,62,train,BRbN3lLmLRwMgkragckP.npy
DMWDKSwDr7tW7eLVKH9o,tired,61,test,DMWDKSwDr7tW7eLVKH9o.npy
YTy4s5DgGh5nJ8GP9Wja,doctor,62,val,YTy4s5DgGh5nJ8GP9Wja.npy
9uJtTCeZAB6rvRO2jpvq,woman,17,val,9uJtTCeZAB6rvRO2jpvq.npy
i1M7xtwqK4w6GJxE3vWE,hurt,39,train,i1M7xtwqK4w6GJxE3vWE.npy
MJa3Q1RhyXCk63ZowcfY,dentist,35,train,MJa3Q1RhyXCk63ZowcfY.npy
8zf5DFIBbk6Dm0uAyZ6H,head,49,train,8zf5DFIBbk6Dm0uAyZ6H.npy
DOA9mKiAPTgobIeHznoE,now,62,train,DOA9mKiAPTgobIeHznoE.npy
UW9YQ35ra8uio4p6uwg2,better,46,train,UW9YQ35ra8uio4p6uwg2.npy
RyioFijvUBqKsj4gGKQI,long,76,train,RyioFijvUBqKsj4gGKQI.npy
d3igkgP9eotkXYTAwMh2,understand,85,train,d3igkgP9eotkXYTAwMh2.npy
YU01N2lr5N0aBSL4noPj,family,84,val,YU01N2lr5N0aBSL4noPj.npy
KjXP9ktv0zX1uqxZ4vs5,sick,60,train,KjXP9ktv0zX1uqxZ4vs5.npy
jzZP7XTTEWwqlZsogKyK,hot,14,val,jzZP7XTTEWwqlZsogKyK.npy
W7owN2jeJthzfiZwdk7n,today,59,train,W7owN2jeJthzfiZwdk7n.npy
DP6X7i6aiUHYQwG5WqKW,sleep,30,val,DP6X7i6aiUHYQwG5WqKW.npy
7SXSZXiiSVmiExRYU8Eq,breathe,39,train,7SXSZXiiSVmiExRYU8Eq.npy
Q6l0KCJgllYMoMHG7vnU,hurt,84,train,Q6l0KCJgllYMoMHG7vnU.npy
iCSe8G90RlyGGZge9IJC,bone,84,val,iCSe8G90RlyGGZge9IJC.npy
JoKNx4wLQvO7mtwWf0eu,drink,7,train,JoKNx4wLQvO7mtwWf0eu.npy
Bu35ghH7kvQckmZqghWr,face,88,train,Bu35ghH7kvQckmZqghWr.npy
uSfYZflBDF0RZgzg2OCK,want,35,train,uSfYZflBDF0RZgzg2OCK.npy
klRuHKzdr7EwrxciTEQK,bad,31,train,klRuHKzdr7EwrxciTEQK.npy
dKt4uIFe0sG2ke8gPz3h,morning,35,val,dKt4uIFe0sG2ke8gPz3h.npy
PJFNECldG0CeF8xvanpG,bad,46,train,PJFNECldG0CeF8xvanpG.npy
3HNlt2LOzZdijnWP8gUA,head,49,train,3HNlt2LOzZdijnWP8gUA.npy
9r7dtvnl8pCR712R0jwT,man,17,val,9r7dtvnl8pCR712R0jwT.npy
k5C0j1v39hk8SyqINyzV,wait,31,val,k5C0j1v39hk8SyqINyzV.npy
KaEZkTCDG7D1SgxKfZuc,show,31,train,KaEZkTCDG7D1SgxKfZuc.npy
NjPLhdhCvZAq7pfcVAs4,where,48,test,NjPLhdhCvZAq7pfcVAs4.npy
MSoTxEtlOFcWLguj8PNi,drink,39,train,MSoTxEtlOFcWLguj8PNi.npy
iq71EkhnIdxsXzRTYFaz,tired,59,train,iq71EkhnIdxsXzRTYFaz.npy
g98XqcyPYkSsU65iXPgM,close,53,test,g98XqcyPYkSsU65iXPgM.npy
Rl2ntvcxpEP6rmLZwQNw,open,62,val,Rl2ntvcxpEP6rmLZwQNw.npy
7Kj4VGQcA2uLcqGNKrQn,water,46,val,7Kj4VGQcA2uLcqGNKrQn.npy
rylwMMxVE6BoQ0xmmwhR,day,46,train,rylwMMxVE6BoQ0xmmwhR.npy
9G2kz06UXJH18jnjEEoT,feel,59,val,9G2kz06UXJH18jnjEEoT.npy
SmJAhTHbKTGlJqGsEq3L,pill,49,val,SmJAhTHbKTGlJqGsEq3L.npy
Wys8SmZV5P8GHhAcNiOf,teeth,35,train,Wys8SmZV5P8GHhAcNiOf.npy
iwxiUg1Uy2mEXTFAQLnn,leg,88,train,iwxiUg1Uy2mEXTFAQLnn.npy
htg1Mxrf2mJzFt3CJvC7,yes,43,train,htg1Mxrf2mJzFt3CJvC7.npy
r8A8eBaYmUDGKuvHPuVI,sick,88,train,r8A8eBaYmUDGKuvHPuVI.npy
WRD7lMSJe6phkGhVmFQi,sleep,46,train,WRD7lMSJe6phkGhVmFQi.npy
9QM5CJiNBmOzYoRhw380,sleep,8,train,9QM5CJiNBmOzYoRhw380.npy
XWnVZuRS5axttoEnqwoF,nurse,31,train,XWnVZuRS5axttoEnqwoF.npy
UvsSGjh7Amo3NrQPscyJ,headache,31,train,UvsSGjh7Amo3NrQPscyJ.npy
SLTDnvVxXEo2VDKHonAT,tired,35,train,SLTDnvVxXEo2VDKHonAT.npy
uiH68FgMwwi7Fo4D3B1P,water,62,train,uiH68FgMwwi7Fo4D3B1P.npy
VgJn46FGbrbnRdUVA33Z,hot,31,train,VgJn46FGbrbnRdUVA33Z.npy
uDijszfS97Pzu9vnLK9a,feel,76,train,uDijszfS97Pzu9vnLK9a.npy
aUBuKz8IQv5vj3mFFJBR,baby,46,train,aUBuKz8IQv5vj3mFFJBR.npy
TylbIHMHAPm0cBeuAhZK,hospital,59,train,TylbIHMHAPm0cBeuAhZK.npy
StPK0DSbQMkVdu16doiV,help,17,train,StPK0DSbQMkVdu16doiV.npy
pX53iwjgIprZiHw5Pq9M,muscle,8,train,pX53iwjgIprZiHw5Pq9M.npy
cDyWO8UE71mVfRtKmpDW,night,48,test,cDyWO8UE71mVfRtKmpDW.npy
4JzqvIHnANQV065F99M1,hurt,17,val,4JzqvIHnANQV065F99M1.npy
uQyhdnfHHWk2nZoMQm6J,help,50,test,uQyhdnfHHWk2nZoMQm6J.npy
L45MlaD9GczxVA9rRMLl,sleep,38,train,L45MlaD9GczxVA9rRMLl.npy
M1RRb19pG78UrVEnJGBj,feel,49,train,M1RRb19pG78UrVEnJGBj.npy
Xum55NUFUf5YARizewmd,hurt,50,test,Xum55NUFUf5YARizewmd.npy
ogs4UsVjBkO5OZRplQwV,blood,80,train,ogs4UsVjBkO5OZRplQwV.npy
1jtYONE5Qo3i5Qm4yqI0,again,35,train,1jtYONE5Qo3i5Qm4yqI0.npy
LAIRN3BhoMWZ0TKDgWXp,bleed,35,train,LAIRN3BhoMWZ0TKDgWXp.npy
6OhXR66xyNUL3KWXU1vf,hurt,17,train,6OhXR66xyNUL3KWXU1vf.npy
kt4ZphYIlkkVxkK3wjY2,drink,35,val,kt4ZphYIlkkVxkK3wjY2.npy
IMZ1YiUCTVKOZOw33g5d,pill,84,train,IMZ1YiUCTVKOZOw33g5d.npy
xsmTOc593h6SIZvUfEYL,morning,88,train,xsmTOc593h6SIZvUfEYL.npy
pPc6MikQRg0VNX0BCj0B,family,14,train,pPc6MikQRg0VNX0BCj0B.npy
HSfWpHNjBlNAyADhMFwT,sleep,88,val,HSfWpHNjBlNAyADhMFwT.npy
ff4mNGbegmNUJIFbZHPT,mouth,84,train,ff4mNGbegmNUJIFbZHPT.npy
olzn1htFiAVk2f7QoLNi,family,48,test,olzn1htFiAVk2f7QoLNi.npy
KAbMFd13dTfNH6dPN7OJ,choke,54,val,KAbMFd13dTfNH6dPN7OJ.npy
EcufBUVUMe3ldQXxA3De,hot,85,train,EcufBUVUMe3ldQXxA3De.npy
dgitp1Os2TDoTUzU5B9W,woman,61,test,dgitp1Os2TDoTUzU5B9W.npy
f39nGD33kW4UmybO9vpO,close,38,val,f39nGD33kW4UmybO9vpO.npy
T51lBy6Oiia5wjTU2UBV,open,42,train,T51lBy6Oiia5wjTU2UBV.npy
9XZ6oSKifcF5Ohue7jQq,water,7,train,9XZ6oSKifcF5Ohue7jQq.npy
q6btIsmBpQePZ0KMD1dw,move,35,train,q6btIsmBpQePZ0KMD1dw.npy
MxFFGAMLIDm4iK6CmboZ,water,52,train,MxFFGAMLIDm4iK6CmboZ.npy
5OQoJsEU6GMeI0qDX4CY,understand,84,train,5OQoJsEU6GMeI0qDX4CY.npy
Huj6MXr9IVokQ6JlsJAE,water,48,test,Huj6MXr9IVokQ6JlsJAE.npy
gURyouDtWPT3dv3h94BB,big,17,train,gURyouDtWPT3dv3h94BB.npy
YcYSqakVJYQpYFtzSb5f,hurt,54,train,YcYSqakVJYQpYFtzSb5f.npy
ZLe6kEPNebNwpvCUkUkv,mouth,39,train,ZLe6kEPNebNwpvCUkUkv.npy
WQBGb8L19ihBsupcNlXP,sleep,63,train,WQBGb8L19ihBsupcNlXP.npy
6pd6zCdZ8JMIlVOMmz17,hurt,17,train,6pd6zCdZ8JMIlVOMmz17.npy
uxHsjd10vw49g4eZU8tV,heart,49,train,uxHsjd10vw49g4eZU8tV.npy
J5VhJQZqbNAo3panJxyc,drink,59,train,J5VhJQZqbNAo3panJxyc.npy
dS8pSasO9coNW4YD7L8N,better,62,train,dS8pSasO9coNW4YD7L8N.npy
SgAryDFEQ2LGvsGjO2YR,hot,57,test,SgAryDFEQ2LGvsGjO2YR.npy
5EOUkYQCJGNZxXz7MC7l,finish,31,train,5EOUkYQCJGNZxXz7MC7l.npy
fwDUAtm4UhNcrSSNDCwh,teeth,62,train,fwDUAtm4UhNcrSSNDCwh.npy
Mgtu84V6VEXgtuaQh4wI,sharp,43,val,Mgtu84V6VEXgtuaQh4wI.npy
K2sS39Fq4MgUZr5CXGbV,want,7,val,K2sS39Fq4MgUZr5CXGbV.npy
ach2Nukmb532TTEUI6lO,water,17,val,ach2Nukmb532TTEUI6lO.npy
GHRQempRwHP10o8iKAFk,skin,84,train,GHRQempRwHP10o8iKAFk.npy
4argnxzEvbeA8ohjMeBN,hurt,27,train,4argnxzEvbeA8ohjMeBN.npy
eVCpUyfJkMqC5F8HuxnA,hospital,39,train,eVCpUyfJkMqC5F8HuxnA.npy
qqAK6tzEViL8tgBcP92c,please,17,val,qqAK6tzEViL8tgBcP92c.npy
o5zo6oPI8qlsByELsgH2,open,49,train,o5zo6oPI8qlsByELsgH2.npy
8pyZiOfWGBT7TjVo0wWm,sit,39,train,8pyZiOfWGBT7TjVo0wWm.npy
xRheoL7dPugyWQG3mNEb,big,46,val,xRheoL7dPugyWQG3mNEb.npy
vZJ6V5JlFdYL6lpCEwQH,take,49,val,vZJ6V5JlFdYL6lpCEwQH.npy
MiTdX9CnMM6qToP09Tjr,day,46,val,MiTdX9CnMM6qToP09Tjr.npy
iYHfbcXmiC5iVCptFctA,now,62,train,iYHfbcXmiC5iVCptFctA.npy
m2H4iPd1gqKYKR2gqCbt,understand,62,train,m2H4iPd1gqKYKR2gqCbt.npy
p7bi9K8dKudV9lRZVGsO,woman,49,train,p7bi9K8dKudV9lRZVGsO.npy
Z8tt7VyR6HrQmU4dtNOp,hot,30,train,Z8tt7VyR6HrQmU4dtNOp.npy
D79szwlP1935R36kYOHb,water,31,train,D79szwlP1935R36kYOHb.npy
qGfqZIwMnWOBz7eWvp9s,finish,46,train,qGfqZIwMnWOBz7eWvp9s.npy
OW5k6EcvBCiyJuZTuyKW,more,17,train,OW5k6EcvBCiyJuZTuyKW.npy
P97S3wmIz5SmFtmim4Aj,medicine,78,train,P97S3wmIz5SmFtmim4Aj.npy
F1EexMwX5qNIZACHk3vg,cold,53,test,F1EexMwX5qNIZACHk3vg.npy
LZHc0hUD6CZ2730HrDfh,better,35,val,LZHc0hUD6CZ2730HrDfh.npy
Y9gje36m1mG8wGFJajlu,morning,74,train,Y9gje36m1mG8wGFJajlu.npy
KfG5xfqjXm7Kgv5omW0L,test,78,val,KfG5xfqjXm7Kgv5omW0L.npy
pfvttaUcDOdro1rFlQ4G,help,15,val,pfvttaUcDOdro1rFlQ4G.npy
THs4WmlVKi9FPKh7He3a,much,85,train,THs4WmlVKi9FPKh7He3a.npy
nUbHAwSxpRNIjOeP3O02,again,48,test,nUbHAwSxpRNIjOeP3O02.npy
Nq064fjTA7OBzJWLUzSb,eyes,46,train,Nq064fjTA7OBzJWLUzSb.npy
XI0I38TJQcEp9gKGiIdU,eat,80,train,XI0I38TJQcEp9gKGiIdU.npy
eykOdEXx5YV5mz2tkkOc,strong,48,test,eykOdEXx5YV5mz2tkkOc.npy
CuCR21XuEtP3wNQ9fT8o,month,62,train,CuCR21XuEtP3wNQ9fT8o.npy
vRbnD9arzFeHsR30Gaxe,today,30,val,vRbnD9arzFeHsR30Gaxe.npy
RKR8nd5NUSyVuiKJDG4t,walk,7,val,RKR8nd5NUSyVuiKJDG4t.npy
MFDeQCbIPSMO1hGn5Nrj,want,35,train,MFDeQCbIPSMO1hGn5Nrj.npy
hFflxB6IOcsjSTGxDDiS,now,38,train,hFflxB6IOcsjSTGxDDiS.npy
LzbeKzC9CGRy5hwY4AoM,baby,39,train,LzbeKzC9CGRy5hwY4AoM.npy
vmuoS11IE6WFOZdsYAAj,baby,57,test,vmuoS11IE6WFOZdsYAAj.npy
Zmnr5MiEgGZqZnZW4UBU,again,57,test,Zmnr5MiEgGZqZnZW4UBU.npy
HutABe5cnlxwRWn5lOHD,wait,84,train,HutABe5cnlxwRWn5lOHD.npy
P0wSq7BkXIxqg1Ll1kg1,skin,60,train,P0wSq7BkXIxqg1Ll1kg1.npy
CnzYwe3VvZWGvQzOgp23,water,7,train,CnzYwe3VvZWGvQzOgp23.npy
9FBdP6TX1582HN0rzEfk,long,62,train,9FBdP6TX1582HN0rzEfk.npy
9CLLzW8i85jAZMyMg3en,drink,7,train,9CLLzW8i85jAZMyMg3en.npy
uFwBBIVB4OefMIiqySEy,day,42,train,uFwBBIVB4OefMIiqySEy.npy
o4NRqDAdYDIaYomItSky,drink,39,train,o4NRqDAdYDIaYomItSky.npy
peRiB31LzQ8orTwG8L1i,father,42,val,peRiB31LzQ8orTwG8L1i.npy
5p6i63ZvkTlKTx5fxF0b,dizzy,84,train,5p6i63ZvkTlKTx5fxF0b.npy
wJrcFbDkop9JdS4i9bT6,family,17,train,wJrcFbDkop9JdS4i9bT6.npy
uNH6JEL14DiXLjWCiukr,cold,84,train,uNH6JEL14DiXLjWCiukr.npy
skeM6K9L10BISHlT9ldf,pill,62,train,skeM6K9L10BISHlT9ldf.npy
QCUOi8DOKxHfo9EbA1si,again,84,val,QCUOi8DOKxHfo9EbA1si.npy
4D2HqjwQmHbb7NCGfvO1,close,57,test,4D2HqjwQmHbb7NCGfvO1.npy
GNxo79YP0UJBFq48Mj8W,ask,39,train,GNxo79YP0UJBFq48Mj8W.npy
f759gWDqtqYXGluj0Uw6,better,43,train,f759gWDqtqYXGluj0Uw6.npy
y4dNJDlaQbcZK73FMU7z,man,84,train,y4dNJDlaQbcZK73FMU7z.npy
3f6OsMlYV1YSLXwFvxXD,tomorrow,57,test,3f6OsMlYV1YSLXwFvxXD.npy
7i9DlAHOoKJMHrUIDqBi,choke,39,train,7i9DlAHOoKJMHrUIDqBi.npy
gIpiFEMcmJwkBJFMo70X,look,78,val,gIpiFEMcmJwkBJFMo70X.npy
WcpmXudMXcD6dwNFo30J,day,57,test,WcpmXudMXcD6dwNFo30J.npy
OeXiD1h6YC8U0OSXcXeG,family,7,train,OeXiD1h6YC8U0OSXcXeG.npy
ZwCrBdOSDZn6lH0b9y6c,finish,39,train,ZwCrBdOSDZn6lH0b9y6c.npy
Xi39gqf4MeJu8mKYEEMJ,breathe,84,train,Xi39gqf4MeJu8mKYEEMJ.npy
ByWSXoFbMsg2gFvihZQU,water,84,train,ByWSXoFbMsg2gFvihZQU.npy
BJAej17a2JOYpvldfasd,big,30,train,BJAej17a2JOYpvldfasd.npy
ZSaUBL7ic3ATaUhFHqPt,water,57,test,ZSaUBL7ic3ATaUhFHqPt.npy
RTcHfVakxSktzDpHlhFO,cold,88,train,RTcHfVakxSktzDpHlhFO.npy
IlUlYRp3nUBSMoucIIKZ,night,52,train,IlUlYRp3nUBSMoucIIKZ.npy
ED1y0fEzjQTLQ6lsclRe,family,35,train,ED1y0fEzjQTLQ6lsclRe.npy
ITBSikza0PXYgC2ci1Je,drink,57,test,ITBSikza0PXYgC2ci1Je.npy
bceZAr9v1hFVKtkL43tx,day,88,train,bceZAr9v1hFVKtkL43tx.npy
UgQd6BqQ8qLoiJEzIYqd,tell,39,train,UgQd6BqQ8qLoiJEzIYqd.npy
iyVpK10z0Dq85EhGH01Y,big,60,train,iyVpK10z0Dq85EhGH01Y.npy
ZObmbEukZjQ47LsPywE5,water,60,val,ZObmbEukZjQ47LsPywE5.npy
iScMaSaB4TFI1xtq4jIu,cold,8,train,iScMaSaB4TFI1xtq4jIu.npy
0NzpSWuyF6MeN4Ilzm54,medicine,85,train,0NzpSWuyF6MeN4Ilzm54.npy
6dnaz7SAENNhuNUyPZ5V,tired,57,test,6dnaz7SAENNhuNUyPZ5V.npy
QUejO2HLgdobYereudiR,man,17,train,QUejO2HLgdobYereudiR.npy
GWQRKrkG8F5n0dd234un,muscle,46,train,GWQRKrkG8F5n0dd234un.npy
0A0XOQNwrUzwifJH70Wt,sorry,49,val,0A0XOQNwrUzwifJH70Wt.npy
uxlQevxD3gOf0nvBpJdM,wait,39,train,uxlQevxD3gOf0nvBpJdM.npy
8sazDzOXv6ILfrsmlkgT,feel,59,train,8sazDzOXv6ILfrsmlkgT.npy
bPGjUaTt31AZ7xXdw5lA,night,12,val,bPGjUaTt31AZ7xXdw5lA.npy
hV3egjkUoDI8ouPwhpCl,finish,17,val,hV3egjkUoDI8ouPwhpCl.npy
LTsl7QJVQBvgcPJx2M1J,wait,54,train,LTsl7QJVQBvgcPJx2M1J.npy
wJy0BWdZvL7Lgly5OQnG,big,8,train,wJy0BWdZvL7Lgly5OQnG.npy
5oKVaxVpW9lZLLva9uiu,strong,30,train,5oKVaxVpW9lZLLva9uiu.npy
Ix8BbcOHhrojU0VWPBne,hot,38,val,Ix8BbcOHhrojU0VWPBne.npy
l3voL2l4z6fqVGcLIeQM,feel,17,val,l3voL2l4z6fqVGcLIeQM.npy
vbd7bk4YVhBGvfgpOXoE,medicine,85,train,vbd7bk4YVhBGvfgpOXoE.npy
y5imntOrX9v0q4P07K5i,take,31,train,y5imntOrX9v0q4P07K5i.npy
BLTfP1bpkxUPgCxy1Phi,breathe,62,train,BLTfP1bpkxUPgCxy1Phi.npy
QH6EKzaHcegd7r9DR2of,hurt,8,val,QH6EKzaHcegd7r9DR2of.npy
JbCV2bexTVYR2EKztkr1,family,88,train,JbCV2bexTVYR2EKztkr1.npy
l4NDFBT1H8Mkwbl6fcrs,woman,35,train,l4NDFBT1H8Mkwbl6fcrs.npy
NyugNTRgtMq698yT0vux,need,31,train,NyugNTRgtMq698yT0vux.npy
wvgmCUBxYJjSUXQwq4br,help,85,train,wvgmCUBxYJjSUXQwq4br.npy
bphYdS9bK2FhQQtNTIsc,doctor,30,train,bphYdS9bK2FhQQtNTIsc.npy
JpujyRLQhBanu68YC8pG,need,84,train,JpujyRLQhBanu68YC8pG.npy
4KY9b13FwAmGjjnjRf7j,back,7,train,4KY9b13FwAmGjjnjRf7j.npy
EJRDLhMbYeJ9Ov8D4vpW,bad,11,train,EJRDLhMbYeJ9Ov8D4vpW.npy
nigaL2UWNLgJSSk9CAoX,afternoon,49,val,nigaL2UWNLgJSSk9CAoX.npy
BHKkzGULnLHdbX2iDisW,today,57,test,BHKkzGULnLHdbX2iDisW.npy
leA7hOUh2qIIS2utXP0D,bad,35,val,leA7hOUh2qIIS2utXP0D.npy
SERnwOlSR7fPEFxcd8dz,more,84,train,SERnwOlSR7fPEFxcd8dz.npy
DoAdnxAf1uExkxqW7FlZ,sleep,62,train,DoAdnxAf1uExkxqW7FlZ.npy
bDAyRVfliX3HerImStbP,family,48,test,bDAyRVfliX3HerImStbP.npy
fViQx2GKgLDayiz5FWUV,go,49,val,fViQx2GKgLDayiz5FWUV.npy
SURzgDjij55gto84LFr4,hot,54,train,SURzgDjij55gto84LFr4.npy
HtB6pW9bQXxqjMmmlbNs,ask,39,train,HtB6pW9bQXxqjMmmlbNs.npy
G1G1hZ052Y1Um0dcoDiG,hot,62,train,G1G1hZ052Y1Um0dcoDiG.npy
AZjMGxUJbwT2x7Dy4GpH,long,17,train,AZjMGxUJbwT2x7Dy4GpH.npy
9nYTRDNyJRBLpYLxN6qW,ask,60,val,9nYTRDNyJRBLpYLxN6qW.npy
QV1vULMDBnfLn92b8YJw,can,49,train,QV1vULMDBnfLn92b8YJw.npy
09cJEwlxWh13o0o4W5T6,bad,80,train,09cJEwlxWh13o0o4W5T6.npy
64rTdsVQrB9yKbNXaOPq,father,49,val,64rTdsVQrB9yKbNXaOPq.npy
UMksOMgtfSyg95KT8Vxx,muscle,52,train,UMksOMgtfSyg95KT8Vxx.npy
IPD8YspwlOb28g1XQtZj,help,48,test,IPD8YspwlOb28g1XQtZj.npy
QFXhEXSwTCluAmgtNJmm,why,39,train,QFXhEXSwTCluAmgtNJmm.npy
jF7vuaRlixJkTmkxaFyn,medicine,48,test,jF7vuaRlixJkTmkxaFyn.npy
JNRKJIFC3hddzKaQqv28,night,42,train,JNRKJIFC3hddzKaQqv28.npy
usQigEdfluI7dXfPqJau,cold,49,val,usQigEdfluI7dXfPqJau.npy
TR4jsSl1UH1AC8b036w1,who,53,test,TR4jsSl1UH1AC8b036w1.npy
jz9UQnMHqMrGM8QcagQM,big,46,val,jz9UQnMHqMrGM8QcagQM.npy
5VUOhVGEPqCnoXJ6lktx,shoulder,62,val,5VUOhVGEPqCnoXJ6lktx.npy
8mvMeGQTWP7EZxkIKXOf,hot,84,train,8mvMeGQTWP7EZxkIKXOf.npy
OR8lK9emYvzOpyMm3FWV,hurt,63,train,OR8lK9emYvzOpyMm3FWV.npy
mXDiCei5nc357XHy7vpC,move,84,train,mXDiCei5nc357XHy7vpC.npy
1enDydO7A7S6LaVadDUm,finish,63,train,1enDydO7A7S6LaVadDUm.npy
uaBgT8RI2BhNEYNhMWta,sick,61,test,uaBgT8RI2BhNEYNhMWta.npy
eo3cVu4TncdwBqkgaQs3,help,46,train,eo3cVu4TncdwBqkgaQs3.npy
wOVGdROoLo8VM1hEWnQ4,hands,7,train,wOVGdROoLo8VM1hEWnQ4.npy
X2fiMdqhun3Sxo820Rp0,month,7,train,X2fiMdqhun3Sxo820Rp0.npy
cK3q5Z0Zx76MmBf7dWMJ,bad,62,train,cK3q5Z0Zx76MmBf7dWMJ.npy
9y28EisbJtyVfjcFd3OW,sick,88,val,9y28EisbJtyVfjcFd3OW.npy
upRA5GTPyQRirShZRAew,test,50,test,upRA5GTPyQRirShZRAew.npy
8bgokzpVjPFQDAWq9P58,baby,88,val,8bgokzpVjPFQDAWq9P58.npy
oh4rGhZkZXV1Fub5RXcs,blood,30,train,oh4rGhZkZXV1Fub5RXcs.npy
gvm7XNh3sTdSlhM90b24,why,7,val,gvm7XNh3sTdSlhM90b24.npy
8GX7HWRtZI4D3NKbVk2D,eyes,8,train,8GX7HWRtZI4D3NKbVk2D.npy
tkKh63cc08bI4s476E3L,drink,62,val,tkKh63cc08bI4s476E3L.npy
fO6XWCmnHuC7BEtjWP7J,family,48,test,fO6XWCmnHuC7BEtjWP7J.npy
tFSS7stT1ZGecHKS0clH,cold,43,train,tFSS7stT1ZGecHKS0clH.npy
aETs3sv14Wx3W4I8idtz,family,35,train,aETs3sv14Wx3W4I8idtz.npy
EMDUGd29VLCryKssGok3,hospital,35,train,EMDUGd29VLCryKssGok3.npy
ucFIXGhNpNBUYkN4p2q9,help,57,test,ucFIXGhNpNBUYkN4p2q9.npy
Qlk3aSj546fiBdK6L0rN,arm,49,train,Qlk3aSj546fiBdK6L0rN.npy
4M82AdATIMXIEqjgmhnZ,sleep,60,train,4M82AdATIMXIEqjgmhnZ.npy
lULjXDcRG18YVnqgDyGw,tell,11,val,lULjXDcRG18YVnqgDyGw.npy
uhVstw9CC1xAnpLsTAof,come,38,train,uhVstw9CC1xAnpLsTAof.npy
Eg8kCV1C4fc69xQHLdWD,wait,46,val,Eg8kCV1C4fc69xQHLdWD.npy
OP4iOrVWq4iAh4fwemMg,pain,61,test,OP4iOrVWq4iAh4fwemMg.npy
jbuaIkABsutXeRrbTUmx,arm,88,train,jbuaIkABsutXeRrbTUmx.npy
8Iw3a7ZGyvCMpXj8bEIL,help,62,train,8Iw3a7ZGyvCMpXj8bEIL.npy
lcpEpnjGK4JLUMMiYbnL,mother,8,train,lcpEpnjGK4JLUMMiYbnL.npy
xQPiq4KuvJr8PxoJWCT6,where,57,test,xQPiq4KuvJr8PxoJWCT6.npy
hyCsPTzdHdfOwzqbLo0X,come,85,train,hyCsPTzdHdfOwzqbLo0X.npy
HNd45gl6YOXfGiOPOWsV,give,57,test,HNd45gl6YOXfGiOPOWsV.npy
yLG6a8W8snyBPYbIVV8i,cold,15,train,yLG6a8W8snyBPYbIVV8i.npy
slbBnGB6c4wj7aMhTOIM,move,61,test,slbBnGB6c4wj7aMhTOIM.npy
Ed6uPg4qwefttRlmnjYM,arm,30,train,Ed6uPg4qwefttRlmnjYM.npy
DohkLMxE8dA7gEqxXTYx,understand,84,val,DohkLMxE8dA7gEqxXTYx.npy
FR98BGmZ9flERVOUWGhl,face,84,train,FR98BGmZ9flERVOUWGhl.npy
WmknnAku7ZXtiI9bKtsF,all,62,train,WmknnAku7ZXtiI9bKtsF.npy
W6RLupJ9vuq30eWrUW2A,water,57,test,W6RLupJ9vuq30eWrUW2A.npy
hr2RKZLmvhskpl4ItKwv,big,61,test,hr2RKZLmvhskpl4ItKwv.npy
M0X9Crd0n8bmdB5yBTTU,show,49,train,M0X9Crd0n8bmdB5yBTTU.npy
VvcQXMH60oLgjD9zlKPD,teeth,7,val,VvcQXMH60oLgjD9zlKPD.npy
KsW3b8OVcMRIjVaqQWea,dentist,17,train,KsW3b8OVcMRIjVaqQWea.npy
NXLXDHcnn5hAsyUF994K,all,39,val,NXLXDHcnn5hAsyUF994K.npy
ngOe5kE0Mp1EisNUEFzy,man,39,val,ngOe5kE0Mp1EisNUEFzy.npy
WaKSLDH5FKWg9baowpPn,baby,48,test,WaKSLDH5FKWg9baowpPn.npy
KabvF6DAScBwq3NCkkIL,test,84,train,KabvF6DAScBwq3NCkkIL.npy
H4judiKJpC23dmz16QJ7,bleed,62,val,H4judiKJpC23dmz16QJ7.npy
uL83mMP1GjAFWkRFdpfP,day,14,train,uL83mMP1GjAFWkRFdpfP.npy
SUxGlUPtu4W9mdicTLAV,long,38,val,SUxGlUPtu4W9mdicTLAV.npy
t6d3SMplAEeoX5QJBAc2,finish,46,train,t6d3SMplAEeoX5QJBAc2.npy
FDJZ9VL0egIPlTNEkc88,day,48,test,FDJZ9VL0egIPlTNEkc88.npy
tIrmKO7vE1rhKD6DwyzQ,drink,7,train,tIrmKO7vE1rhKD6DwyzQ.npy
VrLlTJ1OJTjSLv7VPyDu,where,57,test,VrLlTJ1OJTjSLv7VPyDu.npy
FJpheUe47KG8Uh7r4Lpj,who,49,train,FJpheUe47KG8Uh7r4Lpj.npy
atqDeqhkt4lmsvwBbNSm,again,57,test,atqDeqhkt4lmsvwBbNSm.npy
LQaLgIGsMa5tF0dwIvNy,drink,88,train,LQaLgIGsMa5tF0dwIvNy.npy
39IAjsTfwsM2Xmdes2uc,father,62,train,39IAjsTfwsM2Xmdes2uc.npy
yCjJNujYHlPV9f7uuLEm,no,85,train,yCjJNujYHlPV9f7uuLEm.npy
HNA6zE5cRn7xjbVrfp52,open,84,train,HNA6zE5cRn7xjbVrfp52.npy
Gl4gLZEz58ZVQlas79wE,water,49,train,Gl4gLZEz58ZVQlas79wE.npy
tzqAzEDigqNptlxAcoxS,need,17,train,tzqAzEDigqNptlxAcoxS.npy
QLDdJAsXC8YPIiBf2g31,sick,35,train,QLDdJAsXC8YPIiBf2g31.npy
25CBe3VdPluM9zfXN3fm,dentist,46,train,25CBe3VdPluM9zfXN3fm.npy
r58poAyJDADPq8UN1ci3,bad,42,train,r58poAyJDADPq8UN1ci3.npy
dhtaTGK8u0TiEImzu3NP,help,84,val,dhtaTGK8u0TiEImzu3NP.npy
Z2fLZEpP3FC177e7ydJR,water,39,val,Z2fLZEpP3FC177e7ydJR.npy
mLLb8h1P7Dp337Y6tcrO,medicine,78,val,mLLb8h1P7Dp337Y6tcrO.npy
p54sH42xanmrmoRo3Qeb,yesterday,39,val,p54sH42xanmrmoRo3Qeb.npy
mgGIvOBxySg1InmfcnYg,feel,36,test,mgGIvOBxySg1InmfcnYg.npy
EVAMFWCy4H7WFi89yZE7,tomorrow,50,test,EVAMFWCy4H7WFi89yZE7.npy
LkekLUDNx1RYFMziqyJp,thank_you,88,train,LkekLUDNx1RYFMziqyJp.npy
LjZxh1MFGlkambuiyt3X,need,42,val,LjZxh1MFGlkambuiyt3X.npy
jlb5yFe1g9M3gG8SXbnV,man,85,train,jlb5yFe1g9M3gG8SXbnV.npy
qO7vCKLYt6AbSfsvnIE6,more,85,train,qO7vCKLYt6AbSfsvnIE6.npy
Ts0QXApvispXspiX1kZ5,drink,12,train,Ts0QXApvispXspiX1kZ5.npy
s4Ac1l2dA3KXKG55QIKa,when,7,train,s4Ac1l2dA3KXKG55QIKa.npy
jP7w6v0Z0CQlY1A4k2cg,weak,17,train,jP7w6v0Z0CQlY1A4k2cg.npy
8JOOZfSLhh5HeKW7kVLf,water,85,train,8JOOZfSLhh5HeKW7kVLf.npy
YIR4E0IZCBseJQ7sT9Vn,bad,57,test,YIR4E0IZCBseJQ7sT9Vn.npy
6Gk6evT1p5KwkrrzscS4,understand,84,train,6Gk6evT1p5KwkrrzscS4.npy
QSHcclF2FeE1swW7Yc8V,family,84,val,QSHcclF2FeE1swW7Yc8V.npy
3EFh4dUszDLAu5VKw7f5,need,85,train,3EFh4dUszDLAu5VKw7f5.npy
sjJT4IRYZymjax3QbaGS,cold,35,train,sjJT4IRYZymjax3QbaGS.npy
k9pgcwjAUfptbqrTmIwA,big,84,train,k9pgcwjAUfptbqrTmIwA.npy
sNfo4ddp0wc2HAO0MLdX,feel,62,train,sNfo4ddp0wc2HAO0MLdX.npy
1fr9PXZ26hEfLgfYzg8T,sleep,35,val,1fr9PXZ26hEfLgfYzg8T.npy
HWxQQa62hpDtWb6tFPuo,woman,52,train,HWxQQa62hpDtWb6tFPuo.npy
Xekdp23XkbLNRR8j3mPP,hot,61,test,Xekdp23XkbLNRR8j3mPP.npy
gkhnEKt9ddFQ5bHz1f8e,big,46,train,gkhnEKt9ddFQ5bHz1f8e.npy
MNpzL1wtZGAXnZi4WEcb,want,57,test,MNpzL1wtZGAXnZi4WEcb.npy
DUeT9JRS8px9fGltzLvj,sit,80,train,DUeT9JRS8px9fGltzLvj.npy
lCkQX5q5C51D1Ar3n1u4,better,48,test,lCkQX5q5C51D1Ar3n1u4.npy
aG2OEnIFwcKwHvzIGgYD,eyes,62,val,aG2OEnIFwcKwHvzIGgYD.npy
O7WVMFcyOyR0gNMYRKrg,teeth,49,train,O7WVMFcyOyR0gNMYRKrg.npy
hlJxA2TdcsivJomtwzqW,hands,35,train,hlJxA2TdcsivJomtwzqW.npy
N7VlDnpUMe4IN8Fo9u6G,family,30,train,N7VlDnpUMe4IN8Fo9u6G.npy
1pHswbVjexsrSA1eQZE7,need,62,train,1pHswbVjexsrSA1eQZE7.npy
PFkFT4LKYfLwy9LI1iZG,hurt,88,train,PFkFT4LKYfLwy9LI1iZG.npy
HIWZ1svLD0MCmAT4LNXF,water,84,train,HIWZ1svLD0MCmAT4LNXF.npy
6T5UMdycwdcnO2WSsbjW,help,14,train,6T5UMdycwdcnO2WSsbjW.npy
RZ9tVSJ3AIG2GzSzmfYW,long,35,train,RZ9tVSJ3AIG2GzSzmfYW.npy
IJBWfwqrKW7IQXykgjJ9,help,49,train,IJBWfwqrKW7IQXykgjJ9.npy
kBHORuvBKJQ3gdLQSfGW,thank_you,31,val,kBHORuvBKJQ3gdLQSfGW.npy
UnwKQ3skgapKJw5mFPAA,water,7,train,UnwKQ3skgapKJw5mFPAA.npy
q4TSyQ87iGHsNiqvjGFF,medicine,61,test,q4TSyQ87iGHsNiqvjGFF.npy
HrK4NAzOJDoEhzYg2MnQ,show,7,val,HrK4NAzOJDoEhzYg2MnQ.npy
kocqSchmQLPjGDCuKon0,wait,7,train,kocqSchmQLPjGDCuKon0.npy
DkwCQT8X6r2etFlrhxXG,strong,50,test,DkwCQT8X6r2etFlrhxXG.npy
i0lliiPaeFbpVzgCRQto,yesterday,31,train,i0lliiPaeFbpVzgCRQto.npy
WcrkpfNTDGX8qIFYeTVF,finish,57,test,WcrkpfNTDGX8qIFYeTVF.npy
72Hk1Z7pkbAZTgje4P6h,hospital,49,val,72Hk1Z7pkbAZTgje4P6h.npy
cnQfKzdOeccmC937rJmF,more,59,val,cnQfKzdOeccmC937rJmF.npy
96uTKd75q118FfFoKr4p,bed,52,train,96uTKd75q118FfFoKr4p.npy
vnnd2KWnvf1qdMy7mM27,cold,84,train,vnnd2KWnvf1qdMy7mM27.npy
UtrBc6I2ELoIcy5382Cs,where,88,val,UtrBc6I2ELoIcy5382Cs.npy
4oPoEj5ChsRlzpOht9VD,drink,48,test,4oPoEj5ChsRlzpOht9VD.npy
GjKiuEbtMhH1bsPqAt2e,nose,84,train,GjKiuEbtMhH1bsPqAt2e.npy
zzLz1t4Kwi2F05NcY6ID,big,84,train,zzLz1t4Kwi2F05NcY6ID.npy
EKucdOnmve6lRg9OHyW7,start,33,test,EKucdOnmve6lRg9OHyW7.npy
aG0W5i2UduyM4Fm9RA5m,morning,42,train,aG0W5i2UduyM4Fm9RA5m.npy
l1FPwnkKxAFKzIG4gL6G,man,88,val,l1FPwnkKxAFKzIG4gL6G.npy
EqeLC8XQ1sp9ddyNuJif,open,49,train,EqeLC8XQ1sp9ddyNuJif.npy
66jzoyIV0Ds9ruNNKFGD,mother,88,train,66jzoyIV0Ds9ruNNKFGD.npy
sQyzOYqkn5ij4HrP0EjG,year,39,val,sQyzOYqkn5ij4HrP0EjG.npy
dbto4kyg2ODfmDsU5pos,cold,46,val,dbto4kyg2ODfmDsU5pos.npy
9MgVbAGyK5MAaeuhD1v5,today,57,test,9MgVbAGyK5MAaeuhD1v5.npy
6zSCX9iZudE8jEkjKeLB,understand,39,train,6zSCX9iZudE8jEkjKeLB.npy
qVWESDNNCxyStvBIVJAf,baby,7,train,qVWESDNNCxyStvBIVJAf.npy
6me5HbDrU8CiOBYlauGd,hurt,57,test,6me5HbDrU8CiOBYlauGd.npy
Feo4dBz7ZJT7OcRj9AWi,where,49,train,Feo4dBz7ZJT7OcRj9AWi.npy
fpXTh1KlQHJTLKJuvfsO,month,49,val,fpXTh1KlQHJTLKJuvfsO.npy
JUyZOrEVRYgVyYJe8z77,show,49,train,JUyZOrEVRYgVyYJe8z77.npy
luDr8xhzD2lJ94wYYFKW,need,49,train,luDr8xhzD2lJ94wYYFKW.npy
l6Jgz9wJ11jsEL328Uk3,water,49,val,l6Jgz9wJ11jsEL328Uk3.npy
eY8s9IDlfRCKy6YitU2g,head,64,test,eY8s9IDlfRCKy6YitU2g.npy
EKjdDkh3LPzc0R1S7glh,drink,43,val,EKjdDkh3LPzc0R1S7glh.npy
D4yXlDd3DcDrbark5zja,skin,84,train,D4yXlDd3DcDrbark5zja.npy
XE7lSIv6fcVPrR2yfQUo,morning,30,train,XE7lSIv6fcVPrR2yfQUo.npy
duBeCUPC8VWzBDjJTnGA,hot,57,test,duBeCUPC8VWzBDjJTnGA.npy
qkP6F0WeEXaQXc2tRe2J,tomorrow,80,train,qkP6F0WeEXaQXc2tRe2J.npy
Nru6SMS5Ijl8V3cd8l7m,show,36,test,Nru6SMS5Ijl8V3cd8l7m.npy
84C2zyf5dsUmeMY6L8Y5,hurt,84,train,84C2zyf5dsUmeMY6L8Y5.npy
1CbzhLrXJicLDa76jDhi,water,88,train,1CbzhLrXJicLDa76jDhi.npy
mUTom5PMDA5nkqeVezDu,much,46,train,mUTom5PMDA5nkqeVezDu.npy
J2V2Mmnf5SAQxZsN6Mdp,sick,57,test,J2V2Mmnf5SAQxZsN6Mdp.npy
f9TvSZrmJBGbzsEgUbOq,man,49,train,f9TvSZrmJBGbzsEgUbOq.npy
PpXnGTPM9lstCSt43iVm,water,57,test,PpXnGTPM9lstCSt43iVm.npy
A6oXacY13p8fC3I1O4jv,finish,39,train,A6oXacY13p8fC3I1O4jv.npy
WPluj6mkov3bcNNTMPPH,open,61,test,WPluj6mkov3bcNNTMPPH.npy
vo1T0T2yCIeoIhf9UPLS,water,49,train,vo1T0T2yCIeoIhf9UPLS.npy
JKFxVNcuuo69nWkvkuDc,wait,39,train,JKFxVNcuuo69nWkvkuDc.npy
KKIp4GzusjleZcIKHErC,open,46,val,KKIp4GzusjleZcIKHErC.npy
56WPDcgZeDT3XHqXbIjc,please,42,train,56WPDcgZeDT3XHqXbIjc.npy
nM1qV8NIiFEd5Ybme4pv,head,84,val,nM1qV8NIiFEd5Ybme4pv.npy
zBVBrvCBfPtNecNNMwwd,big,23,val,zBVBrvCBfPtNecNNMwwd.npy
X1P1a8F12SfxdTJwiuQM,night,50,test,X1P1a8F12SfxdTJwiuQM.npy
150Yy7h0vhow40ZK63d6,can,57,test,150Yy7h0vhow40ZK63d6.npy
2TlnUlmkzzmlhRPjl8W5,sick,33,test,2TlnUlmkzzmlhRPjl8W5.npy
jE6CtlmfZdUMmLG67KnO,nurse,8,val,jE6CtlmfZdUMmLG67KnO.npy
IeHROvbhCuRWqqcNlx7n,finish,57,test,IeHROvbhCuRWqqcNlx7n.npy
CYg7x4mp9yK9datuvoge,finish,36,test,CYg7x4mp9yK9datuvoge.npy
7VKB6b5r9lWvhsHcZ5Sk,week,12,train,7VKB6b5r9lWvhsHcZ5Sk.npy
y0GPXp1XS9uyx5Dyj4tc,who,7,val,y0GPXp1XS9uyx5Dyj4tc.npy
qxIseNQtKVoftHTqh5Zc,pain,85,train,qxIseNQtKVoftHTqh5Zc.npy
37LbDv78Mwy9k2RRuGPy,medicine,49,train,37LbDv78Mwy9k2RRuGPy.npy
ccuUbGQlpRVxEr0sHdO7,tired,84,train,ccuUbGQlpRVxEr0sHdO7.npy
TknGFJJkqWYRUXEWYIwC,sorry,46,train,TknGFJJkqWYRUXEWYIwC.npy
tdVvs0bJtJ0bpUqsUhtp,teeth,57,test,tdVvs0bJtJ0bpUqsUhtp.npy
iAVIow7WBC5AxnLo7KSj,ask,52,train,iAVIow7WBC5AxnLo7KSj.npy
NiFNYvZnpYmzjxfZnObU,water,12,val,NiFNYvZnpYmzjxfZnObU.npy
Lrttp3qncJ4flThOqoZ7,want,17,train,Lrttp3qncJ4flThOqoZ7.npy
YSJvnvh2GkGGIQGNi6iC,hurt,84,val,YSJvnvh2GkGGIQGNi6iC.npy
KfDKHi8Y3AVni2HEF8CB,maybe,8,val,KfDKHi8Y3AVni2HEF8CB.npy
tmi74Ud155osT70I38sU,understand,62,train,tmi74Ud155osT70I38sU.npy
Cx9XxTz7zx7PRq6UTJQR,long,48,test,Cx9XxTz7zx7PRq6UTJQR.npy
7Yau1SwQdcHYcdmXgbNg,baby,17,train,7Yau1SwQdcHYcdmXgbNg.npy
Afl7as0oKCTsuWtk16d4,sick,38,train,Afl7as0oKCTsuWtk16d4.npy
4Wemt1lyv4qjMguvg9H3,walk,14,train,4Wemt1lyv4qjMguvg9H3.npy
NDK0ctooTOth7ucb9vUc,day,84,train,NDK0ctooTOth7ucb9vUc.npy
hnSweRByDZFGTbLSWT6h,bad,61,test,hnSweRByDZFGTbLSWT6h.npy
sAS31ARJCGbGSQTSaPnM,go,63,val,sAS31ARJCGbGSQTSaPnM.npy
jE4QnOhPlnjCGPGniEL6,sorry,84,train,jE4QnOhPlnjCGPGniEL6.npy
4x5IYx81JupfA62QP4qg,go,84,train,4x5IYx81JupfA62QP4qg.npy
IlfgNUodXO8UYZZuYgER,hot,11,val,IlfgNUodXO8UYZZuYgER.npy
Be1ZsiFMIF2n69CgAlnk,big,39,train,Be1ZsiFMIF2n69CgAlnk.npy
Ljkso6isNNMdlS2DsDzU,tired,63,val,Ljkso6isNNMdlS2DsDzU.npy
KoTGZfSN04kI7fdt2PJK,hot,17,train,KoTGZfSN04kI7fdt2PJK.npy
h39AwZNjrb0Nx8Rx0ZFC,wait,7,train,h39AwZNjrb0Nx8Rx0ZFC.npy
TVCOfYi1D35VM332Z3g3,tomorrow,88,train,TVCOfYi1D35VM332Z3g3.npy
p2HuinZTT4VGp8XzmdRi,hot,57,test,p2HuinZTT4VGp8XzmdRi.npy
hvU6CUaPEdRzP1C9eHzq,maybe,85,train,hvU6CUaPEdRzP1C9eHzq.npy
WNXcP40gp8htC5zRYfr6,sleep,11,train,WNXcP40gp8htC5zRYfr6.npy
HLxxEguEILj6zbN1ritp,teeth,7,train,HLxxEguEILj6zbN1ritp.npy
IpYxyRdt19QV4fbCkRon,finish,80,val,IpYxyRdt19QV4fbCkRon.npy
2tiOCjIIab3V2G0lWmvI,baby,84,train,2tiOCjIIab3V2G0lWmvI.npy
Pz1H3GAP3d483rguwgdt,big,84,train,Pz1H3GAP3d483rguwgdt.npy
YAVxH6MtDfY8NEXX4KUU,day,64,test,YAVxH6MtDfY8NEXX4KUU.npy
KgUswhOUecf3xqLHYpcl,man,49,train,KgUswhOUecf3xqLHYpcl.npy
CgnNvFQXaEWDecgKXH8v,medicine,54,train,CgnNvFQXaEWDecgKXH8v.npy
NubH4yPSRyINdyNGVMfH,water,57,test,NubH4yPSRyINdyNGVMfH.npy
sEtHhCB3mcD1PKKKbtBl,stop,63,val,sEtHhCB3mcD1PKKKbtBl.npy
KG2u1z7B7kerF905u4EJ,move,46,train,KG2u1z7B7kerF905u4EJ.npy
MAWGkUJnRmDEcH4niaV1,sick,42,train,MAWGkUJnRmDEcH4niaV1.npy
iodu35s2TMFL0L4pmekg,finish,46,train,iodu35s2TMFL0L4pmekg.npy
QEVHyMBmt19Gt0VEkWHJ,hurt,7,train,QEVHyMBmt19Gt0VEkWHJ.npy
EC1icKZsyCNmcCMcJlfm,finish,49,train,EC1icKZsyCNmcCMcJlfm.npy
EtF7Dv5al6y955vd4yzu,doctor,24,train,EtF7Dv5al6y955vd4yzu.npy
HgG9RhghNZi5vpOW2mkc,close,39,train,HgG9RhghNZi5vpOW2mkc.npy
ABUg9RxnFSF661OHdmaC,strong,63,train,ABUg9RxnFSF661OHdmaC.npy
F5zynEOGfbJQJ4MPdQdG,sleep,8,train,F5zynEOGfbJQJ4MPdQdG.npy
sPu1CNJfsksDXFpZcT6I,where,17,train,sPu1CNJfsksDXFpZcT6I.npy
0n6a8mGCXsN8FxPBtBEj,water,88,train,0n6a8mGCXsN8FxPBtBEj.npy
LOfxyG78SEKgFbPZsbHS,help,17,train,LOfxyG78SEKgFbPZsbHS.npy
LeojPwW0NDJL1KmSAgHQ,water,84,train,LeojPwW0NDJL1KmSAgHQ.npy
MoKaz7Vzvx7qn2UTeH4T,test,78,train,MoKaz7Vzvx7qn2UTeH4T.npy
sBpkGPvoezBtUiurz7hf,finish,57,test,sBpkGPvoezBtUiurz7hf.npy
ukWnCLoQwS0kdZ4pZ48j,sit,7,val,ukWnCLoQwS0kdZ4pZ48j.npy
0aieGqtec9jaWyGfacp1,wait,61,test,0aieGqtec9jaWyGfacp1.npy
xJlDgRTXzyHZeoIJoH4X,strong,42,val,xJlDgRTXzyHZeoIJoH4X.npy
FxK5FnvrvxGWB4SYdUZk,tomorrow,60,train,FxK5FnvrvxGWB4SYdUZk.npy
eSiEj3O4eXuImfzfKlp2,hurt,46,train,eSiEj3O4eXuImfzfKlp2.npy
vazcuRRTEqYZU72Gts8j,some,7,train,vazcuRRTEqYZU72Gts8j.npy
2c2Pel4lSMIzL3OCFYJo,night,30,train,2c2Pel4lSMIzL3OCFYJo.npy
ktj5ukIkGRJPOOtBgraM,start,7,val,ktj5ukIkGRJPOOtBgraM.npy
EqZlvRFTV2L0xFYeH2ap,ask,39,train,EqZlvRFTV2L0xFYeH2ap.npy
RjoBQGMHY00lUQbpgnjP,family,35,train,RjoBQGMHY00lUQbpgnjP.npy
ELpW6fyMAbvjr0s6kSN8,show,39,train,ELpW6fyMAbvjr0s6kSN8.npy
5WO5hwSKrkGnv2UKTlCl,face,80,val,5WO5hwSKrkGnv2UKTlCl.npy
QcqB3ARi1IFCU8eoe27a,test,39,train,QcqB3ARi1IFCU8eoe27a.npy
6gfNDD5zsSWRmuZ8j7Ej,hospital,35,train,6gfNDD5zsSWRmuZ8j7Ej.npy
FNCWoI5hkc1HNn5xVDXN,walk,23,train,FNCWoI5hkc1HNn5xVDXN.npy
rEwgYwx2D8degULcMN0u,feel,52,train,rEwgYwx2D8degULcMN0u.npy
RXUJNFMhV0kbVc3FP7gf,again,61,test,RXUJNFMhV0kbVc3FP7gf.npy
0h6YXyIVWIiBdlx9s0v6,big,46,train,0h6YXyIVWIiBdlx9s0v6.npy
Yjx8ruN8Yp3jGxiDjfPz,pill,17,train,Yjx8ruN8Yp3jGxiDjfPz.npy
Fne8TGxaKAHDZxMSMtnh,night,17,train,Fne8TGxaKAHDZxMSMtnh.npy
4hkwv37XOmzkYP5D4ZzG,ask,57,test,4hkwv37XOmzkYP5D4ZzG.npy
Vz14K0whbaLlSkdzR6J2,woman,14,val,Vz14K0whbaLlSkdzR6J2.npy
sTuwOfF8WcJOV5TtyePD,today,57,test,sTuwOfF8WcJOV5TtyePD.npy
BgXBfxAlYwTMS17OirFI,woman,59,train,BgXBfxAlYwTMS17OirFI.npy
tX42ZkZ7VYfChG06MZY2,bad,49,val,tX42ZkZ7VYfChG06MZY2.npy
R0P8oYhZIMXMoAZqYDvY,eat,62,train,R0P8oYhZIMXMoAZqYDvY.npy
YCmO3AY4n8B2PhpzM8s1,sit,31,train,YCmO3AY4n8B2PhpzM8s1.npy
NmkP1KnzIuiP4bQpe6qV,bathroom,62,train,NmkP1KnzIuiP4bQpe6qV.npy
SNwgbwNAbv3tlWrcSVPc,maybe,84,train,SNwgbwNAbv3tlWrcSVPc.npy
wQBwDmKbEfPDk75UfFnr,teeth,62,train,wQBwDmKbEfPDk75UfFnr.npy
K3tkmyfbdJeKSqJ1weEs,breathe,39,val,K3tkmyfbdJeKSqJ1weEs.npy
dLqtG4buR1sdqw4aGHMS,big,46,val,dLqtG4buR1sdqw4aGHMS.npy
geTGRBvbmM5DtaZD8FY8,feel,49,train,geTGRBvbmM5DtaZD8FY8.npy
B8kbTkkhhreKTaWkCaBd,eyes,7,train,B8kbTkkhhreKTaWkCaBd.npy
8c52zCemaRsZ97BQnPQf,again,88,train,8c52zCemaRsZ97BQnPQf.npy
aUUto2pkyGVFzwmf7iM7,feel,15,val,aUUto2pkyGVFzwmf7iM7.npy
MEmaduMXimtyHOHTR9CM,night,84,train,MEmaduMXimtyHOHTR9CM.npy
Pu7RQjuh3vgXHCU6iX8X,tired,49,train,Pu7RQjuh3vgXHCU6iX8X.npy
18Nisv0GRufdyVtxMYDW,big,39,train,18Nisv0GRufdyVtxMYDW.npy
fU4JocYbbT7zBQ1FqLRU,who,57,test,fU4JocYbbT7zBQ1FqLRU.npy
5bBXkfjnRnTKuaGo9GKn,itch,49,val,5bBXkfjnRnTKuaGo9GKn.npy
gu5cxuvCpCPiXpOSMNPo,hot,50,test,gu5cxuvCpCPiXpOSMNPo.npy
kGv7CYOk7zIYnm92VwOT,hurt,17,train,kGv7CYOk7zIYnm92VwOT.npy
jkDovsBmoqT9SgiiQ1su,finish,57,test,jkDovsBmoqT9SgiiQ1su.npy
DnXWKULjcElYS1BpxTJ9,baby,39,val,DnXWKULjcElYS1BpxTJ9.npy
A2yxLm02uyQa5eXzBhc7,mouth,84,train,A2yxLm02uyQa5eXzBhc7.npy
w30eXgELoO5d0iHohdAQ,not,49,train,w30eXgELoO5d0iHohdAQ.npy
DwzfEHN7R0Bx69J4Q0ZS,minute,17,train,DwzfEHN7R0Bx69J4Q0ZS.npy
SeCFkhAvPwfCtLgMRyyp,water,49,train,SeCFkhAvPwfCtLgMRyyp.npy
KuWPUAuviYuVRE94hfaG,now,62,val,KuWPUAuviYuVRE94hfaG.npy
O6I4IUd3lvZFT1KlzIvM,tomorrow,63,val,O6I4IUd3lvZFT1KlzIvM.npy
YEgvU1mVT7VrXbIU1jNG,surgery,49,val,YEgvU1mVT7VrXbIU1jNG.npy
MANtoIcRznx5NwhrLqU1,wait,39,val,MANtoIcRznx5NwhrLqU1.npy
EBUPDPCbhRrU33iBea57,long,84,train,EBUPDPCbhRrU33iBea57.npy
fSE9CifCeuCHFrqU12Ba,which,17,train,fSE9CifCeuCHFrqU12Ba.npy
CzdlRC9Tyv9ZEL0iYdvX,drink,35,train,CzdlRC9Tyv9ZEL0iYdvX.npy
qPoVoARHr5ZVrhhfrDN6,baby,11,train,qPoVoARHr5ZVrhhfrDN6.npy
yuFPuKPYFt81cZksicsV,heart,53,test,yuFPuKPYFt81cZksicsV.npy
hyz0cFydkVmsMTI2Fjpm,morning,42,val,hyz0cFydkVmsMTI2Fjpm.npy
gTtThFmN34PgMzAMNQ7u,hot,49,train,gTtThFmN34PgMzAMNQ7u.npy
X14AWTprZOUNz7qiyHcz,stop,39,train,X14AWTprZOUNz7qiyHcz.npy
VYPGcFq2TtxRwBWbEvf1,show,49,train,VYPGcFq2TtxRwBWbEvf1.npy
yauHGgcOFDeUvC4wbsFX,cold,39,train,yauHGgcOFDeUvC4wbsFX.npy
NpH2vprVDgkK2GHNtMBp,walk,88,train,NpH2vprVDgkK2GHNtMBp.npy
Fln7xgUYkVa341VnxnHf,family,23,train,Fln7xgUYkVa341VnxnHf.npy
dHxQIvYe20IlLOuwDcM0,help,53,test,dHxQIvYe20IlLOuwDcM0.npy
8Vq8QnISGdWNWfodAb6n,bed,57,test,8Vq8QnISGdWNWfodAb6n.npy
pVWUEsSoGl46RMA2FShd,baby,35,train,pVWUEsSoGl46RMA2FShd.npy
TvoeX6MVJqLhCQjG725s,some,49,val,TvoeX6MVJqLhCQjG725s.npy
90OS2bEasdmnOaGCYben,much,33,test,90OS2bEasdmnOaGCYben.npy
